agent_id,scaffold,model,benchmark,task_id,correct,run_id,date,total_cost,n_tasks,n_correct,source_file
USACO Episodic + Semantic__o4-mini-2025-04-16__usaco_usaco_episodic__semantic_o4mini20250416_low_1746039070,USACO Episodic + Semantic,o4-mini-2025-04-16,usaco,991_silver_loan_repayment,0,usaco_usaco_episodic__semantic_o4mini20250416_low_1746039070,2025-05-04,21.1420308,307,0,usaco_usaco_episodic__semantic_o4mini20250416_low_1746039070_UPLOAD.zip
USACO Episodic + Semantic__o4-mini-2025-04-16__usaco_usaco_episodic__semantic_o4mini20250416_low_1746039070,USACO Episodic + Semantic,o4-mini-2025-04-16,usaco,987_bronze_word_processor,0,usaco_usaco_episodic__semantic_o4mini20250416_low_1746039070,2025-05-04,21.1420308,307,0,usaco_usaco_episodic__semantic_o4mini20250416_low_1746039070_UPLOAD.zip
USACO Episodic + Semantic__o4-mini-2025-04-16__usaco_usaco_episodic__semantic_o4mini20250416_low_1746039070,USACO Episodic + Semantic,o4-mini-2025-04-16,usaco,988_bronze_photoshoot,0,usaco_usaco_episodic__semantic_o4mini20250416_low_1746039070,2025-05-04,21.1420308,307,0,usaco_usaco_episodic__semantic_o4mini20250416_low_1746039070_UPLOAD.zip
USACO Episodic + Semantic__o4-mini-2025-04-16__usaco_usaco_episodic__semantic_o4mini20250416_low_1746039070,USACO Episodic + Semantic,o4-mini-2025-04-16,usaco,989_bronze_race,0,usaco_usaco_episodic__semantic_o4mini20250416_low_1746039070,2025-05-04,21.1420308,307,0,usaco_usaco_episodic__semantic_o4mini20250416_low_1746039070_UPLOAD.zip
USACO Episodic + Semantic__o4-mini-2025-04-16__usaco_usaco_episodic__semantic_o4mini20250416_low_1746039070,USACO Episodic + Semantic,o4-mini-2025-04-16,usaco,969_gold_milk_pumping,0,usaco_usaco_episodic__semantic_o4mini20250416_low_1746039070,2025-05-04,21.1420308,307,0,usaco_usaco_episodic__semantic_o4mini20250416_low_1746039070_UPLOAD.zip
USACO Episodic + Semantic__o4-mini-2025-04-16__usaco_usaco_episodic__semantic_o4mini20250416_low_1746039070,USACO Episodic + Semantic,o4-mini-2025-04-16,usaco,966_silver_moobuzz,0,usaco_usaco_episodic__semantic_o4mini20250416_low_1746039070,2025-05-04,21.1420308,307,0,usaco_usaco_episodic__semantic_o4mini20250416_low_1746039070_UPLOAD.zip
USACO Episodic + Semantic__o4-mini-2025-04-16__usaco_usaco_episodic__semantic_o4mini20250416_low_1746039070,USACO Episodic + Semantic,o4-mini-2025-04-16,usaco,967_silver_meetings,0,usaco_usaco_episodic__semantic_o4mini20250416_low_1746039070,2025-05-04,21.1420308,307,0,usaco_usaco_episodic__semantic_o4mini20250416_low_1746039070_UPLOAD.zip
USACO Episodic + Semantic__o4-mini-2025-04-16__usaco_usaco_episodic__semantic_o4mini20250416_low_1746039070,USACO Episodic + Semantic,o4-mini-2025-04-16,usaco,963_bronze_cow_gymnastics,0,usaco_usaco_episodic__semantic_o4mini20250416_low_1746039070,2025-05-04,21.1420308,307,0,usaco_usaco_episodic__semantic_o4mini20250416_low_1746039070_UPLOAD.zip
USACO Episodic + Semantic__o4-mini-2025-04-16__usaco_usaco_episodic__semantic_o4mini20250416_low_1746039070,USACO Episodic + Semantic,o4-mini-2025-04-16,usaco,964_bronze_where_am_i?,0,usaco_usaco_episodic__semantic_o4mini20250416_low_1746039070,2025-05-04,21.1420308,307,0,usaco_usaco_episodic__semantic_o4mini20250416_low_1746039070_UPLOAD.zip
USACO Episodic + Semantic__o4-mini-2025-04-16__usaco_usaco_episodic__semantic_o4mini20250416_low_1746039070,USACO Episodic + Semantic,o4-mini-2025-04-16,usaco,965_bronze_livestock_lineup,0,usaco_usaco_episodic__semantic_o4mini20250416_low_1746039070,2025-05-04,21.1420308,307,0,usaco_usaco_episodic__semantic_o4mini20250416_low_1746039070_UPLOAD.zip
USACO Episodic + Semantic__o4-mini-2025-04-16__usaco_usaco_episodic__semantic_o4mini20250416_low_1746039070,USACO Episodic + Semantic,o4-mini-2025-04-16,usaco,950_platinum_valleys,0,usaco_usaco_episodic__semantic_o4mini20250416_low_1746039070,2025-05-04,21.1420308,307,0,usaco_usaco_episodic__semantic_o4mini20250416_low_1746039070_UPLOAD.zip
USACO Episodic + Semantic__o4-mini-2025-04-16__usaco_usaco_episodic__semantic_o4mini20250416_low_1746039070,USACO Episodic + Semantic,o4-mini-2025-04-16,usaco,945_gold_snakes,0,usaco_usaco_episodic__semantic_o4mini20250416_low_1746039070,2025-05-04,21.1420308,307,0,usaco_usaco_episodic__semantic_o4mini20250416_low_1746039070_UPLOAD.zip
USACO Episodic + Semantic__o4-mini-2025-04-16__usaco_usaco_episodic__semantic_o4mini20250416_low_1746039070,USACO Episodic + Semantic,o4-mini-2025-04-16,usaco,947_gold_balancing_inversions,0,usaco_usaco_episodic__semantic_o4mini20250416_low_1746039070,2025-05-04,21.1420308,307,0,usaco_usaco_episodic__semantic_o4mini20250416_low_1746039070_UPLOAD.zip
USACO Episodic + Semantic__o4-mini-2025-04-16__usaco_usaco_episodic__semantic_o4mini20250416_low_1746039070,USACO Episodic + Semantic,o4-mini-2025-04-16,usaco,942_silver_left_out,0,usaco_usaco_episodic__semantic_o4mini20250416_low_1746039070,2025-05-04,21.1420308,307,0,usaco_usaco_episodic__semantic_o4mini20250416_low_1746039070_UPLOAD.zip
USACO Episodic + Semantic__o4-mini-2025-04-16__usaco_usaco_episodic__semantic_o4mini20250416_low_1746039070,USACO Episodic + Semantic,o4-mini-2025-04-16,usaco,944_silver_fence_planning,0,usaco_usaco_episodic__semantic_o4mini20250416_low_1746039070,2025-05-04,21.1420308,307,0,usaco_usaco_episodic__semantic_o4mini20250416_low_1746039070_UPLOAD.zip
USACO Episodic + Semantic__o4-mini-2025-04-16__usaco_usaco_episodic__semantic_o4mini20250416_low_1746039070,USACO Episodic + Semantic,o4-mini-2025-04-16,usaco,939_bronze_bucket_brigade,0,usaco_usaco_episodic__semantic_o4mini20250416_low_1746039070,2025-05-04,21.1420308,307,0,usaco_usaco_episodic__semantic_o4mini20250416_low_1746039070_UPLOAD.zip
USACO Episodic + Semantic__o4-mini-2025-04-16__usaco_usaco_episodic__semantic_o4mini20250416_low_1746039070,USACO Episodic + Semantic,o4-mini-2025-04-16,usaco,940_bronze_milk_factory,0,usaco_usaco_episodic__semantic_o4mini20250416_low_1746039070,2025-05-04,21.1420308,307,0,usaco_usaco_episodic__semantic_o4mini20250416_low_1746039070_UPLOAD.zip
USACO Episodic + Semantic__o4-mini-2025-04-16__usaco_usaco_episodic__semantic_o4mini20250416_low_1746039070,USACO Episodic + Semantic,o4-mini-2025-04-16,usaco,941_bronze_cow_evolution,0,usaco_usaco_episodic__semantic_o4mini20250416_low_1746039070,2025-05-04,21.1420308,307,0,usaco_usaco_episodic__semantic_o4mini20250416_low_1746039070_UPLOAD.zip
USACO Episodic + Semantic__o4-mini-2025-04-16__usaco_usaco_episodic__semantic_o4mini20250416_low_1746039070,USACO Episodic + Semantic,o4-mini-2025-04-16,usaco,924_platinum_cow_dating,0,usaco_usaco_episodic__semantic_o4mini20250416_low_1746039070,2025-05-04,21.1420308,307,0,usaco_usaco_episodic__semantic_o4mini20250416_low_1746039070_UPLOAD.zip
USACO Episodic + Semantic__o4-mini-2025-04-16__usaco_usaco_episodic__semantic_o4mini20250416_low_1746039070,USACO Episodic + Semantic,o4-mini-2025-04-16,usaco,925_platinum_moorio_kart,0,usaco_usaco_episodic__semantic_o4mini20250416_low_1746039070,2025-05-04,21.1420308,307,0,usaco_usaco_episodic__semantic_o4mini20250416_low_1746039070_UPLOAD.zip
USACO Episodic + Semantic__o4-mini-2025-04-16__usaco_usaco_episodic__semantic_o4mini20250416_low_1746039070,USACO Episodic + Semantic,o4-mini-2025-04-16,usaco,922_gold_dishwashing,0,usaco_usaco_episodic__semantic_o4mini20250416_low_1746039070,2025-05-04,21.1420308,307,0,usaco_usaco_episodic__semantic_o4mini20250416_low_1746039070_UPLOAD.zip
USACO Episodic + Semantic__o4-mini-2025-04-16__usaco_usaco_episodic__semantic_o4mini20250416_low_1746039070,USACO Episodic + Semantic,o4-mini-2025-04-16,usaco,918_silver_sleepy_cow_herding,0,usaco_usaco_episodic__semantic_o4mini20250416_low_1746039070,2025-05-04,21.1420308,307,0,usaco_usaco_episodic__semantic_o4mini20250416_low_1746039070_UPLOAD.zip
USACO Episodic + Semantic__o4-mini-2025-04-16__usaco_usaco_episodic__semantic_o4mini20250416_low_1746039070,USACO Episodic + Semantic,o4-mini-2025-04-16,usaco,919_silver_painting_the_barn,0,usaco_usaco_episodic__semantic_o4mini20250416_low_1746039070,2025-05-04,21.1420308,307,0,usaco_usaco_episodic__semantic_o4mini20250416_low_1746039070_UPLOAD.zip
USACO Episodic + Semantic__o4-mini-2025-04-16__usaco_usaco_episodic__semantic_o4mini20250416_low_1746039070,USACO Episodic + Semantic,o4-mini-2025-04-16,usaco,915_bronze_sleepy_cow_herding,0,usaco_usaco_episodic__semantic_o4mini20250416_low_1746039070,2025-05-04,21.1420308,307,0,usaco_usaco_episodic__semantic_o4mini20250416_low_1746039070_UPLOAD.zip
USACO Episodic + Semantic__o4-mini-2025-04-16__usaco_usaco_episodic__semantic_o4mini20250416_low_1746039070,USACO Episodic + Semantic,o4-mini-2025-04-16,usaco,916_bronze_the_great_revegetation,0,usaco_usaco_episodic__semantic_o4mini20250416_low_1746039070,2025-05-04,21.1420308,307,0,usaco_usaco_episodic__semantic_o4mini20250416_low_1746039070_UPLOAD.zip
USACO Episodic + Semantic__o4-mini-2025-04-16__usaco_usaco_episodic__semantic_o4mini20250416_low_1746039070,USACO Episodic + Semantic,o4-mini-2025-04-16,usaco,917_bronze_measuring_traffic,0,usaco_usaco_episodic__semantic_o4mini20250416_low_1746039070,2025-05-04,21.1420308,307,0,usaco_usaco_episodic__semantic_o4mini20250416_low_1746039070_UPLOAD.zip
USACO Episodic + Semantic__o4-mini-2025-04-16__usaco_usaco_episodic__semantic_o4mini20250416_low_1746039070,USACO Episodic + Semantic,o4-mini-2025-04-16,usaco,897_gold_cow_poetry,0,usaco_usaco_episodic__semantic_o4mini20250416_low_1746039070,2025-05-04,21.1420308,307,0,usaco_usaco_episodic__semantic_o4mini20250416_low_1746039070_UPLOAD.zip
USACO Episodic + Semantic__o4-mini-2025-04-16__usaco_usaco_episodic__semantic_o4mini20250416_low_1746039070,USACO Episodic + Semantic,o4-mini-2025-04-16,usaco,898_gold_sleepy_cow_sorting,0,usaco_usaco_episodic__semantic_o4mini20250416_low_1746039070,2025-05-04,21.1420308,307,0,usaco_usaco_episodic__semantic_o4mini20250416_low_1746039070_UPLOAD.zip
USACO Episodic + Semantic__o4-mini-2025-04-16__usaco_usaco_episodic__semantic_o4mini20250416_low_1746039070,USACO Episodic + Semantic,o4-mini-2025-04-16,usaco,894_silver_grass_planting,0,usaco_usaco_episodic__semantic_o4mini20250416_low_1746039070,2025-05-04,21.1420308,307,0,usaco_usaco_episodic__semantic_o4mini20250416_low_1746039070_UPLOAD.zip
USACO Episodic + Semantic__o4-mini-2025-04-16__usaco_usaco_episodic__semantic_o4mini20250416_low_1746039070,USACO Episodic + Semantic,o4-mini-2025-04-16,usaco,896_silver_mountain_view,0,usaco_usaco_episodic__semantic_o4mini20250416_low_1746039070,2025-05-04,21.1420308,307,0,usaco_usaco_episodic__semantic_o4mini20250416_low_1746039070_UPLOAD.zip
USACO Episodic + Semantic__o4-mini-2025-04-16__usaco_usaco_episodic__semantic_o4mini20250416_low_1746039070,USACO Episodic + Semantic,o4-mini-2025-04-16,usaco,891_bronze_shell_game,0,usaco_usaco_episodic__semantic_o4mini20250416_low_1746039070,2025-05-04,21.1420308,307,0,usaco_usaco_episodic__semantic_o4mini20250416_low_1746039070_UPLOAD.zip
USACO Episodic + Semantic__o4-mini-2025-04-16__usaco_usaco_episodic__semantic_o4mini20250416_low_1746039070,USACO Episodic + Semantic,o4-mini-2025-04-16,usaco,892_bronze_sleepy_cow_sorting,0,usaco_usaco_episodic__semantic_o4mini20250416_low_1746039070,2025-05-04,21.1420308,307,0,usaco_usaco_episodic__semantic_o4mini20250416_low_1746039070_UPLOAD.zip
USACO Episodic + Semantic__o4-mini-2025-04-16__usaco_usaco_episodic__semantic_o4mini20250416_low_1746039070,USACO Episodic + Semantic,o4-mini-2025-04-16,usaco,893_bronze_guess_the_animal,0,usaco_usaco_episodic__semantic_o4mini20250416_low_1746039070,2025-05-04,21.1420308,307,0,usaco_usaco_episodic__semantic_o4mini20250416_low_1746039070_UPLOAD.zip
USACO Episodic + Semantic__o4-mini-2025-04-16__usaco_usaco_episodic__semantic_o4mini20250416_low_1746039070,USACO Episodic + Semantic,o4-mini-2025-04-16,usaco,864_platinum_balance_beam,0,usaco_usaco_episodic__semantic_o4mini20250416_low_1746039070,2025-05-04,21.1420308,307,0,usaco_usaco_episodic__semantic_o4mini20250416_low_1746039070_UPLOAD.zip
USACO Episodic + Semantic__o4-mini-2025-04-16__usaco_usaco_episodic__semantic_o4mini20250416_low_1746039070,USACO Episodic + Semantic,o4-mini-2025-04-16,usaco,865_platinum_sort_it_out,0,usaco_usaco_episodic__semantic_o4mini20250416_low_1746039070,2025-05-04,21.1420308,307,0,usaco_usaco_episodic__semantic_o4mini20250416_low_1746039070_UPLOAD.zip
USACO Episodic + Semantic__o4-mini-2025-04-16__usaco_usaco_episodic__semantic_o4mini20250416_low_1746039070,USACO Episodic + Semantic,o4-mini-2025-04-16,usaco,866_platinum_the_cow_gathering,0,usaco_usaco_episodic__semantic_o4mini20250416_low_1746039070,2025-05-04,21.1420308,307,0,usaco_usaco_episodic__semantic_o4mini20250416_low_1746039070_UPLOAD.zip
USACO Episodic + Semantic__o4-mini-2025-04-16__usaco_usaco_episodic__semantic_o4mini20250416_low_1746039070,USACO Episodic + Semantic,o4-mini-2025-04-16,usaco,861_gold_fine_dining,0,usaco_usaco_episodic__semantic_o4mini20250416_low_1746039070,2025-05-04,21.1420308,307,0,usaco_usaco_episodic__semantic_o4mini20250416_low_1746039070_UPLOAD.zip
USACO Episodic + Semantic__o4-mini-2025-04-16__usaco_usaco_episodic__semantic_o4mini20250416_low_1746039070,USACO Episodic + Semantic,o4-mini-2025-04-16,usaco,862_gold_cowpatibility,0,usaco_usaco_episodic__semantic_o4mini20250416_low_1746039070,2025-05-04,21.1420308,307,0,usaco_usaco_episodic__semantic_o4mini20250416_low_1746039070_UPLOAD.zip
USACO Episodic + Semantic__o4-mini-2025-04-16__usaco_usaco_episodic__semantic_o4mini20250416_low_1746039070,USACO Episodic + Semantic,o4-mini-2025-04-16,usaco,863_gold_teamwork,0,usaco_usaco_episodic__semantic_o4mini20250416_low_1746039070,2025-05-04,21.1420308,307,0,usaco_usaco_episodic__semantic_o4mini20250416_low_1746039070_UPLOAD.zip
USACO Episodic + Semantic__o4-mini-2025-04-16__usaco_usaco_episodic__semantic_o4mini20250416_low_1746039070,USACO Episodic + Semantic,o4-mini-2025-04-16,usaco,860_silver_mooyo_mooyo,0,usaco_usaco_episodic__semantic_o4mini20250416_low_1746039070,2025-05-04,21.1420308,307,0,usaco_usaco_episodic__semantic_o4mini20250416_low_1746039070_UPLOAD.zip
USACO Episodic + Semantic__o4-mini-2025-04-16__usaco_usaco_episodic__semantic_o4mini20250416_low_1746039070,USACO Episodic + Semantic,o4-mini-2025-04-16,usaco,855_bronze_mixing_milk,0,usaco_usaco_episodic__semantic_o4mini20250416_low_1746039070,2025-05-04,21.1420308,307,0,usaco_usaco_episodic__semantic_o4mini20250416_low_1746039070_UPLOAD.zip
USACO Episodic + Semantic__o4-mini-2025-04-16__usaco_usaco_episodic__semantic_o4mini20250416_low_1746039070,USACO Episodic + Semantic,o4-mini-2025-04-16,usaco,856_bronze_the_bucket_list,0,usaco_usaco_episodic__semantic_o4mini20250416_low_1746039070,2025-05-04,21.1420308,307,0,usaco_usaco_episodic__semantic_o4mini20250416_low_1746039070_UPLOAD.zip
USACO Episodic + Semantic__o4-mini-2025-04-16__usaco_usaco_episodic__semantic_o4mini20250416_low_1746039070,USACO Episodic + Semantic,o4-mini-2025-04-16,usaco,857_bronze_back_and_forth,0,usaco_usaco_episodic__semantic_o4mini20250416_low_1746039070,2025-05-04,21.1420308,307,0,usaco_usaco_episodic__semantic_o4mini20250416_low_1746039070_UPLOAD.zip
USACO Episodic + Semantic__o4-mini-2025-04-16__usaco_usaco_episodic__semantic_o4mini20250416_low_1746039070,USACO Episodic + Semantic,o4-mini-2025-04-16,usaco,840_platinum_out_of_sorts,0,usaco_usaco_episodic__semantic_o4mini20250416_low_1746039070,2025-05-04,21.1420308,307,0,usaco_usaco_episodic__semantic_o4mini20250416_low_1746039070_UPLOAD.zip
USACO Episodic + Semantic__o4-mini-2025-04-16__usaco_usaco_episodic__semantic_o4mini20250416_low_1746039070,USACO Episodic + Semantic,o4-mini-2025-04-16,usaco,837_gold_out_of_sorts,0,usaco_usaco_episodic__semantic_o4mini20250416_low_1746039070,2025-05-04,21.1420308,307,0,usaco_usaco_episodic__semantic_o4mini20250416_low_1746039070_UPLOAD.zip
USACO Episodic + Semantic__o4-mini-2025-04-16__usaco_usaco_episodic__semantic_o4mini20250416_low_1746039070,USACO Episodic + Semantic,o4-mini-2025-04-16,usaco,839_gold_talent_show,0,usaco_usaco_episodic__semantic_o4mini20250416_low_1746039070,2025-05-04,21.1420308,307,0,usaco_usaco_episodic__semantic_o4mini20250416_low_1746039070_UPLOAD.zip
USACO Episodic + Semantic__o4-mini-2025-04-16__usaco_usaco_episodic__semantic_o4mini20250416_low_1746039070,USACO Episodic + Semantic,o4-mini-2025-04-16,usaco,834_silver_out_of_sorts,0,usaco_usaco_episodic__semantic_o4mini20250416_low_1746039070,2025-05-04,21.1420308,307,0,usaco_usaco_episodic__semantic_o4mini20250416_low_1746039070_UPLOAD.zip
USACO Episodic + Semantic__o4-mini-2025-04-16__usaco_usaco_episodic__semantic_o4mini20250416_low_1746039070,USACO Episodic + Semantic,o4-mini-2025-04-16,usaco,835_silver_lemonade_line,0,usaco_usaco_episodic__semantic_o4mini20250416_low_1746039070,2025-05-04,21.1420308,307,0,usaco_usaco_episodic__semantic_o4mini20250416_low_1746039070_UPLOAD.zip
USACO Episodic + Semantic__o4-mini-2025-04-16__usaco_usaco_episodic__semantic_o4mini20250416_low_1746039070,USACO Episodic + Semantic,o4-mini-2025-04-16,usaco,831_bronze_team_tic_tac_toe,0,usaco_usaco_episodic__semantic_o4mini20250416_low_1746039070,2025-05-04,21.1420308,307,0,usaco_usaco_episodic__semantic_o4mini20250416_low_1746039070_UPLOAD.zip
USACO Episodic + Semantic__o4-mini-2025-04-16__usaco_usaco_episodic__semantic_o4mini20250416_low_1746039070,USACO Episodic + Semantic,o4-mini-2025-04-16,usaco,832_bronze_milking_order,0,usaco_usaco_episodic__semantic_o4mini20250416_low_1746039070,2025-05-04,21.1420308,307,0,usaco_usaco_episodic__semantic_o4mini20250416_low_1746039070_UPLOAD.zip
USACO Episodic + Semantic__o4-mini-2025-04-16__usaco_usaco_episodic__semantic_o4mini20250416_low_1746039070,USACO Episodic + Semantic,o4-mini-2025-04-16,usaco,833_bronze_family_tree,0,usaco_usaco_episodic__semantic_o4mini20250416_low_1746039070,2025-05-04,21.1420308,307,0,usaco_usaco_episodic__semantic_o4mini20250416_low_1746039070_UPLOAD.zip
USACO Episodic + Semantic__o4-mini-2025-04-16__usaco_usaco_episodic__semantic_o4mini20250416_low_1746039070,USACO Episodic + Semantic,o4-mini-2025-04-16,usaco,818_platinum_cow_gymnasts,0,usaco_usaco_episodic__semantic_o4mini20250416_low_1746039070,2025-05-04,21.1420308,307,0,usaco_usaco_episodic__semantic_o4mini20250416_low_1746039070_UPLOAD.zip
USACO Episodic + Semantic__o4-mini-2025-04-16__usaco_usaco_episodic__semantic_o4mini20250416_low_1746039070,USACO Episodic + Semantic,o4-mini-2025-04-16,usaco,813_gold_snow_boots,0,usaco_usaco_episodic__semantic_o4mini20250416_low_1746039070,2025-05-04,21.1420308,307,0,usaco_usaco_episodic__semantic_o4mini20250416_low_1746039070_UPLOAD.zip
USACO Episodic + Semantic__o4-mini-2025-04-16__usaco_usaco_episodic__semantic_o4mini20250416_low_1746039070,USACO Episodic + Semantic,o4-mini-2025-04-16,usaco,815_gold_taming_the_herd,0,usaco_usaco_episodic__semantic_o4mini20250416_low_1746039070,2025-05-04,21.1420308,307,0,usaco_usaco_episodic__semantic_o4mini20250416_low_1746039070_UPLOAD.zip
USACO Episodic + Semantic__o4-mini-2025-04-16__usaco_usaco_episodic__semantic_o4mini20250416_low_1746039070,USACO Episodic + Semantic,o4-mini-2025-04-16,usaco,810_silver_rest_stops,0,usaco_usaco_episodic__semantic_o4mini20250416_low_1746039070,2025-05-04,21.1420308,307,0,usaco_usaco_episodic__semantic_o4mini20250416_low_1746039070_UPLOAD.zip
USACO Episodic + Semantic__o4-mini-2025-04-16__usaco_usaco_episodic__semantic_o4mini20250416_low_1746039070,USACO Episodic + Semantic,o4-mini-2025-04-16,usaco,811_silver_snow_boots,0,usaco_usaco_episodic__semantic_o4mini20250416_low_1746039070,2025-05-04,21.1420308,307,0,usaco_usaco_episodic__semantic_o4mini20250416_low_1746039070_UPLOAD.zip
USACO Episodic + Semantic__o4-mini-2025-04-16__usaco_usaco_episodic__semantic_o4mini20250416_low_1746039070,USACO Episodic + Semantic,o4-mini-2025-04-16,usaco,812_silver_teleportation,0,usaco_usaco_episodic__semantic_o4mini20250416_low_1746039070,2025-05-04,21.1420308,307,0,usaco_usaco_episodic__semantic_o4mini20250416_low_1746039070_UPLOAD.zip
USACO Episodic + Semantic__o4-mini-2025-04-16__usaco_usaco_episodic__semantic_o4mini20250416_low_1746039070,USACO Episodic + Semantic,o4-mini-2025-04-16,usaco,808_bronze_hoofball,0,usaco_usaco_episodic__semantic_o4mini20250416_low_1746039070,2025-05-04,21.1420308,307,0,usaco_usaco_episodic__semantic_o4mini20250416_low_1746039070_UPLOAD.zip
USACO Episodic + Semantic__o4-mini-2025-04-16__usaco_usaco_episodic__semantic_o4mini20250416_low_1746039070,USACO Episodic + Semantic,o4-mini-2025-04-16,usaco,809_bronze_taming_the_herd,0,usaco_usaco_episodic__semantic_o4mini20250416_low_1746039070,2025-05-04,21.1420308,307,0,usaco_usaco_episodic__semantic_o4mini20250416_low_1746039070_UPLOAD.zip
USACO Episodic + Semantic__o4-mini-2025-04-16__usaco_usaco_episodic__semantic_o4mini20250416_low_1746039070,USACO Episodic + Semantic,o4-mini-2025-04-16,usaco,794_platinum_sprinklers,0,usaco_usaco_episodic__semantic_o4mini20250416_low_1746039070,2025-05-04,21.1420308,307,0,usaco_usaco_episodic__semantic_o4mini20250416_low_1746039070_UPLOAD.zip
USACO Episodic + Semantic__o4-mini-2025-04-16__usaco_usaco_episodic__semantic_o4mini20250416_low_1746039070,USACO Episodic + Semantic,o4-mini-2025-04-16,usaco,789_gold_mootube,0,usaco_usaco_episodic__semantic_o4mini20250416_low_1746039070,2025-05-04,21.1420308,307,0,usaco_usaco_episodic__semantic_o4mini20250416_low_1746039070_UPLOAD.zip
USACO Episodic + Semantic__o4-mini-2025-04-16__usaco_usaco_episodic__semantic_o4mini20250416_low_1746039070,USACO Episodic + Semantic,o4-mini-2025-04-16,usaco,791_gold_stamp_painting,0,usaco_usaco_episodic__semantic_o4mini20250416_low_1746039070,2025-05-04,21.1420308,307,0,usaco_usaco_episodic__semantic_o4mini20250416_low_1746039070_UPLOAD.zip
USACO Episodic + Semantic__o4-mini-2025-04-16__usaco_usaco_episodic__semantic_o4mini20250416_low_1746039070,USACO Episodic + Semantic,o4-mini-2025-04-16,usaco,786_silver_lifeguards,0,usaco_usaco_episodic__semantic_o4mini20250416_low_1746039070,2025-05-04,21.1420308,307,0,usaco_usaco_episodic__semantic_o4mini20250416_low_1746039070_UPLOAD.zip
USACO Episodic + Semantic__o4-mini-2025-04-16__usaco_usaco_episodic__semantic_o4mini20250416_low_1746039070,USACO Episodic + Semantic,o4-mini-2025-04-16,usaco,787_silver_rental_service,0,usaco_usaco_episodic__semantic_o4mini20250416_low_1746039070,2025-05-04,21.1420308,307,0,usaco_usaco_episodic__semantic_o4mini20250416_low_1746039070_UPLOAD.zip
USACO Episodic + Semantic__o4-mini-2025-04-16__usaco_usaco_episodic__semantic_o4mini20250416_low_1746039070,USACO Episodic + Semantic,o4-mini-2025-04-16,usaco,788_silver_mootube,0,usaco_usaco_episodic__semantic_o4mini20250416_low_1746039070,2025-05-04,21.1420308,307,0,usaco_usaco_episodic__semantic_o4mini20250416_low_1746039070_UPLOAD.zip
USACO Episodic + Semantic__o4-mini-2025-04-16__usaco_usaco_episodic__semantic_o4mini20250416_low_1746039070,USACO Episodic + Semantic,o4-mini-2025-04-16,usaco,783_bronze_blocked_billboard_ii,0,usaco_usaco_episodic__semantic_o4mini20250416_low_1746039070,2025-05-04,21.1420308,307,0,usaco_usaco_episodic__semantic_o4mini20250416_low_1746039070_UPLOAD.zip
USACO Episodic + Semantic__o4-mini-2025-04-16__usaco_usaco_episodic__semantic_o4mini20250416_low_1746039070,USACO Episodic + Semantic,o4-mini-2025-04-16,usaco,784_bronze_lifeguards,0,usaco_usaco_episodic__semantic_o4mini20250416_low_1746039070,2025-05-04,21.1420308,307,0,usaco_usaco_episodic__semantic_o4mini20250416_low_1746039070_UPLOAD.zip
USACO Episodic + Semantic__o4-mini-2025-04-16__usaco_usaco_episodic__semantic_o4mini20250416_low_1746039070,USACO Episodic + Semantic,o4-mini-2025-04-16,usaco,785_bronze_out_of_place,0,usaco_usaco_episodic__semantic_o4mini20250416_low_1746039070,2025-05-04,21.1420308,307,0,usaco_usaco_episodic__semantic_o4mini20250416_low_1746039070_UPLOAD.zip
USACO Episodic + Semantic__o4-mini-2025-04-16__usaco_usaco_episodic__semantic_o4mini20250416_low_1746039070,USACO Episodic + Semantic,o4-mini-2025-04-16,usaco,766_gold_barn_painting,0,usaco_usaco_episodic__semantic_o4mini20250416_low_1746039070,2025-05-04,21.1420308,307,0,usaco_usaco_episodic__semantic_o4mini20250416_low_1746039070_UPLOAD.zip
USACO Episodic + Semantic__o4-mini-2025-04-16__usaco_usaco_episodic__semantic_o4mini20250416_low_1746039070,USACO Episodic + Semantic,o4-mini-2025-04-16,usaco,767_gold_haybale_feast,0,usaco_usaco_episodic__semantic_o4mini20250416_low_1746039070,2025-05-04,21.1420308,307,0,usaco_usaco_episodic__semantic_o4mini20250416_low_1746039070_UPLOAD.zip
USACO Episodic + Semantic__o4-mini-2025-04-16__usaco_usaco_episodic__semantic_o4mini20250416_low_1746039070,USACO Episodic + Semantic,o4-mini-2025-04-16,usaco,762_silver_my_cow_ate_my_homework,0,usaco_usaco_episodic__semantic_o4mini20250416_low_1746039070,2025-05-04,21.1420308,307,0,usaco_usaco_episodic__semantic_o4mini20250416_low_1746039070_UPLOAD.zip
USACO Episodic + Semantic__o4-mini-2025-04-16__usaco_usaco_episodic__semantic_o4mini20250416_low_1746039070,USACO Episodic + Semantic,o4-mini-2025-04-16,usaco,763_silver_milk_measurement,0,usaco_usaco_episodic__semantic_o4mini20250416_low_1746039070,2025-05-04,21.1420308,307,0,usaco_usaco_episodic__semantic_o4mini20250416_low_1746039070_UPLOAD.zip
USACO Episodic + Semantic__o4-mini-2025-04-16__usaco_usaco_episodic__semantic_o4mini20250416_low_1746039070,USACO Episodic + Semantic,o4-mini-2025-04-16,usaco,764_silver_the_bovine_shuffle,0,usaco_usaco_episodic__semantic_o4mini20250416_low_1746039070,2025-05-04,21.1420308,307,0,usaco_usaco_episodic__semantic_o4mini20250416_low_1746039070_UPLOAD.zip
USACO Episodic + Semantic__o4-mini-2025-04-16__usaco_usaco_episodic__semantic_o4mini20250416_low_1746039070,USACO Episodic + Semantic,o4-mini-2025-04-16,usaco,759_bronze_blocked_billboard,0,usaco_usaco_episodic__semantic_o4mini20250416_low_1746039070,2025-05-04,21.1420308,307,0,usaco_usaco_episodic__semantic_o4mini20250416_low_1746039070_UPLOAD.zip
USACO Episodic + Semantic__o4-mini-2025-04-16__usaco_usaco_episodic__semantic_o4mini20250416_low_1746039070,USACO Episodic + Semantic,o4-mini-2025-04-16,usaco,760_bronze_the_bovine_shuffle,0,usaco_usaco_episodic__semantic_o4mini20250416_low_1746039070,2025-05-04,21.1420308,307,0,usaco_usaco_episodic__semantic_o4mini20250416_low_1746039070_UPLOAD.zip
USACO Episodic + Semantic__o4-mini-2025-04-16__usaco_usaco_episodic__semantic_o4mini20250416_low_1746039070,USACO Episodic + Semantic,o4-mini-2025-04-16,usaco,761_bronze_milk_measurement,0,usaco_usaco_episodic__semantic_o4mini20250416_low_1746039070,2025-05-04,21.1420308,307,0,usaco_usaco_episodic__semantic_o4mini20250416_low_1746039070_UPLOAD.zip
USACO Episodic + Semantic__o4-mini-2025-04-16__usaco_usaco_episodic__semantic_o4mini20250416_low_1746039070,USACO Episodic + Semantic,o4-mini-2025-04-16,usaco,741_gold_bovine_genomics,0,usaco_usaco_episodic__semantic_o4mini20250416_low_1746039070,2025-05-04,21.1420308,307,0,usaco_usaco_episodic__semantic_o4mini20250416_low_1746039070_UPLOAD.zip
USACO Episodic + Semantic__o4-mini-2025-04-16__usaco_usaco_episodic__semantic_o4mini20250416_low_1746039070,USACO Episodic + Semantic,o4-mini-2025-04-16,usaco,738_silver_paired_up,0,usaco_usaco_episodic__semantic_o4mini20250416_low_1746039070,2025-05-04,21.1420308,307,0,usaco_usaco_episodic__semantic_o4mini20250416_low_1746039070_UPLOAD.zip
USACO Episodic + Semantic__o4-mini-2025-04-16__usaco_usaco_episodic__semantic_o4mini20250416_low_1746039070,USACO Episodic + Semantic,o4-mini-2025-04-16,usaco,739_silver_bovine_genomics,0,usaco_usaco_episodic__semantic_o4mini20250416_low_1746039070,2025-05-04,21.1420308,307,0,usaco_usaco_episodic__semantic_o4mini20250416_low_1746039070_UPLOAD.zip
USACO Episodic + Semantic__o4-mini-2025-04-16__usaco_usaco_episodic__semantic_o4mini20250416_low_1746039070,USACO Episodic + Semantic,o4-mini-2025-04-16,usaco,735_bronze_the_lost_cow,0,usaco_usaco_episodic__semantic_o4mini20250416_low_1746039070,2025-05-04,21.1420308,307,0,usaco_usaco_episodic__semantic_o4mini20250416_low_1746039070_UPLOAD.zip
USACO Episodic + Semantic__o4-mini-2025-04-16__usaco_usaco_episodic__semantic_o4mini20250416_low_1746039070,USACO Episodic + Semantic,o4-mini-2025-04-16,usaco,736_bronze_bovine_genomics,0,usaco_usaco_episodic__semantic_o4mini20250416_low_1746039070,2025-05-04,21.1420308,307,0,usaco_usaco_episodic__semantic_o4mini20250416_low_1746039070_UPLOAD.zip
USACO Episodic + Semantic__o4-mini-2025-04-16__usaco_usaco_episodic__semantic_o4mini20250416_low_1746039070,USACO Episodic + Semantic,o4-mini-2025-04-16,usaco,737_bronze_modern_art,0,usaco_usaco_episodic__semantic_o4mini20250416_low_1746039070,2025-05-04,21.1420308,307,0,usaco_usaco_episodic__semantic_o4mini20250416_low_1746039070_UPLOAD.zip
USACO Episodic + Semantic__o4-mini-2025-04-16__usaco_usaco_episodic__semantic_o4mini20250416_low_1746039070,USACO Episodic + Semantic,o4-mini-2025-04-16,usaco,648_platinum_262144,0,usaco_usaco_episodic__semantic_o4mini20250416_low_1746039070,2025-05-04,21.1420308,307,0,usaco_usaco_episodic__semantic_o4mini20250416_low_1746039070_UPLOAD.zip
USACO Episodic + Semantic__o4-mini-2025-04-16__usaco_usaco_episodic__semantic_o4mini20250416_low_1746039070,USACO Episodic + Semantic,o4-mini-2025-04-16,usaco,646_gold_closing_the_farm,0,usaco_usaco_episodic__semantic_o4mini20250416_low_1746039070,2025-05-04,21.1420308,307,0,usaco_usaco_episodic__semantic_o4mini20250416_low_1746039070_UPLOAD.zip
USACO Episodic + Semantic__o4-mini-2025-04-16__usaco_usaco_episodic__semantic_o4mini20250416_low_1746039070,USACO Episodic + Semantic,o4-mini-2025-04-16,usaco,647_gold_248,0,usaco_usaco_episodic__semantic_o4mini20250416_low_1746039070,2025-05-04,21.1420308,307,0,usaco_usaco_episodic__semantic_o4mini20250416_low_1746039070_UPLOAD.zip
USACO Episodic + Semantic__o4-mini-2025-04-16__usaco_usaco_episodic__semantic_o4mini20250416_low_1746039070,USACO Episodic + Semantic,o4-mini-2025-04-16,usaco,642_silver_field_reduction,0,usaco_usaco_episodic__semantic_o4mini20250416_low_1746039070,2025-05-04,21.1420308,307,0,usaco_usaco_episodic__semantic_o4mini20250416_low_1746039070_UPLOAD.zip
USACO Episodic + Semantic__o4-mini-2025-04-16__usaco_usaco_episodic__semantic_o4mini20250416_low_1746039070,USACO Episodic + Semantic,o4-mini-2025-04-16,usaco,643_silver_diamond_collector,0,usaco_usaco_episodic__semantic_o4mini20250416_low_1746039070,2025-05-04,21.1420308,307,0,usaco_usaco_episodic__semantic_o4mini20250416_low_1746039070_UPLOAD.zip
USACO Episodic + Semantic__o4-mini-2025-04-16__usaco_usaco_episodic__semantic_o4mini20250416_low_1746039070,USACO Episodic + Semantic,o4-mini-2025-04-16,usaco,644_silver_closing_the_farm,0,usaco_usaco_episodic__semantic_o4mini20250416_low_1746039070,2025-05-04,21.1420308,307,0,usaco_usaco_episodic__semantic_o4mini20250416_low_1746039070_UPLOAD.zip
USACO Episodic + Semantic__o4-mini-2025-04-16__usaco_usaco_episodic__semantic_o4mini20250416_low_1746039070,USACO Episodic + Semantic,o4-mini-2025-04-16,usaco,639_bronze_diamond_collector,0,usaco_usaco_episodic__semantic_o4mini20250416_low_1746039070,2025-05-04,21.1420308,307,0,usaco_usaco_episodic__semantic_o4mini20250416_low_1746039070_UPLOAD.zip
USACO Episodic + Semantic__o4-mini-2025-04-16__usaco_usaco_episodic__semantic_o4mini20250416_low_1746039070,USACO Episodic + Semantic,o4-mini-2025-04-16,usaco,640_bronze_bull_in_a_china_shop,0,usaco_usaco_episodic__semantic_o4mini20250416_low_1746039070,2025-05-04,21.1420308,307,0,usaco_usaco_episodic__semantic_o4mini20250416_low_1746039070_UPLOAD.zip
USACO Episodic + Semantic__o4-mini-2025-04-16__usaco_usaco_episodic__semantic_o4mini20250416_low_1746039070,USACO Episodic + Semantic,o4-mini-2025-04-16,usaco,641_bronze_field_reduction,0,usaco_usaco_episodic__semantic_o4mini20250416_low_1746039070,2025-05-04,21.1420308,307,0,usaco_usaco_episodic__semantic_o4mini20250416_low_1746039070_UPLOAD.zip
USACO Episodic + Semantic__o4-mini-2025-04-16__usaco_usaco_episodic__semantic_o4mini20250416_low_1746039070,USACO Episodic + Semantic,o4-mini-2025-04-16,usaco,553_gold_palindromic_paths,0,usaco_usaco_episodic__semantic_o4mini20250416_low_1746039070,2025-05-04,21.1420308,307,0,usaco_usaco_episodic__semantic_o4mini20250416_low_1746039070_UPLOAD.zip
USACO Episodic + Semantic__o4-mini-2025-04-16__usaco_usaco_episodic__semantic_o4mini20250416_low_1746039070,USACO Episodic + Semantic,o4-mini-2025-04-16,usaco,554_gold_trapped_in_the_haybales_(gold),0,usaco_usaco_episodic__semantic_o4mini20250416_low_1746039070,2025-05-04,21.1420308,307,0,usaco_usaco_episodic__semantic_o4mini20250416_low_1746039070_UPLOAD.zip
USACO Episodic + Semantic__o4-mini-2025-04-16__usaco_usaco_episodic__semantic_o4mini20250416_low_1746039070,USACO Episodic + Semantic,o4-mini-2025-04-16,usaco,549_silver_bessie_goes_moo,0,usaco_usaco_episodic__semantic_o4mini20250416_low_1746039070,2025-05-04,21.1420308,307,0,usaco_usaco_episodic__semantic_o4mini20250416_low_1746039070_UPLOAD.zip
USACO Episodic + Semantic__o4-mini-2025-04-16__usaco_usaco_episodic__semantic_o4mini20250416_low_1746039070,USACO Episodic + Semantic,o4-mini-2025-04-16,usaco,550_silver_trapped_in_the_haybales_(silver),0,usaco_usaco_episodic__semantic_o4mini20250416_low_1746039070,2025-05-04,21.1420308,307,0,usaco_usaco_episodic__semantic_o4mini20250416_low_1746039070_UPLOAD.zip
USACO Episodic + Semantic__o4-mini-2025-04-16__usaco_usaco_episodic__semantic_o4mini20250416_low_1746039070,USACO Episodic + Semantic,o4-mini-2025-04-16,usaco,545_bronze_moocryption,0,usaco_usaco_episodic__semantic_o4mini20250416_low_1746039070,2025-05-04,21.1420308,307,0,usaco_usaco_episodic__semantic_o4mini20250416_low_1746039070_UPLOAD.zip
USACO Episodic + Semantic__o4-mini-2025-04-16__usaco_usaco_episodic__semantic_o4mini20250416_low_1746039070,USACO Episodic + Semantic,o4-mini-2025-04-16,usaco,546_bronze_bessie_gets_even,0,usaco_usaco_episodic__semantic_o4mini20250416_low_1746039070,2025-05-04,21.1420308,307,0,usaco_usaco_episodic__semantic_o4mini20250416_low_1746039070_UPLOAD.zip
USACO Episodic + Semantic__o4-mini-2025-04-16__usaco_usaco_episodic__semantic_o4mini20250416_low_1746039070,USACO Episodic + Semantic,o4-mini-2025-04-16,usaco,547_bronze_trapped_in_the_haybales_(bronze),0,usaco_usaco_episodic__semantic_o4mini20250416_low_1746039070,2025-05-04,21.1420308,307,0,usaco_usaco_episodic__semantic_o4mini20250416_low_1746039070_UPLOAD.zip
USACO Episodic + Semantic__o4-mini-2025-04-16__usaco_usaco_episodic__semantic_o4mini20250416_low_1746039070,USACO Episodic + Semantic,o4-mini-2025-04-16,usaco,548_bronze_palindromic_paths_(bronze),0,usaco_usaco_episodic__semantic_o4mini20250416_low_1746039070,2025-05-04,21.1420308,307,0,usaco_usaco_episodic__semantic_o4mini20250416_low_1746039070_UPLOAD.zip
USACO Episodic + Semantic__o4-mini-2025-04-16__usaco_usaco_episodic__semantic_o4mini20250416_low_1746039070,USACO Episodic + Semantic,o4-mini-2025-04-16,usaco,436_gold_fair_photography,0,usaco_usaco_episodic__semantic_o4mini20250416_low_1746039070,2025-05-04,21.1420308,307,0,usaco_usaco_episodic__semantic_o4mini20250416_low_1746039070_UPLOAD.zip
USACO Episodic + Semantic__o4-mini-2025-04-16__usaco_usaco_episodic__semantic_o4mini20250416_low_1746039070,USACO Episodic + Semantic,o4-mini-2025-04-16,usaco,433_silver_fair_photography,0,usaco_usaco_episodic__semantic_o4mini20250416_low_1746039070,2025-05-04,21.1420308,307,0,usaco_usaco_episodic__semantic_o4mini20250416_low_1746039070_UPLOAD.zip
USACO Episodic + Semantic__o4-mini-2025-04-16__usaco_usaco_episodic__semantic_o4mini20250416_low_1746039070,USACO Episodic + Semantic,o4-mini-2025-04-16,usaco,434_silver_dueling_gpss,0,usaco_usaco_episodic__semantic_o4mini20250416_low_1746039070,2025-05-04,21.1420308,307,0,usaco_usaco_episodic__semantic_o4mini20250416_low_1746039070_UPLOAD.zip
USACO Episodic + Semantic__o4-mini-2025-04-16__usaco_usaco_episodic__semantic_o4mini20250416_low_1746039070,USACO Episodic + Semantic,o4-mini-2025-04-16,usaco,430_bronze_odometer,0,usaco_usaco_episodic__semantic_o4mini20250416_low_1746039070,2025-05-04,21.1420308,307,0,usaco_usaco_episodic__semantic_o4mini20250416_low_1746039070_UPLOAD.zip
USACO Episodic + Semantic__o4-mini-2025-04-16__usaco_usaco_episodic__semantic_o4mini20250416_low_1746039070,USACO Episodic + Semantic,o4-mini-2025-04-16,usaco,431_bronze_fair_photography,0,usaco_usaco_episodic__semantic_o4mini20250416_low_1746039070,2025-05-04,21.1420308,307,0,usaco_usaco_episodic__semantic_o4mini20250416_low_1746039070_UPLOAD.zip
USACO Episodic + Semantic__o4-mini-2025-04-16__usaco_usaco_episodic__semantic_o4mini20250416_low_1746039070,USACO Episodic + Semantic,o4-mini-2025-04-16,usaco,432_bronze_decorating_the_pastures,0,usaco_usaco_episodic__semantic_o4mini20250416_low_1746039070,2025-05-04,21.1420308,307,0,usaco_usaco_episodic__semantic_o4mini20250416_low_1746039070_UPLOAD.zip
USACO Episodic + Semantic__o4-mini-2025-04-16__usaco_usaco_episodic__semantic_o4mini20250416_low_1746039070,USACO Episodic + Semantic,o4-mini-2025-04-16,usaco,415_silver_watering_the_fields,0,usaco_usaco_episodic__semantic_o4mini20250416_low_1746039070,2025-05-04,21.1420308,307,0,usaco_usaco_episodic__semantic_o4mini20250416_low_1746039070_UPLOAD.zip
USACO Episodic + Semantic__o4-mini-2025-04-16__usaco_usaco_episodic__semantic_o4mini20250416_low_1746039070,USACO Episodic + Semantic,o4-mini-2025-04-16,usaco,417_silver_mooo_moo,0,usaco_usaco_episodic__semantic_o4mini20250416_low_1746039070,2025-05-04,21.1420308,307,0,usaco_usaco_episodic__semantic_o4mini20250416_low_1746039070_UPLOAD.zip
USACO Episodic + Semantic__o4-mini-2025-04-16__usaco_usaco_episodic__semantic_o4mini20250416_low_1746039070,USACO Episodic + Semantic,o4-mini-2025-04-16,usaco,412_bronze_reordering_the_cows,0,usaco_usaco_episodic__semantic_o4mini20250416_low_1746039070,2025-05-04,21.1420308,307,0,usaco_usaco_episodic__semantic_o4mini20250416_low_1746039070_UPLOAD.zip
USACO Episodic + Semantic__o4-mini-2025-04-16__usaco_usaco_episodic__semantic_o4mini20250416_low_1746039070,USACO Episodic + Semantic,o4-mini-2025-04-16,usaco,413_bronze_the_lazy_cow,0,usaco_usaco_episodic__semantic_o4mini20250416_low_1746039070,2025-05-04,21.1420308,307,0,usaco_usaco_episodic__semantic_o4mini20250416_low_1746039070_UPLOAD.zip
USACO Episodic + Semantic__o4-mini-2025-04-16__usaco_usaco_episodic__semantic_o4mini20250416_low_1746039070,USACO Episodic + Semantic,o4-mini-2025-04-16,usaco,400_gold_roadblock,0,usaco_usaco_episodic__semantic_o4mini20250416_low_1746039070,2025-05-04,21.1420308,307,0,usaco_usaco_episodic__semantic_o4mini20250416_low_1746039070_UPLOAD.zip
USACO Episodic + Semantic__o4-mini-2025-04-16__usaco_usaco_episodic__semantic_o4mini20250416_low_1746039070,USACO Episodic + Semantic,o4-mini-2025-04-16,usaco,401_gold_cow_decathlon,0,usaco_usaco_episodic__semantic_o4mini20250416_low_1746039070,2025-05-04,21.1420308,307,0,usaco_usaco_episodic__semantic_o4mini20250416_low_1746039070_UPLOAD.zip
USACO Episodic + Semantic__o4-mini-2025-04-16__usaco_usaco_episodic__semantic_o4mini20250416_low_1746039070,USACO Episodic + Semantic,o4-mini-2025-04-16,usaco,397_silver_auto-complete,0,usaco_usaco_episodic__semantic_o4mini20250416_low_1746039070,2025-05-04,21.1420308,307,0,usaco_usaco_episodic__semantic_o4mini20250416_low_1746039070_UPLOAD.zip
USACO Episodic + Semantic__o4-mini-2025-04-16__usaco_usaco_episodic__semantic_o4mini20250416_low_1746039070,USACO Episodic + Semantic,o4-mini-2025-04-16,usaco,398_silver_roadblock,0,usaco_usaco_episodic__semantic_o4mini20250416_low_1746039070,2025-05-04,21.1420308,307,0,usaco_usaco_episodic__semantic_o4mini20250416_low_1746039070_UPLOAD.zip
USACO Episodic + Semantic__o4-mini-2025-04-16__usaco_usaco_episodic__semantic_o4mini20250416_low_1746039070,USACO Episodic + Semantic,o4-mini-2025-04-16,usaco,394_bronze_mirror_field,0,usaco_usaco_episodic__semantic_o4mini20250416_low_1746039070,2025-05-04,21.1420308,307,0,usaco_usaco_episodic__semantic_o4mini20250416_low_1746039070_UPLOAD.zip
USACO Episodic + Semantic__o4-mini-2025-04-16__usaco_usaco_episodic__semantic_o4mini20250416_low_1746039070,USACO Episodic + Semantic,o4-mini-2025-04-16,usaco,395_bronze_auto-complete,0,usaco_usaco_episodic__semantic_o4mini20250416_low_1746039070,2025-05-04,21.1420308,307,0,usaco_usaco_episodic__semantic_o4mini20250416_low_1746039070_UPLOAD.zip
USACO Episodic + Semantic__o4-mini-2025-04-16__usaco_usaco_episodic__semantic_o4mini20250416_low_1746039070,USACO Episodic + Semantic,o4-mini-2025-04-16,usaco,396_bronze_secret_code,0,usaco_usaco_episodic__semantic_o4mini20250416_low_1746039070,2025-05-04,21.1420308,307,0,usaco_usaco_episodic__semantic_o4mini20250416_low_1746039070_UPLOAD.zip
USACO Episodic + Semantic__o4-mini-2025-04-16__usaco_usaco_episodic__semantic_o4mini20250416_low_1746039070,USACO Episodic + Semantic,o4-mini-2025-04-16,usaco,379_silver_bessie_slows_down,0,usaco_usaco_episodic__semantic_o4mini20250416_low_1746039070,2025-05-04,21.1420308,307,0,usaco_usaco_episodic__semantic_o4mini20250416_low_1746039070_UPLOAD.zip
USACO Episodic + Semantic__o4-mini-2025-04-16__usaco_usaco_episodic__semantic_o4mini20250416_low_1746039070,USACO Episodic + Semantic,o4-mini-2025-04-16,usaco,380_silver_cross_country_skiing,0,usaco_usaco_episodic__semantic_o4mini20250416_low_1746039070,2025-05-04,21.1420308,307,0,usaco_usaco_episodic__semantic_o4mini20250416_low_1746039070_UPLOAD.zip
USACO Episodic + Semantic__o4-mini-2025-04-16__usaco_usaco_episodic__semantic_o4mini20250416_low_1746039070,USACO Episodic + Semantic,o4-mini-2025-04-16,usaco,381_silver_recording_the_moolympics,0,usaco_usaco_episodic__semantic_o4mini20250416_low_1746039070,2025-05-04,21.1420308,307,0,usaco_usaco_episodic__semantic_o4mini20250416_low_1746039070_UPLOAD.zip
USACO Episodic + Semantic__o4-mini-2025-04-16__usaco_usaco_episodic__semantic_o4mini20250416_low_1746039070,USACO Episodic + Semantic,o4-mini-2025-04-16,usaco,376_bronze_ski_course_design,0,usaco_usaco_episodic__semantic_o4mini20250416_low_1746039070,2025-05-04,21.1420308,307,0,usaco_usaco_episodic__semantic_o4mini20250416_low_1746039070_UPLOAD.zip
USACO Episodic + Semantic__o4-mini-2025-04-16__usaco_usaco_episodic__semantic_o4mini20250416_low_1746039070,USACO Episodic + Semantic,o4-mini-2025-04-16,usaco,377_bronze_bessie_slows_down,0,usaco_usaco_episodic__semantic_o4mini20250416_low_1746039070,2025-05-04,21.1420308,307,0,usaco_usaco_episodic__semantic_o4mini20250416_low_1746039070_UPLOAD.zip
USACO Episodic + Semantic__o4-mini-2025-04-16__usaco_usaco_episodic__semantic_o4mini20250416_low_1746039070,USACO Episodic + Semantic,o4-mini-2025-04-16,usaco,378_bronze_balanced_teams,0,usaco_usaco_episodic__semantic_o4mini20250416_low_1746039070,2025-05-04,21.1420308,307,0,usaco_usaco_episodic__semantic_o4mini20250416_low_1746039070_UPLOAD.zip
USACO Episodic + Semantic__o4-mini-2025-04-16__usaco_usaco_episodic__semantic_o4mini20250416_low_1746039070,USACO Episodic + Semantic,o4-mini-2025-04-16,usaco,365_gold_optimal_milking,0,usaco_usaco_episodic__semantic_o4mini20250416_low_1746039070,2025-05-04,21.1420308,307,0,usaco_usaco_episodic__semantic_o4mini20250416_low_1746039070_UPLOAD.zip
USACO Episodic + Semantic__o4-mini-2025-04-16__usaco_usaco_episodic__semantic_o4mini20250416_low_1746039070,USACO Episodic + Semantic,o4-mini-2025-04-16,usaco,361_silver_milk_scheduling,0,usaco_usaco_episodic__semantic_o4mini20250416_low_1746039070,2025-05-04,21.1420308,307,0,usaco_usaco_episodic__semantic_o4mini20250416_low_1746039070_UPLOAD.zip
USACO Episodic + Semantic__o4-mini-2025-04-16__usaco_usaco_episodic__semantic_o4mini20250416_low_1746039070,USACO Episodic + Semantic,o4-mini-2025-04-16,usaco,362_silver_vacation_planning,0,usaco_usaco_episodic__semantic_o4mini20250416_low_1746039070,2025-05-04,21.1420308,307,0,usaco_usaco_episodic__semantic_o4mini20250416_low_1746039070_UPLOAD.zip
USACO Episodic + Semantic__o4-mini-2025-04-16__usaco_usaco_episodic__semantic_o4mini20250416_low_1746039070,USACO Episodic + Semantic,o4-mini-2025-04-16,usaco,358_bronze_record_keeping,0,usaco_usaco_episodic__semantic_o4mini20250416_low_1746039070,2025-05-04,21.1420308,307,0,usaco_usaco_episodic__semantic_o4mini20250416_low_1746039070_UPLOAD.zip
USACO Episodic + Semantic__o4-mini-2025-04-16__usaco_usaco_episodic__semantic_o4mini20250416_low_1746039070,USACO Episodic + Semantic,o4-mini-2025-04-16,usaco,359_bronze_cow_baseball,0,usaco_usaco_episodic__semantic_o4mini20250416_low_1746039070,2025-05-04,21.1420308,307,0,usaco_usaco_episodic__semantic_o4mini20250416_low_1746039070_UPLOAD.zip
USACO Episodic + Semantic__o4-mini-2025-04-16__usaco_usaco_episodic__semantic_o4mini20250416_low_1746039070,USACO Episodic + Semantic,o4-mini-2025-04-16,usaco,360_bronze_wormholes,0,usaco_usaco_episodic__semantic_o4mini20250416_low_1746039070,2025-05-04,21.1420308,307,0,usaco_usaco_episodic__semantic_o4mini20250416_low_1746039070_UPLOAD.zip
USACO Episodic + Semantic__o4-mini-2025-04-16__usaco_usaco_episodic__semantic_o4mini20250416_low_1746039070,USACO Episodic + Semantic,o4-mini-2025-04-16,usaco,346_gold_empty_stalls,0,usaco_usaco_episodic__semantic_o4mini20250416_low_1746039070,2025-05-04,21.1420308,307,0,usaco_usaco_episodic__semantic_o4mini20250416_low_1746039070_UPLOAD.zip
USACO Episodic + Semantic__o4-mini-2025-04-16__usaco_usaco_episodic__semantic_o4mini20250416_low_1746039070,USACO Episodic + Semantic,o4-mini-2025-04-16,usaco,347_gold_line_of_sight,0,usaco_usaco_episodic__semantic_o4mini20250416_low_1746039070,2025-05-04,21.1420308,307,0,usaco_usaco_episodic__semantic_o4mini20250416_low_1746039070_UPLOAD.zip
USACO Episodic + Semantic__o4-mini-2025-04-16__usaco_usaco_episodic__semantic_o4mini20250416_low_1746039070,USACO Episodic + Semantic,o4-mini-2025-04-16,usaco,343_silver_farmer_john_has_no_large_brown_cow,0,usaco_usaco_episodic__semantic_o4mini20250416_low_1746039070,2025-05-04,21.1420308,307,0,usaco_usaco_episodic__semantic_o4mini20250416_low_1746039070_UPLOAD.zip
USACO Episodic + Semantic__o4-mini-2025-04-16__usaco_usaco_episodic__semantic_o4mini20250416_low_1746039070,USACO Episodic + Semantic,o4-mini-2025-04-16,usaco,344_silver_crowded_cows,0,usaco_usaco_episodic__semantic_o4mini20250416_low_1746039070,2025-05-04,21.1420308,307,0,usaco_usaco_episodic__semantic_o4mini20250416_low_1746039070_UPLOAD.zip
USACO Episodic + Semantic__o4-mini-2025-04-16__usaco_usaco_episodic__semantic_o4mini20250416_low_1746039070,USACO Episodic + Semantic,o4-mini-2025-04-16,usaco,345_silver_pogo-cow,0,usaco_usaco_episodic__semantic_o4mini20250416_low_1746039070,2025-05-04,21.1420308,307,0,usaco_usaco_episodic__semantic_o4mini20250416_low_1746039070_UPLOAD.zip
USACO Episodic + Semantic__o4-mini-2025-04-16__usaco_usaco_episodic__semantic_o4mini20250416_low_1746039070,USACO Episodic + Semantic,o4-mini-2025-04-16,usaco,340_bronze_combination_lock,0,usaco_usaco_episodic__semantic_o4mini20250416_low_1746039070,2025-05-04,21.1420308,307,0,usaco_usaco_episodic__semantic_o4mini20250416_low_1746039070_UPLOAD.zip
USACO Episodic + Semantic__o4-mini-2025-04-16__usaco_usaco_episodic__semantic_o4mini20250416_low_1746039070,USACO Episodic + Semantic,o4-mini-2025-04-16,usaco,341_bronze_goldilocks_and_the_n_cows,0,usaco_usaco_episodic__semantic_o4mini20250416_low_1746039070,2025-05-04,21.1420308,307,0,usaco_usaco_episodic__semantic_o4mini20250416_low_1746039070_UPLOAD.zip
USACO Episodic + Semantic__o4-mini-2025-04-16__usaco_usaco_episodic__semantic_o4mini20250416_low_1746039070,USACO Episodic + Semantic,o4-mini-2025-04-16,usaco,342_bronze_farmer_john_has_no_large_brown_cow,0,usaco_usaco_episodic__semantic_o4mini20250416_low_1746039070,2025-05-04,21.1420308,307,0,usaco_usaco_episodic__semantic_o4mini20250416_low_1746039070_UPLOAD.zip
USACO Episodic + Semantic__o4-mini-2025-04-16__usaco_usaco_episodic__semantic_o4mini20250416_low_1746039070,USACO Episodic + Semantic,o4-mini-2025-04-16,usaco,283_silver_fuel_economy,0,usaco_usaco_episodic__semantic_o4mini20250416_low_1746039070,2025-05-04,21.1420308,307,0,usaco_usaco_episodic__semantic_o4mini20250416_low_1746039070_UPLOAD.zip
USACO Episodic + Semantic__o4-mini-2025-04-16__usaco_usaco_episodic__semantic_o4mini20250416_low_1746039070,USACO Episodic + Semantic,o4-mini-2025-04-16,usaco,278_bronze_bovine_ballet,0,usaco_usaco_episodic__semantic_o4mini20250416_low_1746039070,2025-05-04,21.1420308,307,0,usaco_usaco_episodic__semantic_o4mini20250416_low_1746039070_UPLOAD.zip
USACO Episodic + Semantic__o4-mini-2025-04-16__usaco_usaco_episodic__semantic_o4mini20250416_low_1746039070,USACO Episodic + Semantic,o4-mini-2025-04-16,usaco,280_bronze_photo,0,usaco_usaco_episodic__semantic_o4mini20250416_low_1746039070,2025-05-04,21.1420308,307,0,usaco_usaco_episodic__semantic_o4mini20250416_low_1746039070_UPLOAD.zip
USACO Episodic + Semantic__o4-mini-2025-04-16__usaco_usaco_episodic__semantic_o4mini20250416_low_1746039070,USACO Episodic + Semantic,o4-mini-2025-04-16,usaco,281_bronze_haywire,0,usaco_usaco_episodic__semantic_o4mini20250416_low_1746039070,2025-05-04,21.1420308,307,0,usaco_usaco_episodic__semantic_o4mini20250416_low_1746039070_UPLOAD.zip
USACO Episodic + Semantic__o4-mini-2025-04-16__usaco_usaco_episodic__semantic_o4mini20250416_low_1746039070,USACO Episodic + Semantic,o4-mini-2025-04-16,usaco,267_gold_necklace,0,usaco_usaco_episodic__semantic_o4mini20250416_low_1746039070,2025-05-04,21.1420308,307,0,usaco_usaco_episodic__semantic_o4mini20250416_low_1746039070_UPLOAD.zip
USACO Episodic + Semantic__o4-mini-2025-04-16__usaco_usaco_episodic__semantic_o4mini20250416_low_1746039070,USACO Episodic + Semantic,o4-mini-2025-04-16,usaco,262_silver_poker_hands,0,usaco_usaco_episodic__semantic_o4mini20250416_low_1746039070,2025-05-04,21.1420308,307,0,usaco_usaco_episodic__semantic_o4mini20250416_low_1746039070_UPLOAD.zip
USACO Episodic + Semantic__o4-mini-2025-04-16__usaco_usaco_episodic__semantic_o4mini20250416_low_1746039070,USACO Episodic + Semantic,o4-mini-2025-04-16,usaco,263_silver_farm_painting,0,usaco_usaco_episodic__semantic_o4mini20250416_low_1746039070,2025-05-04,21.1420308,307,0,usaco_usaco_episodic__semantic_o4mini20250416_low_1746039070_UPLOAD.zip
USACO Episodic + Semantic__o4-mini-2025-04-16__usaco_usaco_episodic__semantic_o4mini20250416_low_1746039070,USACO Episodic + Semantic,o4-mini-2025-04-16,usaco,259_bronze_cow_race,0,usaco_usaco_episodic__semantic_o4mini20250416_low_1746039070,2025-05-04,21.1420308,307,0,usaco_usaco_episodic__semantic_o4mini20250416_low_1746039070_UPLOAD.zip
USACO Episodic + Semantic__o4-mini-2025-04-16__usaco_usaco_episodic__semantic_o4mini20250416_low_1746039070,USACO Episodic + Semantic,o4-mini-2025-04-16,usaco,260_bronze_breed_proximity,0,usaco_usaco_episodic__semantic_o4mini20250416_low_1746039070,2025-05-04,21.1420308,307,0,usaco_usaco_episodic__semantic_o4mini20250416_low_1746039070_UPLOAD.zip
USACO Episodic + Semantic__o4-mini-2025-04-16__usaco_usaco_episodic__semantic_o4mini20250416_low_1746039070,USACO Episodic + Semantic,o4-mini-2025-04-16,usaco,261_bronze_breed_assignment,0,usaco_usaco_episodic__semantic_o4mini20250416_low_1746039070,2025-05-04,21.1420308,307,0,usaco_usaco_episodic__semantic_o4mini20250416_low_1746039070_UPLOAD.zip
USACO Episodic + Semantic__o4-mini-2025-04-16__usaco_usaco_episodic__semantic_o4mini20250416_low_1746039070,USACO Episodic + Semantic,o4-mini-2025-04-16,usaco,247_gold_partitioning_the_farm,0,usaco_usaco_episodic__semantic_o4mini20250416_low_1746039070,2025-05-04,21.1420308,307,0,usaco_usaco_episodic__semantic_o4mini20250416_low_1746039070_UPLOAD.zip
USACO Episodic + Semantic__o4-mini-2025-04-16__usaco_usaco_episodic__semantic_o4mini20250416_low_1746039070,USACO Episodic + Semantic,o4-mini-2025-04-16,usaco,248_gold_taxi,0,usaco_usaco_episodic__semantic_o4mini20250416_low_1746039070,2025-05-04,21.1420308,307,0,usaco_usaco_episodic__semantic_o4mini20250416_low_1746039070_UPLOAD.zip
USACO Episodic + Semantic__o4-mini-2025-04-16__usaco_usaco_episodic__semantic_o4mini20250416_low_1746039070,USACO Episodic + Semantic,o4-mini-2025-04-16,usaco,249_gold_route_design,0,usaco_usaco_episodic__semantic_o4mini20250416_low_1746039070,2025-05-04,21.1420308,307,0,usaco_usaco_episodic__semantic_o4mini20250416_low_1746039070_UPLOAD.zip
USACO Episodic + Semantic__o4-mini-2025-04-16__usaco_usaco_episodic__semantic_o4mini20250416_low_1746039070,USACO Episodic + Semantic,o4-mini-2025-04-16,usaco,244_silver_perimeter,0,usaco_usaco_episodic__semantic_o4mini20250416_low_1746039070,2025-05-04,21.1420308,307,0,usaco_usaco_episodic__semantic_o4mini20250416_low_1746039070_UPLOAD.zip
USACO Episodic + Semantic__o4-mini-2025-04-16__usaco_usaco_episodic__semantic_o4mini20250416_low_1746039070,USACO Episodic + Semantic,o4-mini-2025-04-16,usaco,246_silver_milk_scheduling,0,usaco_usaco_episodic__semantic_o4mini20250416_low_1746039070,2025-05-04,21.1420308,307,0,usaco_usaco_episodic__semantic_o4mini20250416_low_1746039070_UPLOAD.zip
USACO Episodic + Semantic__o4-mini-2025-04-16__usaco_usaco_episodic__semantic_o4mini20250416_low_1746039070,USACO Episodic + Semantic,o4-mini-2025-04-16,usaco,241_bronze_message_relay,0,usaco_usaco_episodic__semantic_o4mini20250416_low_1746039070,2025-05-04,21.1420308,307,0,usaco_usaco_episodic__semantic_o4mini20250416_low_1746039070_UPLOAD.zip
USACO Episodic + Semantic__o4-mini-2025-04-16__usaco_usaco_episodic__semantic_o4mini20250416_low_1746039070,USACO Episodic + Semantic,o4-mini-2025-04-16,usaco,242_bronze_cow_crossings,0,usaco_usaco_episodic__semantic_o4mini20250416_low_1746039070,2025-05-04,21.1420308,307,0,usaco_usaco_episodic__semantic_o4mini20250416_low_1746039070_UPLOAD.zip
USACO Episodic + Semantic__o4-mini-2025-04-16__usaco_usaco_episodic__semantic_o4mini20250416_low_1746039070,USACO Episodic + Semantic,o4-mini-2025-04-16,usaco,243_bronze_perimeter,0,usaco_usaco_episodic__semantic_o4mini20250416_low_1746039070,2025-05-04,21.1420308,307,0,usaco_usaco_episodic__semantic_o4mini20250416_low_1746039070_UPLOAD.zip
USACO Episodic + Semantic__o4-mini-2025-04-16__usaco_usaco_episodic__semantic_o4mini20250416_low_1746039070,USACO Episodic + Semantic,o4-mini-2025-04-16,usaco,229_gold_cow_lineup,0,usaco_usaco_episodic__semantic_o4mini20250416_low_1746039070,2025-05-04,21.1420308,307,0,usaco_usaco_episodic__semantic_o4mini20250416_low_1746039070_UPLOAD.zip
USACO Episodic + Semantic__o4-mini-2025-04-16__usaco_usaco_episodic__semantic_o4mini20250416_low_1746039070,USACO Episodic + Semantic,o4-mini-2025-04-16,usaco,230_gold_island_travels,0,usaco_usaco_episodic__semantic_o4mini20250416_low_1746039070,2025-05-04,21.1420308,307,0,usaco_usaco_episodic__semantic_o4mini20250416_low_1746039070_UPLOAD.zip
USACO Episodic + Semantic__o4-mini-2025-04-16__usaco_usaco_episodic__semantic_o4mini20250416_low_1746039070,USACO Episodic + Semantic,o4-mini-2025-04-16,usaco,226_silver_painting_the_fence,0,usaco_usaco_episodic__semantic_o4mini20250416_low_1746039070,2025-05-04,21.1420308,307,0,usaco_usaco_episodic__semantic_o4mini20250416_low_1746039070_UPLOAD.zip
USACO Episodic + Semantic__o4-mini-2025-04-16__usaco_usaco_episodic__semantic_o4mini20250416_low_1746039070,USACO Episodic + Semantic,o4-mini-2025-04-16,usaco,228_silver_party_invitations,0,usaco_usaco_episodic__semantic_o4mini20250416_low_1746039070,2025-05-04,21.1420308,307,0,usaco_usaco_episodic__semantic_o4mini20250416_low_1746039070_UPLOAD.zip
USACO Episodic + Semantic__o4-mini-2025-04-16__usaco_usaco_episodic__semantic_o4mini20250416_low_1746039070,USACO Episodic + Semantic,o4-mini-2025-04-16,usaco,223_bronze_mirrors,0,usaco_usaco_episodic__semantic_o4mini20250416_low_1746039070,2025-05-04,21.1420308,307,0,usaco_usaco_episodic__semantic_o4mini20250416_low_1746039070_UPLOAD.zip
USACO Episodic + Semantic__o4-mini-2025-04-16__usaco_usaco_episodic__semantic_o4mini20250416_low_1746039070,USACO Episodic + Semantic,o4-mini-2025-04-16,usaco,225_bronze_liars_and_truth_tellers,0,usaco_usaco_episodic__semantic_o4mini20250416_low_1746039070,2025-05-04,21.1420308,307,0,usaco_usaco_episodic__semantic_o4mini20250416_low_1746039070_UPLOAD.zip
USACO Episodic + Semantic__o4-mini-2025-04-16__usaco_usaco_episodic__semantic_o4mini20250416_low_1746039070,USACO Episodic + Semantic,o4-mini-2025-04-16,usaco,209_silver_wifi_setup,0,usaco_usaco_episodic__semantic_o4mini20250416_low_1746039070,2025-05-04,21.1420308,307,0,usaco_usaco_episodic__semantic_o4mini20250416_low_1746039070_UPLOAD.zip
USACO Episodic + Semantic__o4-mini-2025-04-16__usaco_usaco_episodic__semantic_o4mini20250416_low_1746039070,USACO Episodic + Semantic,o4-mini-2025-04-16,usaco,210_silver_milk_routing,0,usaco_usaco_episodic__semantic_o4mini20250416_low_1746039070,2025-05-04,21.1420308,307,0,usaco_usaco_episodic__semantic_o4mini20250416_low_1746039070_UPLOAD.zip
USACO Episodic + Semantic__o4-mini-2025-04-16__usaco_usaco_episodic__semantic_o4mini20250416_low_1746039070,USACO Episodic + Semantic,o4-mini-2025-04-16,usaco,205_bronze_meet_and_greet,0,usaco_usaco_episodic__semantic_o4mini20250416_low_1746039070,2025-05-04,21.1420308,307,0,usaco_usaco_episodic__semantic_o4mini20250416_low_1746039070_UPLOAD.zip
USACO Episodic + Semantic__o4-mini-2025-04-16__usaco_usaco_episodic__semantic_o4mini20250416_low_1746039070,USACO Episodic + Semantic,o4-mini-2025-04-16,usaco,206_bronze_scrambled_letters,0,usaco_usaco_episodic__semantic_o4mini20250416_low_1746039070,2025-05-04,21.1420308,307,0,usaco_usaco_episodic__semantic_o4mini20250416_low_1746039070_UPLOAD.zip
USACO Episodic + Semantic__o4-mini-2025-04-16__usaco_usaco_episodic__semantic_o4mini20250416_low_1746039070,USACO Episodic + Semantic,o4-mini-2025-04-16,usaco,193_gold_balanced_cow_breeds,0,usaco_usaco_episodic__semantic_o4mini20250416_low_1746039070,2025-05-04,21.1420308,307,0,usaco_usaco_episodic__semantic_o4mini20250416_low_1746039070_UPLOAD.zip
USACO Episodic + Semantic__o4-mini-2025-04-16__usaco_usaco_episodic__semantic_o4mini20250416_low_1746039070,USACO Episodic + Semantic,o4-mini-2025-04-16,usaco,194_gold_concurrently_balanced_strings,0,usaco_usaco_episodic__semantic_o4mini20250416_low_1746039070,2025-05-04,21.1420308,307,0,usaco_usaco_episodic__semantic_o4mini20250416_low_1746039070_UPLOAD.zip
USACO Episodic + Semantic__o4-mini-2025-04-16__usaco_usaco_episodic__semantic_o4mini20250416_low_1746039070,USACO Episodic + Semantic,o4-mini-2025-04-16,usaco,190_silver_clumsy_cows,0,usaco_usaco_episodic__semantic_o4mini20250416_low_1746039070,2025-05-04,21.1420308,307,0,usaco_usaco_episodic__semantic_o4mini20250416_low_1746039070_UPLOAD.zip
USACO Episodic + Semantic__o4-mini-2025-04-16__usaco_usaco_episodic__semantic_o4mini20250416_low_1746039070,USACO Episodic + Semantic,o4-mini-2025-04-16,usaco,191_silver_distant_pastures,0,usaco_usaco_episodic__semantic_o4mini20250416_low_1746039070,2025-05-04,21.1420308,307,0,usaco_usaco_episodic__semantic_o4mini20250416_low_1746039070_UPLOAD.zip
USACO Episodic + Semantic__o4-mini-2025-04-16__usaco_usaco_episodic__semantic_o4mini20250416_low_1746039070,USACO Episodic + Semantic,o4-mini-2025-04-16,usaco,192_silver_balanced_cow_breeds,0,usaco_usaco_episodic__semantic_o4mini20250416_low_1746039070,2025-05-04,21.1420308,307,0,usaco_usaco_episodic__semantic_o4mini20250416_low_1746039070_UPLOAD.zip
USACO Episodic + Semantic__o4-mini-2025-04-16__usaco_usaco_episodic__semantic_o4mini20250416_low_1746039070,USACO Episodic + Semantic,o4-mini-2025-04-16,usaco,187_bronze_find_the_cow!,0,usaco_usaco_episodic__semantic_o4mini20250416_low_1746039070,2025-05-04,21.1420308,307,0,usaco_usaco_episodic__semantic_o4mini20250416_low_1746039070_UPLOAD.zip
USACO Episodic + Semantic__o4-mini-2025-04-16__usaco_usaco_episodic__semantic_o4mini20250416_low_1746039070,USACO Episodic + Semantic,o4-mini-2025-04-16,usaco,188_bronze_typo,0,usaco_usaco_episodic__semantic_o4mini20250416_low_1746039070,2025-05-04,21.1420308,307,0,usaco_usaco_episodic__semantic_o4mini20250416_low_1746039070_UPLOAD.zip
USACO Episodic + Semantic__o4-mini-2025-04-16__usaco_usaco_episodic__semantic_o4mini20250416_low_1746039070,USACO Episodic + Semantic,o4-mini-2025-04-16,usaco,189_bronze_horseshoes,0,usaco_usaco_episodic__semantic_o4mini20250416_low_1746039070,2025-05-04,21.1420308,307,0,usaco_usaco_episodic__semantic_o4mini20250416_low_1746039070_UPLOAD.zip
USACO Episodic + Semantic__o4-mini-2025-04-16__usaco_usaco_episodic__semantic_o4mini20250416_low_1746039070,USACO Episodic + Semantic,o4-mini-2025-04-16,usaco,137_gold_tied_down,0,usaco_usaco_episodic__semantic_o4mini20250416_low_1746039070,2025-05-04,21.1420308,307,0,usaco_usaco_episodic__semantic_o4mini20250416_low_1746039070_UPLOAD.zip
USACO Episodic + Semantic__o4-mini-2025-04-16__usaco_usaco_episodic__semantic_o4mini20250416_low_1746039070,USACO Episodic + Semantic,o4-mini-2025-04-16,usaco,134_silver_unlocking_blocks_(silver),0,usaco_usaco_episodic__semantic_o4mini20250416_low_1746039070,2025-05-04,21.1420308,307,0,usaco_usaco_episodic__semantic_o4mini20250416_low_1746039070_UPLOAD.zip
USACO Episodic + Semantic__o4-mini-2025-04-16__usaco_usaco_episodic__semantic_o4mini20250416_low_1746039070,USACO Episodic + Semantic,o4-mini-2025-04-16,usaco,136_silver_running_laps,0,usaco_usaco_episodic__semantic_o4mini20250416_low_1746039070,2025-05-04,21.1420308,307,0,usaco_usaco_episodic__semantic_o4mini20250416_low_1746039070_UPLOAD.zip
USACO Episodic + Semantic__o4-mini-2025-04-16__usaco_usaco_episodic__semantic_o4mini20250416_low_1746039070,USACO Episodic + Semantic,o4-mini-2025-04-16,usaco,130_bronze_cows_in_a_row,0,usaco_usaco_episodic__semantic_o4mini20250416_low_1746039070,2025-05-04,21.1420308,307,0,usaco_usaco_episodic__semantic_o4mini20250416_low_1746039070_UPLOAD.zip
USACO Episodic + Semantic__o4-mini-2025-04-16__usaco_usaco_episodic__semantic_o4mini20250416_low_1746039070,USACO Episodic + Semantic,o4-mini-2025-04-16,usaco,131_bronze_three_lines,0,usaco_usaco_episodic__semantic_o4mini20250416_low_1746039070,2025-05-04,21.1420308,307,0,usaco_usaco_episodic__semantic_o4mini20250416_low_1746039070_UPLOAD.zip
USACO Episodic + Semantic__o4-mini-2025-04-16__usaco_usaco_episodic__semantic_o4mini20250416_low_1746039070,USACO Episodic + Semantic,o4-mini-2025-04-16,usaco,132_bronze_islands,0,usaco_usaco_episodic__semantic_o4mini20250416_low_1746039070,2025-05-04,21.1420308,307,0,usaco_usaco_episodic__semantic_o4mini20250416_low_1746039070_UPLOAD.zip
USACO Episodic + Semantic__o4-mini-2025-04-16__usaco_usaco_episodic__semantic_o4mini20250416_low_1746039070,USACO Episodic + Semantic,o4-mini-2025-04-16,usaco,133_bronze_unlocking_blocks,0,usaco_usaco_episodic__semantic_o4mini20250416_low_1746039070,2025-05-04,21.1420308,307,0,usaco_usaco_episodic__semantic_o4mini20250416_low_1746039070_UPLOAD.zip
USACO Episodic + Semantic__o4-mini-2025-04-16__usaco_usaco_episodic__semantic_o4mini20250416_low_1746039070,USACO Episodic + Semantic,o4-mini-2025-04-16,usaco,127_gold_large_banner,0,usaco_usaco_episodic__semantic_o4mini20250416_low_1746039070,2025-05-04,21.1420308,307,0,usaco_usaco_episodic__semantic_o4mini20250416_low_1746039070_UPLOAD.zip
USACO Episodic + Semantic__o4-mini-2025-04-16__usaco_usaco_episodic__semantic_o4mini20250416_low_1746039070,USACO Episodic + Semantic,o4-mini-2025-04-16,usaco,128_gold_haybale_restacking,0,usaco_usaco_episodic__semantic_o4mini20250416_low_1746039070,2025-05-04,21.1420308,307,0,usaco_usaco_episodic__semantic_o4mini20250416_low_1746039070_UPLOAD.zip
USACO Episodic + Semantic__o4-mini-2025-04-16__usaco_usaco_episodic__semantic_o4mini20250416_low_1746039070,USACO Episodic + Semantic,o4-mini-2025-04-16,usaco,125_silver_flowerpot,0,usaco_usaco_episodic__semantic_o4mini20250416_low_1746039070,2025-05-04,21.1420308,307,0,usaco_usaco_episodic__semantic_o4mini20250416_low_1746039070_UPLOAD.zip
USACO Episodic + Semantic__o4-mini-2025-04-16__usaco_usaco_episodic__semantic_o4mini20250416_low_1746039070,USACO Episodic + Semantic,o4-mini-2025-04-16,usaco,126_silver_landscaping,0,usaco_usaco_episodic__semantic_o4mini20250416_low_1746039070,2025-05-04,21.1420308,307,0,usaco_usaco_episodic__semantic_o4mini20250416_low_1746039070_UPLOAD.zip
USACO Episodic + Semantic__o4-mini-2025-04-16__usaco_usaco_episodic__semantic_o4mini20250416_low_1746039070,USACO Episodic + Semantic,o4-mini-2025-04-16,usaco,121_bronze_times_17,0,usaco_usaco_episodic__semantic_o4mini20250416_low_1746039070,2025-05-04,21.1420308,307,0,usaco_usaco_episodic__semantic_o4mini20250416_low_1746039070_UPLOAD.zip
USACO Episodic + Semantic__o4-mini-2025-04-16__usaco_usaco_episodic__semantic_o4mini20250416_low_1746039070,USACO Episodic + Semantic,o4-mini-2025-04-16,usaco,123_bronze_wrong_directions,0,usaco_usaco_episodic__semantic_o4mini20250416_low_1746039070,2025-05-04,21.1420308,307,0,usaco_usaco_episodic__semantic_o4mini20250416_low_1746039070_UPLOAD.zip
USACO Episodic + Semantic__o4-mini-2025-04-16__usaco_usaco_episodic__semantic_o4mini20250416_low_1746039070,USACO Episodic + Semantic,o4-mini-2025-04-16,usaco,118_gold_cow_coupons,0,usaco_usaco_episodic__semantic_o4mini20250416_low_1746039070,2025-05-04,21.1420308,307,0,usaco_usaco_episodic__semantic_o4mini20250416_low_1746039070_UPLOAD.zip
USACO Episodic + Semantic__o4-mini-2025-04-16__usaco_usaco_episodic__semantic_o4mini20250416_low_1746039070,USACO Episodic + Semantic,o4-mini-2025-04-16,usaco,120_gold_nearby_cows,0,usaco_usaco_episodic__semantic_o4mini20250416_low_1746039070,2025-05-04,21.1420308,307,0,usaco_usaco_episodic__semantic_o4mini20250416_low_1746039070_UPLOAD.zip
USACO Episodic + Semantic__o4-mini-2025-04-16__usaco_usaco_episodic__semantic_o4mini20250416_low_1746039070,USACO Episodic + Semantic,o4-mini-2025-04-16,usaco,115_silver_overplanting_(silver),0,usaco_usaco_episodic__semantic_o4mini20250416_low_1746039070,2025-05-04,21.1420308,307,0,usaco_usaco_episodic__semantic_o4mini20250416_low_1746039070_UPLOAD.zip
USACO Episodic + Semantic__o4-mini-2025-04-16__usaco_usaco_episodic__semantic_o4mini20250416_low_1746039070,USACO Episodic + Semantic,o4-mini-2025-04-16,usaco,117_silver_relocation,0,usaco_usaco_episodic__semantic_o4mini20250416_low_1746039070,2025-05-04,21.1420308,307,0,usaco_usaco_episodic__semantic_o4mini20250416_low_1746039070_UPLOAD.zip
USACO Episodic + Semantic__o4-mini-2025-04-16__usaco_usaco_episodic__semantic_o4mini20250416_low_1746039070,USACO Episodic + Semantic,o4-mini-2025-04-16,usaco,112_bronze_rope_folding,0,usaco_usaco_episodic__semantic_o4mini20250416_low_1746039070,2025-05-04,21.1420308,307,0,usaco_usaco_episodic__semantic_o4mini20250416_low_1746039070_UPLOAD.zip
USACO Episodic + Semantic__o4-mini-2025-04-16__usaco_usaco_episodic__semantic_o4mini20250416_low_1746039070,USACO Episodic + Semantic,o4-mini-2025-04-16,usaco,114_bronze_moo,0,usaco_usaco_episodic__semantic_o4mini20250416_low_1746039070,2025-05-04,21.1420308,307,0,usaco_usaco_episodic__semantic_o4mini20250416_low_1746039070_UPLOAD.zip
USACO Episodic + Semantic__o4-mini-2025-04-16__usaco_usaco_episodic__semantic_o4mini20250416_low_1746039070,USACO Episodic + Semantic,o4-mini-2025-04-16,usaco,111_gold_bovine_alliance,0,usaco_usaco_episodic__semantic_o4mini20250416_low_1746039070,2025-05-04,21.1420308,307,0,usaco_usaco_episodic__semantic_o4mini20250416_low_1746039070_UPLOAD.zip
USACO Episodic + Semantic__o4-mini-2025-04-16__usaco_usaco_episodic__semantic_o4mini20250416_low_1746039070,USACO Episodic + Semantic,o4-mini-2025-04-16,usaco,106_silver_delivery_route,0,usaco_usaco_episodic__semantic_o4mini20250416_low_1746039070,2025-05-04,21.1420308,307,0,usaco_usaco_episodic__semantic_o4mini20250416_low_1746039070_UPLOAD.zip
USACO Episodic + Semantic__o4-mini-2025-04-16__usaco_usaco_episodic__semantic_o4mini20250416_low_1746039070,USACO Episodic + Semantic,o4-mini-2025-04-16,usaco,107_silver_bale_share,0,usaco_usaco_episodic__semantic_o4mini20250416_low_1746039070,2025-05-04,21.1420308,307,0,usaco_usaco_episodic__semantic_o4mini20250416_low_1746039070_UPLOAD.zip
USACO Episodic + Semantic__o4-mini-2025-04-16__usaco_usaco_episodic__semantic_o4mini20250416_low_1746039070,USACO Episodic + Semantic,o4-mini-2025-04-16,usaco,108_silver_mountain_climbing,0,usaco_usaco_episodic__semantic_o4mini20250416_low_1746039070,2025-05-04,21.1420308,307,0,usaco_usaco_episodic__semantic_o4mini20250416_low_1746039070_UPLOAD.zip
USACO Episodic + Semantic__o4-mini-2025-04-16__usaco_usaco_episodic__semantic_o4mini20250416_low_1746039070,USACO Episodic + Semantic,o4-mini-2025-04-16,usaco,103_bronze_gifts,0,usaco_usaco_episodic__semantic_o4mini20250416_low_1746039070,2025-05-04,21.1420308,307,0,usaco_usaco_episodic__semantic_o4mini20250416_low_1746039070_UPLOAD.zip
USACO Episodic + Semantic__o4-mini-2025-04-16__usaco_usaco_episodic__semantic_o4mini20250416_low_1746039070,USACO Episodic + Semantic,o4-mini-2025-04-16,usaco,104_bronze_haybale_stacking,0,usaco_usaco_episodic__semantic_o4mini20250416_low_1746039070,2025-05-04,21.1420308,307,0,usaco_usaco_episodic__semantic_o4mini20250416_low_1746039070_UPLOAD.zip
USACO Episodic + Semantic__o4-mini-2025-04-16__usaco_usaco_episodic__semantic_o4mini20250416_low_1746039070,USACO Episodic + Semantic,o4-mini-2025-04-16,usaco,105_bronze_grazing_patterns,0,usaco_usaco_episodic__semantic_o4mini20250416_low_1746039070,2025-05-04,21.1420308,307,0,usaco_usaco_episodic__semantic_o4mini20250416_low_1746039070_UPLOAD.zip
USACO Episodic + Semantic__o4-mini-2025-04-16__usaco_usaco_episodic__semantic_o4mini20250416_low_1746039070,USACO Episodic + Semantic,o4-mini-2025-04-16,usaco,101_gold_simplifying_the_farm,0,usaco_usaco_episodic__semantic_o4mini20250416_low_1746039070,2025-05-04,21.1420308,307,0,usaco_usaco_episodic__semantic_o4mini20250416_low_1746039070_UPLOAD.zip
USACO Episodic + Semantic__o4-mini-2025-04-16__usaco_usaco_episodic__semantic_o4mini20250416_low_1746039070,USACO Episodic + Semantic,o4-mini-2025-04-16,usaco,98_silver_roadblock,0,usaco_usaco_episodic__semantic_o4mini20250416_low_1746039070,2025-05-04,21.1420308,307,0,usaco_usaco_episodic__semantic_o4mini20250416_low_1746039070_UPLOAD.zip
USACO Episodic + Semantic__o4-mini-2025-04-16__usaco_usaco_episodic__semantic_o4mini20250416_low_1746039070,USACO Episodic + Semantic,o4-mini-2025-04-16,usaco,99_silver_umbrellas_for_cows,0,usaco_usaco_episodic__semantic_o4mini20250416_low_1746039070,2025-05-04,21.1420308,307,0,usaco_usaco_episodic__semantic_o4mini20250416_low_1746039070_UPLOAD.zip
USACO Episodic + Semantic__o4-mini-2025-04-16__usaco_usaco_episodic__semantic_o4mini20250416_low_1746039070,USACO Episodic + Semantic,o4-mini-2025-04-16,usaco,94_bronze_hay_bales,0,usaco_usaco_episodic__semantic_o4mini20250416_low_1746039070,2025-05-04,21.1420308,307,0,usaco_usaco_episodic__semantic_o4mini20250416_low_1746039070_UPLOAD.zip
USACO Episodic + Semantic__o4-mini-2025-04-16__usaco_usaco_episodic__semantic_o4mini20250416_low_1746039070,USACO Episodic + Semantic,o4-mini-2025-04-16,usaco,96_bronze_escaping_the_farm,0,usaco_usaco_episodic__semantic_o4mini20250416_low_1746039070,2025-05-04,21.1420308,307,0,usaco_usaco_episodic__semantic_o4mini20250416_low_1746039070_UPLOAD.zip
USACO Episodic + Semantic__o4-mini-2025-04-16__usaco_usaco_episodic__semantic_o4mini20250416_low_1746039070,USACO Episodic + Semantic,o4-mini-2025-04-16,usaco,91_gold_above_the_median,0,usaco_usaco_episodic__semantic_o4mini20250416_low_1746039070,2025-05-04,21.1420308,307,0,usaco_usaco_episodic__semantic_o4mini20250416_low_1746039070_UPLOAD.zip
USACO Episodic + Semantic__o4-mini-2025-04-16__usaco_usaco_episodic__semantic_o4mini20250416_low_1746039070,USACO Episodic + Semantic,o4-mini-2025-04-16,usaco,92_gold_binary_sudoku,0,usaco_usaco_episodic__semantic_o4mini20250416_low_1746039070,2025-05-04,21.1420308,307,0,usaco_usaco_episodic__semantic_o4mini20250416_low_1746039070_UPLOAD.zip
USACO Episodic + Semantic__o4-mini-2025-04-16__usaco_usaco_episodic__semantic_o4mini20250416_low_1746039070,USACO Episodic + Semantic,o4-mini-2025-04-16,usaco,93_gold_cow_steeplechase,0,usaco_usaco_episodic__semantic_o4mini20250416_low_1746039070,2025-05-04,21.1420308,307,0,usaco_usaco_episodic__semantic_o4mini20250416_low_1746039070_UPLOAD.zip
USACO Episodic + Semantic__o4-mini-2025-04-16__usaco_usaco_episodic__semantic_o4mini20250416_low_1746039070,USACO Episodic + Semantic,o4-mini-2025-04-16,usaco,88_silver_cow_beauty_pageant_(silver_level),0,usaco_usaco_episodic__semantic_o4mini20250416_low_1746039070,2025-05-04,21.1420308,307,0,usaco_usaco_episodic__semantic_o4mini20250416_low_1746039070_UPLOAD.zip
USACO Episodic + Semantic__o4-mini-2025-04-16__usaco_usaco_episodic__semantic_o4mini20250416_low_1746039070,USACO Episodic + Semantic,o4-mini-2025-04-16,usaco,89_silver_cow_lineup,0,usaco_usaco_episodic__semantic_o4mini20250416_low_1746039070,2025-05-04,21.1420308,307,0,usaco_usaco_episodic__semantic_o4mini20250416_low_1746039070_UPLOAD.zip
USACO Episodic + Semantic__o4-mini-2025-04-16__usaco_usaco_episodic__semantic_o4mini20250416_low_1746039070,USACO Episodic + Semantic,o4-mini-2025-04-16,usaco,90_silver_tile_exchanging,0,usaco_usaco_episodic__semantic_o4mini20250416_low_1746039070,2025-05-04,21.1420308,307,0,usaco_usaco_episodic__semantic_o4mini20250416_low_1746039070_UPLOAD.zip
USACO Episodic + Semantic__o4-mini-2025-04-16__usaco_usaco_episodic__semantic_o4mini20250416_low_1746039070,USACO Episodic + Semantic,o4-mini-2025-04-16,usaco,84_bronze_contest_timing,0,usaco_usaco_episodic__semantic_o4mini20250416_low_1746039070,2025-05-04,21.1420308,307,0,usaco_usaco_episodic__semantic_o4mini20250416_low_1746039070_UPLOAD.zip
USACO Episodic + Semantic__o4-mini-2025-04-16__usaco_usaco_episodic__semantic_o4mini20250416_low_1746039070,USACO Episodic + Semantic,o4-mini-2025-04-16,usaco,86_bronze_moo_sick,0,usaco_usaco_episodic__semantic_o4mini20250416_low_1746039070,2025-05-04,21.1420308,307,0,usaco_usaco_episodic__semantic_o4mini20250416_low_1746039070_UPLOAD.zip
USACO Episodic + Semantic__o4-mini-2025-04-16__usaco_usaco_episodic__semantic_o4mini20250416_low_1746039070,USACO Episodic + Semantic,o4-mini-2025-04-16,usaco,87_bronze_cow_beauty_pageant_(bronze_level),0,usaco_usaco_episodic__semantic_o4mini20250416_low_1746039070,2025-05-04,21.1420308,307,0,usaco_usaco_episodic__semantic_o4mini20250416_low_1746039070_UPLOAD.zip
USACO Episodic + Semantic__o4-mini-2025-04-16__usaco_usaco_episodic__semantic_o4mini20250416_low_1746039070,USACO Episodic + Semantic,o4-mini-2025-04-16,usaco,1333_platinum_good_bitstrings,0,usaco_usaco_episodic__semantic_o4mini20250416_low_1746039070,2025-05-04,21.1420308,307,0,usaco_usaco_episodic__semantic_o4mini20250416_low_1746039070_UPLOAD.zip
USACO Episodic + Semantic__o4-mini-2025-04-16__usaco_usaco_episodic__semantic_o4mini20250416_low_1746039070,USACO Episodic + Semantic,o4-mini-2025-04-16,usaco,1330_gold_pareidolia,0,usaco_usaco_episodic__semantic_o4mini20250416_low_1746039070,2025-05-04,21.1420308,307,0,usaco_usaco_episodic__semantic_o4mini20250416_low_1746039070_UPLOAD.zip
USACO Episodic + Semantic__o4-mini-2025-04-16__usaco_usaco_episodic__semantic_o4mini20250416_low_1746039070,USACO Episodic + Semantic,o4-mini-2025-04-16,usaco,1326_silver_milk_sum,0,usaco_usaco_episodic__semantic_o4mini20250416_low_1746039070,2025-05-04,21.1420308,307,0,usaco_usaco_episodic__semantic_o4mini20250416_low_1746039070_UPLOAD.zip
USACO Episodic + Semantic__o4-mini-2025-04-16__usaco_usaco_episodic__semantic_o4mini20250416_low_1746039070,USACO Episodic + Semantic,o4-mini-2025-04-16,usaco,1327_silver_field_day,0,usaco_usaco_episodic__semantic_o4mini20250416_low_1746039070,2025-05-04,21.1420308,307,0,usaco_usaco_episodic__semantic_o4mini20250416_low_1746039070_UPLOAD.zip
USACO Episodic + Semantic__o4-mini-2025-04-16__usaco_usaco_episodic__semantic_o4mini20250416_low_1746039070,USACO Episodic + Semantic,o4-mini-2025-04-16,usaco,1328_silver_pareidolia,0,usaco_usaco_episodic__semantic_o4mini20250416_low_1746039070,2025-05-04,21.1420308,307,0,usaco_usaco_episodic__semantic_o4mini20250416_low_1746039070_UPLOAD.zip
USACO Episodic + Semantic__o4-mini-2025-04-16__usaco_usaco_episodic__semantic_o4mini20250416_low_1746039070,USACO Episodic + Semantic,o4-mini-2025-04-16,usaco,1325_bronze_rotate_and_shift,0,usaco_usaco_episodic__semantic_o4mini20250416_low_1746039070,2025-05-04,21.1420308,307,0,usaco_usaco_episodic__semantic_o4mini20250416_low_1746039070_UPLOAD.zip
USACO Episodic + Semantic__o4-mini-2025-04-16__usaco_usaco_episodic__semantic_o4mini20250416_low_1746039070,USACO Episodic + Semantic,o4-mini-2025-04-16,usaco,1302_silver_bakery,0,usaco_usaco_episodic__semantic_o4mini20250416_low_1746039070,2025-05-04,21.1420308,307,0,usaco_usaco_episodic__semantic_o4mini20250416_low_1746039070_UPLOAD.zip
USACO Episodic + Semantic__o4-mini-2025-04-16__usaco_usaco_episodic__semantic_o4mini20250416_low_1746039070,USACO Episodic + Semantic,o4-mini-2025-04-16,usaco,1303_silver_cow-libi,0,usaco_usaco_episodic__semantic_o4mini20250416_low_1746039070,2025-05-04,21.1420308,307,0,usaco_usaco_episodic__semantic_o4mini20250416_low_1746039070_UPLOAD.zip
USACO Episodic + Semantic__o4-mini-2025-04-16__usaco_usaco_episodic__semantic_o4mini20250416_low_1746039070,USACO Episodic + Semantic,o4-mini-2025-04-16,usaco,1299_bronze_hungry_cow,0,usaco_usaco_episodic__semantic_o4mini20250416_low_1746039070,2025-05-04,21.1420308,307,0,usaco_usaco_episodic__semantic_o4mini20250416_low_1746039070_UPLOAD.zip
USACO Episodic + Semantic__o4-mini-2025-04-16__usaco_usaco_episodic__semantic_o4mini20250416_low_1746039070,USACO Episodic + Semantic,o4-mini-2025-04-16,usaco,1300_bronze_stamp_grid,0,usaco_usaco_episodic__semantic_o4mini20250416_low_1746039070,2025-05-04,21.1420308,307,0,usaco_usaco_episodic__semantic_o4mini20250416_low_1746039070_UPLOAD.zip
USACO Episodic + Semantic__o4-mini-2025-04-16__usaco_usaco_episodic__semantic_o4mini20250416_low_1746039070,USACO Episodic + Semantic,o4-mini-2025-04-16,usaco,1301_bronze_watching_mooloo,0,usaco_usaco_episodic__semantic_o4mini20250416_low_1746039070,2025-05-04,21.1420308,307,0,usaco_usaco_episodic__semantic_o4mini20250416_low_1746039070_UPLOAD.zip
USACO Episodic + Semantic__o4-mini-2025-04-16__usaco_usaco_episodic__semantic_o4mini20250416_low_1746039070,USACO Episodic + Semantic,o4-mini-2025-04-16,usaco,1281_gold_find_and_replace,0,usaco_usaco_episodic__semantic_o4mini20250416_low_1746039070,2025-05-04,21.1420308,307,0,usaco_usaco_episodic__semantic_o4mini20250416_low_1746039070_UPLOAD.zip
USACO Episodic + Semantic__o4-mini-2025-04-16__usaco_usaco_episodic__semantic_o4mini20250416_low_1746039070,USACO Episodic + Semantic,o4-mini-2025-04-16,usaco,1278_silver_find_and_replace,0,usaco_usaco_episodic__semantic_o4mini20250416_low_1746039070,2025-05-04,21.1420308,307,0,usaco_usaco_episodic__semantic_o4mini20250416_low_1746039070_UPLOAD.zip
USACO Episodic + Semantic__o4-mini-2025-04-16__usaco_usaco_episodic__semantic_o4mini20250416_low_1746039070,USACO Episodic + Semantic,o4-mini-2025-04-16,usaco,1279_silver_following_directions,0,usaco_usaco_episodic__semantic_o4mini20250416_low_1746039070,2025-05-04,21.1420308,307,0,usaco_usaco_episodic__semantic_o4mini20250416_low_1746039070_UPLOAD.zip
USACO Episodic + Semantic__o4-mini-2025-04-16__usaco_usaco_episodic__semantic_o4mini20250416_low_1746039070,USACO Episodic + Semantic,o4-mini-2025-04-16,usaco,1275_bronze_leaders,0,usaco_usaco_episodic__semantic_o4mini20250416_low_1746039070,2025-05-04,21.1420308,307,0,usaco_usaco_episodic__semantic_o4mini20250416_low_1746039070_UPLOAD.zip
USACO Episodic + Semantic__o4-mini-2025-04-16__usaco_usaco_episodic__semantic_o4mini20250416_low_1746039070,USACO Episodic + Semantic,o4-mini-2025-04-16,usaco,1276_bronze_air_cownditioning_ii,0,usaco_usaco_episodic__semantic_o4mini20250416_low_1746039070,2025-05-04,21.1420308,307,0,usaco_usaco_episodic__semantic_o4mini20250416_low_1746039070_UPLOAD.zip
USACO Episodic + Semantic__o4-mini-2025-04-16__usaco_usaco_episodic__semantic_o4mini20250416_low_1746039070,USACO Episodic + Semantic,o4-mini-2025-04-16,usaco,1277_bronze_moo_operations,0,usaco_usaco_episodic__semantic_o4mini20250416_low_1746039070,2025-05-04,21.1420308,307,0,usaco_usaco_episodic__semantic_o4mini20250416_low_1746039070_UPLOAD.zip
USACO Episodic + Semantic__o4-mini-2025-04-16__usaco_usaco_episodic__semantic_o4mini20250416_low_1746039070,USACO Episodic + Semantic,o4-mini-2025-04-16,usaco,1260_platinum_breakdown,0,usaco_usaco_episodic__semantic_o4mini20250416_low_1746039070,2025-05-04,21.1420308,307,0,usaco_usaco_episodic__semantic_o4mini20250416_low_1746039070_UPLOAD.zip
USACO Episodic + Semantic__o4-mini-2025-04-16__usaco_usaco_episodic__semantic_o4mini20250416_low_1746039070,USACO Episodic + Semantic,o4-mini-2025-04-16,usaco,1262_platinum_palindromes,0,usaco_usaco_episodic__semantic_o4mini20250416_low_1746039070,2025-05-04,21.1420308,307,0,usaco_usaco_episodic__semantic_o4mini20250416_low_1746039070_UPLOAD.zip
USACO Episodic + Semantic__o4-mini-2025-04-16__usaco_usaco_episodic__semantic_o4mini20250416_low_1746039070,USACO Episodic + Semantic,o4-mini-2025-04-16,usaco,1257_gold_bribing_friends,0,usaco_usaco_episodic__semantic_o4mini20250416_low_1746039070,2025-05-04,21.1420308,307,0,usaco_usaco_episodic__semantic_o4mini20250416_low_1746039070_UPLOAD.zip
USACO Episodic + Semantic__o4-mini-2025-04-16__usaco_usaco_episodic__semantic_o4mini20250416_low_1746039070,USACO Episodic + Semantic,o4-mini-2025-04-16,usaco,1259_gold_strongest_friendship_group,0,usaco_usaco_episodic__semantic_o4mini20250416_low_1746039070,2025-05-04,21.1420308,307,0,usaco_usaco_episodic__semantic_o4mini20250416_low_1746039070_UPLOAD.zip
USACO Episodic + Semantic__o4-mini-2025-04-16__usaco_usaco_episodic__semantic_o4mini20250416_low_1746039070,USACO Episodic + Semantic,o4-mini-2025-04-16,usaco,1255_silver_circular_barn,0,usaco_usaco_episodic__semantic_o4mini20250416_low_1746039070,2025-05-04,21.1420308,307,0,usaco_usaco_episodic__semantic_o4mini20250416_low_1746039070_UPLOAD.zip
USACO Episodic + Semantic__o4-mini-2025-04-16__usaco_usaco_episodic__semantic_o4mini20250416_low_1746039070,USACO Episodic + Semantic,o4-mini-2025-04-16,usaco,1251_bronze_cow_college,0,usaco_usaco_episodic__semantic_o4mini20250416_low_1746039070,2025-05-04,21.1420308,307,0,usaco_usaco_episodic__semantic_o4mini20250416_low_1746039070_UPLOAD.zip
USACO Episodic + Semantic__o4-mini-2025-04-16__usaco_usaco_episodic__semantic_o4mini20250416_low_1746039070,USACO Episodic + Semantic,o4-mini-2025-04-16,usaco,1230_silver_visits,0,usaco_usaco_episodic__semantic_o4mini20250416_low_1746039070,2025-05-04,21.1420308,307,0,usaco_usaco_episodic__semantic_o4mini20250416_low_1746039070_UPLOAD.zip
USACO Episodic + Semantic__o4-mini-2025-04-16__usaco_usaco_episodic__semantic_o4mini20250416_low_1746039070,USACO Episodic + Semantic,o4-mini-2025-04-16,usaco,1231_silver_subset_equality,0,usaco_usaco_episodic__semantic_o4mini20250416_low_1746039070,2025-05-04,21.1420308,307,0,usaco_usaco_episodic__semantic_o4mini20250416_low_1746039070_UPLOAD.zip
USACO Episodic + Semantic__o4-mini-2025-04-16__usaco_usaco_episodic__semantic_o4mini20250416_low_1746039070,USACO Episodic + Semantic,o4-mini-2025-04-16,usaco,1232_silver_cow_operations,0,usaco_usaco_episodic__semantic_o4mini20250416_low_1746039070,2025-05-04,21.1420308,307,0,usaco_usaco_episodic__semantic_o4mini20250416_low_1746039070_UPLOAD.zip
USACO Episodic + Semantic__o4-mini-2025-04-16__usaco_usaco_episodic__semantic_o4mini20250416_low_1746039070,USACO Episodic + Semantic,o4-mini-2025-04-16,usaco,1227_bronze_photoshoot,0,usaco_usaco_episodic__semantic_o4mini20250416_low_1746039070,2025-05-04,21.1420308,307,0,usaco_usaco_episodic__semantic_o4mini20250416_low_1746039070_UPLOAD.zip
USACO Episodic + Semantic__o4-mini-2025-04-16__usaco_usaco_episodic__semantic_o4mini20250416_low_1746039070,USACO Episodic + Semantic,o4-mini-2025-04-16,usaco,1228_bronze_counting_liars,0,usaco_usaco_episodic__semantic_o4mini20250416_low_1746039070,2025-05-04,21.1420308,307,0,usaco_usaco_episodic__semantic_o4mini20250416_low_1746039070_UPLOAD.zip
USACO Episodic + Semantic__o4-mini-2025-04-16__usaco_usaco_episodic__semantic_o4mini20250416_low_1746039070,USACO Episodic + Semantic,o4-mini-2025-04-16,usaco,1229_bronze_alchemy,0,usaco_usaco_episodic__semantic_o4mini20250416_low_1746039070,2025-05-04,21.1420308,307,0,usaco_usaco_episodic__semantic_o4mini20250416_low_1746039070_UPLOAD.zip
USACO Episodic + Semantic__o4-mini-2025-04-16__usaco_usaco_episodic__semantic_o4mini20250416_low_1746039070,USACO Episodic + Semantic,o4-mini-2025-04-16,usaco,1212_platinum_paint_by_rectangles,0,usaco_usaco_episodic__semantic_o4mini20250416_low_1746039070,2025-05-04,21.1420308,307,0,usaco_usaco_episodic__semantic_o4mini20250416_low_1746039070_UPLOAD.zip
USACO Episodic + Semantic__o4-mini-2025-04-16__usaco_usaco_episodic__semantic_o4mini20250416_low_1746039070,USACO Episodic + Semantic,o4-mini-2025-04-16,usaco,1209_gold_redistributing_gifts,0,usaco_usaco_episodic__semantic_o4mini20250416_low_1746039070,2025-05-04,21.1420308,307,0,usaco_usaco_episodic__semantic_o4mini20250416_low_1746039070_UPLOAD.zip
USACO Episodic + Semantic__o4-mini-2025-04-16__usaco_usaco_episodic__semantic_o4mini20250416_low_1746039070,USACO Episodic + Semantic,o4-mini-2025-04-16,usaco,1206_silver_redistributing_gifts,0,usaco_usaco_episodic__semantic_o4mini20250416_low_1746039070,2025-05-04,21.1420308,307,0,usaco_usaco_episodic__semantic_o4mini20250416_low_1746039070_UPLOAD.zip
USACO Episodic + Semantic__o4-mini-2025-04-16__usaco_usaco_episodic__semantic_o4mini20250416_low_1746039070,USACO Episodic + Semantic,o4-mini-2025-04-16,usaco,1208_silver_email_filing,0,usaco_usaco_episodic__semantic_o4mini20250416_low_1746039070,2025-05-04,21.1420308,307,0,usaco_usaco_episodic__semantic_o4mini20250416_low_1746039070_UPLOAD.zip
USACO Episodic + Semantic__o4-mini-2025-04-16__usaco_usaco_episodic__semantic_o4mini20250416_low_1746039070,USACO Episodic + Semantic,o4-mini-2025-04-16,usaco,1203_bronze_sleeping_in_class,0,usaco_usaco_episodic__semantic_o4mini20250416_low_1746039070,2025-05-04,21.1420308,307,0,usaco_usaco_episodic__semantic_o4mini20250416_low_1746039070_UPLOAD.zip
USACO Episodic + Semantic__o4-mini-2025-04-16__usaco_usaco_episodic__semantic_o4mini20250416_low_1746039070,USACO Episodic + Semantic,o4-mini-2025-04-16,usaco,1204_bronze_photoshoot_2,0,usaco_usaco_episodic__semantic_o4mini20250416_low_1746039070,2025-05-04,21.1420308,307,0,usaco_usaco_episodic__semantic_o4mini20250416_low_1746039070_UPLOAD.zip
USACO Episodic + Semantic__o4-mini-2025-04-16__usaco_usaco_episodic__semantic_o4mini20250416_low_1746039070,USACO Episodic + Semantic,o4-mini-2025-04-16,usaco,1205_bronze_blocks,0,usaco_usaco_episodic__semantic_o4mini20250416_low_1746039070,2025-05-04,21.1420308,307,0,usaco_usaco_episodic__semantic_o4mini20250416_low_1746039070_UPLOAD.zip
USACO Episodic + Semantic__o4-mini-2025-04-16__usaco_usaco_episodic__semantic_o4mini20250416_low_1746039070,USACO Episodic + Semantic,o4-mini-2025-04-16,usaco,1188_platinum_minimizing_haybales,0,usaco_usaco_episodic__semantic_o4mini20250416_low_1746039070,2025-05-04,21.1420308,307,0,usaco_usaco_episodic__semantic_o4mini20250416_low_1746039070_UPLOAD.zip
USACO Episodic + Semantic__o4-mini-2025-04-16__usaco_usaco_episodic__semantic_o4mini20250416_low_1746039070,USACO Episodic + Semantic,o4-mini-2025-04-16,usaco,1182_silver_searching_for_soulmates,0,usaco_usaco_episodic__semantic_o4mini20250416_low_1746039070,2025-05-04,21.1420308,307,0,usaco_usaco_episodic__semantic_o4mini20250416_low_1746039070_UPLOAD.zip
USACO Episodic + Semantic__o4-mini-2025-04-16__usaco_usaco_episodic__semantic_o4mini20250416_low_1746039070,USACO Episodic + Semantic,o4-mini-2025-04-16,usaco,1183_silver_cow_frisbee,0,usaco_usaco_episodic__semantic_o4mini20250416_low_1746039070,2025-05-04,21.1420308,307,0,usaco_usaco_episodic__semantic_o4mini20250416_low_1746039070_UPLOAD.zip
USACO Episodic + Semantic__o4-mini-2025-04-16__usaco_usaco_episodic__semantic_o4mini20250416_low_1746039070,USACO Episodic + Semantic,o4-mini-2025-04-16,usaco,1179_bronze_herdle,0,usaco_usaco_episodic__semantic_o4mini20250416_low_1746039070,2025-05-04,21.1420308,307,0,usaco_usaco_episodic__semantic_o4mini20250416_low_1746039070_UPLOAD.zip
USACO Episodic + Semantic__o4-mini-2025-04-16__usaco_usaco_episodic__semantic_o4mini20250416_low_1746039070,USACO Episodic + Semantic,o4-mini-2025-04-16,usaco,1180_bronze_non-transitive_dice,0,usaco_usaco_episodic__semantic_o4mini20250416_low_1746039070,2025-05-04,21.1420308,307,0,usaco_usaco_episodic__semantic_o4mini20250416_low_1746039070_UPLOAD.zip
USACO Episodic + Semantic__o4-mini-2025-04-16__usaco_usaco_episodic__semantic_o4mini20250416_low_1746039070,USACO Episodic + Semantic,o4-mini-2025-04-16,usaco,1181_bronze_drought,0,usaco_usaco_episodic__semantic_o4mini20250416_low_1746039070,2025-05-04,21.1420308,307,0,usaco_usaco_episodic__semantic_o4mini20250416_low_1746039070_UPLOAD.zip
USACO Episodic + Semantic__o4-mini-2025-04-16__usaco_usaco_episodic__semantic_o4mini20250416_low_1746039070,USACO Episodic + Semantic,o4-mini-2025-04-16,usaco,1164_platinum_tickets,0,usaco_usaco_episodic__semantic_o4mini20250416_low_1746039070,2025-05-04,21.1420308,307,0,usaco_usaco_episodic__semantic_o4mini20250416_low_1746039070_UPLOAD.zip
USACO Episodic + Semantic__o4-mini-2025-04-16__usaco_usaco_episodic__semantic_o4mini20250416_low_1746039070,USACO Episodic + Semantic,o4-mini-2025-04-16,usaco,1161_gold_paired_up,0,usaco_usaco_episodic__semantic_o4mini20250416_low_1746039070,2025-05-04,21.1420308,307,0,usaco_usaco_episodic__semantic_o4mini20250416_low_1746039070_UPLOAD.zip
USACO Episodic + Semantic__o4-mini-2025-04-16__usaco_usaco_episodic__semantic_o4mini20250416_low_1746039070,USACO Episodic + Semantic,o4-mini-2025-04-16,usaco,1160_silver_convoluted_intervals,0,usaco_usaco_episodic__semantic_o4mini20250416_low_1746039070,2025-05-04,21.1420308,307,0,usaco_usaco_episodic__semantic_o4mini20250416_low_1746039070_UPLOAD.zip
USACO Episodic + Semantic__o4-mini-2025-04-16__usaco_usaco_episodic__semantic_o4mini20250416_low_1746039070,USACO Episodic + Semantic,o4-mini-2025-04-16,usaco,1155_bronze_lonely_photo,0,usaco_usaco_episodic__semantic_o4mini20250416_low_1746039070,2025-05-04,21.1420308,307,0,usaco_usaco_episodic__semantic_o4mini20250416_low_1746039070_UPLOAD.zip
USACO Episodic + Semantic__o4-mini-2025-04-16__usaco_usaco_episodic__semantic_o4mini20250416_low_1746039070,USACO Episodic + Semantic,o4-mini-2025-04-16,usaco,1156_bronze_air_cownditioning,0,usaco_usaco_episodic__semantic_o4mini20250416_low_1746039070,2025-05-04,21.1420308,307,0,usaco_usaco_episodic__semantic_o4mini20250416_low_1746039070_UPLOAD.zip
USACO Episodic + Semantic__o4-mini-2025-04-16__usaco_usaco_episodic__semantic_o4mini20250416_low_1746039070,USACO Episodic + Semantic,o4-mini-2025-04-16,usaco,1157_bronze_walking_home,0,usaco_usaco_episodic__semantic_o4mini20250416_low_1746039070,2025-05-04,21.1420308,307,0,usaco_usaco_episodic__semantic_o4mini20250416_low_1746039070_UPLOAD.zip
USACO Episodic + Semantic__o4-mini-2025-04-16__usaco_usaco_episodic__semantic_o4mini20250416_low_1746039070,USACO Episodic + Semantic,o4-mini-2025-04-16,usaco,1142_platinum_balanced_subsets,0,usaco_usaco_episodic__semantic_o4mini20250416_low_1746039070,2025-05-04,21.1420308,307,0,usaco_usaco_episodic__semantic_o4mini20250416_low_1746039070_UPLOAD.zip
USACO Episodic + Semantic__o4-mini-2025-04-16__usaco_usaco_episodic__semantic_o4mini20250416_low_1746039070,USACO Episodic + Semantic,o4-mini-2025-04-16,usaco,1137_gold_united_cows_of_farmer_john,0,usaco_usaco_episodic__semantic_o4mini20250416_low_1746039070,2025-05-04,21.1420308,307,0,usaco_usaco_episodic__semantic_o4mini20250416_low_1746039070_UPLOAD.zip
USACO Episodic + Semantic__o4-mini-2025-04-16__usaco_usaco_episodic__semantic_o4mini20250416_low_1746039070,USACO Episodic + Semantic,o4-mini-2025-04-16,usaco,1138_gold_portals,0,usaco_usaco_episodic__semantic_o4mini20250416_low_1746039070,2025-05-04,21.1420308,307,0,usaco_usaco_episodic__semantic_o4mini20250416_low_1746039070_UPLOAD.zip
USACO Episodic + Semantic__o4-mini-2025-04-16__usaco_usaco_episodic__semantic_o4mini20250416_low_1746039070,USACO Episodic + Semantic,o4-mini-2025-04-16,usaco,1139_gold_permutation,0,usaco_usaco_episodic__semantic_o4mini20250416_low_1746039070,2025-05-04,21.1420308,307,0,usaco_usaco_episodic__semantic_o4mini20250416_low_1746039070_UPLOAD.zip
USACO Episodic + Semantic__o4-mini-2025-04-16__usaco_usaco_episodic__semantic_o4mini20250416_low_1746039070,USACO Episodic + Semantic,o4-mini-2025-04-16,usaco,1136_silver_acowdemia,0,usaco_usaco_episodic__semantic_o4mini20250416_low_1746039070,2025-05-04,21.1420308,307,0,usaco_usaco_episodic__semantic_o4mini20250416_low_1746039070_UPLOAD.zip
USACO Episodic + Semantic__o4-mini-2025-04-16__usaco_usaco_episodic__semantic_o4mini20250416_low_1746039070,USACO Episodic + Semantic,o4-mini-2025-04-16,usaco,1131_bronze_acowdemia_i,0,usaco_usaco_episodic__semantic_o4mini20250416_low_1746039070,2025-05-04,21.1420308,307,0,usaco_usaco_episodic__semantic_o4mini20250416_low_1746039070_UPLOAD.zip
USACO Episodic + Semantic__o4-mini-2025-04-16__usaco_usaco_episodic__semantic_o4mini20250416_low_1746039070,USACO Episodic + Semantic,o4-mini-2025-04-16,usaco,1132_bronze_acowdemia_ii,0,usaco_usaco_episodic__semantic_o4mini20250416_low_1746039070,2025-05-04,21.1420308,307,0,usaco_usaco_episodic__semantic_o4mini20250416_low_1746039070_UPLOAD.zip
USACO Episodic + Semantic__o4-mini-2025-04-16__usaco_usaco_episodic__semantic_o4mini20250416_low_1746039070,USACO Episodic + Semantic,o4-mini-2025-04-16,usaco,1133_bronze_acowdemia_iii,0,usaco_usaco_episodic__semantic_o4mini20250416_low_1746039070,2025-05-04,21.1420308,307,0,usaco_usaco_episodic__semantic_o4mini20250416_low_1746039070_UPLOAD.zip
USACO Episodic + Semantic__o4-mini-2025-04-16__usaco_usaco_episodic__semantic_o4mini20250416_low_1746039070,USACO Episodic + Semantic,o4-mini-2025-04-16,usaco,1113_gold_stone_game,0,usaco_usaco_episodic__semantic_o4mini20250416_low_1746039070,2025-05-04,21.1420308,307,0,usaco_usaco_episodic__semantic_o4mini20250416_low_1746039070_UPLOAD.zip
USACO Episodic + Semantic__o4-mini-2025-04-16__usaco_usaco_episodic__semantic_o4mini20250416_low_1746039070,USACO Episodic + Semantic,o4-mini-2025-04-16,usaco,1114_gold_modern_art_3,0,usaco_usaco_episodic__semantic_o4mini20250416_low_1746039070,2025-05-04,21.1420308,307,0,usaco_usaco_episodic__semantic_o4mini20250416_low_1746039070_UPLOAD.zip
USACO Episodic + Semantic__o4-mini-2025-04-16__usaco_usaco_episodic__semantic_o4mini20250416_low_1746039070,USACO Episodic + Semantic,o4-mini-2025-04-16,usaco,1115_gold_count_the_cows,0,usaco_usaco_episodic__semantic_o4mini20250416_low_1746039070,2025-05-04,21.1420308,307,0,usaco_usaco_episodic__semantic_o4mini20250416_low_1746039070_UPLOAD.zip
USACO Episodic + Semantic__o4-mini-2025-04-16__usaco_usaco_episodic__semantic_o4mini20250416_low_1746039070,USACO Episodic + Semantic,o4-mini-2025-04-16,usaco,1111_silver_year_of_the_cow,0,usaco_usaco_episodic__semantic_o4mini20250416_low_1746039070,2025-05-04,21.1420308,307,0,usaco_usaco_episodic__semantic_o4mini20250416_low_1746039070_UPLOAD.zip
USACO Episodic + Semantic__o4-mini-2025-04-16__usaco_usaco_episodic__semantic_o4mini20250416_low_1746039070,USACO Episodic + Semantic,o4-mini-2025-04-16,usaco,1112_silver_just_green_enough,0,usaco_usaco_episodic__semantic_o4mini20250416_low_1746039070,2025-05-04,21.1420308,307,0,usaco_usaco_episodic__semantic_o4mini20250416_low_1746039070_UPLOAD.zip
USACO Episodic + Semantic__o4-mini-2025-04-16__usaco_usaco_episodic__semantic_o4mini20250416_low_1746039070,USACO Episodic + Semantic,o4-mini-2025-04-16,usaco,1108_bronze_comfortable_cows,0,usaco_usaco_episodic__semantic_o4mini20250416_low_1746039070,2025-05-04,21.1420308,307,0,usaco_usaco_episodic__semantic_o4mini20250416_low_1746039070_UPLOAD.zip
USACO Episodic + Semantic__o4-mini-2025-04-16__usaco_usaco_episodic__semantic_o4mini20250416_low_1746039070,USACO Episodic + Semantic,o4-mini-2025-04-16,usaco,1109_bronze_clockwise_fence,0,usaco_usaco_episodic__semantic_o4mini20250416_low_1746039070,2025-05-04,21.1420308,307,0,usaco_usaco_episodic__semantic_o4mini20250416_low_1746039070_UPLOAD.zip
USACO Episodic + Semantic__o4-mini-2025-04-16__usaco_usaco_episodic__semantic_o4mini20250416_low_1746039070,USACO Episodic + Semantic,o4-mini-2025-04-16,usaco,1090_gold_telephone,0,usaco_usaco_episodic__semantic_o4mini20250416_low_1746039070,2025-05-04,21.1420308,307,0,usaco_usaco_episodic__semantic_o4mini20250416_low_1746039070_UPLOAD.zip
USACO Episodic + Semantic__o4-mini-2025-04-16__usaco_usaco_episodic__semantic_o4mini20250416_low_1746039070,USACO Episodic + Semantic,o4-mini-2025-04-16,usaco,1086_silver_dance_mooves,0,usaco_usaco_episodic__semantic_o4mini20250416_low_1746039070,2025-05-04,21.1420308,307,0,usaco_usaco_episodic__semantic_o4mini20250416_low_1746039070_UPLOAD.zip
USACO Episodic + Semantic__o4-mini-2025-04-16__usaco_usaco_episodic__semantic_o4mini20250416_low_1746039070,USACO Episodic + Semantic,o4-mini-2025-04-16,usaco,1087_silver_no_time_to_paint,0,usaco_usaco_episodic__semantic_o4mini20250416_low_1746039070,2025-05-04,21.1420308,307,0,usaco_usaco_episodic__semantic_o4mini20250416_low_1746039070_UPLOAD.zip
USACO Episodic + Semantic__o4-mini-2025-04-16__usaco_usaco_episodic__semantic_o4mini20250416_low_1746039070,USACO Episodic + Semantic,o4-mini-2025-04-16,usaco,1088_silver_spaced_out,0,usaco_usaco_episodic__semantic_o4mini20250416_low_1746039070,2025-05-04,21.1420308,307,0,usaco_usaco_episodic__semantic_o4mini20250416_low_1746039070_UPLOAD.zip
USACO Episodic + Semantic__o4-mini-2025-04-16__usaco_usaco_episodic__semantic_o4mini20250416_low_1746039070,USACO Episodic + Semantic,o4-mini-2025-04-16,usaco,1083_bronze_uddered_but_not_herd,0,usaco_usaco_episodic__semantic_o4mini20250416_low_1746039070,2025-05-04,21.1420308,307,0,usaco_usaco_episodic__semantic_o4mini20250416_low_1746039070_UPLOAD.zip
USACO Episodic + Semantic__o4-mini-2025-04-16__usaco_usaco_episodic__semantic_o4mini20250416_low_1746039070,USACO Episodic + Semantic,o4-mini-2025-04-16,usaco,1085_bronze_just_stalling,0,usaco_usaco_episodic__semantic_o4mini20250416_low_1746039070,2025-05-04,21.1420308,307,0,usaco_usaco_episodic__semantic_o4mini20250416_low_1746039070_UPLOAD.zip
USACO Episodic + Semantic__o4-mini-2025-04-16__usaco_usaco_episodic__semantic_o4mini20250416_low_1746039070,USACO Episodic + Semantic,o4-mini-2025-04-16,usaco,1068_platinum_sleeping_cows,0,usaco_usaco_episodic__semantic_o4mini20250416_low_1746039070,2025-05-04,21.1420308,307,0,usaco_usaco_episodic__semantic_o4mini20250416_low_1746039070_UPLOAD.zip
USACO Episodic + Semantic__o4-mini-2025-04-16__usaco_usaco_episodic__semantic_o4mini20250416_low_1746039070,USACO Episodic + Semantic,o4-mini-2025-04-16,usaco,1069_platinum_spaceship,0,usaco_usaco_episodic__semantic_o4mini20250416_low_1746039070,2025-05-04,21.1420308,307,0,usaco_usaco_episodic__semantic_o4mini20250416_low_1746039070_UPLOAD.zip
USACO Episodic + Semantic__o4-mini-2025-04-16__usaco_usaco_episodic__semantic_o4mini20250416_low_1746039070,USACO Episodic + Semantic,o4-mini-2025-04-16,usaco,1067_gold_square_pasture,0,usaco_usaco_episodic__semantic_o4mini20250416_low_1746039070,2025-05-04,21.1420308,307,0,usaco_usaco_episodic__semantic_o4mini20250416_low_1746039070_UPLOAD.zip
USACO Episodic + Semantic__o4-mini-2025-04-16__usaco_usaco_episodic__semantic_o4mini20250416_low_1746039070,USACO Episodic + Semantic,o4-mini-2025-04-16,usaco,1062_silver_cowntagion,0,usaco_usaco_episodic__semantic_o4mini20250416_low_1746039070,2025-05-04,21.1420308,307,0,usaco_usaco_episodic__semantic_o4mini20250416_low_1746039070_UPLOAD.zip
USACO Episodic + Semantic__o4-mini-2025-04-16__usaco_usaco_episodic__semantic_o4mini20250416_low_1746039070,USACO Episodic + Semantic,o4-mini-2025-04-16,usaco,1063_silver_rectangular_pasture,0,usaco_usaco_episodic__semantic_o4mini20250416_low_1746039070,2025-05-04,21.1420308,307,0,usaco_usaco_episodic__semantic_o4mini20250416_low_1746039070_UPLOAD.zip
USACO Episodic + Semantic__o4-mini-2025-04-16__usaco_usaco_episodic__semantic_o4mini20250416_low_1746039070,USACO Episodic + Semantic,o4-mini-2025-04-16,usaco,1064_silver_stuck_in_a_rut,0,usaco_usaco_episodic__semantic_o4mini20250416_low_1746039070,2025-05-04,21.1420308,307,0,usaco_usaco_episodic__semantic_o4mini20250416_low_1746039070_UPLOAD.zip
USACO Episodic + Semantic__o4-mini-2025-04-16__usaco_usaco_episodic__semantic_o4mini20250416_low_1746039070,USACO Episodic + Semantic,o4-mini-2025-04-16,usaco,1059_bronze_do_you_know_your_abcs?,0,usaco_usaco_episodic__semantic_o4mini20250416_low_1746039070,2025-05-04,21.1420308,307,0,usaco_usaco_episodic__semantic_o4mini20250416_low_1746039070_UPLOAD.zip
USACO Episodic + Semantic__o4-mini-2025-04-16__usaco_usaco_episodic__semantic_o4mini20250416_low_1746039070,USACO Episodic + Semantic,o4-mini-2025-04-16,usaco,1060_bronze_daisy_chains,0,usaco_usaco_episodic__semantic_o4mini20250416_low_1746039070,2025-05-04,21.1420308,307,0,usaco_usaco_episodic__semantic_o4mini20250416_low_1746039070_UPLOAD.zip
USACO Episodic + Semantic__o4-mini-2025-04-16__usaco_usaco_episodic__semantic_o4mini20250416_low_1746039070,USACO Episodic + Semantic,o4-mini-2025-04-16,usaco,1038_silver_social_distancing,0,usaco_usaco_episodic__semantic_o4mini20250416_low_1746039070,2025-05-04,21.1420308,307,0,usaco_usaco_episodic__semantic_o4mini20250416_low_1746039070_UPLOAD.zip
USACO Episodic + Semantic__o4-mini-2025-04-16__usaco_usaco_episodic__semantic_o4mini20250416_low_1746039070,USACO Episodic + Semantic,o4-mini-2025-04-16,usaco,1039_silver_cereal,0,usaco_usaco_episodic__semantic_o4mini20250416_low_1746039070,2025-05-04,21.1420308,307,0,usaco_usaco_episodic__semantic_o4mini20250416_low_1746039070_UPLOAD.zip
USACO Episodic + Semantic__o4-mini-2025-04-16__usaco_usaco_episodic__semantic_o4mini20250416_low_1746039070,USACO Episodic + Semantic,o4-mini-2025-04-16,usaco,1040_silver_the_moo_particle,0,usaco_usaco_episodic__semantic_o4mini20250416_low_1746039070,2025-05-04,21.1420308,307,0,usaco_usaco_episodic__semantic_o4mini20250416_low_1746039070_UPLOAD.zip
USACO Episodic + Semantic__o4-mini-2025-04-16__usaco_usaco_episodic__semantic_o4mini20250416_low_1746039070,USACO Episodic + Semantic,o4-mini-2025-04-16,usaco,1035_bronze_social_distancing_i,0,usaco_usaco_episodic__semantic_o4mini20250416_low_1746039070,2025-05-04,21.1420308,307,0,usaco_usaco_episodic__semantic_o4mini20250416_low_1746039070_UPLOAD.zip
USACO Episodic + Semantic__o4-mini-2025-04-16__usaco_usaco_episodic__semantic_o4mini20250416_low_1746039070,USACO Episodic + Semantic,o4-mini-2025-04-16,usaco,1036_bronze_social_distancing_ii,0,usaco_usaco_episodic__semantic_o4mini20250416_low_1746039070,2025-05-04,21.1420308,307,0,usaco_usaco_episodic__semantic_o4mini20250416_low_1746039070_UPLOAD.zip
USACO Episodic + Semantic__o4-mini-2025-04-16__usaco_usaco_episodic__semantic_o4mini20250416_low_1746039070,USACO Episodic + Semantic,o4-mini-2025-04-16,usaco,1037_bronze_cowntact_tracing,0,usaco_usaco_episodic__semantic_o4mini20250416_low_1746039070,2025-05-04,21.1420308,307,0,usaco_usaco_episodic__semantic_o4mini20250416_low_1746039070_UPLOAD.zip
USACO Episodic + Semantic__o4-mini-2025-04-16__usaco_usaco_episodic__semantic_o4mini20250416_low_1746039070,USACO Episodic + Semantic,o4-mini-2025-04-16,usaco,1021_platinum_equilateral_triangles,0,usaco_usaco_episodic__semantic_o4mini20250416_low_1746039070,2025-05-04,21.1420308,307,0,usaco_usaco_episodic__semantic_o4mini20250416_low_1746039070_UPLOAD.zip
USACO Episodic + Semantic__o4-mini-2025-04-16__usaco_usaco_episodic__semantic_o4mini20250416_low_1746039070,USACO Episodic + Semantic,o4-mini-2025-04-16,usaco,1017_gold_timeline,0,usaco_usaco_episodic__semantic_o4mini20250416_low_1746039070,2025-05-04,21.1420308,307,0,usaco_usaco_episodic__semantic_o4mini20250416_low_1746039070_UPLOAD.zip
USACO Episodic + Semantic__o4-mini-2025-04-16__usaco_usaco_episodic__semantic_o4mini20250416_low_1746039070,USACO Episodic + Semantic,o4-mini-2025-04-16,usaco,1018_gold_help_yourself,0,usaco_usaco_episodic__semantic_o4mini20250416_low_1746039070,2025-05-04,21.1420308,307,0,usaco_usaco_episodic__semantic_o4mini20250416_low_1746039070_UPLOAD.zip
USACO Episodic + Semantic__o4-mini-2025-04-16__usaco_usaco_episodic__semantic_o4mini20250416_low_1746039070,USACO Episodic + Semantic,o4-mini-2025-04-16,usaco,1014_silver_swapity_swapity_swap,0,usaco_usaco_episodic__semantic_o4mini20250416_low_1746039070,2025-05-04,21.1420308,307,0,usaco_usaco_episodic__semantic_o4mini20250416_low_1746039070_UPLOAD.zip
USACO Episodic + Semantic__o4-mini-2025-04-16__usaco_usaco_episodic__semantic_o4mini20250416_low_1746039070,USACO Episodic + Semantic,o4-mini-2025-04-16,usaco,1015_silver_triangles,0,usaco_usaco_episodic__semantic_o4mini20250416_low_1746039070,2025-05-04,21.1420308,307,0,usaco_usaco_episodic__semantic_o4mini20250416_low_1746039070_UPLOAD.zip
USACO Episodic + Semantic__o4-mini-2025-04-16__usaco_usaco_episodic__semantic_o4mini20250416_low_1746039070,USACO Episodic + Semantic,o4-mini-2025-04-16,usaco,1016_silver_clock_tree,0,usaco_usaco_episodic__semantic_o4mini20250416_low_1746039070,2025-05-04,21.1420308,307,0,usaco_usaco_episodic__semantic_o4mini20250416_low_1746039070_UPLOAD.zip
USACO Episodic + Semantic__o4-mini-2025-04-16__usaco_usaco_episodic__semantic_o4mini20250416_low_1746039070,USACO Episodic + Semantic,o4-mini-2025-04-16,usaco,1011_bronze_triangles,0,usaco_usaco_episodic__semantic_o4mini20250416_low_1746039070,2025-05-04,21.1420308,307,0,usaco_usaco_episodic__semantic_o4mini20250416_low_1746039070_UPLOAD.zip
USACO Episodic + Semantic__o4-mini-2025-04-16__usaco_usaco_episodic__semantic_o4mini20250416_low_1746039070,USACO Episodic + Semantic,o4-mini-2025-04-16,usaco,1012_bronze_mad_scientist,0,usaco_usaco_episodic__semantic_o4mini20250416_low_1746039070,2025-05-04,21.1420308,307,0,usaco_usaco_episodic__semantic_o4mini20250416_low_1746039070_UPLOAD.zip
USACO Episodic + Semantic__o4-mini-2025-04-16__usaco_usaco_episodic__semantic_o4mini20250416_low_1746039070,USACO Episodic + Semantic,o4-mini-2025-04-16,usaco,1013_bronze_swapity_swap,0,usaco_usaco_episodic__semantic_o4mini20250416_low_1746039070,2025-05-04,21.1420308,307,0,usaco_usaco_episodic__semantic_o4mini20250416_low_1746039070_UPLOAD.zip
USACO Episodic + Semantic__o4-mini-2025-04-16__usaco_usaco_episodic__semantic_o4mini20250416_low_1746039070,USACO Episodic + Semantic,o4-mini-2025-04-16,usaco,997_platinum_non-decreasing_subsequences,0,usaco_usaco_episodic__semantic_o4mini20250416_low_1746039070,2025-05-04,21.1420308,307,0,usaco_usaco_episodic__semantic_o4mini20250416_low_1746039070_UPLOAD.zip
USACO Episodic + Semantic__o4-mini-2025-04-16__usaco_usaco_episodic__semantic_o4mini20250416_low_1746039070,USACO Episodic + Semantic,o4-mini-2025-04-16,usaco,993_gold_time_is_mooney,0,usaco_usaco_episodic__semantic_o4mini20250416_low_1746039070,2025-05-04,21.1420308,307,0,usaco_usaco_episodic__semantic_o4mini20250416_low_1746039070_UPLOAD.zip
USACO Episodic + Semantic__o4-mini-2025-04-16__usaco_usaco_episodic__semantic_o4mini20250416_low_1746039070,USACO Episodic + Semantic,o4-mini-2025-04-16,usaco,990_silver_berry_picking,0,usaco_usaco_episodic__semantic_o4mini20250416_low_1746039070,2025-05-04,21.1420308,307,0,usaco_usaco_episodic__semantic_o4mini20250416_low_1746039070_UPLOAD.zip
