benchmark,task_id,discrimination,easiness,a0,a1,a2,a3
assistantbench,efc0f3a47e9ed2ecdbcc037c2093865fe6e39f4d413a5d1ccdc7357160a4606b,1.0352226495742798,-0.7654283046722412,0.44692182540893555,-0.5691701769828796,-0.4753072261810303,-0.5675166845321655
assistantbench,9e31099fffa6a3891c94934fd4fc2f3f522d51c1904ff3561f3a10e4bf245821,1.032633662223816,-0.7507723569869995,0.4478633403778076,-0.5684005618095398,-0.47674959897994995,-0.5615882873535156
assistantbench,9bdca8677af1e25cb7b0c7992dc62670c3e58e4afcd5ae60bcaa2483556bba00,1.0298420190811157,-0.754006028175354,0.44505828619003296,-0.5662699341773987,-0.47217118740081787,-0.5647037625312805
assistantbench,e6bc98089608217e45b6956a46518fe3cce64a799b3ac43c6974c449ae14c408,1.0283101797103882,-0.7574384212493896,0.44371455907821655,-0.5661007761955261,-0.4718111455440521,-0.5634389519691467
assistantbench,4e615af6f0348597b4133cc1ec5418bb3f35328e3d95e23a275027cee97b5e09,1.0272170305252075,-0.7558759450912476,0.4447144865989685,-0.5607213973999023,-0.47298288345336914,-0.5650510191917419
assistantbench,291b53e665b4dd4365cde995042db4a6f6fecef3fe3a6f4482f23d61bd673918,1.0264806747436523,-0.7577459216117859,0.4426463842391968,-0.5646982192993164,-0.4714123606681824,-0.5626837015151978
assistantbench,4dbedc5e1a0205e14b7ff3ba89bce3060dab15d0ada3b7e1351a6f2aa8287aec,1.0249085426330566,-0.7610851526260376,0.44199615716934204,-0.562443733215332,-0.4696766138076782,-0.5640370845794678
assistantbench,fb9ba3ab6a13d0adc677f993e90d54914a5cdf211305a1bba6bf16ec4ccb9b7c,1.024847149848938,-0.7626585960388184,0.44388243556022644,-0.5583630204200745,-0.4723341763019562,-0.5642792582511902
assistantbench,748899d9d70c09beb3bd48ac8a3658bdcfd2f9114fe6dc4c4b8d2f9541ef4607,1.0246542692184448,-0.7607452273368835,0.44156932830810547,-0.5636392831802368,-0.4700203239917755,-0.5624273419380188
assistantbench,2ddae3b7a208e3c25f14d82d7a1faaaa1832fbf950b4dac345e755c4c361f294,1.0239076614379883,-0.755425214767456,0.44059962034225464,-0.5628122687339783,-0.4694674015045166,-0.5631178021430969
assistantbench,929b45f34805280d77c61d1e093e3d4e551d77ddb6ecd73552b12b1af286388d,1.0235048532485962,-0.7593574523925781,0.4404697120189667,-0.5625877380371094,-0.468843936920166,-0.5632308125495911
assistantbench,cca4776df3c73e7f9430a2e624aafad056b14322a0b7ca6c0c22b7e7f3f0890a,1.023259162902832,-0.7524586319923401,0.44124871492385864,-0.5628331899642944,-0.46855875849723816,-0.5621657371520996
assistantbench,a9074997e698f912b9e751779ea19c1e92fa148404e90e0ae997acea3f9559b0,1.0232303142547607,-0.7547998428344727,0.4414568841457367,-0.562838613986969,-0.46921825408935547,-0.561393678188324
assistantbench,8ad84bd6fe38481ba49e7ad1f6fbd43219a999074e5c6fc940003281f55ec65b,1.0220423936843872,-0.7519195079803467,0.44039806723594666,-0.5607966780662537,-0.4684232771396637,-0.5627672672271729
assistantbench,797f7a5b65ca28b7e7156e7db1e9f117bd4a021de0cd512bfdbb0be897d89eab,1.0200095176696777,-0.76241534948349,0.44096529483795166,-0.5597856044769287,-0.4681282937526703,-0.5598795413970947
assistantbench,2aa5dd83fbcd0dce9a3dd4592106e5b5edf738008d932e357d477bba80e59ccf,1.0178049802780151,-0.746940016746521,0.4385838210582733,-0.560034990310669,-0.4666467607021332,-0.5587242841720581
assistantbench,0ec4371851b96837b0a81b3dd3df401415061bb532fbafeb4609f3337c358508,1.017236351966858,-0.7569659352302551,0.43997490406036377,-0.5562390089035034,-0.46534356474876404,-0.5614672303199768
assistantbench,b36ef2d8f2643b80e74a44ce3403f674ecb2aed7fd36afeaa289061a59feef92,1.0166691541671753,-0.7564030885696411,0.4384496808052063,-0.5588401556015015,-0.46639981865882874,-0.5581639409065247
assistantbench,f88066d274e265edd6cd9d61cd80a41accb3a14baf2297652fdd05cdf716d455,1.0159138441085815,-0.758924663066864,0.4377306401729584,-0.5594053268432617,-0.4665776491165161,-0.5566361546516418
assistantbench,e2dc3a6b10b762e8aba7fa4d4e70f757f6d04dcbc8b56c48fc53fd9928d31d07,1.0156301259994507,-0.7560034394264221,0.43838807940483093,-0.559782087802887,-0.4653857350349426,-0.5562199950218201
assistantbench,9baaa267c95f9d8b75741ee9169c50563d297cfa592c20deaffd30dbc5984c74,1.0128132104873657,-0.7552706003189087,0.43761467933654785,-0.5563288927078247,-0.4657973647117615,-0.5548108220100403
assistantbench,557e78eceec08ca8b0da5f9fdaca6e1c7ec6140a8ce600983ee716327dab005e,1.0093469619750977,-0.7497334480285645,0.43492206931114197,-0.5527243614196777,-0.46281543374061584,-0.5567061305046082
assistantbench,c7afe00869f98cf363fd83677ac41757ed5e57f03eacc3d1304feb0a92084bd1,0.965867817401886,-0.665003776550293,0.41556280851364136,-0.5358594059944153,-0.44511306285858154,-0.5243445634841919
assistantbench,ccec2229ced20a4b0cb4897e3a99120a3017ea030903e01c9bda6b13d40b0b14,0.9409711956977844,-0.6676832437515259,0.40374693274497986,-0.5191547870635986,-0.4323160946369171,-0.5157483220100403
assistantbench,6b06d186921b8b390c65aebd0d16f09f60a47d2f1288ebe36953f734e84c0a3c,0.9361034035682678,-0.671906054019928,0.4087507426738739,-0.5069301724433899,-0.4316578507423401,-0.5156604647636414
assistantbench,6e3be83d1949fa52cba03fb1ce4b5b3bf7e37a83fd7d67694b10b2e439d90cf8,0.9333230257034302,-0.6816490292549133,0.4030214250087738,-0.5079553127288818,-0.42844536900520325,-0.51679927110672
assistantbench,6f224e7730ed027cbac73aebb1aea7f954053082041b02b19f4ff126a0a8a208,0.8747937083244324,-0.6027610898017883,0.3764950931072235,-0.4843791127204895,-0.40003401041030884,-0.47839850187301636
assistantbench,99da66d8af02491f98b98c56b26c709e773b5a2ad945fb280375951ba600de09,0.8392817378044128,-0.6011683940887451,0.3643709421157837,-0.46277669072151184,-0.3833438456058502,-0.4588168263435364
assistantbench,3af8028c2a59e28ca88baff0e6d91f2a9f170c5ef91003f1c8406755a2760ad4,0.8286685347557068,-0.512263298034668,0.3580324053764343,-0.45972779393196106,-0.38364413380622864,-0.44718214869499207
assistantbench,52f7224e9c79431e7926afe317782711a0028750693e7456cde22ef6f4bd8bd5,0.826206624507904,-0.5072360634803772,0.3481424152851105,-0.4617350697517395,-0.3878122866153717,-0.4447658360004425
assistantbench,57d9dc6935e8a40b02e7f8ec81768fe70e68a0c05f6866927c9fda38db38a486,0.6782649755477905,-0.48635342717170715,0.2989179790019989,-0.38434526324272156,-0.3111339509487152,-0.3551982045173645
assistantbench,55f4258484c5b398956133128a50462a767da211f8f72aa5ac5bbffb9bcbba1a,0.5886496305465698,-0.3220287561416626,0.23677073419094086,-0.33151867985725403,-0.2891612648963928,-0.3113344609737396
assistantbench,8fa42360185068216f2919935148d4e1ad28ddc18da0abd0f4bb0b6b6f84b127,0.34558072686195374,-0.18476936221122742,0.156450092792511,-0.19601987302303314,-0.17131675779819489,-0.16485202312469482
colbench_backend_programming,669,0.6345206499099731,-0.2044251710176468,-0.3149341344833374,-0.3178922235965729,-0.31694814562797546,0.31925123929977417
colbench_backend_programming,153,0.6295765042304993,-0.20230281352996826,-0.3125734031200409,-0.31615734100341797,-0.31488457322120667,0.3155260384082794
colbench_backend_programming,374,0.6266957521438599,-0.20092301070690155,-0.30805033445358276,-0.31536346673965454,-0.3157890737056732,0.3141269087791443
colbench_backend_programming,497,0.6252357959747314,0.2033524513244629,0.309247225522995,0.3146100342273712,0.31430134177207947,-0.3122837245464325
colbench_backend_programming,388,0.6242362856864929,-0.20234182476997375,-0.3070717453956604,-0.3141333758831024,-0.31341254711151123,0.31380030512809753
colbench_backend_programming,673,0.6225281357765198,-0.20006723701953888,-0.3076232671737671,-0.3124019503593445,-0.3123708665370941,0.3126318156719208
colbench_backend_programming,224,0.6217136979103088,-0.20022046566009521,-0.3063027262687683,-0.3120397925376892,-0.3126209080219269,0.3124193847179413
colbench_backend_programming,133,0.6216853260993958,-0.2004920095205307,-0.3071472942829132,-0.3114033043384552,-0.3128836154937744,0.3119054138660431
colbench_backend_programming,528,0.6216792464256287,0.20009493827819824,0.3081962764263153,0.3126128315925598,0.31088146567344666,-0.3116506040096283
colbench_backend_programming,177,0.6211304068565369,-0.20101489126682281,-0.3048115670681,-0.3128618001937866,-0.3123864233493805,0.31213000416755676
colbench_backend_programming,436,0.6207237839698792,-0.20083032548427582,-0.30630630254745483,-0.313103049993515,-0.3107668161392212,0.3112313151359558
colbench_backend_programming,891,0.6204725503921509,-0.20072366297245026,-0.30547183752059937,-0.312550812959671,-0.3114032745361328,0.31146925687789917
colbench_backend_programming,641,0.6202237606048584,-0.19971118867397308,-0.3057285249233246,-0.3130481243133545,-0.31046050786972046,0.3111634850502014
colbench_backend_programming,72,0.6201280951499939,-0.19920457899570465,-0.30415233969688416,-0.3121054172515869,-0.3123435974121094,0.31157973408699036
colbench_backend_programming,105,0.6201134324073792,-0.20102587342262268,-0.3075103163719177,-0.31097665429115295,-0.3102337121963501,0.3114910125732422
colbench_backend_programming,793,0.6199920177459717,-0.19998997449874878,-0.3040526807308197,-0.3122694790363312,-0.31134119629859924,0.31224432587623596
colbench_backend_programming,111,0.619365930557251,-0.19968855381011963,-0.3060714602470398,-0.31088367104530334,-0.31033122539520264,0.3114165663719177
colbench_backend_programming,353,0.6186769008636475,0.2012377381324768,0.30466049909591675,0.3102113604545593,0.3119829595088959,-0.3104490637779236
colbench_backend_programming,518,0.6186599731445312,-0.1977400779724121,-0.30599144101142883,-0.31007006764411926,-0.3102448880672455,0.3109888434410095
colbench_backend_programming,948,0.6185472011566162,-0.19944389164447784,-0.30517807602882385,-0.3108196556568146,-0.30998870730400085,0.31107091903686523
colbench_backend_programming,243,0.6184467673301697,0.20097646117210388,0.3043263256549835,0.31062236428260803,0.31088411808013916,-0.3110091984272003
colbench_backend_programming,43,0.6184389591217041,0.20079989731311798,0.30643486976623535,0.3095800578594208,0.3087024688720703,-0.3121336102485657
colbench_backend_programming,109,0.6183289289474487,0.20287038385868073,0.3055270314216614,0.3114030063152313,0.311321884393692,-0.30836784839630127
colbench_backend_programming,4,0.6182003021240234,-0.2031726986169815,-0.30456751585006714,-0.30991223454475403,-0.3110044002532959,0.3108712434768677
colbench_backend_programming,581,0.6181766390800476,0.19902768731117249,0.3048386573791504,0.3115597367286682,0.3102811872959137,-0.3096318244934082
colbench_backend_programming,209,0.6181261539459229,-0.2009943574666977,-0.3042565584182739,-0.3110174238681793,-0.3107706308364868,0.31015750765800476
colbench_backend_programming,646,0.618084728717804,0.19840770959854126,0.30541619658470154,0.3108908236026764,0.3090277314186096,-0.3108028173446655
colbench_backend_programming,6,0.6180620193481445,-0.20345991849899292,-0.30489081144332886,-0.3112066984176636,-0.30847975611686707,0.31150108575820923
colbench_backend_programming,229,0.6179943084716797,-0.2001802772283554,-0.3050248920917511,-0.3110281825065613,-0.30895787477493286,0.31093940138816833
colbench_backend_programming,339,0.6179733276367188,-0.1991596221923828,-0.3044010102748871,-0.3115500211715698,-0.30993032455444336,0.3100174367427826
colbench_backend_programming,304,0.617655873298645,-0.19921378791332245,-0.30489081144332886,-0.3112671673297882,-0.30807164311408997,0.311038613319397
colbench_backend_programming,193,0.6171449422836304,0.1988137811422348,0.3057011663913727,0.30983325839042664,0.309372216463089,-0.30936530232429504
colbench_backend_programming,996,0.6171115040779114,-0.2000851184129715,-0.30506405234336853,-0.3112320303916931,-0.30786779522895813,0.3100234866142273
colbench_backend_programming,88,0.6170400381088257,-0.201431542634964,-0.3034585118293762,-0.30862247943878174,-0.31089383363723755,0.31104421615600586
colbench_backend_programming,556,0.6169813275337219,0.20068207383155823,0.30537521839141846,0.3104512393474579,0.3099533021450043,-0.3081572949886322
colbench_backend_programming,476,0.6169419884681702,-0.19841067492961884,-0.30274736881256104,-0.31072303652763367,-0.31088125705718994,0.30946001410484314
colbench_backend_programming,887,0.6168689131736755,-0.19892455637454987,-0.305843323469162,-0.3089696764945984,-0.3081749379634857,0.31072983145713806
colbench_backend_programming,26,0.6167711019515991,0.20014192163944244,0.3036140203475952,0.309964120388031,0.31080904603004456,-0.30910369753837585
colbench_backend_programming,682,0.61668860912323,0.1998307704925537,0.3043476343154907,0.3107593059539795,0.3084203898906708,-0.309810996055603
colbench_backend_programming,938,0.6166062355041504,-0.2007410079240799,-0.3033190965652466,-0.31074103713035583,-0.3092327117919922,0.3098643720149994
colbench_backend_programming,562,0.6165599226951599,-0.19954046607017517,-0.3052411377429962,-0.3094903230667114,-0.30859827995300293,0.309768944978714
colbench_backend_programming,205,0.6164936423301697,-0.2004619687795639,-0.3021010160446167,-0.31070032715797424,-0.31049636006355286,0.3096073269844055
colbench_backend_programming,457,0.6164534091949463,0.20077836513519287,0.3046380877494812,0.3098359704017639,0.3097408711910248,-0.3086628317832947
colbench_backend_programming,462,0.6162965297698975,-0.1997077912092209,-0.30337339639663696,-0.31127360463142395,-0.309093713760376,0.30879732966423035
colbench_backend_programming,410,0.6162420511245728,-0.19866512715816498,-0.3037300705909729,-0.3101174831390381,-0.30976369976997375,0.3088298439979553
colbench_backend_programming,797,0.6162246465682983,-0.19926537573337555,-0.30419716238975525,-0.3091757297515869,-0.30909648537635803,0.3099462389945984
colbench_backend_programming,913,0.6161672472953796,-0.2025250345468521,-0.3027963638305664,-0.3106178343296051,-0.30886900424957275,0.3099886178970337
colbench_backend_programming,214,0.6161166429519653,-0.19735486805438995,-0.3043143153190613,-0.31032052636146545,-0.30767446756362915,0.3098873198032379
colbench_backend_programming,909,0.6159814596176147,-0.2015271633863449,-0.302698016166687,-0.3102244436740875,-0.3097744584083557,0.30920490622520447
colbench_backend_programming,293,0.6159750819206238,0.19931569695472717,0.304508239030838,0.3094433546066284,0.3086226284503937,-0.3093491792678833
colbench_backend_programming,999,0.6158794164657593,-0.19932349026203156,-0.30458059906959534,-0.3098011314868927,-0.3085468113422394,0.30880454182624817
colbench_backend_programming,57,0.6156858205795288,-0.2000260353088379,-0.30360010266304016,-0.309353232383728,-0.30812573432922363,0.31025004386901855
colbench_backend_programming,832,0.6156566143035889,-0.20036789774894714,-0.3031105399131775,-0.31033042073249817,-0.3096597492694855,0.30816060304641724
colbench_backend_programming,323,0.615650475025177,0.20251479744911194,0.30430707335472107,0.30768880248069763,0.3096691071987152,-0.3096051812171936
colbench_backend_programming,472,0.6156246662139893,-0.19803333282470703,-0.30412372946739197,-0.3093234598636627,-0.3082994818687439,0.309471994638443
colbench_backend_programming,606,0.6155462265014648,-0.20029251277446747,-0.30366623401641846,-0.31020817160606384,-0.3068629503250122,0.31030622124671936
colbench_backend_programming,9,0.6155166029930115,-0.19998407363891602,-0.30317944288253784,-0.31045296788215637,-0.30841174721717834,0.30894023180007935
colbench_backend_programming,334,0.6154959201812744,-0.20110169053077698,-0.3010186553001404,-0.31083980202674866,-0.30954107642173767,0.30949297547340393
colbench_backend_programming,871,0.6154403686523438,-0.20304778218269348,-0.30231720209121704,-0.30969861149787903,-0.30954936146736145,0.3092525601387024
colbench_backend_programming,814,0.6152771711349487,0.1994989663362503,0.30322200059890747,0.3087797164916992,0.30930250883102417,-0.3092077076435089
colbench_backend_programming,202,0.6152544021606445,-0.19904281198978424,-0.3057635724544525,-0.30991312861442566,-0.30426114797592163,0.3105247914791107
colbench_backend_programming,610,0.6150498986244202,-0.1986200511455536,-0.30185747146606445,-0.3094325661659241,-0.3100157678127289,0.3087233603000641
colbench_backend_programming,756,0.6149535179138184,0.19810743629932404,0.30276501178741455,0.30938056111335754,0.30879539251327515,-0.3089178204536438
colbench_backend_programming,535,0.6147302985191345,-0.1992776244878769,-0.3036835193634033,-0.30968183279037476,-0.3090060353279114,0.30705389380455017
colbench_backend_programming,247,0.6146715879440308,-0.19896262884140015,-0.3017413914203644,-0.30970799922943115,-0.3093612492084503,0.3084636926651001
colbench_backend_programming,973,0.6146278381347656,-0.19905893504619598,-0.3040452301502228,-0.30712592601776123,-0.3079918920993805,0.3100622296333313
colbench_backend_programming,586,0.6146154999732971,-0.1996677666902542,-0.30432942509651184,-0.3091591000556946,-0.30792006850242615,0.30780139565467834
colbench_backend_programming,336,0.6144727468490601,-0.1998780220746994,-0.30407223105430603,-0.3093368113040924,-0.30716022849082947,0.30835074186325073
colbench_backend_programming,8,0.6144623756408691,-0.19905561208724976,-0.305148720741272,-0.3090897798538208,-0.3061463534832001,0.30852261185646057
colbench_backend_programming,126,0.6143667697906494,0.1978025883436203,0.30326032638549805,0.3091695308685303,0.30775290727615356,-0.30851590633392334
colbench_backend_programming,400,0.6142875552177429,-0.20037886500358582,-0.3039681613445282,-0.30784961581230164,-0.30796849727630615,0.30876624584198
colbench_backend_programming,761,0.614284336566925,0.20190007984638214,0.3014225959777832,0.30925971269607544,0.3089542090892792,-0.3088614344596863
colbench_backend_programming,351,0.6142815351486206,-0.19850371778011322,-0.30337950587272644,-0.30809637904167175,-0.30843105912208557,0.30862534046173096
colbench_backend_programming,208,0.6142597198486328,-0.19962693750858307,-0.3027307093143463,-0.3089895248413086,-0.3085728585720062,0.30818402767181396
colbench_backend_programming,442,0.6141294240951538,0.19833582639694214,0.304356187582016,0.3089400827884674,0.30736225843429565,-0.3075820505619049
colbench_backend_programming,411,0.6140117645263672,-0.1991950422525406,-0.30392763018608093,-0.306505411863327,-0.30928030610084534,0.3082832992076874
colbench_backend_programming,877,0.6139464974403381,0.19903595745563507,0.3030775189399719,0.3081648349761963,0.30811429023742676,-0.30850332975387573
colbench_backend_programming,121,0.6138937473297119,-0.20209068059921265,-0.3005971610546112,-0.3102194666862488,-0.30886295437812805,0.3080170154571533
colbench_backend_programming,928,0.6137635707855225,-0.19944043457508087,-0.30243727564811707,-0.308555006980896,-0.3082791864871979,0.3082128167152405
colbench_backend_programming,972,0.613719642162323,-0.2017955332994461,-0.30174192786216736,-0.3084655702114105,-0.3081424832344055,0.3090320825576782
colbench_backend_programming,276,0.6136735081672668,-0.19833160936832428,-0.303017258644104,-0.30806541442871094,-0.3082205653190613,0.3080121874809265
colbench_backend_programming,496,0.6136720776557922,-0.19838306307792664,-0.30352580547332764,-0.30760183930397034,-0.3079182207584381,0.30827420949935913
colbench_backend_programming,617,0.6134601831436157,-0.19803161919116974,-0.3017727732658386,-0.30804556608200073,-0.3090610206127167,0.3079867362976074
colbench_backend_programming,335,0.6134598851203918,-0.20219005644321442,-0.3029024004936218,-0.30825406312942505,-0.30690544843673706,0.3088230490684509
colbench_backend_programming,394,0.6134582757949829,-0.19834476709365845,-0.3032032549381256,-0.3071856200695038,-0.30808550119400024,0.3084140121936798
colbench_backend_programming,890,0.6133221387863159,0.1987335979938507,0.30219170451164246,0.30861926078796387,0.3082069754600525,-0.30758216977119446
colbench_backend_programming,681,0.6133125424385071,0.19856078922748566,0.30450567603111267,0.30747324228286743,0.3080090880393982,-0.30662548542022705
colbench_backend_programming,963,0.6132358312606812,-0.20136302709579468,-0.30349525809288025,-0.3078100383281708,-0.30729833245277405,0.30784663558006287
colbench_backend_programming,686,0.6131638884544373,-0.1981765180826187,-0.3017212748527527,-0.30836471915245056,-0.3081618845462799,0.3080286681652069
colbench_backend_programming,106,0.6131352186203003,-0.1978626549243927,-0.30365946888923645,-0.3083654046058655,-0.30667805671691895,0.30754685401916504
colbench_backend_programming,880,0.6130827069282532,-0.19832195341587067,-0.30417579412460327,-0.3070653975009918,-0.3062741458415985,0.3086332380771637
colbench_backend_programming,943,0.6130814552307129,-0.1997797191143036,-0.30190572142601013,-0.3091106712818146,-0.30751898884773254,0.3075783848762512
colbench_backend_programming,275,0.613077700138092,-0.1994849294424057,-0.3027760982513428,-0.3085452914237976,-0.30589404702186584,0.30890047550201416
colbench_backend_programming,308,0.6130502223968506,-0.19975627958774567,-0.30172884464263916,-0.308967649936676,-0.30710625648498535,0.30824506282806396
colbench_backend_programming,370,0.6130276322364807,-0.198276549577713,-0.30202439427375793,-0.30853062868118286,-0.30766698718070984,0.3077888786792755
colbench_backend_programming,141,0.6129380464553833,-0.19955530762672424,-0.3027670979499817,-0.30822762846946716,-0.30779513716697693,0.3070553243160248
colbench_backend_programming,570,0.6129375100135803,-0.20277751982212067,-0.30424076318740845,-0.30471134185791016,-0.30755990743637085,0.3093346059322357
colbench_backend_programming,818,0.6129100918769836,-0.20037713646888733,-0.303470253944397,-0.3085402250289917,-0.30793455243110657,0.3058492839336395
colbench_backend_programming,700,0.612866222858429,0.19652915000915527,0.3033716380596161,0.30780524015426636,0.30711743235588074,-0.3074173629283905
colbench_backend_programming,184,0.6128515601158142,-0.2004527747631073,-0.3027110695838928,-0.30746665596961975,-0.3076554834842682,0.30783993005752563
colbench_backend_programming,753,0.6127946972846985,0.2007656991481781,0.3017829656600952,0.30753472447395325,0.3075057566165924,-0.3087182343006134
colbench_backend_programming,626,0.6126528382301331,-0.20003536343574524,-0.30200305581092834,-0.3066672086715698,-0.30907005071640015,0.3075200617313385
colbench_backend_programming,270,0.6126009821891785,0.199305921792984,0.3028937876224518,0.307892382144928,0.3070717453956604,-0.3073183298110962
colbench_backend_programming,240,0.6125893592834473,0.1979118436574936,0.3029636740684509,0.3082102835178375,0.30701762437820435,-0.3069615066051483
colbench_backend_programming,897,0.6125628352165222,-0.1989719122648239,-0.3011239767074585,-0.3081437349319458,-0.308729350566864,0.30706867575645447
colbench_backend_programming,575,0.6122339963912964,-0.1981057971715927,-0.3026803731918335,-0.30808109045028687,-0.3071628212928772,0.3065161108970642
colbench_backend_programming,203,0.6122136116027832,-0.1981302797794342,-0.3025587499141693,-0.30815422534942627,-0.3060058057308197,0.30767694115638733
colbench_backend_programming,112,0.6121998429298401,0.1996343582868576,0.3037492632865906,0.305265337228775,0.30755653977394104,-0.3078101575374603
colbench_backend_programming,157,0.6121799349784851,-0.19940482079982758,-0.3007800579071045,-0.30804941058158875,-0.30785781145095825,0.3076113760471344
colbench_backend_programming,721,0.6121777892112732,0.1980287879705429,0.3010700047016144,0.30730223655700684,0.30774179100990295,-0.308186411857605
colbench_backend_programming,811,0.6121671199798584,0.1990182101726532,0.3026446998119354,0.30816173553466797,0.30644747614860535,-0.30705225467681885
colbench_backend_programming,225,0.6121050715446472,-0.19813010096549988,-0.3023067116737366,-0.30799412727355957,-0.30676916241645813,0.30710840225219727
colbench_backend_programming,873,0.6120182871818542,-0.1987770050764084,-0.30261388421058655,-0.3062140643596649,-0.3073978126049042,0.3077836334705353
colbench_backend_programming,711,0.6119576692581177,0.19776050746440887,0.30182960629463196,0.3074124753475189,0.30715522170066833,-0.3074805736541748
colbench_backend_programming,25,0.6118953824043274,-0.1993798315525055,-0.3026958405971527,-0.30813664197921753,-0.3070259988307953,0.3059053421020508
colbench_backend_programming,101,0.6118892431259155,-0.19745416939258575,-0.3008095622062683,-0.30814558267593384,-0.3076480031013489,0.3071173131465912
colbench_backend_programming,230,0.6117254495620728,-0.19745706021785736,-0.30123379826545715,-0.3071025013923645,-0.3078598380088806,0.30720773339271545
colbench_backend_programming,616,0.611697793006897,-0.1973760724067688,-0.3021957278251648,-0.3072850704193115,-0.3069957494735718,0.30688995122909546
colbench_backend_programming,249,0.6116352081298828,0.19938044250011444,0.3019646406173706,0.30769166350364685,0.30686628818511963,-0.3067147135734558
colbench_backend_programming,423,0.6116071343421936,-0.19755585491657257,-0.30158063769340515,-0.3073934316635132,-0.30692753195762634,0.3072737753391266
colbench_backend_programming,517,0.6115838885307312,-0.19921693205833435,-0.30233117938041687,-0.30687853693962097,-0.3069298267364502,0.3070021867752075
colbench_backend_programming,162,0.6115626096725464,-0.19877049326896667,-0.3027336299419403,-0.30669984221458435,-0.30665385723114014,0.30701756477355957
colbench_backend_programming,520,0.6115478873252869,-0.19853542745113373,-0.29961517453193665,-0.3084743022918701,-0.3075236976146698,0.30739936232566833
colbench_backend_programming,741,0.611517608165741,-0.1986217200756073,-0.301402747631073,-0.30730125308036804,-0.30705806612968445,0.30723196268081665
colbench_backend_programming,64,0.611441433429718,0.2003285437822342,0.30143871903419495,0.30823612213134766,0.306654691696167,-0.3065105378627777
colbench_backend_programming,505,0.6114307641983032,-0.20008771121501923,-0.30253294110298157,-0.30684173107147217,-0.30590471625328064,0.3075578510761261
colbench_backend_programming,98,0.6114047765731812,-0.19836586713790894,-0.3028704822063446,-0.30562031269073486,-0.30703532695770264,0.30726346373558044
colbench_backend_programming,456,0.6113572120666504,-0.19972051680088043,-0.3031907081604004,-0.30835482478141785,-0.3058928847312927,0.30525386333465576
colbench_backend_programming,994,0.6113231182098389,-0.19822806119918823,-0.30085766315460205,-0.30752885341644287,-0.3081345856189728,0.30607137084007263
colbench_backend_programming,257,0.6113067269325256,-0.19753345847129822,-0.30167579650878906,-0.30692562460899353,-0.3067602515220642,0.30721721053123474
colbench_backend_programming,288,0.6112626791000366,0.19814755022525787,0.30193692445755005,0.307472825050354,0.3051017224788666,-0.30797645449638367
colbench_backend_programming,485,0.6112006306648254,-0.19692601263523102,-0.30256810784339905,-0.3066443204879761,-0.30652445554733276,0.30664440989494324
colbench_backend_programming,724,0.6111841201782227,-0.19891014695167542,-0.3001065254211426,-0.3076621890068054,-0.30736589431762695,0.3071681261062622
colbench_backend_programming,697,0.6111830472946167,-0.19731396436691284,-0.3020184636116028,-0.30775126814842224,-0.3054426908493042,0.30712124705314636
colbench_backend_programming,931,0.6110999584197998,-0.19770845770835876,-0.3012130856513977,-0.3073880672454834,-0.30629298090934753,0.3072638213634491
colbench_backend_programming,932,0.6110946536064148,0.19736841320991516,0.30261051654815674,0.3072039783000946,0.30544182658195496,-0.30691131949424744
colbench_backend_programming,494,0.6110285520553589,-0.1975131332874298,-0.302440345287323,-0.3072633445262909,-0.3057605028152466,0.30657050013542175
colbench_backend_programming,710,0.6109559535980225,0.19667325913906097,0.30247870087623596,0.30591899156570435,0.30641379952430725,-0.3070797622203827
colbench_backend_programming,251,0.6109316945075989,-0.1991744488477707,-0.3015211522579193,-0.30774784088134766,-0.30566880106925964,0.306888222694397
colbench_backend_programming,536,0.6108407974243164,-0.19861973822116852,-0.3026939034461975,-0.3054596483707428,-0.3053920865058899,0.30811193585395813
colbench_backend_programming,360,0.6107596755027771,-0.1978212594985962,-0.3023996353149414,-0.30635523796081543,-0.3051609694957733,0.3075793385505676
colbench_backend_programming,125,0.610720157623291,-0.20029102265834808,-0.30144551396369934,-0.3086998164653778,-0.30761924386024475,0.30361905694007874
colbench_backend_programming,239,0.6106736063957214,0.1973884105682373,0.30072343349456787,0.3065055012702942,0.3077419400215149,-0.3063281178474426
colbench_backend_programming,7,0.6106359958648682,0.1986231505870819,0.30022212862968445,0.307085782289505,0.3068626821041107,-0.30704498291015625
colbench_backend_programming,419,0.6105918288230896,-0.1972310096025467,-0.30045104026794434,-0.30782559514045715,-0.3064679503440857,0.30638593435287476
colbench_backend_programming,253,0.610568642616272,-0.19763100147247314,-0.3011118471622467,-0.3069188892841339,-0.30597415566444397,0.30709338188171387
colbench_backend_programming,199,0.6105254292488098,-0.19930876791477203,-0.3014313578605652,-0.30741727352142334,-0.30587828159332275,0.3062898814678192
colbench_backend_programming,390,0.6105024218559265,-0.1975880116224289,-0.30076906085014343,-0.30657950043678284,-0.3068396747112274,0.3067728579044342
colbench_backend_programming,402,0.6104879975318909,-0.19916515052318573,-0.30260393023490906,-0.3055547773838043,-0.3046988844871521,0.30809304118156433
colbench_backend_programming,886,0.6104496121406555,-0.19707456231117249,-0.30291837453842163,-0.3066372871398926,-0.3046916425228119,0.30663618445396423
colbench_backend_programming,445,0.6104475259780884,-0.19760094583034515,-0.30161336064338684,-0.3066425025463104,-0.30697670578956604,0.30563247203826904
colbench_backend_programming,330,0.6104089021682739,0.19916309416294098,0.3025389611721039,0.30478328466415405,0.30573397874832153,-0.30773869156837463
colbench_backend_programming,930,0.6103798151016235,-0.1984337866306305,-0.2997128367424011,-0.3073936104774475,-0.30703896284103394,0.30654850602149963
colbench_backend_programming,104,0.610319197177887,-0.19857023656368256,-0.3018379509449005,-0.30597054958343506,-0.3064211308956146,0.30638450384140015
colbench_backend_programming,543,0.6103082895278931,0.1977512389421463,0.30010032653808594,0.3074331283569336,0.3066558837890625,-0.30637073516845703
colbench_backend_programming,597,0.610273003578186,0.19894224405288696,0.30279916524887085,0.30792781710624695,0.3046965003013611,-0.3051004707813263
colbench_backend_programming,46,0.610238790512085,0.19772382080554962,0.3023340702056885,0.30730995535850525,0.30418139696121216,-0.30662643909454346
colbench_backend_programming,273,0.6101033091545105,-0.19969934225082397,-0.3010397255420685,-0.30630069971084595,-0.3059927225112915,0.30683785676956177
colbench_backend_programming,946,0.6100705862045288,-0.19872714579105377,-0.30015867948532104,-0.3073993921279907,-0.3063681423664093,0.3061617910861969
colbench_backend_programming,130,0.6100282669067383,0.1977636069059372,0.29986652731895447,0.3070208430290222,0.3072819411754608,-0.30582767724990845
colbench_backend_programming,742,0.6099972724914551,-0.19865068793296814,-0.3011007010936737,-0.30693313479423523,-0.30617406964302063,0.30575239658355713
colbench_backend_programming,382,0.6099967956542969,-0.19795455038547516,-0.3012477159500122,-0.30726465582847595,-0.3053745627403259,0.3060730993747711
colbench_backend_programming,216,0.6099963784217834,-0.19807131588459015,-0.3021862208843231,-0.3057430386543274,-0.30626434087753296,0.3057817220687866
colbench_backend_programming,659,0.6099928617477417,-0.19930867850780487,-0.3014068603515625,-0.30695757269859314,-0.3053533136844635,0.3062378168106079
colbench_backend_programming,159,0.6099762320518494,-0.2018483430147171,-0.30150675773620605,-0.3064046800136566,-0.30516108870506287,0.30685096979141235
colbench_backend_programming,146,0.6099575757980347,-0.19814245402812958,-0.30148011445999146,-0.3058195114135742,-0.30558305978775024,0.3070038855075836
colbench_backend_programming,97,0.6099470257759094,0.19687628746032715,0.3011546730995178,0.3058459460735321,0.30586329102516174,-0.3069969713687897
colbench_backend_programming,988,0.6099327206611633,-0.19680729508399963,-0.299885630607605,-0.30711451172828674,-0.3064476251602173,0.30636098980903625
colbench_backend_programming,694,0.6099210977554321,-0.1978490650653839,-0.3008975684642792,-0.30783596634864807,-0.3063945174217224,0.3046700358390808
colbench_backend_programming,632,0.6099152565002441,-0.19662180542945862,-0.30193156003952026,-0.3080903887748718,-0.30560103058815,0.3041747510433197
colbench_backend_programming,746,0.6099019050598145,-0.1966850906610489,-0.30179932713508606,-0.3059008717536926,-0.3051411211490631,0.30693814158439636
colbench_backend_programming,469,0.6098299026489258,-0.19595329463481903,-0.30058610439300537,-0.30632904171943665,-0.3061509430408478,0.30655282735824585
colbench_backend_programming,784,0.6098034977912903,-0.19876545667648315,-0.299345999956131,-0.30747532844543457,-0.30666935443878174,0.3060475289821625
colbench_backend_programming,279,0.6097307205200195,-0.1976652592420578,-0.30116117000579834,-0.3065963685512543,-0.3057594895362854,0.30591392517089844
colbench_backend_programming,329,0.6097297072410583,0.19769778847694397,0.30077365040779114,0.3072493076324463,0.30460357666015625,-0.3067898750305176
colbench_backend_programming,480,0.6096866726875305,0.19724386930465698,0.3014358580112457,0.3057723641395569,0.30582195520401,-0.3063175678253174
colbench_backend_programming,196,0.6096483469009399,0.19929222762584686,0.2996675372123718,0.3065807819366455,0.30699920654296875,-0.3059904873371124
colbench_backend_programming,78,0.6096335053443909,-0.19845685362815857,-0.3009006977081299,-0.306288480758667,-0.3059014081954956,0.3061428964138031
colbench_backend_programming,795,0.6095736622810364,-0.1977405548095703,-0.30091023445129395,-0.3057984411716461,-0.30580848455429077,0.3065968155860901
colbench_backend_programming,62,0.6095350384712219,-0.19848325848579407,-0.30069369077682495,-0.305691123008728,-0.3063078224658966,0.30634090304374695
colbench_backend_programming,511,0.6094722151756287,-0.19742919504642487,-0.30114564299583435,-0.30666831135749817,-0.3051186800003052,0.30598175525665283
colbench_backend_programming,206,0.6094549298286438,0.20173746347427368,0.3011993169784546,0.3052814304828644,0.3076087534427643,-0.30478572845458984
colbench_backend_programming,373,0.6094125509262085,0.19808855652809143,0.3012402355670929,0.3058008849620819,0.3054884374141693,-0.3062688708305359
colbench_backend_programming,727,0.6093959212303162,-0.19746997952461243,-0.3007461726665497,-0.30600640177726746,-0.30601486563682556,0.3059903383255005
colbench_backend_programming,110,0.609359622001648,-0.19783487915992737,-0.30191630125045776,-0.30565768480300903,-0.3048335611820221,0.3062932789325714
colbench_backend_programming,717,0.6093149781227112,-0.19635477662086487,-0.3016910254955292,-0.3055427372455597,-0.30543872714042664,0.30593806505203247
colbench_backend_programming,962,0.6092739701271057,-0.20052625238895416,-0.30179262161254883,-0.30221274495124817,-0.30687907338142395,0.3076176941394806
colbench_backend_programming,723,0.6092520952224731,-0.2009739875793457,-0.30172356963157654,-0.3051191568374634,-0.30409929156303406,0.3075335621833801
colbench_backend_programming,56,0.6092507839202881,-0.1982528120279312,-0.3011312782764435,-0.3059449791908264,-0.3060382902622223,0.3053598999977112
colbench_backend_programming,222,0.6092262864112854,-0.19726566970348358,-0.30007439851760864,-0.30588197708129883,-0.30612778663635254,0.30632346868515015
colbench_backend_programming,31,0.6092014908790588,-0.19807890057563782,-0.3011368215084076,-0.30656829476356506,-0.3050832152366638,0.30558663606643677
colbench_backend_programming,859,0.6091225147247314,-0.19752754271030426,-0.299293577671051,-0.30615949630737305,-0.3061628043651581,0.30656853318214417
colbench_backend_programming,234,0.6091038584709167,0.19674956798553467,0.3007850646972656,0.3055839538574219,0.3057633340358734,-0.30604422092437744
colbench_backend_programming,96,0.6090942621231079,-0.20151880383491516,-0.3013128340244293,-0.3062847852706909,-0.30455973744392395,0.3060055673122406
colbench_backend_programming,75,0.6090922355651855,0.19714567065238953,0.30076292157173157,0.3058965504169464,0.3054555654525757,-0.30603793263435364
colbench_backend_programming,69,0.6090635061264038,-0.20057246088981628,-0.29949358105659485,-0.30699288845062256,-0.30643922090530396,0.3051431179046631
colbench_backend_programming,803,0.6090599894523621,-0.1974036991596222,-0.30089274048805237,-0.30644625425338745,-0.3061169385910034,0.30463215708732605
colbench_backend_programming,79,0.6090419888496399,-0.19767893850803375,-0.300613671541214,-0.30677804350852966,-0.3050041198730469,0.3056522309780121
colbench_backend_programming,34,0.6090285181999207,-0.19833868741989136,-0.2989751100540161,-0.3064230978488922,-0.30609750747680664,0.30649444460868835
colbench_backend_programming,129,0.6089468002319336,-0.19676458835601807,-0.3002092242240906,-0.30588167905807495,-0.30517151951789856,0.30658987164497375
colbench_backend_programming,482,0.6089257597923279,-0.1979602873325348,-0.3002403676509857,-0.3064371645450592,-0.30636999011039734,0.30476218461990356
colbench_backend_programming,322,0.6088931560516357,0.19632220268249512,0.300271213054657,0.3072153329849243,0.3051545023918152,-0.30510246753692627
colbench_backend_programming,648,0.6088753342628479,-0.19770894944667816,-0.29739415645599365,-0.3069430887699127,-0.3068808317184448,0.3064245581626892
colbench_backend_programming,313,0.6088613271713257,-0.19717779755592346,-0.3011370599269867,-0.3059717118740082,-0.30480220913887024,0.30578669905662537
colbench_backend_programming,18,0.6087981462478638,-0.1979258805513382,-0.29994291067123413,-0.3058406114578247,-0.30630913376808167,0.30545976758003235
colbench_backend_programming,332,0.6087824702262878,-0.19688545167446136,-0.29909226298332214,-0.30618372559547424,-0.3065890669822693,0.30563804507255554
colbench_backend_programming,675,0.6087393164634705,-0.19674061238765717,-0.29911375045776367,-0.30635660886764526,-0.3060899078845978,0.30585795640945435
colbench_backend_programming,490,0.6087246537208557,-0.1971675604581833,-0.2999322712421417,-0.3061677813529968,-0.30588704347610474,0.305418998003006
colbench_backend_programming,71,0.608685314655304,-0.19649638235569,-0.3002818524837494,-0.3056415617465973,-0.3058294653892517,0.3055816888809204
colbench_backend_programming,92,0.608674168586731,0.19747768342494965,0.29955431818962097,0.30677148699760437,0.3057919144630432,-0.30517861247062683
colbench_backend_programming,493,0.6086421012878418,-0.19584226608276367,-0.3008258640766144,-0.3061999976634979,-0.3050946593284607,0.3051357567310333
colbench_backend_programming,786,0.6086056232452393,-0.1971551775932312,-0.30036842823028564,-0.30619165301322937,-0.3052440583705902,0.3053724467754364
colbench_backend_programming,760,0.6085826754570007,-0.20073606073856354,-0.29938751459121704,-0.30619171261787415,-0.3059464991092682,0.30558687448501587
colbench_backend_programming,934,0.6085420250892639,0.19707132875919342,0.3019588589668274,0.30489566922187805,0.304259717464447,-0.3059556782245636
colbench_backend_programming,917,0.6085304617881775,0.1961357146501541,0.29948148131370544,0.3063148856163025,0.3055802583694458,-0.30563390254974365
colbench_backend_programming,966,0.6085267663002014,-0.1983797699213028,-0.29954615235328674,-0.30642813444137573,-0.3061961829662323,0.3048320710659027
colbench_backend_programming,790,0.6084800362586975,0.1994907557964325,0.29893943667411804,0.30678611993789673,0.30633312463760376,-0.3048367500305176
colbench_backend_programming,311,0.6084433794021606,-0.19650575518608093,-0.2999618947505951,-0.3065353035926819,-0.3055359125137329,0.30481165647506714
colbench_backend_programming,357,0.6084181666374207,-0.19691549241542816,-0.29917407035827637,-0.3059123456478119,-0.30621182918548584,0.3054823875427246
colbench_backend_programming,719,0.6083980202674866,-0.1973474621772766,-0.299938827753067,-0.3060644268989563,-0.30522099137306213,0.3055316209793091
colbench_backend_programming,11,0.6083934903144836,-0.19918890297412872,-0.3003542721271515,-0.30509382486343384,-0.30543193221092224,0.30587419867515564
colbench_backend_programming,933,0.6083464622497559,-0.19822898507118225,-0.29923325777053833,-0.3053528666496277,-0.30576983094215393,0.30628299713134766
colbench_backend_programming,551,0.6082605719566345,-0.1993563175201416,-0.30160218477249146,-0.3054201304912567,-0.30619463324546814,0.3032827377319336
colbench_backend_programming,765,0.6081598997116089,-0.1973056197166443,-0.30024346709251404,-0.3067343533039093,-0.3058058023452759,0.3034948706626892
colbench_backend_programming,367,0.6081271171569824,-0.1956803947687149,-0.3014369308948517,-0.3050173819065094,-0.3034949004650116,0.30628353357315063
colbench_backend_programming,750,0.6081249713897705,-0.19743555784225464,-0.2997495234012604,-0.30625131726264954,-0.3059922754764557,0.30421218276023865
colbench_backend_programming,893,0.6080849170684814,-0.1978464275598526,-0.29988184571266174,-0.3054739832878113,-0.3057137727737427,0.30506205558776855
colbench_backend_programming,303,0.6080739498138428,-0.19794361293315887,-0.30013149976730347,-0.30584320425987244,-0.3053695857524872,0.304769366979599
colbench_backend_programming,263,0.6080058217048645,-0.19685953855514526,-0.29898086190223694,-0.3060779571533203,-0.3056274652481079,0.3052697777748108
colbench_backend_programming,967,0.6080015301704407,-0.19745776057243347,-0.30011749267578125,-0.30586758255958557,-0.30402857065200806,0.30595263838768005
colbench_backend_programming,256,0.6079267263412476,0.1975701004266739,0.2999331057071686,0.3054127097129822,0.3055182695388794,-0.30495360493659973
colbench_backend_programming,352,0.6079258918762207,-0.19731664657592773,-0.29936715960502625,-0.30576851963996887,-0.3049488067626953,0.3057205379009247
colbench_backend_programming,328,0.6079254150390625,0.19747593998908997,0.30056023597717285,0.30575987696647644,0.303757905960083,-0.30574312806129456
colbench_backend_programming,912,0.6079216599464417,-0.19723346829414368,-0.30004778504371643,-0.3063008487224579,-0.3039745092391968,0.3054822087287903
colbench_backend_programming,427,0.60792076587677,-0.1975654661655426,-0.3000738322734833,-0.30559930205345154,-0.30494633316993713,0.3051888048648834
colbench_backend_programming,466,0.6079205274581909,-0.19747629761695862,-0.30031391978263855,-0.30556848645210266,-0.30494755506515503,0.30498161911964417
colbench_backend_programming,305,0.6079024076461792,-0.19755975902080536,-0.2991359233856201,-0.30584976077079773,-0.30566999316215515,0.3050980269908905
colbench_backend_programming,207,0.6078808307647705,-0.20070677995681763,-0.2991589605808258,-0.3051719069480896,-0.3061418831348419,0.3052380681037903
colbench_backend_programming,956,0.6078218817710876,0.1976626068353653,0.2990468442440033,0.30616530776023865,0.30538681149482727,-0.30499207973480225
colbench_backend_programming,241,0.6078046560287476,-0.1983606517314911,-0.29981178045272827,-0.3052189350128174,-0.3050852417945862,0.3054566979408264
colbench_backend_programming,59,0.6077595353126526,-0.19878748059272766,-0.29907768964767456,-0.30615416169166565,-0.3059229254722595,0.30431067943573
colbench_backend_programming,296,0.6077283024787903,-0.19851058721542358,-0.30095958709716797,-0.30471378564834595,-0.30522674322128296,0.3045375645160675
colbench_backend_programming,955,0.6076855063438416,-0.19694510102272034,-0.2993371784687042,-0.305666983127594,-0.30585551261901855,0.3044652044773102
colbench_backend_programming,975,0.6076828241348267,-0.19863766431808472,-0.2995823919773102,-0.30588778853416443,-0.30419865250587463,0.3056544065475464
colbench_backend_programming,266,0.6076555848121643,-0.19950568675994873,-0.30024173855781555,-0.3062452971935272,-0.30491867661476135,0.30387264490127563
colbench_backend_programming,172,0.6076062917709351,-0.19818903505802155,-0.3001507818698883,-0.3055344521999359,-0.3049086034297943,0.30458885431289673
colbench_backend_programming,194,0.607576847076416,-0.19744960963726044,-0.2996004521846771,-0.3060901463031769,-0.3051416575908661,0.3042804002761841
colbench_backend_programming,544,0.6075713038444519,-0.19575345516204834,-0.2982547879219055,-0.3060825765132904,-0.30607688426971436,0.3046593964099884
colbench_backend_programming,706,0.607542872428894,0.19929152727127075,0.29815778136253357,0.30629199743270874,0.3062503933906555,-0.3043125867843628
colbench_backend_programming,48,0.6075168251991272,-0.1971437782049179,-0.30019938945770264,-0.3055759370326996,-0.30496305227279663,0.30426615476608276
colbench_backend_programming,409,0.6074474453926086,0.19857381284236908,0.29892417788505554,0.30564790964126587,0.30432671308517456,-0.3059433102607727
colbench_backend_programming,745,0.6074462532997131,-0.19731828570365906,-0.30153611302375793,-0.3042854368686676,-0.3052712678909302,0.30378738045692444
colbench_backend_programming,451,0.6074135899543762,0.19780364632606506,0.30007362365722656,0.30654600262641907,0.30458176136016846,-0.30358949303627014
colbench_backend_programming,773,0.6074063181877136,-0.19736744463443756,-0.29912516474723816,-0.3053547441959381,-0.30510932207107544,0.30517759919166565
colbench_backend_programming,640,0.6073690056800842,-0.19879098236560822,-0.30079782009124756,-0.30435991287231445,-0.30362558364868164,0.3059319257736206
colbench_backend_programming,964,0.6073648929595947,-0.19685743749141693,-0.2995876967906952,-0.30512291193008423,-0.305102676153183,0.3048798143863678
colbench_backend_programming,848,0.6073585152626038,-0.1980080008506775,-0.2993241548538208,-0.3057844638824463,-0.3052617907524109,0.3043033480644226
colbench_backend_programming,267,0.6072871088981628,0.1959833949804306,0.3005066514015198,0.3043898046016693,0.30460456013679504,-0.3050512671470642
colbench_backend_programming,113,0.6072604060173035,-0.19541054964065552,-0.3001496493816376,-0.3051077127456665,-0.3041864037513733,0.30504968762397766
colbench_backend_programming,634,0.6072138547897339,-0.19650977849960327,-0.29991820454597473,-0.30383801460266113,-0.3051990866661072,0.30544018745422363
colbench_backend_programming,882,0.6072102785110474,-0.19483773410320282,-0.29907119274139404,-0.3055969178676605,-0.3046414852142334,0.3050653040409088
colbench_backend_programming,408,0.6071251034736633,-0.1964118480682373,-0.3003849387168884,-0.30526652932167053,-0.304661363363266,0.30391380190849304
colbench_backend_programming,653,0.6070963740348816,-0.1957937479019165,-0.3001553416252136,-0.3043622672557831,-0.3041369318962097,0.3055112659931183
colbench_backend_programming,248,0.6070553660392761,-0.19708067178726196,-0.2998935878276825,-0.30483898520469666,-0.3048400282859802,0.30450913310050964
colbench_backend_programming,576,0.6070339679718018,0.19750583171844482,0.29987838864326477,0.3051275908946991,0.304252564907074,-0.3047797977924347
colbench_backend_programming,470,0.6069396138191223,-0.19733330607414246,-0.30136194825172424,-0.30489540100097656,-0.3039816617965698,0.3036290109157562
colbench_backend_programming,747,0.6069286465644836,-0.19669100642204285,-0.2999994456768036,-0.3045368790626526,-0.3043268024921417,0.3049674928188324
colbench_backend_programming,969,0.6068978309631348,-0.19513581693172455,-0.3002532720565796,-0.3052372336387634,-0.3038193881511688,0.3044617474079132
colbench_backend_programming,406,0.6068946719169617,-0.1958378404378891,-0.29984620213508606,-0.30541858077049255,-0.3040393888950348,0.3044551610946655
colbench_backend_programming,615,0.6068624258041382,-0.1966557502746582,-0.2995315492153168,-0.3046969175338745,-0.304843932390213,0.3046191334724426
colbench_backend_programming,600,0.6068152785301208,-0.19784453511238098,-0.29934000968933105,-0.305122435092926,-0.3047926425933838,0.3043387830257416
colbench_backend_programming,16,0.6067591309547424,-0.19911399483680725,-0.3009074926376343,-0.30294615030288696,-0.3049243688583374,0.3047229051589966
colbench_backend_programming,231,0.6067028045654297,-0.19551055133342743,-0.29974278807640076,-0.30437320470809937,-0.304287314414978,0.30497339367866516
colbench_backend_programming,680,0.606699526309967,0.19695602357387543,0.29961541295051575,0.30461180210113525,0.30477890372276306,-0.30436232686042786
colbench_backend_programming,310,0.6066704392433167,-0.19805777072906494,-0.3002464473247528,-0.304042786359787,-0.30448973178863525,0.30454084277153015
colbench_backend_programming,119,0.6066355109214783,-0.19581323862075806,-0.2996969521045685,-0.3047522306442261,-0.30410492420196533,0.3046877384185791
colbench_backend_programming,552,0.6066179275512695,-0.1978595107793808,-0.300626277923584,-0.3050829768180847,-0.3034156262874603,0.3040929138660431
colbench_backend_programming,554,0.6066062450408936,-0.19718991219997406,-0.2988237738609314,-0.30462178587913513,-0.30520740151405334,0.30451521277427673
colbench_backend_programming,319,0.6065657138824463,0.19591395556926727,0.2996394634246826,0.30539387464523315,0.30451032519340515,-0.3035559356212616
colbench_backend_programming,827,0.6064029932022095,-0.19780932366847992,-0.3000123202800751,-0.30514606833457947,-0.3032417893409729,0.30438050627708435
colbench_backend_programming,989,0.6063926815986633,-0.19655579328536987,-0.2988947331905365,-0.3050727844238281,-0.3043805658817291,0.30439630150794983
colbench_backend_programming,867,0.6063855290412903,-0.1965114176273346,-0.299273282289505,-0.30474916100502014,-0.3043675720691681,0.30434727668762207
colbench_backend_programming,958,0.6063637137413025,-0.1975811868906021,-0.29983246326446533,-0.3043409585952759,-0.30310454964637756,0.305420458316803
colbench_backend_programming,911,0.6062938570976257,0.1974758803844452,0.2985970079898834,0.3045860528945923,0.3040570914745331,-0.30530107021331787
colbench_backend_programming,29,0.6062619090080261,-0.20033329725265503,-0.29978621006011963,-0.3061455190181732,-0.3047349750995636,0.30181655287742615
colbench_backend_programming,831,0.6062459349632263,0.1962554156780243,0.29853010177612305,0.304744154214859,0.3042590618133545,-0.3049120604991913
colbench_backend_programming,478,0.6062273979187012,0.19788840413093567,0.29994407296180725,0.30522391200065613,0.30280381441116333,-0.3044559359550476
colbench_backend_programming,369,0.6062154769897461,-0.197239950299263,-0.2995486259460449,-0.3047809600830078,-0.30357953906059265,0.3044928312301636
colbench_backend_programming,828,0.6061643362045288,-0.1997591108083725,-0.3000200092792511,-0.30348652601242065,-0.3041785955429077,0.3046218752861023
colbench_backend_programming,27,0.6061434745788574,-0.19761846959590912,-0.2988572120666504,-0.3044792711734772,-0.3047548830509186,0.30415645241737366
colbench_backend_programming,620,0.6060461401939392,-0.19703099131584167,-0.29969146847724915,-0.3052179515361786,-0.3031030595302582,0.30405184626579285
colbench_backend_programming,0,0.6059986352920532,-0.19637462496757507,-0.298898309469223,-0.3044390380382538,-0.3042150139808655,0.3044080138206482
colbench_backend_programming,789,0.6059690713882446,-0.1975228637456894,-0.2990056872367859,-0.30498677492141724,-0.3033250570297241,0.30458351969718933
colbench_backend_programming,968,0.6059485077857971,0.19816549122333527,0.2983267307281494,0.3051603138446808,0.3035178780555725,-0.30484235286712646
colbench_backend_programming,885,0.6057795286178589,-0.19550226628780365,-0.29837432503700256,-0.3047364354133606,-0.3042032718658447,0.30420005321502686
colbench_backend_programming,651,0.605715274810791,-0.19931434094905853,-0.29845690727233887,-0.3058658540248871,-0.3022848069667816,0.30476948618888855
colbench_backend_programming,685,0.6057077646255493,-0.19572094082832336,-0.29942774772644043,-0.30444973707199097,-0.30383580923080444,0.30367597937583923
colbench_backend_programming,397,0.6056684851646423,0.19559918344020844,0.2989480197429657,0.3041187822818756,0.3038268983364105,-0.30440986156463623
colbench_backend_programming,590,0.6056260466575623,-0.19699911773204803,-0.30005112290382385,-0.3036676347255707,-0.3021129369735718,0.3053947985172272
colbench_backend_programming,2,0.6055809855461121,-0.1979411095380783,-0.2976381778717041,-0.3048333525657654,-0.30325162410736084,0.30537670850753784
colbench_backend_programming,51,0.6055126786231995,-0.19829685986042023,-0.29962629079818726,-0.3033056855201721,-0.3036993145942688,0.30437156558036804
colbench_backend_programming,393,0.6055012941360474,-0.20022624731063843,-0.29815009236335754,-0.3042876422405243,-0.30406108498573303,0.3044572174549103
colbench_backend_programming,919,0.605459451675415,-0.19654019176959991,-0.2989813983440399,-0.30462953448295593,-0.3043692111968994,0.3029051423072815
colbench_backend_programming,299,0.6054585576057434,-0.19594237208366394,-0.29940906167030334,-0.304593950510025,-0.30226415395736694,0.304619699716568
colbench_backend_programming,167,0.6054047346115112,0.19567126035690308,0.2987770140171051,0.303710401058197,0.3039039373397827,-0.30438387393951416
colbench_backend_programming,264,0.6053985357284546,-0.19608643651008606,-0.29829809069633484,-0.3045060336589813,-0.30340537428855896,0.30454379320144653
colbench_backend_programming,587,0.6053763031959534,-0.19643987715244293,-0.29817259311676025,-0.30394235253334045,-0.3036614656448364,0.30493006110191345
colbench_backend_programming,942,0.6053661108016968,-0.19958966970443726,-0.29773861169815063,-0.3047170341014862,-0.3037077486515045,0.3045143783092499
colbench_backend_programming,198,0.6053627729415894,0.1958104819059372,0.2988583445549011,0.30470284819602966,0.3033987879753113,-0.3037319779396057
colbench_backend_programming,631,0.6053438782691956,-0.19772931933403015,-0.2977440357208252,-0.30422115325927734,-0.30362755060195923,0.3050401508808136
colbench_backend_programming,978,0.6053085327148438,-0.19830907881259918,-0.29968324303627014,-0.30413806438446045,-0.3030928075313568,0.3036826252937317
colbench_backend_programming,662,0.6052910089492798,-0.20183515548706055,-0.29992765188217163,-0.3033824861049652,-0.30398935079574585,0.30326583981513977
colbench_backend_programming,307,0.6052731871604919,-0.1968720406293869,-0.29730460047721863,-0.30496856570243835,-0.30415210127830505,0.3040580451488495
colbench_backend_programming,463,0.6052694320678711,-0.19903498888015747,-0.2982354462146759,-0.3041256368160248,-0.3051896393299103,0.3029415011405945
colbench_backend_programming,945,0.6052489876747131,0.196414053440094,0.2980205714702606,0.3047778010368347,0.30409494042396545,-0.30355697870254517
colbench_backend_programming,132,0.6052188277244568,-0.1954697221517563,-0.2982567846775055,-0.30435606837272644,-0.30351874232292175,0.3042638301849365
colbench_backend_programming,226,0.6052107214927673,0.1972666233778,0.29953402280807495,0.3051522672176361,0.30462631583213806,-0.3010718524456024
colbench_backend_programming,378,0.6051961779594421,-0.1985551118850708,-0.2986784279346466,-0.30361178517341614,-0.3038390576839447,0.3042290508747101
colbench_backend_programming,70,0.6051720380783081,0.19618794322013855,0.2985633909702301,0.3038558065891266,0.30328837037086487,-0.3045995235443115
colbench_backend_programming,808,0.6051656603813171,-0.19779495894908905,-0.2984420955181122,-0.30303844809532166,-0.3041788637638092,0.30463215708732605
colbench_backend_programming,895,0.6051563620567322,-0.19822177290916443,-0.298587441444397,-0.30439671874046326,-0.30500301718711853,0.30228391289711
colbench_backend_programming,809,0.6051042079925537,-0.19715392589569092,-0.298795223236084,-0.3040233850479126,-0.30302274227142334,0.3043345510959625
colbench_backend_programming,749,0.6050975322723389,-0.19972370564937592,-0.29886919260025024,-0.3035634160041809,-0.3038197159767151,0.3039129674434662
colbench_backend_programming,855,0.6050786972045898,-0.19651123881340027,-0.2977117896080017,-0.304137259721756,-0.30406492948532104,0.30419236421585083
colbench_backend_programming,829,0.605032205581665,0.19715386629104614,0.2982959747314453,0.3043654263019562,0.3025856614112854,-0.30477386713027954
colbench_backend_programming,242,0.6050203442573547,-0.19655168056488037,-0.29978957772254944,-0.3033968508243561,-0.3024156987667084,0.3044189512729645
colbench_backend_programming,954,0.6049612760543823,-0.19707034528255463,-0.29799601435661316,-0.304538756608963,-0.30427467823028564,0.3030669689178467
colbench_backend_programming,712,0.6049250960350037,0.1970738172531128,0.2984773814678192,0.3032279312610626,0.3044222891330719,-0.30368655920028687
colbench_backend_programming,704,0.6048998236656189,-0.1960410475730896,-0.29861629009246826,-0.30426526069641113,-0.3032747805118561,0.3036101758480072
colbench_backend_programming,465,0.6047141551971436,-0.19798244535923004,-0.29789286851882935,-0.3048625886440277,-0.30282583832740784,0.3037998676300049
colbench_backend_programming,41,0.6047044396400452,-0.19929569959640503,-0.29846563935279846,-0.3038363754749298,-0.30321598052978516,0.3038572371006012
colbench_backend_programming,875,0.6046895384788513,-0.1966143548488617,-0.2984550893306732,-0.3043294847011566,-0.3034614026546478,0.30309855937957764
colbench_backend_programming,495,0.6046364307403564,-0.19660687446594238,-0.298554003238678,-0.30330848693847656,-0.304267019033432,0.3031110167503357
colbench_backend_programming,12,0.6046305298805237,-0.19530701637268066,-0.2987721264362335,-0.3043158948421478,-0.3027031719684601,0.3034401834011078
colbench_backend_programming,491,0.6046243906021118,-0.19549140334129333,-0.29830050468444824,-0.3038618266582489,-0.3031858503818512,0.3038647472858429
colbench_backend_programming,661,0.6046087145805359,-0.19589737057685852,-0.29847660660743713,-0.3036395013332367,-0.3029554486274719,0.30411258339881897
colbench_backend_programming,530,0.6045681238174438,0.19800753891468048,0.2990042567253113,0.30479755997657776,0.3027031719684601,-0.3026025593280792
colbench_backend_programming,150,0.6045650243759155,-0.19740553200244904,-0.2991469204425812,-0.30407342314720154,-0.30344346165657043,0.3024424910545349
colbench_backend_programming,633,0.6045172214508057,-0.20006801187992096,-0.29683488607406616,-0.30471423268318176,-0.3048097491264343,0.30260592699050903
colbench_backend_programming,3,0.6044721007347107,-0.1978559046983719,-0.29901260137557983,-0.3037489354610443,-0.30247509479522705,0.3036830723285675
colbench_backend_programming,910,0.6044673919677734,-0.19931776821613312,-0.29788824915885925,-0.3042668402194977,-0.3015311062335968,0.305195152759552
colbench_backend_programming,998,0.6044511795043945,-0.19755584001541138,-0.29769787192344666,-0.30378949642181396,-0.30404719710350037,0.30332234501838684
colbench_backend_programming,219,0.6044298410415649,-0.20319639146327972,-0.29791486263275146,-0.30448049306869507,-0.30358821153640747,0.30283328890800476
colbench_backend_programming,696,0.6043986082077026,-0.19852522015571594,-0.2978730797767639,-0.3035810887813568,-0.3039986193180084,0.30330291390419006
colbench_backend_programming,539,0.6043649315834045,-0.19753506779670715,-0.29740506410598755,-0.3038979172706604,-0.30321481823921204,0.3041611313819885
colbench_backend_programming,23,0.6043550372123718,-0.19687211513519287,-0.29816704988479614,-0.3029014468193054,-0.3031896650791168,0.3044145107269287
colbench_backend_programming,116,0.6043195128440857,-0.19799354672431946,-0.29873958230018616,-0.3024221956729889,-0.3038423955440521,0.3036072552204132
colbench_backend_programming,524,0.6042941808700562,-0.19513888657093048,-0.2985365390777588,-0.3036424219608307,-0.3029375672340393,0.3034427762031555
colbench_backend_programming,80,0.6042854189872742,-0.1957852840423584,-0.29795390367507935,-0.30342426896095276,-0.3033338189125061,0.30382010340690613
colbench_backend_programming,342,0.6042574644088745,0.1977827250957489,0.2980663776397705,0.30431732535362244,0.3022831976413727,-0.3038080334663391
colbench_backend_programming,892,0.6042528748512268,-0.1954263597726822,-0.29832974076271057,-0.30284297466278076,-0.30335453152656555,0.3039458394050598
colbench_backend_programming,513,0.6042430996894836,-0.19902460277080536,-0.2985697388648987,-0.30430638790130615,-0.30170461535453796,0.3038713335990906
colbench_backend_programming,533,0.6042001843452454,-0.19703933596611023,-0.298551082611084,-0.3033311665058136,-0.3027936816215515,0.3036960959434509
colbench_backend_programming,894,0.6041662693023682,-0.19606913626194,-0.2983349859714508,-0.3039310872554779,-0.3028331398963928,0.30320143699645996
colbench_backend_programming,907,0.6041603684425354,-0.19572508335113525,-0.29790014028549194,-0.3034912347793579,-0.30318230390548706,0.30370837450027466
colbench_backend_programming,689,0.6041216254234314,0.19799238443374634,0.2979229688644409,0.3035522997379303,0.3034197986125946,-0.30331048369407654
colbench_backend_programming,836,0.6041086912155151,-0.19693078100681305,-0.2975411117076874,-0.30355820059776306,-0.3040921092033386,0.3029801845550537
colbench_backend_programming,245,0.6041086316108704,-0.19598692655563354,-0.2991631031036377,-0.30373626947402954,-0.3022984564304352,0.3029993176460266
colbench_backend_programming,327,0.6040937900543213,-0.1956794112920761,-0.29843777418136597,-0.30355188250541687,-0.3023236393928528,0.30384349822998047
colbench_backend_programming,347,0.6040862202644348,-0.19561417400836945,-0.2986890971660614,-0.30318352580070496,-0.30239394307136536,0.3038792610168457
colbench_backend_programming,843,0.6040653586387634,-0.19697053730487823,-0.2979060411453247,-0.3043694496154785,-0.3029620051383972,0.30285346508026123
colbench_backend_programming,654,0.6040189266204834,-0.19830502569675446,-0.2980343997478485,-0.30402982234954834,-0.30355048179626465,0.30238601565361023
colbench_backend_programming,160,0.6039862632751465,0.19491390883922577,0.2980121076107025,0.303902268409729,0.3027944266796112,-0.30322790145874023
colbench_backend_programming,461,0.6039780974388123,-0.19683125615119934,-0.29807546734809875,-0.3027670681476593,-0.30398237705230713,0.30309629440307617
colbench_backend_programming,424,0.6039610505104065,-0.19632625579833984,-0.29810380935668945,-0.30378589034080505,-0.30290260910987854,0.30309608578681946
colbench_backend_programming,901,0.6038925647735596,0.19565507769584656,0.29766473174095154,0.3035750091075897,0.3032410442829132,-0.30326390266418457
colbench_backend_programming,134,0.6038839221000671,-0.19895942509174347,-0.2977170944213867,-0.303842693567276,-0.3023780584335327,0.30378854274749756
colbench_backend_programming,77,0.6038830280303955,-0.19908645749092102,-0.29922348260879517,-0.3031493127346039,-0.3020748496055603,0.3033006191253662
colbench_backend_programming,941,0.6038378477096558,-0.19582080841064453,-0.29764577746391296,-0.30370014905929565,-0.3030780851840973,0.3032112121582031
colbench_backend_programming,50,0.6037747263908386,0.19585978984832764,0.29774919152259827,0.3043382167816162,0.30278247594833374,-0.30263903737068176
colbench_backend_programming,547,0.6037696003913879,0.1960119605064392,0.2965717017650604,0.303533673286438,0.30384811758995056,-0.3035236597061157
colbench_backend_programming,849,0.6037688851356506,-0.1954505294561386,-0.2980721592903137,-0.3034513294696808,-0.30219417810440063,0.3037858009338379
colbench_backend_programming,796,0.6037554144859314,-0.19585752487182617,-0.2983972728252411,-0.3036133050918579,-0.3026111423969269,0.3028615117073059
colbench_backend_programming,28,0.6037424802780151,-0.1968948245048523,-0.2977309226989746,-0.30289462208747864,-0.30303674936294556,0.30378422141075134
colbench_backend_programming,971,0.6037219762802124,0.19719581305980682,0.29714077711105347,0.3043166697025299,0.30309441685676575,-0.3028411567211151
colbench_backend_programming,58,0.6036901473999023,-0.19777561724185944,-0.297014057636261,-0.30395206809043884,-0.30299416184425354,0.3033680021762848
colbench_backend_programming,122,0.603634774684906,-0.19871971011161804,-0.297725647687912,-0.3029610812664032,-0.30292439460754395,0.3036211133003235
colbench_backend_programming,779,0.6036189198493958,-0.19636794924736023,-0.2987123727798462,-0.30396023392677307,-0.30336394906044006,0.30117303133010864
colbench_backend_programming,687,0.6036030650138855,-0.19505925476551056,-0.2973300814628601,-0.3032597601413727,-0.3034631609916687,0.3031090497970581
colbench_backend_programming,555,0.6034682393074036,-0.1965210884809494,-0.29823368787765503,-0.30289968848228455,-0.3030359745025635,0.3027401268482208
colbench_backend_programming,42,0.6034597754478455,0.1985899955034256,0.2981885075569153,0.30090636014938354,0.30374667048454285,-0.3040405511856079
colbench_backend_programming,974,0.6033941507339478,-0.1973215490579605,-0.2982085049152374,-0.3037860691547394,-0.3026517927646637,0.3021126687526703
colbench_backend_programming,833,0.603369414806366,0.19617798924446106,0.2970424294471741,0.3038039207458496,0.30325162410736084,-0.3025922477245331
colbench_backend_programming,960,0.6031997203826904,-0.19558481872081757,-0.2969566583633423,-0.3037184476852417,-0.30213406682014465,0.3035403788089752
colbench_backend_programming,688,0.603181004524231,-0.19380038976669312,-0.2979682385921478,-0.30335941910743713,-0.30246251821517944,0.30254215002059937
colbench_backend_programming,185,0.6031502485275269,-0.19697855412960052,-0.29795053601264954,-0.30272817611694336,-0.3023757338523865,0.3032165765762329
colbench_backend_programming,785,0.6030963063240051,-0.19668284058570862,-0.29667145013809204,-0.303485244512558,-0.3036739230155945,0.3023079037666321
colbench_backend_programming,970,0.6030438542366028,-0.19605357944965363,-0.29761651158332825,-0.303192675113678,-0.3030937612056732,0.3021501302719116
colbench_backend_programming,621,0.6030226945877075,-0.19738882780075073,-0.2966366112232208,-0.30373233556747437,-0.30256450176239014,0.3030586242675781
colbench_backend_programming,343,0.6029822826385498,-0.19569213688373566,-0.2977137267589569,-0.30353203415870667,-0.30271512269973755,0.3019702136516571
colbench_backend_programming,980,0.602928102016449,-0.19651968777179718,-0.2973228096961975,-0.30304083228111267,-0.3020065426826477,0.30344638228416443
colbench_backend_programming,94,0.6029279232025146,-0.19445985555648804,-0.2974676191806793,-0.3029614984989166,-0.30244526267051697,0.30294597148895264
colbench_backend_programming,820,0.6028867959976196,-0.1964111477136612,-0.2980392873287201,-0.302890419960022,-0.3020936846733093,0.30272406339645386
colbench_backend_programming,546,0.602864682674408,0.19547569751739502,0.29758480191230774,0.30304673314094543,0.3021102547645569,-0.3029540479183197
colbench_backend_programming,997,0.6028566360473633,-0.19560621678829193,-0.2975160777568817,-0.30331385135650635,-0.3024260699748993,0.3024227023124695
colbench_backend_programming,385,0.6028398275375366,-0.1965518593788147,-0.29802820086479187,-0.30322280526161194,-0.3029211759567261,0.3014792799949646
colbench_backend_programming,842,0.602799117565155,-0.19418299198150635,-0.2975860834121704,-0.3023722469806671,-0.3022431433200836,0.30336350202560425
colbench_backend_programming,333,0.6027925610542297,-0.19430707395076752,-0.2968440055847168,-0.30295097827911377,-0.30266132950782776,0.30308303236961365
colbench_backend_programming,152,0.6026596426963806,-0.19527238607406616,-0.2977309226989746,-0.3025320768356323,-0.30218663811683655,0.3028407394886017
colbench_backend_programming,144,0.6026561260223389,-0.1953415870666504,-0.29712149500846863,-0.3022302985191345,-0.3031293451786041,0.30279141664505005
colbench_backend_programming,589,0.6026058793067932,-0.19633689522743225,-0.2973957359790802,-0.3028971254825592,-0.30204975605010986,0.30283477902412415
colbench_backend_programming,666,0.6025485992431641,-0.19555622339248657,-0.2970241606235504,-0.30294162034988403,-0.3023616075515747,0.30272969603538513
colbench_backend_programming,277,0.6025130748748779,0.19644206762313843,0.29809698462486267,0.30345043540000916,0.3012884855270386,-0.3021642565727234
colbench_backend_programming,817,0.6025099754333496,-0.19794900715351105,-0.29606765508651733,-0.30473586916923523,-0.30064329504966736,0.3034994602203369
colbench_backend_programming,924,0.6024449467658997,-0.1966385543346405,-0.29684802889823914,-0.3034179210662842,-0.3017658293247223,0.30281367897987366
colbench_backend_programming,83,0.6024007797241211,0.1964019238948822,0.2971637547016144,0.30212146043777466,0.30231916904449463,-0.30316025018692017
colbench_backend_programming,178,0.6023719906806946,-0.1961323469877243,-0.2969997525215149,-0.3027395009994507,-0.30214980244636536,0.30281588435173035
colbench_backend_programming,306,0.6023675799369812,-0.1993502676486969,-0.29701992869377136,-0.3032965362071991,-0.302267462015152,0.3021116554737091
colbench_backend_programming,444,0.6021600961685181,-0.1957520693540573,-0.297309935092926,-0.30268147587776184,-0.3021559417247772,0.3021411895751953
colbench_backend_programming,957,0.6021138429641724,-0.19722595810890198,-0.29608601331710815,-0.303041934967041,-0.3021756708621979,0.30286896228790283
colbench_backend_programming,976,0.6020767092704773,-0.19441483914852142,-0.29707926511764526,-0.3030429780483246,-0.3018861413002014,0.3021092414855957
colbench_backend_programming,425,0.602067232131958,0.19954711198806763,0.2970576286315918,0.3014102280139923,0.30231642723083496,-0.30331236124038696
colbench_backend_programming,210,0.601980447769165,0.19556982815265656,0.29735642671585083,0.30260786414146423,0.3019271194934845,-0.3020399212837219
colbench_backend_programming,147,0.6019617915153503,-0.19635319709777832,-0.2967814803123474,-0.30284571647644043,-0.3016146719455719,0.302641361951828
colbench_backend_programming,766,0.6017022132873535,0.19546203315258026,0.29701295495033264,0.30223652720451355,0.3017527163028717,-0.3023693263530731
colbench_backend_programming,15,0.6016440391540527,-0.1956654191017151,-0.2972003221511841,-0.3024400472640991,-0.30147507786750793,0.30214282870292664
colbench_backend_programming,449,0.6014714241027832,-0.19403214752674103,-0.2962779998779297,-0.3022419810295105,-0.30210694670677185,0.30227208137512207
colbench_backend_programming,806,0.601448118686676,-0.19674082100391388,-0.2981005012989044,-0.30255457758903503,-0.30220797657966614,0.30001166462898254
colbench_backend_programming,446,0.6012293696403503,0.1967010796070099,0.2962488532066345,0.3013668954372406,0.3026564419269562,-0.3021431565284729
colbench_backend_programming,54,0.6012042760848999,-0.19636137783527374,-0.29692745208740234,-0.30274736881256104,-0.30101314187049866,0.30168822407722473
colbench_backend_programming,878,0.6011406183242798,-0.19675415754318237,-0.2972504198551178,-0.30233821272850037,-0.30081722140312195,0.30184897780418396
colbench_backend_programming,522,0.6011015772819519,0.19629965722560883,0.2964746952056885,0.30217206478118896,0.3019425868988037,-0.3015768229961395
colbench_backend_programming,542,0.6009684801101685,-0.19857360422611237,-0.2963152527809143,-0.30239763855934143,-0.3019585609436035,0.3012259602546692
colbench_backend_programming,529,0.6007786393165588,-0.19736091792583466,-0.29539111256599426,-0.30276617407798767,-0.3027994930744171,0.3005397915840149
colbench_backend_programming,839,0.6007723212242126,-0.19363625347614288,-0.29693323373794556,-0.3015059530735016,-0.30109915137290955,0.3019793629646301
colbench_backend_programming,142,0.6007172465324402,0.19494681060314178,0.2963297963142395,0.3012102246284485,0.3013380765914917,-0.302518755197525
colbench_backend_programming,420,0.6006715893745422,-0.1967371553182602,-0.296509325504303,-0.3018765151500702,-0.3016505837440491,0.3012741208076477
colbench_backend_programming,642,0.6006693243980408,-0.1940946877002716,-0.29587408900260925,-0.30199119448661804,-0.30126798152923584,0.30216068029403687
colbench_backend_programming,981,0.6006500124931335,-0.1946466863155365,-0.2961312532424927,-0.3025939166545868,-0.3006691634654999,0.3018636703491211
colbench_backend_programming,573,0.6005733013153076,0.1945134848356247,0.2963331937789917,0.30233287811279297,0.3013748228549957,-0.3010696470737457
colbench_backend_programming,191,0.6005107760429382,-0.1969676911830902,-0.2971065938472748,-0.3017136752605438,-0.3002036213874817,0.30197277665138245
colbench_backend_programming,898,0.6004486680030823,-0.19412948191165924,-0.29654595255851746,-0.30181336402893066,-0.30072370171546936,0.30178311467170715
colbench_backend_programming,720,0.6003826260566711,-0.19537191092967987,-0.2967851758003235,-0.30029672384262085,-0.30190956592559814,0.30174559354782104
colbench_backend_programming,128,0.6002405881881714,-0.1964643895626068,-0.2960253953933716,-0.30329522490501404,-0.29909828305244446,0.30200979113578796
colbench_backend_programming,102,0.5999647378921509,-0.1936972439289093,-0.2953518331050873,-0.30198436975479126,-0.30101478099823,0.30153030157089233
colbench_backend_programming,609,0.5996390581130981,-0.19609686732292175,-0.295768141746521,-0.30170977115631104,-0.3010594844818115,0.3007034957408905
colbench_backend_programming,60,0.5995635986328125,-0.19531792402267456,-0.2958424389362335,-0.3016281723976135,-0.30078309774398804,0.300838440656662
colbench_backend_programming,218,0.5994991064071655,-0.1976679116487503,-0.296610563993454,-0.30207905173301697,-0.30201026797294617,0.2982606887817383
colbench_backend_programming,188,0.5986390113830566,-0.19623903930187225,-0.29531770944595337,-0.3012615144252777,-0.2996852993965149,0.30097559094429016
colbench_backend_programming,197,0.5975340008735657,-0.19579409062862396,-0.2950376272201538,-0.3005567789077759,-0.2997753918170929,0.29966655373573303
colbench_backend_programming,171,0.4286785125732422,0.13524043560028076,0.26164108514785767,0.20099131762981415,0.17983748018741608,-0.20632541179656982
colbench_backend_programming,863,0.42600810527801514,-0.13393771648406982,-0.2623380422592163,-0.19773884117603302,-0.1752101629972458,0.20703236758708954
colbench_backend_programming,722,0.42593804001808167,0.13840530812740326,0.2647024095058441,0.19781513512134552,0.17236202955245972,-0.2061949074268341
colbench_backend_programming,841,0.42526775598526,0.13931787014007568,0.2599281370639801,0.1950945407152176,0.17323146760463715,-0.21264760196208954
colbench_backend_programming,268,0.4245895445346832,0.1393682360649109,0.26241448521614075,0.19356559216976166,0.17810042202472687,-0.20549337565898895
colbench_backend_programming,781,0.4236101806163788,0.13751521706581116,0.2633253335952759,0.19484347105026245,0.1766548901796341,-0.20232261717319489
colbench_backend_programming,764,0.4231065511703491,0.13445764780044556,0.26235923171043396,0.1951638013124466,0.17363660037517548,-0.20481263101100922
colbench_backend_programming,605,0.4216676950454712,0.13353796303272247,0.2600303590297699,0.1961509734392166,0.17555008828639984,-0.20222465693950653
colbench_backend_programming,354,0.4200614094734192,0.1363566666841507,0.2592300474643707,0.19651512801647186,0.16916382312774658,-0.20497991144657135
colbench_backend_programming,840,0.41866594552993774,0.13349632918834686,0.25967514514923096,0.1961418092250824,0.176709845662117,-0.19532537460327148
colbench_backend_programming,778,0.4184693992137909,0.13008324801921844,0.25687533617019653,0.19370366632938385,0.1743188351392746,-0.20303578674793243
colbench_backend_programming,255,0.41845589876174927,0.13440853357315063,0.25015875697135925,0.19916492700576782,0.17701952159404755,-0.20377281308174133
colbench_backend_programming,148,0.41772860288619995,0.13558785617351532,0.2561267614364624,0.1950092315673828,0.17175284028053284,-0.20339278876781464
colbench_backend_programming,341,0.4175070822238922,0.13434650003910065,0.261304646730423,0.18954633176326752,0.17340652644634247,-0.20008599758148193
colbench_backend_programming,326,0.41723501682281494,-0.13913337886333466,-0.2542789876461029,-0.18023063242435455,-0.1676793098449707,0.22097021341323853
colbench_backend_programming,364,0.417180597782135,-0.1398298293352127,-0.2548103332519531,-0.17616720497608185,-0.17273518443107605,0.21963384747505188
colbench_backend_programming,190,0.4163576662540436,0.14065177738666534,0.2511551082134247,0.18049383163452148,0.17093269526958466,-0.22017902135849
colbench_backend_programming,186,0.41623908281326294,0.13369548320770264,0.2540539801120758,0.19600322842597961,0.1700795590877533,-0.20338931679725647
colbench_backend_programming,695,0.4158589541912079,-0.13068482279777527,-0.2568639814853668,-0.19385121762752533,-0.17052693665027618,0.2007531225681305
colbench_backend_programming,103,0.415519654750824,-0.15171483159065247,-0.1605035811662674,-0.1886296570301056,-0.2881118655204773,0.1682426780462265
colbench_backend_programming,823,0.4154711961746216,0.13639286160469055,0.2534722089767456,0.19420526921749115,0.17202670872211456,-0.2026309221982956
colbench_backend_programming,740,0.41521453857421875,0.13009662926197052,0.25953376293182373,0.18993104994297028,0.17282536625862122,-0.19774459302425385
colbench_backend_programming,532,0.4135136604309082,-0.1327013075351715,-0.2549956738948822,-0.19274790585041046,-0.17209282517433167,0.19799764454364777
colbench_backend_programming,812,0.413309246301651,0.12866461277008057,0.25691381096839905,0.19263672828674316,0.17026489973068237,-0.19677595794200897
colbench_backend_programming,870,0.41294965147972107,0.1323528289794922,0.25966930389404297,0.19142542779445648,0.171202152967453,-0.19273139536380768
colbench_backend_programming,55,0.4128568768501282,0.14064140617847443,0.2508711516857147,0.17289884388446808,0.17220444977283478,-0.21901163458824158
colbench_backend_programming,607,0.41238173842430115,-0.13348589837551117,-0.24324695765972137,-0.19577674567699432,-0.1753380298614502,0.20449364185333252
colbench_backend_programming,145,0.4115506112575531,0.12989656627178192,0.2574068009853363,0.19202595949172974,0.16890555620193481,-0.19419732689857483
colbench_backend_programming,166,0.411449670791626,-0.1500478833913803,-0.15803909301757812,-0.1860400140285492,-0.2858376204967499,0.16733336448669434
colbench_backend_programming,272,0.41139575839042664,-0.13668878376483917,-0.24978263676166534,-0.17887133359909058,-0.16724637150764465,0.2165382355451584
colbench_backend_programming,935,0.41068053245544434,0.13956201076507568,0.24636755883693695,0.17676612734794617,0.17019246518611908,-0.2185172587633133
colbench_backend_programming,244,0.40998923778533936,-0.1394156962633133,-0.25116267800331116,-0.17783123254776,-0.169321209192276,0.21145892143249512
colbench_backend_programming,592,0.4095553457736969,0.13609442114830017,0.24680480360984802,0.17700204253196716,0.16653603315353394,-0.2185383439064026
colbench_backend_programming,212,0.4093381464481354,0.13927389681339264,0.2493547946214676,0.18056955933570862,0.1698707789182663,-0.20956729352474213
colbench_backend_programming,366,0.40885740518569946,-0.13063499331474304,-0.2523682415485382,-0.19018901884555817,-0.16710084676742554,0.1984441727399826
colbench_backend_programming,450,0.4086261987686157,0.13623379170894623,0.24527741968631744,0.17682309448719025,0.16729943454265594,-0.21807990968227386
colbench_backend_programming,82,0.40832704305648804,-0.1500793993473053,-0.15754663944244385,-0.18627044558525085,-0.28063997626304626,0.16868475079536438
colbench_backend_programming,995,0.40829798579216003,0.13272659480571747,0.25238144397735596,0.19253507256507874,0.1699872761964798,-0.19247189164161682
colbench_backend_programming,738,0.40803200006484985,0.13484443724155426,0.24826794862747192,0.17702777683734894,0.16160689294338226,-0.2177097350358963
colbench_backend_programming,854,0.40744900703430176,-0.15381233394145966,-0.1591569036245346,-0.17940913140773773,-0.283020555973053,0.16850964725017548
colbench_backend_programming,389,0.40699222683906555,0.13179896771907806,0.2542744576931,0.18636199831962585,0.1668308675289154,-0.19602003693580627
colbench_backend_programming,87,0.40695542097091675,0.13422292470932007,0.259764701128006,0.18057885766029358,0.17550942301750183,-0.18634033203125
colbench_backend_programming,372,0.4066775441169739,-0.15151581168174744,-0.1732180118560791,-0.18090714514255524,-0.21813605725765228,0.23467297852039337
colbench_backend_programming,920,0.40664130449295044,-0.13902810215950012,-0.2432471364736557,-0.18146346509456635,-0.1637263149023056,0.21552886068820953
colbench_backend_programming,638,0.4063395857810974,0.13632549345493317,0.2410041093826294,0.17659923434257507,0.16732999682426453,-0.21872872114181519
colbench_backend_programming,165,0.4060453772544861,-0.15093941986560822,-0.15414562821388245,-0.18710437417030334,-0.27979159355163574,0.1667950600385666
colbench_backend_programming,986,0.40600812435150146,-0.13576433062553406,-0.23991437256336212,-0.17675454914569855,-0.16651983559131622,0.2198014259338379
colbench_backend_programming,699,0.40508365631103516,0.14994725584983826,0.15810707211494446,0.1833968162536621,0.27944639325141907,-0.16543960571289062
colbench_backend_programming,568,0.40470993518829346,0.12633468210697174,0.25276970863342285,0.18601125478744507,0.16531173884868622,-0.19485753774642944
colbench_backend_programming,619,0.4046604037284851,-0.1440255343914032,-0.1525915116071701,-0.18879811465740204,-0.27684032917022705,0.16787070035934448
colbench_backend_programming,115,0.4045391380786896,0.14907057583332062,0.15533025562763214,0.18755070865154266,0.28482306003570557,-0.15239745378494263
colbench_backend_programming,691,0.4043622314929962,-0.14889684319496155,-0.18017196655273438,-0.21686860918998718,-0.20183444023132324,0.2080330103635788
colbench_backend_programming,927,0.4043526351451874,-0.14752896130084991,-0.18153448402881622,-0.21097104251384735,-0.20525316894054413,0.20954391360282898
colbench_backend_programming,572,0.40426328778266907,-0.15633414685726166,-0.16384868323802948,-0.24651102721691132,-0.19963963329792023,0.18962796032428741
colbench_backend_programming,588,0.40421685576438904,0.1364520788192749,0.24807195365428925,0.16564269363880157,0.16563844680786133,-0.21674402058124542
colbench_backend_programming,914,0.4041115343570709,-0.14788812398910522,-0.1681230366230011,-0.2397848218679428,-0.20093779265880585,0.19279010593891144
colbench_backend_programming,507,0.40406107902526855,-0.13972635567188263,-0.2473633736371994,-0.1727025955915451,-0.1694902777671814,0.2086230218410492
colbench_backend_programming,321,0.4037132263183594,-0.1470421999692917,-0.15402963757514954,-0.1837811917066574,-0.28127148747444153,0.1623886078596115
colbench_backend_programming,201,0.40365707874298096,0.12734846770763397,0.2525779604911804,0.18774354457855225,0.1649642437696457,-0.19152696430683136
colbench_backend_programming,922,0.40361452102661133,0.13795720040798187,0.24713134765625,0.16896630823612213,0.1657198667526245,-0.21405161917209625
colbench_backend_programming,821,0.4035535752773285,0.13803888857364655,0.24516333639621735,0.17861832678318024,0.167917400598526,-0.20651796460151672
colbench_backend_programming,794,0.40345215797424316,-0.1473892629146576,-0.1544656902551651,-0.18551531434059143,-0.2780013382434845,0.16496457159519196
colbench_backend_programming,19,0.40327343344688416,0.12757377326488495,0.2536372244358063,0.1911117285490036,0.16732914745807648,-0.18377940356731415
colbench_backend_programming,583,0.403125137090683,-0.14921437203884125,-0.15358126163482666,-0.17832480370998383,-0.28102678060531616,0.16777032613754272
colbench_backend_programming,949,0.4030572474002838,-0.14714376628398895,-0.17997689545154572,-0.21567319333553314,-0.2033521980047226,0.205417662858963
colbench_backend_programming,292,0.4028889238834381,-0.15248379111289978,-0.1658547818660736,-0.17575959861278534,-0.21683348715305328,0.2385445237159729
colbench_backend_programming,869,0.40280354022979736,0.14892460405826569,0.15353131294250488,0.17934077978134155,0.2813759446144104,-0.1653580367565155
colbench_backend_programming,38,0.4027289152145386,-0.14815908670425415,-0.16867680847644806,-0.17488887906074524,-0.21263155341148376,0.2407081574201584
colbench_backend_programming,395,0.40253254771232605,-0.1563064157962799,-0.1646253615617752,-0.24859540164470673,-0.1870746612548828,0.19528010487556458
colbench_backend_programming,421,0.402503103017807,-0.1521093249320984,-0.21147675812244415,-0.19383345544338226,-0.19006812572479248,0.20877987146377563
colbench_backend_programming,684,0.4024699032306671,-0.14609752595424652,-0.18001724779605865,-0.21363434195518494,-0.20205898582935333,0.20762550830841064
colbench_backend_programming,845,0.4024323523044586,-0.1391247808933258,-0.24684898555278778,-0.17082305252552032,-0.16841623187065125,0.20850145816802979
colbench_backend_programming,297,0.4023742377758026,0.14889951050281525,0.17994000017642975,0.21502642333507538,0.20119665563106537,-0.20690618455410004
colbench_backend_programming,1,0.4022475779056549,0.13536420464515686,0.24101997911930084,0.17490895092487335,0.16687607765197754,-0.2127714902162552
colbench_backend_programming,337,0.402180016040802,-0.1458699107170105,-0.14953459799289703,-0.17856216430664062,-0.280331552028656,0.17005278170108795
colbench_backend_programming,30,0.4020955264568329,-0.1522558331489563,-0.15981438755989075,-0.19113406538963318,-0.27393588423728943,0.15673887729644775
colbench_backend_programming,73,0.40195074677467346,0.13167639076709747,0.2369401603937149,0.1854526251554489,0.1752033829689026,-0.20083539187908173
colbench_backend_programming,595,0.4018740952014923,-0.15600323677062988,-0.16763997077941895,-0.24088284373283386,-0.20004697144031525,0.18803268671035767
colbench_backend_programming,200,0.40136826038360596,-0.14647769927978516,-0.15248744189739227,-0.18152639269828796,-0.27894219756126404,0.16457058489322662
colbench_backend_programming,358,0.4010103642940521,0.14921356737613678,0.17706216871738434,0.21674902737140656,0.2035141885280609,-0.20263302326202393
colbench_backend_programming,876,0.40078797936439514,0.12633290886878967,0.25064945220947266,0.18602979183197021,0.16201022267341614,-0.19222760200500488
colbench_backend_programming,735,0.4001384675502777,-0.1482018083333969,-0.16859669983386993,-0.2353992462158203,-0.19712206721305847,0.19343219697475433
colbench_backend_programming,271,0.4001236855983734,0.1291380673646927,0.250371515750885,0.18869486451148987,0.165389746427536,-0.18561668694019318
colbench_backend_programming,868,0.40002310276031494,0.135721355676651,0.23734630644321442,0.17517583072185516,0.16509616374969482,-0.21387352049350739
colbench_backend_programming,269,0.3999073803424835,0.14912503957748413,0.16139565408229828,0.1716650277376175,0.2180279642343521,-0.23847907781600952
colbench_backend_programming,426,0.3996990919113159,-0.15020795166492462,-0.18222276866436005,-0.21128685772418976,-0.20124949514865875,0.2034962773323059
colbench_backend_programming,537,0.39968934655189514,0.1556905061006546,0.1596992164850235,0.2445794641971588,0.19980938732624054,-0.18575477600097656
colbench_backend_programming,418,0.399672269821167,-0.14406482875347137,-0.1821274310350418,-0.20819967985153198,-0.20106860995292664,0.20686182379722595
colbench_backend_programming,625,0.3995397686958313,-0.15072456002235413,-0.17018935084342957,-0.17315822839736938,-0.21201761066913605,0.23607702553272247
colbench_backend_programming,459,0.3991895914077759,-0.14780616760253906,-0.21501265466213226,-0.18937644362449646,-0.18423229455947876,0.2081271857023239
colbench_backend_programming,371,0.39908507466316223,-0.14818018674850464,-0.1684025079011917,-0.23711010813713074,-0.19856597483158112,0.18777599930763245
colbench_backend_programming,331,0.3990021347999573,0.14010155200958252,0.2418362945318222,0.1690242737531662,0.16513033211231232,-0.2118506133556366
colbench_backend_programming,708,0.39893510937690735,-0.1474553346633911,-0.16397742927074432,-0.23563139140605927,-0.19893339276313782,0.19277961552143097
colbench_backend_programming,526,0.3988969326019287,-0.1448860615491867,-0.15144619345664978,-0.18181297183036804,-0.27745410799980164,0.16169744729995728
colbench_backend_programming,238,0.39883002638816833,-0.14517642557621002,-0.15206527709960938,-0.1808207631111145,-0.27767908573150635,0.16167785227298737
colbench_backend_programming,744,0.39878368377685547,0.14181910455226898,0.17393210530281067,0.21360793709754944,0.20108075439929962,-0.2066742181777954
colbench_backend_programming,624,0.398776650428772,-0.14463883638381958,-0.1505720466375351,-0.184382364153862,-0.27457016706466675,0.16421093046665192
colbench_backend_programming,471,0.39833763241767883,-0.14735616743564606,-0.1806529462337494,-0.21390412747859955,-0.20004776120185852,0.2006571739912033
colbench_backend_programming,762,0.39810359477996826,-0.1510562300682068,-0.16626498103141785,-0.17481398582458496,-0.21043892204761505,0.2366388738155365
colbench_backend_programming,775,0.39809009432792664,-0.14610671997070312,-0.15212129056453705,-0.17769595980644226,-0.276770681142807,0.1647936999797821
colbench_backend_programming,846,0.3978043496608734,-0.1544620543718338,-0.15703539550304413,-0.24637016654014587,-0.1970759481191635,0.1845291405916214
colbench_backend_programming,601,0.39759740233421326,0.14585892856121063,0.17890565097332,0.2127806544303894,0.20076236128807068,-0.20123451948165894
colbench_backend_programming,460,0.3975115716457367,-0.14150728285312653,-0.17928344011306763,-0.2100633680820465,-0.19945071637630463,0.20485533773899078
colbench_backend_programming,835,0.39736461639404297,-0.14552035927772522,-0.15129412710666656,-0.1816864162683487,-0.27722764015197754,0.15856730937957764
colbench_backend_programming,435,0.39716506004333496,-0.1459374725818634,-0.17788144946098328,-0.2125665247440338,-0.1998647302389145,0.20240511000156403
colbench_backend_programming,376,0.3968980610370636,-0.14603742957115173,-0.16926102340221405,-0.1742354929447174,-0.2085782140493393,0.23455466330051422
colbench_backend_programming,262,0.39681005477905273,-0.15563693642616272,-0.16222475469112396,-0.2415710836648941,-0.19825954735279083,0.18296965956687927
colbench_backend_programming,375,0.3966792821884155,-0.14798302948474884,-0.16856038570404053,-0.23627658188343048,-0.1934049129486084,0.18897025287151337
colbench_backend_programming,734,0.39652755856513977,0.13691657781600952,0.2402932494878769,0.17060180008411407,0.16224344074726105,-0.20991747081279755
colbench_backend_programming,594,0.3964487314224243,-0.1467893272638321,-0.16968664526939392,-0.17146652936935425,-0.21119612455368042,0.23318122327327728
colbench_backend_programming,937,0.3963589668273926,-0.1622724086046219,-0.16919612884521484,-0.24587662518024445,-0.193171888589859,0.17522107064723969
colbench_backend_programming,350,0.39615577459335327,-0.147679403424263,-0.17341913282871246,-0.1704423874616623,-0.20111683011054993,0.2395133078098297
colbench_backend_programming,413,0.396097868680954,-0.14684686064720154,-0.1802259385585785,-0.21372053027153015,-0.1939021497964859,0.20282413065433502
colbench_backend_programming,320,0.395809531211853,-0.15455885231494904,-0.16886311769485474,-0.1765134334564209,-0.21289117634296417,0.2273121029138565
colbench_backend_programming,404,0.39578673243522644,-0.1428789347410202,-0.16523173451423645,-0.23142321407794952,-0.1980905532836914,0.19117803871631622
colbench_backend_programming,824,0.39563292264938354,-0.1449163556098938,-0.17870867252349854,-0.20354770123958588,-0.1997198611497879,0.20801180601119995
colbench_backend_programming,477,0.3955003321170807,-0.14105133712291718,-0.17527474462985992,-0.2116362750530243,-0.19932377338409424,0.20292706787586212
colbench_backend_programming,557,0.3952823281288147,-0.1502005010843277,-0.16943715512752533,-0.17917686700820923,-0.2114623486995697,0.2252076268196106
colbench_backend_programming,508,0.3952244520187378,0.14376983046531677,0.16298404335975647,0.2333119809627533,0.19719228148460388,-0.1905762106180191
colbench_backend_programming,443,0.39460864663124084,0.14616279304027557,0.16618549823760986,0.1712484359741211,0.20988139510154724,-0.2339276373386383
colbench_backend_programming,475,0.39450713992118835,0.14318342506885529,0.14562362432479858,0.18086999654769897,0.2745198607444763,-0.16234080493450165
colbench_backend_programming,584,0.3941994309425354,-0.14644823968410492,-0.16377434134483337,-0.17425872385501862,-0.21152760088443756,0.23121662437915802
colbench_backend_programming,181,0.3941723108291626,-0.1431751847267151,-0.17530222237110138,-0.21277911961078644,-0.19600243866443634,0.2023586928844452
colbench_backend_programming,905,0.39408639073371887,-0.1475822627544403,-0.2134588062763214,-0.18596412241458893,-0.18384183943271637,0.20336897671222687
colbench_backend_programming,100,0.3939574062824249,-0.14167286455631256,-0.17577476799488068,-0.2108825296163559,-0.19454467296600342,0.20490635931491852
colbench_backend_programming,780,0.39391517639160156,-0.14694613218307495,-0.16401349008083344,-0.23063820600509644,-0.19681574404239655,0.19062615931034088
colbench_backend_programming,612,0.39375564455986023,-0.1410030722618103,-0.17758038640022278,-0.20987986028194427,-0.1964079737663269,0.20219558477401733
colbench_backend_programming,44,0.39363545179367065,0.14925728738307953,0.17964549362659454,0.2074347287416458,0.19883513450622559,-0.20027926564216614
colbench_backend_programming,707,0.3935326933860779,-0.15097758173942566,-0.2124403566122055,-0.18720398843288422,-0.18338876962661743,0.20263342559337616
colbench_backend_programming,730,0.39347314834594727,0.13900057971477509,0.23994749784469604,0.17447519302368164,0.14938929677009583,-0.21092075109481812
colbench_backend_programming,826,0.39329034090042114,-0.14613360166549683,-0.17373968660831451,-0.21307827532291412,-0.19511322677135468,0.20253467559814453
colbench_backend_programming,428,0.3932860791683197,0.14053688943386078,0.175287663936615,0.21120668947696686,0.2010158896446228,-0.19731324911117554
colbench_backend_programming,127,0.39322981238365173,0.1537175178527832,0.1650492250919342,0.2410811483860016,0.18878740072250366,-0.18337836861610413
colbench_backend_programming,541,0.3931436836719513,-0.14488810300827026,-0.16299456357955933,-0.23449289798736572,-0.19315488636493683,0.18894179165363312
colbench_backend_programming,692,0.3929334282875061,-0.14298376441001892,-0.17513269186019897,-0.20838215947151184,-0.19828233122825623,0.20245049893856049
colbench_backend_programming,683,0.3928825855255127,0.1513739377260208,0.2145785093307495,0.18115976452827454,0.18462792038917542,-0.20348575711250305
colbench_backend_programming,316,0.3927915394306183,-0.1478753387928009,-0.1745767593383789,-0.2034936249256134,-0.2003643959760666,0.20555438101291656
colbench_backend_programming,399,0.39251264929771423,-0.14556485414505005,-0.16344860196113586,-0.17250779271125793,-0.21008040010929108,0.2312098741531372
colbench_backend_programming,365,0.3923860788345337,-0.14266879856586456,-0.1667184978723526,-0.16651467978954315,-0.20813842117786407,0.23478297889232635
colbench_backend_programming,671,0.39235907793045044,-0.14744238555431366,-0.16234351694583893,-0.17398399114608765,-0.20700712502002716,0.23338347673416138
colbench_backend_programming,474,0.3921574056148529,-0.14483638107776642,-0.16569751501083374,-0.23337753117084503,-0.19628560543060303,0.18258872628211975
colbench_backend_programming,432,0.3921527862548828,0.15618197619915009,0.15691706538200378,0.24646441638469696,0.19086062908172607,-0.1788529008626938
colbench_backend_programming,777,0.39202818274497986,-0.15550698339939117,-0.16293421387672424,-0.23206393420696259,-0.19749285280704498,0.18515251576900482
colbench_backend_programming,703,0.3920164406299591,-0.1554785817861557,-0.2120504528284073,-0.1898886263370514,-0.18668662011623383,0.19442713260650635
colbench_backend_programming,211,0.39200225472450256,-0.14223411679267883,-0.17719706892967224,-0.21023152768611908,-0.19548112154006958,0.19964167475700378
colbench_backend_programming,120,0.39178207516670227,-0.15331080555915833,-0.15769413113594055,-0.2385581135749817,-0.19364291429519653,0.1849815994501114
colbench_backend_programming,67,0.39142492413520813,-0.12149035185575485,-0.24605248868465424,-0.18108215928077698,-0.15811540186405182,0.1867629736661911
colbench_backend_programming,221,0.39141109585762024,-0.14276652038097382,-0.17105142772197723,-0.20636601746082306,-0.2012448012828827,0.20213273167610168
colbench_backend_programming,657,0.39137324690818787,0.14815211296081543,0.21162302792072296,0.18566447496414185,0.1844034194946289,-0.1997818648815155
colbench_backend_programming,940,0.3913254737854004,-0.14697955548763275,-0.16395744681358337,-0.23527905344963074,-0.19720925390720367,0.178901806473732
colbench_backend_programming,896,0.39113372564315796,-0.15012875199317932,-0.21011289954185486,-0.1848442703485489,-0.18306569755077362,0.20287364721298218
colbench_backend_programming,674,0.39061009883880615,-0.14100810885429382,-0.1613403856754303,-0.22824148833751678,-0.1935490220785141,0.19232816994190216
colbench_backend_programming,991,0.39055579900741577,-0.1411633938550949,-0.14393723011016846,-0.17695051431655884,-0.27509605884552,0.15756450593471527
colbench_backend_programming,884,0.3903024196624756,-0.14898963272571564,-0.21228265762329102,-0.1880052089691162,-0.18374134600162506,0.19535918533802032
colbench_backend_programming,173,0.3902049958705902,0.12872657179832458,0.24096132814884186,0.16527114808559418,0.1552995890378952,-0.20679716765880585
colbench_backend_programming,379,0.38992437720298767,-0.14744941890239716,-0.1657383292913437,-0.17192837595939636,-0.20979104936122894,0.22583217918872833
colbench_backend_programming,862,0.3897087275981903,-0.15133288502693176,-0.15623846650123596,-0.23668541014194489,-0.193610280752182,0.18427561223506927
colbench_backend_programming,655,0.3896717131137848,-0.1434338539838791,-0.14730291068553925,-0.17042961716651917,-0.2755972743034363,0.15857428312301636
colbench_backend_programming,468,0.38964033126831055,-0.14426152408123016,-0.16292156279087067,-0.16915491223335266,-0.2056955248117447,0.2331354171037674
colbench_backend_programming,525,0.389144629240036,-0.14754003286361694,-0.2072254866361618,-0.18007491528987885,-0.18233759701251984,0.20692309737205505
colbench_backend_programming,223,0.38906431198120117,-0.15355779230594635,-0.15959355235099792,-0.2363508641719818,-0.19181843101978302,0.182331845164299
colbench_backend_programming,748,0.3886946439743042,0.1455356776714325,0.208557590842247,0.18546780943870544,0.18177740275859833,-0.20036450028419495
colbench_backend_programming,123,0.388672411441803,-0.1429438292980194,-0.17531809210777283,-0.20814959704875946,-0.19563299417495728,0.19680263102054596
colbench_backend_programming,387,0.3885706961154938,-0.1511314958333969,-0.15787342190742493,-0.2358648180961609,-0.19236645102500916,0.18282803893089294
colbench_backend_programming,751,0.38854560256004333,0.14493978023529053,0.16156071424484253,0.16989845037460327,0.2075909823179245,-0.23001372814178467
colbench_backend_programming,220,0.38840198516845703,-0.15199868381023407,-0.16018615663051605,-0.23623239994049072,-0.19041113555431366,0.18202842772006989
colbench_backend_programming,289,0.3882294297218323,-0.14455546438694,-0.1658012419939041,-0.16849753260612488,-0.20511774718761444,0.2297114133834839
colbench_backend_programming,921,0.38819196820259094,-0.1437818855047226,-0.16187110543251038,-0.22703833878040314,-0.19313327968120575,0.18879584968090057
colbench_backend_programming,39,0.3878001868724823,-0.1503787785768509,-0.15922392904758453,-0.23548823595046997,-0.19251054525375366,0.18033775687217712
colbench_backend_programming,916,0.38761815428733826,-0.15590034425258636,-0.15653786063194275,-0.23940469324588776,-0.19153936207294464,0.1781623363494873
colbench_backend_programming,344,0.38745352625846863,-0.15182453393936157,-0.15775497257709503,-0.23526182770729065,-0.19282223284244537,0.18084542453289032
colbench_backend_programming,915,0.38685429096221924,0.13904570043087006,0.17517296969890594,0.2075081169605255,0.19643819332122803,-0.19319187104701996
colbench_backend_programming,531,0.38667625188827515,0.1387948989868164,0.16013847291469574,0.2283705770969391,0.19074326753616333,-0.18798424303531647
colbench_backend_programming,656,0.386633962392807,-0.15059582889080048,-0.1589570939540863,-0.2339206486940384,-0.18998034298419952,0.18277603387832642
colbench_backend_programming,501,0.3858780562877655,-0.15229879319667816,-0.15751591324806213,-0.2315518856048584,-0.1885087937116623,0.1869191974401474
colbench_backend_programming,853,0.38585183024406433,-0.15234267711639404,-0.16062431037425995,-0.2347104549407959,-0.1940436065196991,0.17418251931667328
colbench_backend_programming,844,0.3856227397918701,-0.14770543575286865,-0.20894229412078857,-0.1811385303735733,-0.1799411028623581,0.1996448040008545
colbench_backend_programming,315,0.3852176368236542,-0.14250962436199188,-0.1611746847629547,-0.1718878597021103,-0.19938698410987854,0.2304663211107254
colbench_backend_programming,5,0.38516074419021606,-0.1455443650484085,-0.21147800981998444,-0.1824219673871994,-0.17688634991645813,0.1976342499256134
colbench_backend_programming,187,0.38507938385009766,0.1417529284954071,0.1724727600812912,0.2037411779165268,0.19361276924610138,-0.198853999376297
colbench_backend_programming,318,0.3848475515842438,-0.14837133884429932,-0.2097938507795334,-0.17907817661762238,-0.17881371080875397,0.20012710988521576
colbench_backend_programming,380,0.38475945591926575,-0.1490769386291504,-0.15173643827438354,-0.2329792082309723,-0.1924363225698471,0.18358881771564484
colbench_backend_programming,952,0.3843703866004944,-0.14317284524440765,-0.15687528252601624,-0.22957074642181396,-0.19044195115566254,0.1848239004611969
colbench_backend_programming,598,0.38428598642349243,-0.14601437747478485,-0.16269344091415405,-0.17017072439193726,-0.207780122756958,0.22153082489967346
colbench_backend_programming,771,0.38413068652153015,-0.1463053673505783,-0.20504671335220337,-0.18283958733081818,-0.17870090901851654,0.2003694474697113
colbench_backend_programming,851,0.3841066360473633,-0.1432633101940155,-0.20879864692687988,-0.18158116936683655,-0.17229604721069336,0.2031831294298172
colbench_backend_programming,521,0.3837467133998871,-0.14598315954208374,-0.15719716250896454,-0.23191802203655243,-0.18973523378372192,0.18101146817207336
colbench_backend_programming,386,0.3825892210006714,0.14630867540836334,0.17266137897968292,0.20654840767383575,0.19348978996276855,-0.19095028936862946
colbench_backend_programming,282,0.38225558400154114,-0.14486272633075714,-0.20770232379436493,-0.18035653233528137,-0.1764889508485794,0.19824795424938202
colbench_backend_programming,815,0.3817931115627289,-0.1411363035440445,-0.1608087569475174,-0.1636730283498764,-0.20423869788646698,0.22672496736049652
colbench_backend_programming,983,0.38178253173828125,0.14204883575439453,0.17356997728347778,0.20405301451683044,0.19215328991413116,-0.19253790378570557
colbench_backend_programming,286,0.38109639286994934,0.14957454800605774,0.20367217063903809,0.18216769397258759,0.17909833788871765,-0.1961907595396042
colbench_backend_programming,492,0.3804536759853363,0.12662972509860992,0.2333260029554367,0.16355325281620026,0.15164723992347717,-0.20138871669769287
colbench_backend_programming,481,0.37975966930389404,-0.13847337663173676,-0.15521661937236786,-0.22837665677070618,-0.1872580200433731,0.1813938468694687
colbench_backend_programming,856,0.379499614238739,-0.14256340265274048,-0.14916977286338806,-0.24375006556510925,-0.18299591541290283,0.16990214586257935
colbench_backend_programming,569,0.37924641370773315,-0.14920955896377563,-0.15861910581588745,-0.22489915788173676,-0.191910058259964,0.17680135369300842
colbench_backend_programming,33,0.3791128098964691,0.13877055048942566,0.207576185464859,0.1798270344734192,0.1788223832845688,-0.19058707356452942
colbench_backend_programming,690,0.3777344226837158,-0.14368993043899536,-0.15850473940372467,-0.15827126801013947,-0.20001180469989777,0.2291397601366043
colbench_backend_programming,705,0.37732183933258057,-0.143673837184906,-0.20572061836719513,-0.18009792268276215,-0.17743578553199768,0.19008438289165497
colbench_backend_programming,729,0.37699660658836365,-0.14643335342407227,-0.2045906037092209,-0.16997244954109192,-0.1765497624874115,0.20052102208137512
colbench_backend_programming,577,0.37650877237319946,-0.13820698857307434,-0.16728916764259338,-0.20330795645713806,-0.18772435188293457,0.19286945462226868
colbench_backend_programming,889,0.37614911794662476,-0.14582426846027374,-0.20144210755825043,-0.17700618505477905,-0.1753968596458435,0.19701264798641205
colbench_backend_programming,564,0.3756081163883209,-0.13470199704170227,-0.15769825875759125,-0.22121497988700867,-0.18006061017513275,0.1866944432258606
colbench_backend_programming,283,0.3745705485343933,0.1346726417541504,0.1642208993434906,0.2021556794643402,0.18821309506893158,-0.19246691465377808
colbench_backend_programming,979,0.3712043762207031,-0.13646122813224792,-0.15522655844688416,-0.16123458743095398,-0.19569328427314758,0.22227224707603455
colbench_backend_programming,623,0.36995643377304077,-0.13665789365768433,-0.14880238473415375,-0.22214943170547485,-0.18580959737300873,0.17564177513122559
colbench_backend_programming,235,0.36832961440086365,-0.1452476531267166,-0.14707577228546143,-0.22608895599842072,-0.1813897341489792,0.17325401306152344
colbench_backend_programming,164,0.3657218813896179,-0.14174209535121918,-0.14360283315181732,-0.22551624476909637,-0.1826220452785492,0.17006565630435944
colbench_backend_programming,135,0.36468735337257385,-0.1344127058982849,-0.14969246089458466,-0.22050420939922333,-0.18016423285007477,0.17177823185920715
colbench_backend_programming,908,0.3597966134548187,-0.1452886462211609,-0.1401655524969101,-0.22557447850704193,-0.17831072211265564,0.16470776498317719
colbench_backend_programming,961,0.3596135973930359,-0.1310446560382843,-0.14848913252353668,-0.1532437652349472,-0.19447459280490875,0.21440355479717255
colbench_backend_programming,65,0.30032235383987427,0.078768290579319,0.2379300892353058,0.10147815197706223,0.06931186467409134,-0.13594426214694977
colbench_backend_programming,759,0.29687342047691345,0.07840362191200256,0.23476998507976532,0.09689635038375854,0.07362532615661621,-0.13493438065052032
colbench_backend_programming,527,0.29421159625053406,0.0758264884352684,0.22753793001174927,0.10101547837257385,0.06723620742559433,-0.1416408121585846
colbench_backend_programming,91,0.29312482476234436,0.07571273297071457,0.22430233657360077,0.09889091551303864,0.06714939326047897,-0.14602111279964447
colbench_backend_programming,258,0.29304826259613037,0.0774102732539177,0.23068274557590485,0.09733143448829651,0.056605059653520584,-0.1413690745830536
colbench_backend_programming,233,0.29207906126976013,0.07662919163703918,0.22960500419139862,0.08930855244398117,0.06771010905504227,-0.1415310800075531
colbench_backend_programming,798,0.2919335961341858,0.07497864216566086,0.22701214253902435,0.0947703942656517,0.06236916035413742,-0.14428918063640594
colbench_backend_programming,800,0.2879720628261566,0.0724089965224266,0.22590519487857819,0.09464763104915619,0.06169780343770981,-0.13831110298633575
colbench_backend_programming,93,0.2878705561161041,0.07242795825004578,0.22552119195461273,0.09687352925539017,0.06447591632604599,-0.13589709997177124
colbench_backend_programming,549,0.2870769202709198,0.07472971826791763,0.22742606699466705,0.09703390300273895,0.06570688635110855,-0.13022123277187347
colbench_backend_programming,415,0.2831237018108368,0.07471195608377457,0.22583931684494019,0.09175750613212585,0.06269290298223495,-0.1296371966600418
colbench_backend_programming,593,0.27941057085990906,0.0720713660120964,0.22365672886371613,0.08374135196208954,0.06046293303370476,-0.13183154165744781
colbench_backend_programming,53,0.27754828333854675,0.06796474009752274,0.22286881506443024,0.08624891191720963,0.056415338069200516,-0.12938688695430756
colbench_backend_programming,314,0.2755769193172455,-0.08880380541086197,-0.20537225902080536,-0.10604546219110489,-0.08059442043304443,0.12658503651618958
colbench_backend_programming,767,0.2752963602542877,0.06782510131597519,0.2177606076002121,0.0855848640203476,0.05588793009519577,-0.13386623561382294
colbench_backend_programming,467,0.27359941601753235,-0.10366345942020416,-0.0752805769443512,-0.1321392059326172,-0.20548871159553528,0.09748383611440659
colbench_backend_programming,412,0.2732788920402527,-0.1056855097413063,-0.06266914308071136,-0.149821475148201,-0.20381325483322144,0.08226553350687027
colbench_backend_programming,250,0.2723241448402405,0.09301257878541946,0.19294220209121704,0.09665586799383163,0.0779431015253067,-0.14668422937393188
colbench_backend_programming,611,0.27209052443504333,0.09305211156606674,0.19427675008773804,0.0921160876750946,0.07853695750236511,-0.1470930427312851
colbench_backend_programming,215,0.27001872658729553,0.08745104819536209,0.19495612382888794,0.10402697324752808,0.07950402796268463,-0.13326559960842133
colbench_backend_programming,726,0.26987433433532715,0.08868860453367233,0.19492563605308533,0.10927111655473709,0.08151158690452576,-0.12748268246650696
colbench_backend_programming,618,0.26895081996917725,0.08791998773813248,0.19926626980304718,0.1042010635137558,0.08199857175350189,-0.12266162782907486
colbench_backend_programming,346,0.2689294219017029,-0.10209192335605621,-0.062066126614809036,-0.146347776055336,-0.19768588244915009,0.0892941802740097
colbench_backend_programming,317,0.26870962977409363,0.08895111083984375,0.14720585942268372,0.10192641615867615,0.1762772649526596,-0.09525033831596375
colbench_backend_programming,902,0.2663491368293762,0.09576515108346939,0.18601521849632263,0.09457235038280487,0.0801302045583725,-0.1448289453983307
colbench_backend_programming,837,0.2658229470252991,0.09319967031478882,0.19055554270744324,0.09151967614889145,0.07782559841871262,-0.141130268573761
colbench_backend_programming,174,0.26540449261665344,0.08327219635248184,0.1653173416852951,0.13011376559734344,0.09592979401350021,-0.13029810786247253
colbench_backend_programming,417,0.26517894864082336,-0.10892360657453537,-0.05385619029402733,-0.14293096959590912,-0.19502608478069305,0.09463059902191162
colbench_backend_programming,534,0.264826238155365,0.08168307691812515,0.1961655169725418,0.10084202885627747,0.07617319375276566,-0.12522204220294952
colbench_backend_programming,217,0.26424434781074524,-0.09856168180704117,-0.05839027464389801,-0.14079026877880096,-0.19557492434978485,0.09134666621685028
colbench_backend_programming,368,0.26422181725502014,-0.08608724176883698,-0.19326730072498322,-0.10319223254919052,-0.07658743858337402,0.12627999484539032
colbench_backend_programming,169,0.26391032338142395,0.08337551355361938,0.1613149642944336,0.12792648375034332,0.09695934504270554,-0.13364070653915405
colbench_backend_programming,757,0.2629985809326172,-0.10271236300468445,-0.051052387803792953,-0.14455626904964447,-0.1966647058725357,0.08359658718109131
colbench_backend_programming,429,0.2620807886123657,-0.09866737574338913,-0.05854475498199463,-0.086990125477314,-0.20791275799274445,0.12026575952768326
colbench_backend_programming,213,0.26146697998046875,-0.10495023429393768,-0.05751077085733414,-0.13815629482269287,-0.19541089236736298,0.08823216706514359
colbench_backend_programming,664,0.2607612609863281,0.08848567306995392,0.18689584732055664,0.0891653448343277,0.07311736792325974,-0.14060501754283905
colbench_backend_programming,68,0.26071697473526,-0.09888240694999695,-0.05547701567411423,-0.1424701064825058,-0.19534353911876678,0.08024220913648605
colbench_backend_programming,604,0.25938400626182556,-0.08759573101997375,-0.15554893016815186,-0.1128825768828392,-0.09505122900009155,0.14597047865390778
colbench_backend_programming,236,0.259376585483551,-0.09193089604377747,-0.17879539728164673,-0.08671683818101883,-0.07642699033021927,0.14814695715904236
colbench_backend_programming,422,0.2592347264289856,-0.09473662078380585,-0.1372983753681183,-0.16251732409000397,-0.09824272990226746,0.11085255444049835
colbench_backend_programming,639,0.2587435841560364,-0.10201343148946762,-0.056143321096897125,-0.14101219177246094,-0.19295376539230347,0.08173474669456482
colbench_backend_programming,603,0.2586873471736908,-0.08387519419193268,-0.15733996033668518,-0.12870310246944427,-0.09952185302972794,0.12527647614479065
colbench_backend_programming,670,0.2585274875164032,-0.10793178528547287,-0.05523041635751724,-0.14798565208911896,-0.19056448340415955,0.07464240491390228
colbench_backend_programming,807,0.2584783136844635,-0.09860287606716156,-0.05372166633605957,-0.13717809319496155,-0.1965891718864441,0.08037346601486206
colbench_backend_programming,290,0.25830990076065063,0.08775174617767334,0.18853822350502014,0.09604375809431076,0.08275700360536575,-0.12289922684431076
colbench_backend_programming,636,0.258308470249176,-0.09907685220241547,-0.05579892173409462,-0.1429397016763687,-0.19135700166225433,0.08099687844514847
colbench_backend_programming,550,0.25807276368141174,0.08673729002475739,0.13697423040866852,0.1014145016670227,0.1724148392677307,-0.08847498893737793
colbench_backend_programming,990,0.2577228248119354,-0.08021566271781921,-0.1634855568408966,-0.12402859330177307,-0.09582427144050598,0.1229965016245842
colbench_backend_programming,788,0.25744885206222534,-0.09330616891384125,-0.14518147706985474,-0.07610512524843216,-0.09640784561634064,0.17353902757167816
colbench_backend_programming,985,0.2574133574962616,0.08370275795459747,0.1517215371131897,0.15167072415351868,0.08739357441663742,-0.11225228011608124
colbench_backend_programming,356,0.25709888339042664,0.08635321259498596,0.14955636858940125,0.09016964584589005,0.10560274869203568,-0.15636566281318665
colbench_backend_programming,179,0.2568594515323639,0.08867537975311279,0.14240571856498718,0.15772193670272827,0.09869983047246933,-0.10525933653116226
colbench_backend_programming,176,0.256561279296875,-0.09742043912410736,-0.06618250906467438,-0.11546633392572403,-0.1939050704240799,0.10252765566110611
colbench_backend_programming,363,0.2559674382209778,-0.08836966753005981,-0.184894859790802,-0.08426854014396667,-0.07202430814504623,0.1380019187927246
colbench_backend_programming,506,0.2558341920375824,0.08646446466445923,0.14018316566944122,0.07528086006641388,0.10512325912714005,-0.17053358256816864
colbench_backend_programming,500,0.2558128237724304,0.0876031145453453,0.1518208533525467,0.11200886219739914,0.09245748072862625,-0.1459324061870575
colbench_backend_programming,32,0.25566911697387695,-0.10803234577178955,-0.05515427887439728,-0.14318513870239258,-0.19044719636440277,0.07451571524143219
colbench_backend_programming,677,0.2556559443473816,-0.08922833204269409,-0.1436476856470108,-0.07883374392986298,-0.1025366559624672,0.16732239723205566
colbench_backend_programming,776,0.255437970161438,0.08674195408821106,0.15707090497016907,0.12670522928237915,0.09131774306297302,-0.12721695005893707
colbench_backend_programming,830,0.2551509141921997,0.08861605077981949,0.1373845636844635,0.0768473744392395,0.10176171362400055,-0.17310838401317596
colbench_backend_programming,486,0.2551407516002655,-0.08540228009223938,-0.13786503672599792,-0.09772436320781708,-0.17142434418201447,0.08457937836647034
colbench_backend_programming,743,0.2543657720088959,-0.09732051938772202,-0.08095262944698334,-0.16931025683879852,-0.11981599777936935,0.12299097329378128
colbench_backend_programming,22,0.2541429102420807,-0.08319681882858276,-0.14557261765003204,-0.08601513504981995,-0.10612740367650986,0.15727555751800537
colbench_backend_programming,736,0.2540653944015503,-0.10451976209878922,-0.05107429251074791,-0.14144116640090942,-0.19221651554107666,0.0706247091293335
colbench_backend_programming,944,0.2539686858654022,0.08158693462610245,0.1599005162715912,0.12555630505084991,0.0939745083451271,-0.11973442882299423
colbench_backend_programming,678,0.2537788152694702,-0.099934421479702,-0.05653218552470207,-0.0702044889330864,-0.20686686038970947,0.11612590402364731
colbench_backend_programming,553,0.2537609040737152,0.08116444945335388,0.14705735445022583,0.15039949119091034,0.09145571291446686,-0.10855680704116821
colbench_backend_programming,936,0.25340551137924194,-0.08496563136577606,-0.1367742270231247,-0.09829384833574295,-0.1671115905046463,0.08898988366127014
colbench_backend_programming,585,0.2534053325653076,-0.09647440910339355,-0.053976964205503464,-0.0753011554479599,-0.2032136172056198,0.11972767859697342
colbench_backend_programming,359,0.2531684339046478,-0.10385672748088837,-0.10402940958738327,-0.09851263463497162,-0.18332520127296448,0.0997961089015007
colbench_backend_programming,647,0.25307974219322205,-0.09484786540269852,-0.0476519837975502,-0.07691853493452072,-0.20478025078773499,0.11801372468471527
colbench_backend_programming,487,0.2529708743095398,-0.09166812896728516,-0.13539159297943115,-0.0754532516002655,-0.10056613385677338,0.1727907359600067
colbench_backend_programming,799,0.25294750928878784,-0.08436906337738037,-0.13934431970119476,-0.14944268763065338,-0.09371256083250046,0.11597608029842377
colbench_backend_programming,904,0.2529160678386688,-0.10649219900369644,-0.06424879282712936,-0.19295498728752136,-0.11459948122501373,0.09733425825834274
colbench_backend_programming,52,0.25267794728279114,-0.10031021386384964,-0.06108492612838745,-0.11497875303030014,-0.1985887587070465,0.08635487407445908
colbench_backend_programming,182,0.25249016284942627,0.08423742651939392,0.18391428887844086,0.08153416961431503,0.06955070793628693,-0.13580022752285004
colbench_backend_programming,649,0.25204893946647644,0.07787089049816132,0.15854035317897797,0.1256013959646225,0.09034605324268341,-0.12023105472326279
colbench_backend_programming,396,0.2519448697566986,-0.09276749193668365,-0.049272045493125916,-0.07082188874483109,-0.20430155098438263,0.11955590546131134
colbench_backend_programming,95,0.25183531641960144,-0.10783779621124268,-0.04685769975185394,-0.14523577690124512,-0.18677806854248047,0.07242857664823532
colbench_backend_programming,783,0.25176623463630676,-0.10606272518634796,-0.0815650001168251,-0.17412309348583221,-0.11985552310943604,0.10976878553628922
colbench_backend_programming,479,0.25173038244247437,-0.10563097149133682,-0.07815045863389969,-0.1746690422296524,-0.11707574874162674,0.11421334743499756
colbench_backend_programming,559,0.2515556812286377,0.08991548418998718,0.14693747460842133,0.15205992758274078,0.08982474356889725,-0.10246426612138748
colbench_backend_programming,574,0.25129711627960205,-0.09626506268978119,-0.05354516953229904,-0.07750879973173141,-0.2009834200143814,0.11781850457191467
colbench_backend_programming,582,0.2510046362876892,-0.10028247535228729,-0.07938326895236969,-0.16684480011463165,-0.1180325374007225,0.12219968438148499
colbench_backend_programming,545,0.2501012682914734,-0.09625702351331711,-0.06778282672166824,-0.113328717648983,-0.19362123310565948,0.08731292933225632
colbench_backend_programming,650,0.24960972368717194,-0.09641968458890915,-0.047438088804483414,-0.13602010905742645,-0.18890732526779175,0.07659760117530823
colbench_backend_programming,548,0.24951298534870148,0.10210035741329193,0.13063666224479675,0.12227869033813477,0.11068280041217804,-0.13411948084831238
colbench_backend_programming,204,0.2494686245918274,0.08013422787189484,0.18421605229377747,0.0956546738743782,0.07336390018463135,-0.11733268201351166
colbench_backend_programming,437,0.24899406731128693,0.09356971830129623,0.1407899558544159,0.15348610281944275,0.08986002951860428,-0.10268119722604752
colbench_backend_programming,865,0.24889318645000458,0.08919990062713623,0.13256166875362396,0.08377858251333237,0.1619170606136322,-0.10554257780313492
colbench_backend_programming,805,0.24850672483444214,-0.09394045174121857,-0.07107839733362198,-0.12997892498970032,-0.18569238483905792,0.07298815995454788
colbench_backend_programming,66,0.2479567974805832,0.09420304745435715,0.05988910421729088,0.07218894362449646,0.19836364686489105,-0.11548370867967606
colbench_backend_programming,787,0.24786025285720825,0.07669421285390854,0.15435320138931274,0.12264963239431381,0.09068547934293747,-0.11976228654384613
colbench_backend_programming,49,0.2474561184644699,0.09050128608942032,0.13874565064907074,0.1524539589881897,0.08736003190279007,-0.10540489107370377
colbench_backend_programming,852,0.24713072180747986,0.07432800531387329,0.1567160040140152,0.11946607381105423,0.08475209027528763,-0.1227135956287384
colbench_backend_programming,596,0.2467111498117447,-0.09077303111553192,-0.0761290118098259,-0.1654851734638214,-0.11757063865661621,0.11773941665887833
colbench_backend_programming,284,0.2466825246810913,-0.09251932799816132,-0.050004687160253525,-0.1328062117099762,-0.18834078311920166,0.07240207493305206
colbench_backend_programming,591,0.24574938416481018,0.08745304495096207,0.13525360822677612,0.12996378540992737,0.0873623862862587,-0.13257621228694916
colbench_backend_programming,325,0.24556739628314972,-0.10354779660701752,-0.07267554104328156,-0.16733038425445557,-0.11680226027965546,0.11566928029060364
colbench_backend_programming,822,0.24551735818386078,-0.10172373801469803,-0.0674116387963295,-0.17177526652812958,-0.11487126350402832,0.11415905505418777
colbench_backend_programming,635,0.2448323369026184,-0.0996568500995636,-0.09805601835250854,-0.09006466716527939,-0.1821918487548828,0.09498618543148041
colbench_backend_programming,489,0.24475376307964325,0.08501201868057251,0.15045742690563202,0.10451123118400574,0.08371900022029877,-0.1390521377325058
colbench_backend_programming,405,0.24467961490154266,-0.09083688259124756,-0.072697214782238,-0.16850340366363525,-0.1137007623910904,0.11516062170267105
colbench_backend_programming,381,0.2445666640996933,0.07702375948429108,0.14319811761379242,0.13997095823287964,0.08742152154445648,-0.1098761036992073
colbench_backend_programming,861,0.2444785237312317,-0.10439693182706833,-0.07216712087392807,-0.17340858280658722,-0.11255216598510742,0.10873422026634216
colbench_backend_programming,888,0.24428457021713257,-0.092765212059021,-0.05130089074373245,-0.13093025982379913,-0.18469484150409698,0.0760805681347847
colbench_backend_programming,630,0.24404314160346985,0.08103235065937042,0.17567352950572968,0.07665447145700455,0.0646817609667778,-0.1365145742893219
colbench_backend_programming,131,0.24383412301540375,-0.10791608691215515,-0.05701209232211113,-0.13940291106700897,-0.1297922134399414,0.14115776121616364
colbench_backend_programming,298,0.24380141496658325,-0.10569337010383606,-0.06679557263851166,-0.13477972149848938,-0.12705229222774506,0.14376933872699738
colbench_backend_programming,398,0.243763729929924,-0.09294760972261429,-0.04858560860157013,-0.13048158586025238,-0.18811966478824615,0.06815969944000244
colbench_backend_programming,725,0.24332429468631744,-0.08994421362876892,-0.0608796551823616,-0.11068882793188095,-0.18990226089954376,0.08476725965738297
colbench_backend_programming,488,0.24329859018325806,-0.09046415984630585,-0.04728222265839577,-0.13138672709465027,-0.18706393241882324,0.06857996433973312
colbench_backend_programming,252,0.2428615838289261,0.07829495519399643,0.1451273113489151,0.12242666631937027,0.0900452509522438,-0.12175127863883972
colbench_backend_programming,136,0.24273686110973358,0.0845479890704155,0.13834542036056519,0.1314399689435959,0.08644083887338638,-0.12261012196540833
colbench_backend_programming,349,0.24255472421646118,0.07749883085489273,0.14406009018421173,0.13814716041088104,0.08641811460256577,-0.10736273974180222
colbench_backend_programming,733,0.242434561252594,-0.09765063226222992,-0.08140923827886581,-0.10665427148342133,-0.12622669339179993,0.15760309994220734
colbench_backend_programming,667,0.2424079030752182,-0.09814770519733429,-0.11113131791353226,-0.09263220429420471,-0.11513058841228485,0.15676620602607727
colbench_backend_programming,246,0.2422250658273697,-0.09347715973854065,-0.07949919253587723,-0.1075679287314415,-0.12893494963645935,0.1554277390241623
colbench_backend_programming,578,0.2416374683380127,0.0911334678530693,0.12607115507125854,0.07691308856010437,0.16233952343463898,-0.10111868381500244
colbench_backend_programming,361,0.24139410257339478,0.09697568416595459,0.12764480710029602,0.11887745559215546,0.10243205726146698,-0.13173359632492065
colbench_backend_programming,509,0.24027514457702637,0.09604281932115555,0.13457481563091278,0.13308966159820557,0.0837925523519516,-0.12201521545648575
colbench_backend_programming,448,0.24025313556194305,-0.09200141578912735,-0.08519016951322556,-0.10388115048408508,-0.12822410464286804,0.15241879224777222
colbench_backend_programming,464,0.23895637691020966,0.08239201456308365,0.16906225681304932,0.07840603590011597,0.0643773078918457,-0.13500431180000305
colbench_backend_programming,883,0.23856183886528015,-0.10187778621912003,-0.1279299110174179,-0.11281199008226395,-0.10128287971019745,0.13251762092113495
colbench_backend_programming,392,0.2370779663324356,-0.1003151461482048,-0.125658318400383,-0.11326365172863007,-0.10333549976348877,0.13003487884998322
colbench_backend_programming,858,0.23652377724647522,-0.09028935432434082,-0.12267628312110901,-0.1114356517791748,-0.10181092470884323,0.13457585871219635
colbench_backend_programming,89,0.23598216474056244,-0.10514625906944275,-0.10003538429737091,-0.14765024185180664,-0.10129333287477493,0.11670291423797607
colbench_backend_programming,514,0.23514096438884735,-0.09966640919446945,-0.10716765373945236,-0.08094555884599686,-0.11503453552722931,0.1549878567457199
colbench_backend_programming,24,0.23391573131084442,-0.08922643214464188,-0.06595522910356522,-0.160692498087883,-0.10366012901067734,0.11746905744075775
colbench_backend_programming,663,0.23343981802463531,0.09435556828975677,0.1331889033317566,0.13417761027812958,0.07854507863521576,-0.11216907948255539
colbench_backend_programming,228,0.23209547996520996,0.0977976992726326,0.11024914681911469,0.07911372184753418,0.11232506483793259,-0.15112093091011047
colbench_backend_programming,560,0.23194631934165955,-0.09514603018760681,-0.10699556767940521,-0.14037765562534332,-0.09823857247829437,0.11399272084236145
colbench_backend_programming,455,0.23189425468444824,-0.10201156139373779,-0.05805002897977829,-0.13049563765525818,-0.12425322830677032,0.13392969965934753
colbench_backend_programming,900,0.23110754787921906,-0.08826524764299393,-0.07090794295072556,-0.15756452083587646,-0.10857395082712173,0.10847987234592438
colbench_backend_programming,801,0.23012186586856842,-0.08864278346300125,-0.06455891579389572,-0.12160846590995789,-0.12053787708282471,0.13953572511672974
colbench_backend_programming,558,0.22970236837863922,-0.10591205954551697,-0.10516456514596939,-0.14487656950950623,-0.09296781569719315,0.10986974835395813
colbench_backend_programming,473,0.22899945080280304,-0.09356161206960678,-0.10711991041898727,-0.07302432507276535,-0.10590456426143646,0.15626177191734314
colbench_backend_programming,693,0.22810162603855133,-0.09310827404260635,-0.05858156085014343,-0.12037850171327591,-0.1222274973988533,0.1384485810995102
colbench_backend_programming,950,0.2279336005449295,-0.09805004298686981,-0.08371124416589737,-0.08523095399141312,-0.17555300891399384,0.08284309506416321
colbench_backend_programming,713,0.227708637714386,-0.09375768899917603,-0.10460632294416428,-0.13654132187366486,-0.09998627007007599,0.11076078563928604
colbench_backend_programming,447,0.226382777094841,-0.10180240124464035,-0.1007305458188057,-0.14516961574554443,-0.09318090230226517,0.10651582479476929
colbench_backend_programming,195,0.22623731195926666,-0.09035789221525192,-0.057092130184173584,-0.11925729364156723,-0.11893515288829803,0.13984254002571106
colbench_backend_programming,565,0.22378946840763092,0.1022329032421112,0.10133618116378784,0.13618306815624237,0.09664272516965866,-0.10921107977628708
colbench_backend_programming,183,0.2223147600889206,-0.09298108518123627,-0.05816994234919548,-0.16077330708503723,-0.10276373475790024,0.09814106673002243
colbench_backend_programming,274,0.22114838659763336,0.07987603545188904,0.13487431406974792,0.1331689953804016,0.06566933542490005,-0.0931079164147377
colbench_backend_programming,977,0.21338161826133728,-0.1002902016043663,-0.09368149191141129,-0.13859207928180695,-0.08951485902070999,0.09764638543128967
colbench_backend_programming,114,0.2020173966884613,0.03543774411082268,0.18238291144371033,0.021446244791150093,-0.009785331785678864,-0.08361703902482986
colbench_backend_programming,377,0.2005237340927124,0.029466712847352028,0.18295231461524963,0.01947689615190029,-0.014396141283214092,-0.07843227684497833
colbench_backend_programming,701,0.19842852652072906,0.0331127792596817,0.1813974827528,0.01761058159172535,-0.014978267252445221,-0.07703476399183273
colbench_backend_programming,982,0.19538699090480804,0.03217942267656326,0.1773265302181244,0.02163737453520298,-0.009692568331956863,-0.07854463905096054
colbench_backend_programming,813,0.1936587393283844,0.03235092759132385,0.1758967638015747,0.015334569849073887,-0.013122256845235825,-0.07846460491418839
colbench_backend_programming,965,0.1924302726984024,0.026302244514226913,0.17599740624427795,0.015591662377119064,-0.019927706569433212,-0.07358061522245407
colbench_backend_programming,752,0.1902424842119217,0.02641945146024227,0.17780756950378418,0.014443494379520416,-0.02057536691427231,-0.06280692666769028
colbench_backend_programming,716,0.18987397849559784,0.02610047347843647,0.17560099065303802,0.0050364648923277855,-0.019193215295672417,-0.06944549828767776
colbench_backend_programming,774,0.18879958987236023,0.02406785637140274,0.17175579071044922,0.011828502640128136,-0.028264803811907768,-0.07215551286935806
colbench_backend_programming,872,0.18780872225761414,0.02521161548793316,0.172805055975914,0.01136593148112297,-0.022085295990109444,-0.06923568993806839
colbench_backend_programming,345,0.18314871191978455,0.02361399680376053,0.16549870371818542,0.00870478618890047,-0.027996186167001724,-0.07276035100221634
colbench_backend_programming,154,0.18129296600818634,0.034086257219314575,0.15377354621887207,0.049837689846754074,0.011108861304819584,-0.0813242569565773
colbench_backend_programming,672,0.17856431007385254,0.029652245342731476,0.15067937970161438,0.06365814805030823,0.00037422741297632456,-0.0716131329536438
colbench_backend_programming,261,0.17650620639324188,0.026532024145126343,0.13705284893512726,0.005022416822612286,0.016949431970715523,-0.1098109558224678
colbench_backend_programming,20,0.1746671348810196,-0.06583037227392197,0.024839721620082855,-0.11206859350204468,-0.1313786655664444,0.00847777258604765
colbench_backend_programming,155,0.1725205034017563,-0.06951712816953659,0.006184713449329138,-0.10714076459407806,-0.13290682435035706,0.024118561297655106
colbench_backend_programming,580,0.17159777879714966,-0.06311646848917007,0.02320471964776516,-0.11629951000213623,-0.12401526421308517,0.0014058640226721764
colbench_backend_programming,81,0.17118427157402039,0.0597953125834465,-0.02508842758834362,0.06308840960264206,0.14597810804843903,-0.05817962810397148
colbench_backend_programming,698,0.1707528978586197,0.02452322281897068,0.1339309960603714,0.0035255798138678074,0.0037614041939377785,-0.10579443722963333
colbench_backend_programming,312,0.1702975183725357,0.025801148265600204,0.14823992550373077,0.039187293499708176,-0.002080598846077919,-0.07406885176897049
colbench_backend_programming,36,0.1680794656276703,-0.05982406064867973,0.006674766540527344,-0.10101897269487381,-0.13057225942611694,0.03085787035524845
colbench_backend_programming,37,0.1675158143043518,0.025405550375580788,0.13261079788208008,0.0023313697893172503,0.0056764548644423485,-0.10216782242059708
colbench_backend_programming,834,0.16721387207508087,0.05663374438881874,-0.02492579072713852,0.05979682877659798,0.14483994245529175,-0.052772313356399536
colbench_backend_programming,838,0.1671697348356247,-0.057572126388549805,0.03179388865828514,-0.11072923988103867,-0.12061142921447754,0.011259905993938446
colbench_backend_programming,483,0.1642361730337143,0.029417378827929497,0.14455252885818481,0.03368565812706947,0.004422362893819809,-0.0701698511838913
colbench_backend_programming,714,0.16411001980304718,0.02504597418010235,0.14387205243110657,0.03904686123132706,0.001960805617272854,-0.06858883053064346
colbench_backend_programming,874,0.1636040359735489,-0.057801976799964905,0.017288604751229286,-0.05384238436818123,-0.1440027505159378,0.05321270972490311
colbench_backend_programming,504,0.16355174779891968,0.03735962510108948,0.13198482990264893,0.07406684756278992,-0.006840078625828028,-0.0616157092154026
colbench_backend_programming,825,0.163488507270813,0.028288325294852257,0.1367451548576355,0.04260626062750816,-0.0033684212248772383,-0.07875669002532959
colbench_backend_programming,158,0.16179119050502777,-0.05527324974536896,0.020876025781035423,-0.05306723713874817,-0.1422073245048523,0.05197618529200554
colbench_backend_programming,731,0.16034993529319763,-0.0528440922498703,0.011241123080253601,-0.032029882073402405,-0.14347529411315918,0.0630449503660202
colbench_backend_programming,441,0.15998506546020508,0.02049919217824936,0.13379663228988647,0.05993198603391647,-0.004413606598973274,-0.06389336287975311
colbench_backend_programming,984,0.15948472917079926,-0.053185056895017624,0.013090047985315323,-0.028695814311504364,-0.14256946742534637,0.06414459645748138
colbench_backend_programming,519,0.15917524695396423,-0.05817629396915436,0.022317808121442795,-0.056187450885772705,-0.13684424757957458,0.05436265468597412
colbench_backend_programming,90,0.1587437391281128,0.02477947808802128,0.13469238579273224,0.05845130607485771,0.002467148471623659,-0.06029006466269493
colbench_backend_programming,903,0.15614937245845795,-0.05934467539191246,0.03886902332305908,-0.051995471119880676,-0.13701558113098145,0.03735010325908661
colbench_backend_programming,10,0.1557626724243164,-0.051761556416749954,0.02027362957596779,-0.05086367577314377,-0.136264368891716,0.0519220307469368
colbench_backend_programming,170,0.1557624787092209,-0.050346922129392624,0.027656011283397675,-0.04931069165468216,-0.13602536916732788,0.050622619688510895
colbench_backend_programming,391,0.15471060574054718,-0.06144450232386589,0.033960964530706406,-0.05400829017162323,-0.13371707499027252,0.04455189034342766
colbench_backend_programming,613,0.15388575196266174,0.0209848303347826,0.12868577241897583,0.05620351806282997,-0.011217382736504078,-0.06193653866648674
colbench_backend_programming,728,0.15329203009605408,-0.06327731907367706,0.016732247546315193,-0.05158860981464386,-0.13712598383426666,0.04187551140785217
colbench_backend_programming,816,0.15320613980293274,0.05240103229880333,-0.01719094254076481,0.04702971130609512,0.1363389790058136,-0.0487491749227047
colbench_backend_programming,925,0.15276259183883667,-0.0654924139380455,-0.013551522046327591,-0.014300666749477386,-0.13458363711833954,0.06953776627779007
colbench_backend_programming,383,0.15106797218322754,-0.04640103131532669,0.03227774053812027,-0.05195188522338867,-0.13178035616874695,0.0414079986512661
colbench_backend_programming,503,0.15062037110328674,0.04948202893137932,0.05034506693482399,-9.796312224352732e-05,0.11671381443738937,-0.08080685883760452
colbench_backend_programming,340,0.1497962921857834,0.04351842403411865,0.09984323382377625,0.0012234300374984741,0.017026565968990326,-0.1103578582406044
colbench_backend_programming,175,0.14963163435459137,-0.055072121322155,0.015732387080788612,-0.13810548186302185,-0.04390156641602516,0.033788248896598816
colbench_backend_programming,929,0.1494683027267456,-0.05241250619292259,0.011129823513329029,-0.027130745351314545,-0.1337081342935562,0.06002464145421982
colbench_backend_programming,452,0.1494024693965912,-0.05488649755716324,-0.05281690135598183,-0.08288804441690445,-0.11031234264373779,0.022186290472745895
colbench_backend_programming,118,0.1482238620519638,-0.058464165776968,0.03536446392536163,-0.04792413115501404,-0.1302737146615982,0.038101229816675186
colbench_backend_programming,149,0.1481451839208603,0.039356160908937454,0.11282970756292343,0.06933549791574478,0.016939038410782814,-0.0642036721110344
colbench_backend_programming,763,0.14798158407211304,-0.045704979449510574,0.029353590682148933,-0.04415307939052582,-0.13009405136108398,0.04650763049721718
colbench_backend_programming,665,0.14766588807106018,-0.04577060043811798,-0.06013103201985359,-0.12393715232610703,-0.028819311410188675,0.0447046272456646
colbench_backend_programming,622,0.14721450209617615,-0.04166538268327713,-0.09941495209932327,0.008631533943116665,-0.015500031411647797,0.10711687058210373
colbench_backend_programming,498,0.1468503773212433,-0.04922250285744667,0.01926172710955143,-0.01719049923121929,-0.1341126561164856,0.05396571755409241
colbench_backend_programming,484,0.1467294842004776,-0.05235356464982033,0.0030892537906765938,-0.13582314550876617,-0.04275448992848396,0.03527214005589485
colbench_backend_programming,702,0.14564639329910278,0.04721924662590027,0.10365094989538193,0.026536496356129646,0.09437736123800278,-0.029292995110154152
colbench_backend_programming,63,0.1448817253112793,-0.0713261142373085,-0.020384514704346657,-0.07664644718170166,-0.11808770149946213,0.027491901069879532
colbench_backend_programming,850,0.14470627903938293,-0.042791202664375305,0.0230390802025795,-0.0784272775053978,-0.11875534057617188,0.012467428110539913
colbench_backend_programming,769,0.1439811885356903,-0.054952919483184814,-0.10835566371679306,-0.07963850349187851,-0.01697864569723606,0.048570215702056885
colbench_backend_programming,987,0.14324596524238586,0.048008423298597336,0.05129862576723099,0.004483062773942947,0.111526258289814,-0.07368618249893188
colbench_backend_programming,302,0.1426985114812851,-0.047763384878635406,-0.09212450683116913,-0.0123811149969697,-0.08366839587688446,0.06871862709522247
colbench_backend_programming,107,0.14251235127449036,-0.043434612452983856,0.03146861866116524,-0.03901860862970352,-0.12811560928821564,0.03719460219144821
colbench_backend_programming,629,0.14190450310707092,0.043165162205696106,0.11106523126363754,0.031409259885549545,0.009501845575869083,-0.08200350403785706
colbench_backend_programming,232,0.14184604585170746,-0.012808114290237427,0.09935279935598373,-0.0616241991519928,-0.06448275595903397,-0.04789314791560173
colbench_backend_programming,899,0.14161862432956696,-0.060337260365486145,-0.0258767232298851,-0.046353232115507126,-0.12478525936603546,0.0408196747303009
colbench_backend_programming,737,0.14127834141254425,-0.0656391978263855,-0.03043377213180065,-0.12330373376607895,-0.04135381057858467,0.04603699967265129
colbench_backend_programming,84,0.14127250015735626,0.04365140199661255,0.06846362352371216,0.05135620757937431,0.10716910660266876,-0.0338817797601223
colbench_backend_programming,13,0.14083795249462128,-0.05752101540565491,0.021218398585915565,-0.10366042703390121,-0.06078368052840233,0.07032047212123871
colbench_backend_programming,540,0.1402347832918167,0.038347236812114716,0.11460403352975845,0.04932880774140358,0.01568860188126564,-0.062066469341516495
colbench_backend_programming,278,0.13893650472164154,-0.055156223475933075,-0.012278890237212181,-0.0034673309419304132,-0.12458386272192001,0.06016160920262337
colbench_backend_programming,792,0.13876138627529144,0.03877442702651024,0.07901173830032349,0.04727548360824585,0.049474552273750305,-0.0912642627954483
colbench_backend_programming,643,0.13763074576854706,0.03782542422413826,0.07610892504453659,0.09275900572538376,0.03455350548028946,-0.057891905307769775
colbench_backend_programming,881,0.13731670379638672,-0.03854401037096977,-0.07501935958862305,-0.0388641394674778,-0.04390536993741989,0.09894376248121262
colbench_backend_programming,438,0.13720892369747162,-0.05826659873127937,-0.019110597670078278,-0.0646589919924736,-0.11664757132530212,0.025954382494091988
colbench_backend_programming,571,0.1371627300977707,-0.05397876724600792,-0.013175963424146175,-0.0010967395501211286,-0.12587131559848785,0.05286982282996178
colbench_backend_programming,138,0.13621604442596436,0.05668964609503746,0.044693682342767715,0.06470725685358047,0.1058618351817131,-0.034110527485609055
colbench_backend_programming,458,0.13614527881145477,-0.03758402541279793,-0.10966355353593826,-0.02874044142663479,-6.752277113264427e-05,0.07538849115371704
colbench_backend_programming,17,0.13526074588298798,-0.017020920291543007,0.10513710230588913,-0.030569858849048615,-0.07664217054843903,-0.020811522379517555
colbench_backend_programming,47,0.13485904037952423,-0.059119369834661484,-0.029691057279706,-0.04410931468009949,-0.11963597685098648,0.032357435673475266
colbench_backend_programming,168,0.13472262024879456,-0.012062028981745243,0.11103184521198273,-0.024085309356451035,-0.06865853071212769,-0.022978588938713074
colbench_backend_programming,180,0.13447017967700958,-0.04025198519229889,-0.0536089725792408,-0.11815754324197769,-0.019946450367569923,0.029141701757907867
colbench_backend_programming,755,0.1343545913696289,-0.057505808770656586,-0.029007498174905777,-0.04600241035223007,-0.11586412787437439,0.040853433310985565
colbench_backend_programming,403,0.13420484960079193,-0.05165033042430878,-0.04680563881993294,-0.07852796465158463,-0.09730686992406845,0.013598009943962097
colbench_backend_programming,926,0.13406357169151306,-0.05536970868706703,0.023966548964381218,-0.10081564635038376,-0.055933430790901184,0.06408045440912247
colbench_backend_programming,660,0.13403469324111938,0.04065358638763428,0.10968343913555145,0.03434232249855995,0.010721900500357151,-0.06812111288309097
colbench_backend_programming,567,0.1336960792541504,-0.013398771174252033,0.1097436249256134,-0.024753602221608162,-0.06856709718704224,-0.022733090445399284
colbench_backend_programming,628,0.133676216006279,0.04220697283744812,0.06853737682104111,0.0951182171702385,0.025147883221507072,-0.05909369885921478
colbench_backend_programming,414,0.13359615206718445,0.0572693832218647,0.024404259398579597,0.06685452163219452,0.11207733303308487,-0.014883152209222317
colbench_backend_programming,847,0.133448526263237,-0.059275027364492416,0.023126622661948204,-0.10221300274133682,-0.05845127999782562,0.05839194729924202
colbench_backend_programming,265,0.13320395350456238,-0.04222923517227173,-0.10321921855211258,-0.02954145520925522,-0.007118436973541975,0.07852205634117126
colbench_backend_programming,768,0.1330089122056961,0.03511656075716019,0.051003869622945786,0.008020756766200066,0.11010188609361649,-0.053881533443927765
colbench_backend_programming,439,0.13235355913639069,0.046049412339925766,0.09856309741735458,0.07537861913442612,0.007930515334010124,-0.04536467045545578
colbench_backend_programming,512,0.13213367760181427,-0.01519435178488493,0.10207249969244003,-0.0004177737282589078,-0.08274782449007034,-0.013897321186959743
colbench_backend_programming,453,0.13211731612682343,0.03776855021715164,0.0519605353474617,0.0667211264371872,0.10016229003667831,-0.01645885594189167
colbench_backend_programming,561,0.13153761625289917,-0.06434816867113113,-0.023214509710669518,-0.06438624113798141,-0.11033023148775101,0.021092252805829048
colbench_backend_programming,993,0.1312284916639328,-0.05076490342617035,-0.06448777765035629,-0.08830296248197556,-0.02391001582145691,0.06850651651620865
colbench_backend_programming,440,0.13037829101085663,0.054012902081012726,0.08973655849695206,0.06416337192058563,0.004575834143906832,-0.0693395584821701
colbench_backend_programming,758,0.12972545623779297,0.04601288586854935,0.09845312684774399,0.07378999888896942,0.010275875218212605,-0.0398135632276535
colbench_backend_programming,407,0.1295393407344818,-0.019776541739702225,0.0982007384300232,-0.013785707764327526,-0.08300953358411789,-0.0075119552202522755
colbench_backend_programming,355,0.1294400691986084,0.03985530138015747,0.07670208811759949,0.03764824569225311,0.04970267042517662,-0.08356897532939911
colbench_backend_programming,499,0.12922002375125885,0.036238159984350204,0.05164407566189766,0.07065573334693909,0.09375050663948059,-0.015789607539772987
colbench_backend_programming,384,0.1291833221912384,-0.055207137018442154,-0.04617907851934433,-0.03591953217983246,-0.049046337604522705,0.10421165078878403
colbench_backend_programming,280,0.12902848422527313,0.05874861404299736,0.03338812291622162,0.06095428764820099,0.05307823792099953,-0.09487284719944
colbench_backend_programming,953,0.12885771691799164,0.04617412015795708,0.09351012855768204,0.07412821054458618,0.006943975575268269,-0.048134755343198776
colbench_backend_programming,804,0.1285722702741623,-0.06089464947581291,-0.029428310692310333,-0.04596339911222458,-0.11111822724342346,0.0347118116915226
colbench_backend_programming,579,0.12839601933956146,0.040432389825582504,0.06411312520503998,0.09324517101049423,0.030735859647393227,-0.05230380594730377
colbench_backend_programming,918,0.1282893866300583,0.03602553531527519,0.07188147306442261,0.04202017933130264,0.04073847830295563,-0.08868991583585739
colbench_backend_programming,259,0.1280945986509323,-0.047125812619924545,0.03195463865995407,-0.09431431442499161,-0.049961380660533905,0.0632123351097107
colbench_backend_programming,715,0.12787692248821259,0.0457562655210495,0.08898135274648666,0.002198513364419341,0.0809810683131218,-0.04326731711626053
colbench_backend_programming,718,0.12784935534000397,-0.05977436527609825,-0.03125376999378204,-0.10950448364019394,-0.037882350385189056,0.044072140008211136
colbench_backend_programming,947,0.12741689383983612,0.0503578744828701,0.09276393055915833,0.05922016501426697,0.006038714665919542,-0.06392514705657959
colbench_backend_programming,658,0.12689849734306335,-0.00765653233975172,0.09742629528045654,-0.006852997932583094,-0.08024625480175018,-0.011176791973412037
colbench_backend_programming,627,0.12653905153274536,0.045555513352155685,0.06139162555336952,0.0993322804570198,0.022353481501340866,-0.043319977819919586
colbench_backend_programming,163,0.1263401359319687,-0.02497362159192562,0.09096314013004303,-0.013754039071500301,-0.08654700964689255,-0.002824631752446294
colbench_backend_programming,652,0.1253625750541687,0.05593135580420494,0.029231680557131767,0.0387384258210659,0.11333418637514114,-0.022715194150805473
colbench_backend_programming,819,0.1251199096441269,-0.03995814919471741,-0.05625084415078163,-0.044397011399269104,-0.03199849650263786,0.09744658321142197
colbench_backend_programming,434,0.12476960569620132,-0.05025585740804672,0.006650053896009922,-0.06903291493654251,-0.06437614560127258,0.0813228115439415
colbench_backend_programming,879,0.12464491277933121,-0.05575140565633774,-0.028093058615922928,-0.05520816519856453,-0.04910759627819061,0.09637238830327988
colbench_backend_programming,864,0.12352865189313889,-0.009574159048497677,0.08951258659362793,-0.016602257266640663,-0.08343249559402466,-0.0031948534306138754
colbench_backend_programming,254,0.12326914817094803,-0.005677076056599617,0.09488432854413986,-0.00485617108643055,-0.07845938950777054,-0.0035759927704930305
colbench_backend_programming,516,0.12290869653224945,-0.0010190210305154324,0.09666630625724792,0.004066982306540012,-0.07448386400938034,-0.014063714072108269
colbench_backend_programming,523,0.12286320328712463,-0.058068107813596725,-0.02234550565481186,-0.1098034456372261,-0.033017922192811966,0.03806659206748009
colbench_backend_programming,676,0.12248358130455017,0.03693258762359619,0.09160692244768143,0.051257357001304626,-0.0016357142012566328,-0.06309047341346741
colbench_backend_programming,192,0.12228907644748688,-0.038608111441135406,-0.06311076134443283,-0.0868946760892868,-0.02997802570462227,0.050222352147102356
colbench_backend_programming,151,0.12190772593021393,-0.008423264138400555,0.09222476184368134,-0.005172379780560732,-0.07953989505767822,-0.0016552663873881102
colbench_backend_programming,76,0.12184546887874603,-0.02138945646584034,0.09016738831996918,-0.01823739893734455,-0.07918790727853775,-0.010622261092066765
colbench_backend_programming,338,0.12180676311254501,-0.03803517669439316,-0.05702820420265198,-0.026988353580236435,-0.0974869430065155,0.036777645349502563
colbench_backend_programming,21,0.1215001791715622,-0.006578359752893448,0.08937110751867294,-0.01017016265541315,-0.08054431527853012,-0.01357495877891779
colbench_backend_programming,992,0.12100851535797119,-0.041942793875932693,-0.041178297251462936,-0.10208486020565033,-0.016208292916417122,0.047575000673532486
colbench_backend_programming,637,0.12084884941577911,-0.05752522870898247,0.013435871340334415,-0.07776623219251633,-0.060814160853624344,0.0683957040309906
colbench_backend_programming,454,0.12079499661922455,-0.05202598497271538,-0.00871479045599699,-0.06058242544531822,-0.10285279899835587,0.01632649451494217
colbench_backend_programming,348,0.12076413631439209,-0.033773936331272125,-0.06017142906785011,-0.05740831792354584,-0.03138251602649689,0.08174838870763779
colbench_backend_programming,285,0.11981125175952911,-0.010874873958528042,0.09138321131467819,-0.0014115432277321815,-0.0774184837937355,-0.0028689007740467787
colbench_backend_programming,362,0.11944188922643661,-0.005952745210379362,0.0889124870300293,-0.002745609963312745,-0.07962381839752197,-0.003666588803753257
colbench_backend_programming,108,0.11917759478092194,-0.020857447758316994,0.09781130403280258,-0.016206752508878708,-0.06594482809305191,-0.004986905958503485
colbench_backend_programming,61,0.11895939707756042,-0.005932536441832781,0.09515645354986191,-0.0031341793946921825,-0.06961827725172043,-0.015493866056203842
colbench_backend_programming,644,0.11849909275770187,-0.008465703576803207,0.08592111617326736,-0.004894011653959751,-0.08125738054513931,-0.005734418984502554
colbench_backend_programming,754,0.1183348149061203,0.041035283356904984,0.04316338151693344,0.09951657056808472,0.012019040063023567,-0.04573889076709747
colbench_backend_programming,732,0.11831951141357422,-0.06159009784460068,-0.034258339554071426,-0.09519419074058533,-0.02507620118558407,0.055992163717746735
colbench_backend_programming,951,0.11829017847776413,-0.007595996372401714,0.09196265786886215,-0.0021535144187510014,-0.07381264865398407,-0.009082481265068054
colbench_backend_programming,510,0.1178809404373169,0.04975328966975212,0.05115831643342972,0.04927416890859604,0.029690120369195938,-0.08927090466022491
colbench_backend_programming,709,0.11570408195257187,-0.009609122760593891,0.08709684759378433,-0.009709354490041733,-0.07549940794706345,0.0026722135953605175
colbench_backend_programming,430,0.11559035629034042,-0.0402316153049469,-0.08721030503511429,-0.06688836961984634,0.003758814185857773,0.035599302500486374
colbench_backend_programming,40,0.11555081605911255,-0.04693399369716644,-0.05454574152827263,-0.042906589806079865,-0.0286104716360569,0.08784770965576172
colbench_backend_programming,99,0.11252878606319427,-0.05882706120610237,-0.030589472502470016,-0.09058021754026413,-0.03352481499314308,0.04897267743945122
colbench_backend_programming,86,0.11188849061727524,-0.01949704810976982,0.07849111407995224,-0.00630381191149354,-0.07916424423456192,-0.007173739839345217
colbench_backend_programming,668,0.10986878722906113,-0.019707001745700836,0.06746896356344223,-0.05095992237329483,-0.050577860325574875,-0.04862155020236969
colbench_backend_programming,189,0.10628917813301086,-0.01232623029500246,0.09054016321897507,-0.054785218089818954,0.0017339875921607018,0.009769472293555737
colbench_backend_programming,291,0.10624415427446365,-0.04610738158226013,-0.031400009989738464,-0.0838487520813942,-0.02726057730615139,0.05028027668595314
colbench_backend_programming,260,0.10547184944152832,-0.013047835789620876,0.08805541694164276,-0.05632532015442848,-0.005034678149968386,0.013140188530087471
colbench_backend_programming,906,0.10431147366762161,-0.0072282408364117146,0.08927276730537415,-0.052549660205841064,0.005970202386379242,0.010683915577828884
colbench_backend_programming,614,0.10426158457994461,-0.05995211377739906,-0.018659643828868866,-0.04896216094493866,-0.04572029039263725,0.07768305391073227
colbench_backend_programming,137,0.10409843176603317,-0.04758879169821739,-0.02825181558728218,-0.02115359529852867,-0.04043197259306908,0.08919696509838104
colbench_backend_programming,161,0.10369707643985748,-0.011172638274729252,0.08673170953989029,-0.05479150637984276,-0.0026555624790489674,0.014884001575410366
colbench_backend_programming,602,0.10343373566865921,-0.052354950457811356,-0.00681832991540432,-0.09733963012695312,-0.02101021632552147,0.027122214436531067
colbench_backend_programming,502,0.10189423710107803,-0.023483237251639366,0.0633455440402031,-0.046709802001714706,-0.04952161759138107,-0.04166031628847122
colbench_backend_programming,608,0.09992299228906631,-0.0452391691505909,-0.016979191452264786,-0.041370145976543427,-0.037107620388269424,0.08128867298364639
colbench_backend_programming,959,0.0971401035785675,-0.05939561501145363,-0.01695687510073185,-0.04618898034095764,-0.03696737065911293,0.0751575380563736
colbench_backend_programming,679,0.09368105232715607,-0.006428328342735767,0.08194629848003387,-0.04442562907934189,0.007383482530713081,0.005726356524974108
colbench_backend_programming,772,0.09277590364217758,-0.009287780150771141,0.0643274337053299,0.022314712405204773,-0.06290257722139359,-0.0038300540763884783
colbench_backend_programming,939,0.09202315658330917,-0.019237976521253586,0.054228004068136215,0.011138780042529106,-0.06974145025014877,-0.02323019504547119
colbench_backend_programming,156,0.09189678728580475,-0.009549856185913086,0.06518513709306717,0.024985747411847115,-0.05909496173262596,-0.008911553770303726
colbench_backend_programming,791,0.09174548089504242,-0.017191752791404724,0.05255356803536415,0.01395109947770834,-0.07386098057031631,0.0022974801249802113
colbench_backend_programming,85,0.09164587408304214,-0.01931092143058777,0.06749991327524185,0.017313063144683838,-0.058770809322595596,-0.009432855993509293
colbench_backend_programming,45,0.09153232723474503,-0.014498233795166016,0.08037348091602325,-0.04115565866231918,-0.005417326465249062,0.013969046995043755
colbench_backend_programming,309,0.09152374416589737,-0.010270509868860245,0.061209920793771744,0.025644581764936447,-0.06292273104190826,-0.0036092333029955626
colbench_backend_programming,143,0.09148984402418137,0.0057238005101680756,0.03683389723300934,-0.04465869441628456,-0.03294636681675911,-0.06271995604038239
colbench_backend_programming,324,0.09047330915927887,0.016179444268345833,-0.05894102156162262,0.026747314259409904,0.04889905825257301,0.04006044194102287
colbench_backend_programming,416,0.09028881788253784,-0.009425406344234943,0.0638570562005043,0.021894579753279686,-0.05848115310072899,-0.013226083479821682
colbench_backend_programming,140,0.08962156623601913,0.014696267433464527,-0.04534854367375374,0.0700608342885971,-0.02951592393219471,0.013993730768561363
colbench_backend_programming,139,0.08936367183923721,-0.01079527847468853,0.05142245814204216,-0.06457141786813736,0.02347530983388424,-0.024920646101236343
colbench_backend_programming,802,0.08859565854072571,0.014830990694463253,-0.05977918952703476,0.016838038340210915,0.04497819021344185,0.04437434673309326
colbench_backend_programming,281,0.08239365369081497,-0.011618594639003277,0.05842142552137375,0.01973039098083973,-0.05464610457420349,-0.0004069279530085623
colbench_backend_programming,860,0.08058036118745804,-0.00835403148084879,0.046198856085538864,-0.016655638813972473,-0.055261120200157166,-0.03205712139606476
colbench_backend_programming,295,0.08012141287326813,-0.022349881008267403,0.04978292062878609,-0.02462463639676571,-0.05177320912480354,-0.025578586384654045
colbench_backend_programming,433,0.07861176133155823,-0.015171434730291367,0.03935829922556877,-0.0223249401897192,-0.05839778855443001,-0.026870597153902054
colbench_backend_programming,124,0.07828739285469055,-0.0041036116890609264,-0.007688488345593214,0.06853917986154556,-0.03608716279268265,0.008360641077160835
colbench_backend_programming,35,0.07740464061498642,0.0007102169329300523,-0.02060862071812153,-0.04925075173377991,0.052414678037166595,-0.01984509825706482
colbench_backend_programming,538,0.07738146185874939,-0.0007993722683750093,-0.03256306052207947,0.02649305760860443,0.04391542077064514,0.04792797192931175
colbench_backend_programming,563,0.0755305215716362,-0.01178826205432415,0.04961441084742546,0.005479662213474512,-0.0566198006272316,-0.002727955114096403
colbench_backend_programming,14,0.07518400996923447,0.0073865363374352455,-0.036248985677957535,0.03846217319369316,0.0356474407017231,0.039856839925050735
colbench_backend_programming,237,0.0721578299999237,0.0004110545851290226,0.02159619890153408,0.04440867155790329,-0.04960643872618675,0.01753360964357853
colbench_backend_programming,431,0.071711465716362,-0.009548382833600044,0.06424003839492798,-0.019450126215815544,0.0246965903788805,0.005246240179985762
colbench_backend_programming,515,0.07126174122095108,-0.007150276098400354,0.03518174961209297,-0.03796057775616646,-0.03642943501472473,-0.03274707496166229
colbench_backend_programming,294,0.07102976739406586,0.012288504280149937,-0.06171277537941933,0.024114754050970078,-0.024518707767128944,-0.007353424560278654
colbench_backend_programming,300,0.07073608785867691,-0.010139521211385727,0.06596952676773071,-0.014282437972724438,0.01946101523935795,0.008300364948809147
colbench_backend_programming,923,0.06935164332389832,-0.015090049244463444,0.05922400578856468,-0.03107963502407074,0.013254720717668533,0.012670283205807209
colbench_backend_programming,739,0.06883487105369568,-0.001348603400401771,0.02224992960691452,-0.03274841234087944,-0.0392741933465004,-0.04035169258713722
colbench_backend_programming,857,0.0685553327202797,-0.016623513773083687,0.05687297508120537,-0.03263619542121887,0.015954360365867615,0.012067947536706924
colbench_backend_programming,810,0.06545322388410568,0.0028496969025582075,0.01975790411233902,-0.024743998423218727,-0.03450454771518707,-0.04572658985853195
colbench_backend_programming,599,0.0649830549955368,0.0047791488468647,-0.016114840283989906,0.025370949879288673,0.04275772348046303,0.03861607238650322
colbench_backend_programming,566,0.06257849931716919,-0.0015926810447126627,-0.01591380126774311,-0.007626309525221586,0.06003633886575699,0.0005447372095659375
colbench_backend_programming,401,0.062096986919641495,0.006622170098125935,0.027427438646554947,0.02144763246178627,-0.05091962218284607,-0.007138794753700495
colbench_backend_programming,866,0.059196434915065765,-0.002826077165082097,0.024494286626577377,0.01848040521144867,-0.04795671999454498,0.01621343195438385
colbench_backend_programming,645,0.05565904453396797,-0.014408458955585957,0.036497581750154495,-0.014693434350192547,0.0019281937275081873,0.03932226821780205
colbench_backend_programming,287,0.054886333644390106,0.002556205727159977,-0.024557819589972496,0.026640187948942184,-0.030468197539448738,-0.027774307876825333
colbench_backend_programming,227,0.0548795610666275,0.001224410254508257,0.03138543665409088,-0.015109846368432045,0.0377102792263031,0.019399696961045265
colbench_backend_programming,782,0.04974456876516342,-0.00801130197942257,0.02400944195687771,-0.012929229997098446,-0.03434029594063759,-0.023487189784646034
colbench_backend_programming,117,0.047661229968070984,0.0023774919100105762,-0.009551829658448696,-0.02026970684528351,0.018192363902926445,0.03792798891663551
colbench_backend_programming,74,0.043570131063461304,0.005813700146973133,0.01867266744375229,-0.010696212761104107,0.03329014033079147,0.018084391951560974
colbench_backend_programming,301,0.036610089242458344,-0.014978890307247639,-0.008109142072498798,0.00969094131141901,-0.023666558787226677,-0.02491023950278759
colbench_backend_programming,770,0.03314836323261261,0.006634298712015152,0.0017132413340732455,-0.009813487529754639,0.015471383929252625,0.027571914717555046
corebench_hard,capsule-5136217,1.4004346132278442,-0.925165593624115,-0.6436184048652649,-0.822609007358551,-0.5401501059532166,0.7606081366539001
corebench_hard,capsule-2804717,1.393703818321228,-0.6675983667373657,-0.6396254301071167,-0.7207004427909851,-0.642677903175354,0.7751423120498657
corebench_hard,capsule-2816027,1.3918474912643433,-0.2525545656681061,-0.5793963670730591,-0.428344190120697,-0.971680223941803,0.688402533531189
corebench_hard,capsule-3418007,1.3312183618545532,-0.7524877786636353,-0.6235685348510742,-0.7499074339866638,-0.485287070274353,0.7651403546333313
corebench_hard,capsule-8807709,1.3267182111740112,-0.7463357448577881,-0.6030451655387878,-0.7169322967529297,-0.5775795578956604,0.7408966422080994
corebench_hard,capsule-2708693,1.3206515312194824,-0.638798177242279,-0.6035969853401184,-0.662670910358429,-0.6628735661506653,0.7079951167106628
corebench_hard,capsule-1394704,1.3079866170883179,-0.8769678473472595,-0.5755526423454285,-0.7834977507591248,-0.4902714788913727,0.7247989177703857
corebench_hard,capsule-3262218,1.2805006504058838,-0.32631856203079224,-0.636665940284729,-0.3997364044189453,-0.7903651595115662,0.6707252264022827
corebench_hard,capsule-4299879,1.279096007347107,-0.8767181634902954,-0.5885422825813293,-0.8004134893417358,-0.39320024847984314,0.7031617164611816
corebench_hard,capsule-9832712,1.2759480476379395,-0.7632032632827759,-0.5450497269630432,-0.7252417802810669,-0.5315957069396973,0.7227687239646912
corebench_hard,capsule-7716865,1.266727328300476,-1.0698728561401367,-0.5681156516075134,-0.8104343414306641,-0.38996151089668274,0.6877273917198181
corebench_hard,capsule-3449234,1.2636222839355469,-1.061721920967102,-0.5646164417266846,-0.8070345520973206,-0.38440456986427307,0.6920099854469299
corebench_hard,capsule-4252248,1.2603152990341187,-1.0684410333633423,-0.568030059337616,-0.7988240122795105,-0.37923571467399597,0.6955552101135254
corebench_hard,capsule-9054015,1.239246129989624,-0.5883970856666565,-0.5931730270385742,-0.682769238948822,-0.5030898451805115,0.6816181540489197
corebench_hard,capsule-1624349,1.2245020866394043,-0.2833740711212158,-0.5314887762069702,-0.5547035932540894,-0.7111942768096924,0.6351626515388489
corebench_hard,capsule-9137200,1.2141973972320557,-0.33252355456352234,-0.5202152729034424,-0.5468581914901733,-0.6545572280883789,0.6900380253791809
corebench_hard,capsule-7186268,1.2070344686508179,-0.5056070685386658,-0.5548216700553894,-0.4964029788970947,-0.702535092830658,0.6396356821060181
corebench_hard,capsule-9911222,1.2065927982330322,-0.966057300567627,-0.5507883429527283,-0.7242414355278015,-0.4547644555568695,0.6489699482917786
corebench_hard,capsule-2345790,1.195191502571106,-0.7308538556098938,-0.5932248830795288,-0.674566388130188,-0.4831612706184387,0.6229626536369324
corebench_hard,capsule-3301293,1.1485291719436646,-0.06836453080177307,-0.48986026644706726,-0.3434872329235077,-0.7829684019088745,0.5900281071662903
corebench_hard,capsule-4671827,1.1447802782058716,-0.3057294189929962,-0.44397062063217163,-0.5056003928184509,-0.6905270218849182,0.6172137260437012
corebench_hard,capsule-9660931,1.1407747268676758,-1.1385875940322876,-0.5062722563743591,-0.7630415558815002,-0.2951681315898895,0.6129426956176758
corebench_hard,capsule-3821950,1.1384334564208984,-1.1329562664031982,-0.5056596994400024,-0.7588878870010376,-0.29737934470176697,0.6131832003593445
corebench_hard,capsule-8536428,1.1267943382263184,-1.152511715888977,-0.49540814757347107,-0.7556933164596558,-0.2811324894428253,0.6116603016853333
corebench_hard,capsule-4933686,1.0879566669464111,-0.9220350980758667,-0.5018510818481445,-0.6414176225662231,-0.4181405007839203,0.5878240466117859
corebench_hard,capsule-5507257,1.0607935190200806,-1.1073389053344727,-0.45187538862228394,-0.7251825928688049,-0.25312015414237976,0.575440526008606
corebench_hard,capsule-9240688,1.0587265491485596,-0.8073886036872864,-0.45410725474357605,-0.5866779088973999,-0.43694376945495605,0.6160987615585327
corebench_hard,capsule-6049678,1.0413874387741089,0.23298703134059906,-0.4340068995952606,-0.144420325756073,-0.7924613356590271,0.4972659647464752
corebench_hard,capsule-4728591,0.9419494867324829,-0.23236970603466034,-0.3406778573989868,-0.3511938154697418,-0.6102021336555481,0.5249034762382507
corebench_hard,capsule-8234136,0.8918219208717346,-0.8609832525253296,-0.3988569378852844,-0.6104975938796997,-0.17712771892547607,0.48184841871261597
corebench_hard,capsule-3849634,0.8512604832649231,0.2803615927696228,-0.19672806560993195,0.029464049264788628,-0.7780634760856628,0.2822968065738678
corebench_hard,capsule-3639589,0.811405599117279,-0.2602978050708771,-0.4715430736541748,-0.27730265259742737,-0.38271743059158325,0.4611472189426422
corebench_hard,capsule-0851068,0.8009278178215027,0.3512188792228699,-0.2273591160774231,0.08692027628421783,-0.7227572798728943,0.2446630299091339
corebench_hard,capsule-3593259,0.7924390435218811,0.18470531702041626,-0.3373900055885315,-0.08494763821363449,-0.6600273251533508,0.26697468757629395
corebench_hard,capsule-1900704,0.7445859313011169,-0.4318807125091553,-0.38005658984184265,-0.39919984340667725,-0.27046847343444824,0.4212498366832733
corebench_hard,capsule-1724988,0.7260849475860596,0.18920451402664185,-0.18530206382274628,-0.02772320806980133,-0.5959509611129761,0.3700491189956665
corebench_hard,capsule-9052293,0.692939281463623,0.4611052870750427,-0.246083602309227,0.050242677330970764,-0.6074782609939575,0.21921110153198242
corebench_hard,capsule-0504157,0.6770170331001282,-0.2893543541431427,-0.2357129156589508,-0.17618027329444885,-0.5396963357925415,0.2836897373199463
corebench_hard,capsule-9670283,0.6583942770957947,0.12345829606056213,-0.27009063959121704,-0.16161230206489563,-0.4710249602794647,0.33548620343208313
corebench_hard,capsule-9641396,0.5954853892326355,0.3381870687007904,-0.14080114662647247,0.06783875823020935,-0.5464556813240051,0.17765694856643677
corebench_hard,capsule-0921079,0.54993736743927,0.37954309582710266,-0.07916677743196487,0.19629299640655518,-0.5064036846160889,0.0344683863222599
corebench_hard,capsule-6003668,0.495152086019516,0.038485217839479446,-0.16881024837493896,-0.07236035168170929,-0.4176315367221832,0.19242291152477264
corebench_hard,capsule-1175539,0.48354947566986084,0.5330511331558228,-0.09431614726781845,0.2006816864013672,-0.40460583567619324,0.1447257250547409
corebench_hard,capsule-4180912,0.4678405225276947,0.4332580864429474,-0.12264035642147064,0.17071102559566498,-0.4121604263782501,0.06939470767974854
corebench_hard,capsule-2414499,0.3882666826248169,0.49411827325820923,0.018745871260762215,0.195739284157753,-0.3310052156448364,-0.050212446600198746
gaia,d1af70ea-a9a4-421a-b9cc-94b5e02f1788,1.172183632850647,-0.17179711163043976,-0.23118825256824493,-0.4747934341430664,0.8560456037521362,-0.6019331812858582
gaia,5a0c1adf-205e-4841-a666-7c3ef95def9d,1.1667629480361938,0.3320482075214386,0.09643329679965973,0.19642797112464905,1.1290849447250366,-0.19651885330677032
gaia,0bb3b44a-ede5-4db5-a520-4e844b0079c5,1.1190185546875,-0.3649806082248688,-0.2166191190481186,-0.592012345790863,0.7004086375236511,-0.6035128831863403
gaia,9b54f9d9-35ee-4a14-b62f-d130ea00317f,1.0838377475738525,-0.07337945699691772,-0.16765236854553223,-0.21222220361232758,0.8253606557846069,-0.6483350992202759
gaia,c526d8d6-5987-4da9-b24c-83466fa172f3,1.080792784690857,-0.842788577079773,-0.7036009430885315,-0.6358067393302917,-0.3319748342037201,-0.3982476592063904
gaia,dc28cf18-6431-458b-83ef-64b3ce566c10,1.0805193185806274,0.8400806188583374,0.6974320411682129,0.6417572498321533,0.32601460814476013,0.4036988317966461
gaia,e142056d-56ab-4352-b091-b56054bd1359,1.079321265220642,-0.841119110584259,-0.6956719160079956,-0.6399927735328674,-0.3297104239463806,-0.4033302366733551
gaia,ded28325-3447-4c56-860f-e497d6fb3577,1.0708948373794556,-0.8573240637779236,-0.695382833480835,-0.6345461010932922,-0.32816579937934875,-0.39104607701301575
gaia,8f80e01c-1296-4371-9486-bb3d68651a60,1.0691709518432617,-0.8432090282440186,-0.6947576403617859,-0.6325553059577942,-0.31905344128608704,-0.39814209938049316
gaia,ebbc1f13-d24d-40df-9068-adcf735b4240,1.0455840826034546,-0.4910309910774231,-0.26553377509117126,-0.5880735516548157,0.5754206776618958,-0.5880462527275085
gaia,0512426f-4d28-49f0-be77-06d05daec096,1.0443893671035767,-0.13329733908176422,-0.31904956698417664,-0.2684634327888489,0.8286814093589783,-0.4797615110874176
gaia,72c06643-a2fa-4186-aa5c-9ec33ae9b445,1.0401086807250977,-0.7699512243270874,-0.685406506061554,-0.625684380531311,-0.3252582252025604,-0.3387773036956787
gaia,cabe07ed-9eca-40ea-8ead-410ef5e83f91,1.0400559902191162,0.15326325595378876,-0.04778074473142624,-0.20494340360164642,0.9254506826400757,-0.42540881037712097
gaia,d5141ca5-e7a0-469f-bf3e-e773507c86e2,1.037773609161377,-0.3398798704147339,-0.22192294895648956,-0.6438817381858826,0.598194420337677,-0.5052763223648071
gaia,73c1b9fe-ee1d-4cf4-96ca-35c08f97b054,1.034898281097412,0.305299311876297,0.03170478716492653,0.049408044666051865,1.0219593048095703,-0.15220855176448822
gaia,11af4e1a-5f45-467d-9aeb-46f4bb0bf034,1.03131103515625,0.7691737413406372,0.6481919288635254,0.5520598888397217,0.39484643936157227,0.42752280831336975
gaia,32102e3e-d12a-4209-9163-7b3a104efe5d,1.025365948677063,0.428819477558136,0.1472301185131073,0.24419353902339935,0.91630619764328,-0.36118021607398987
gaia,bfcd99e1-0690-4b53-a85c-0174a8629083,1.019893765449524,-0.09056802093982697,-0.21376989781856537,-0.22553704679012299,0.7791782021522522,-0.5800862908363342
gaia,dc22a632-937f-4e6a-b72f-ba0ff3f5ff97,1.0183968544006348,-0.2905995547771454,-0.19623857736587524,-0.5501910448074341,0.6393418908119202,-0.5358678102493286
gaia,076c8171-9b3b-49b9-a477-244d2a532826,1.017852544784546,0.5655614733695984,0.3806550204753876,0.37268736958503723,0.8607126474380493,-0.10678672790527344
gaia,8d46b8d6-b38a-47ff-ac74-cda14cf2d19b,1.010793924331665,-0.7138025164604187,-0.589343786239624,-0.5587646961212158,-0.5663401484489441,-0.2035170942544937
gaia,16d825ff-1623-4176-a5b5-42e0f5c2b0ac,1.0091471672058105,-5.200006125960499e-05,-0.28781214356422424,-0.14908958971500397,0.7778146266937256,-0.5552645921707153
gaia,0e9e85b8-52b9-4de4-b402-5f635ab9631f,1.0083125829696655,-0.6670048832893372,-0.5252472758293152,-0.6696335673332214,0.13054676353931427,-0.524745762348175
gaia,3f57289b-8c60-48be-bd80-01f8099ca449,1.0079025030136108,0.37475767731666565,0.07582978159189224,0.027621837332844734,1.0029492378234863,-0.05871102958917618
gaia,edd4d4f2-1a58-45c4-b038-67337af4e029,1.0008091926574707,0.3562345504760742,0.26303404569625854,0.2295035570859909,0.9133152961730957,-0.21357759833335876
gaia,3da89939-209c-4086-8520-7eb734e6b4ef,0.999163806438446,-0.4840046167373657,-0.7273671627044678,-0.4474118649959564,0.1533069610595703,-0.4955652356147766
gaia,46719c30-f4c3-4cad-be07-d5cb21eee6bb,0.9962115287780762,-0.4589320421218872,-0.5982473492622375,-0.45977237820625305,0.2899095118045807,-0.5823222994804382
gaia,ecbc4f94-95a3-4cc7-b255-6741a458a625,0.9900928139686584,-0.44931429624557495,-0.40538790822029114,-0.7145060300827026,0.3007347881793976,-0.46366387605667114
gaia,d700d50d-c707-4dca-90dc-4528cddd0c80,0.9814018607139587,0.5917454361915588,0.5070849061012268,0.44947537779808044,0.6723797917366028,0.22779783606529236
gaia,9318445f-fe6a-4e1b-acbf-c68228c9906a,0.9807044863700867,-0.6955789923667908,-0.745488166809082,-0.4917556941509247,-0.126675546169281,-0.3849133849143982
gaia,1dcc160f-c187-48c2-b68e-319bd4354f3d,0.9781891703605652,-0.3728085458278656,-0.4627528190612793,-0.41457751393318176,0.4390060007572174,-0.6149090528488159
gaia,56db2318-640f-477a-a82f-bc93ad13e882,0.9736163020133972,0.47579801082611084,0.15107494592666626,0.20304375886917114,0.9118102788925171,-0.22908566892147064
gaia,0b260a57-3f3a-4405-9f29-6d7a1012dbfb,0.9713995456695557,-0.09181799739599228,-0.33291754126548767,-0.20131880044937134,0.6705969572067261,-0.5852806568145752
gaia,65afbc8a-89ca-4ad5-8d62-355bb401f61d,0.9710299968719482,-0.42117786407470703,-0.3254619240760803,-0.5836690068244934,0.37124043703079224,-0.5987359881401062
gaia,0ff53813-3367-4f43-bcbd-3fd725c1bf4b,0.9667295813560486,0.1253863275051117,0.021946243941783905,0.024666229262948036,0.9051870703697205,-0.33780527114868164
gaia,dd3c7503-f62a-4bd0-9f67-1b63b94194cc,0.9548357129096985,0.7809933423995972,0.5667581558227539,0.5650855898857117,0.3912789225578308,0.34362128376960754
gaia,7a4a336d-dcfa-45a0-b014-824c7619e8de,0.9525735378265381,-0.6603208184242249,-0.5772119164466858,-0.5608716011047363,0.0734601840376854,-0.5042314529418945
gaia,27d5d136-8563-469e-92bf-fd103c28b57c,0.9469445943832397,0.6852364540100098,0.6546988487243652,0.552779495716095,0.17266537249088287,0.36427322030067444
gaia,5d0080cb-90d7-4712-bc33-848150e917d3,0.9422997832298279,0.3453187644481659,0.22869539260864258,0.17514781653881073,0.8894510865211487,-0.11758964508771896
gaia,7d4a7d1d-cac6-44a8-96e8-ea9584a70825,0.941889762878418,0.15700121223926544,-0.07043185085058212,0.044984132051467896,0.8744083642959595,-0.33997368812561035
gaia,a0068077-79f4-461a-adfe-75c1a4148545,0.9359716176986694,0.030030157417058945,-0.10416541248559952,-0.0379549041390419,0.8673104047775269,-0.33395275473594666
gaia,7cc4acfa-63fd-4acc-a1a1-e8e529e0a97f,0.9218606948852539,0.5703549981117249,0.4138794243335724,0.4099130928516388,0.7091096043586731,0.08755480498075485
gaia,5f982798-16b9-4051-ab57-cfc7ebdb2a91,0.9180770516395569,-0.5722476243972778,-0.7226899862289429,-0.38587623834609985,-0.0410623624920845,-0.4123082160949707
gaia,e4e91f1c-1dcd-439e-9fdd-cb976f5293fd,0.9176654815673828,-0.09227408468723297,-0.012220830656588078,-0.18770979344844818,0.7960018515586853,-0.41606080532073975
gaia,872bfbb1-9ccf-49f6-8c5f-aa22818ccd66,0.9143813848495483,-0.3546580672264099,-0.6118501424789429,-0.2976517677307129,0.3830721378326416,-0.4758065640926361
gaia,ad2b4d70-9314-4fe6-bfbe-894a45f6055f,0.9132297039031982,-0.46314114332199097,-0.5901438593864441,-0.4170530438423157,0.26621773838996887,-0.4908294975757599
gaia,cca530fc-4052-43b2-b130-b30968d8aa44,0.9090158343315125,-0.7217599749565125,-0.6477031707763672,-0.49966126680374146,-0.1326265186071396,-0.3735494911670685
gaia,0a65cb96-cb6e-4a6a-8aae-c1084f613456,0.9045708179473877,0.35552477836608887,0.16451984643936157,0.24834778904914856,0.8501244783401489,-0.08242212235927582
gaia,f918266a-b3e0-4914-865d-4faa564f1aef,0.9024165868759155,0.4224141836166382,0.22170865535736084,0.1967616081237793,0.8479923605918884,-0.08599257469177246
gaia,1f975693-876d-457b-a649-393859e79bf3,0.8964741230010986,-0.35003945231437683,-0.4247853755950928,-0.42909562587738037,0.2974235415458679,-0.5921481251716614
gaia,6359a0b1-8f7b-499b-9336-840f9ab90688,0.8949016332626343,-0.7249659895896912,-0.6606201529502869,-0.47637617588043213,-0.13919612765312195,-0.3436861038208008
gaia,8b3379c0-0981-4f5b-8407-6444610cb212,0.8939703702926636,-0.21946600079536438,-0.48932474851608276,-0.3597279489040375,0.43574127554893494,-0.4903770387172699
gaia,853c8244-429e-46ca-89f2-addf40dfb2bd,0.8918503522872925,-0.5334433913230896,-0.6160056591033936,-0.3822826147079468,0.16461984813213348,-0.4926401972770691
gaia,624cbf11-6a41-4692-af9c-36b3e5ca3130,0.8861967325210571,-0.4607437551021576,-0.6652628779411316,-0.3384501338005066,0.2090814858675003,-0.42954206466674805
gaia,df6561b2-7ee5-4540-baab-5095f742716a,0.8792355060577393,-0.7337607145309448,-0.6600289344787598,-0.4550512433052063,-0.13050402700901031,-0.33662134408950806
gaia,da52d699-e8d2-4dc5-9191-a2199e0b6a9b,0.869312584400177,0.14736934006214142,0.16843478381633759,-0.05647146701812744,0.755577802658081,-0.3914681375026703
gaia,676e5e31-a554-4acc-9286-b60d90a92d26,0.8685824871063232,-0.14829374849796295,-0.3870401382446289,-0.32517704367637634,0.4031546711921692,-0.5799669623374939
gaia,6f37996b-2ac7-44b0-8e68-6d28256631b4,0.8673039674758911,0.6390718221664429,0.5686196684837341,0.4912015199661255,0.2243107408285141,0.3705315589904785
gaia,7bd855d8-463d-4ed5-93ca-5fe35145f733,0.8597467541694641,0.32319316267967224,0.12801671028137207,0.19781680405139923,0.8071803450584412,-0.17917770147323608
gaia,f46b4380-207e-4434-820b-f32ce04ae2a4,0.8585563898086548,0.2056708186864853,0.13290652632713318,-0.03530502691864967,0.7999122738838196,-0.279908686876297
gaia,72e110e7-464c-453c-a309-90a95aed6538,0.8557925224304199,-0.13863280415534973,-0.33651015162467957,-0.19475644826889038,0.6157729029655457,-0.4494835436344147
gaia,05407167-39ec-4d3a-a234-73a9120c325d,0.8549209833145142,-0.04114708676934242,-0.25686538219451904,-0.27485528588294983,0.6230268478393555,-0.4485556185245514
gaia,54612da3-fd56-4941-80f4-5eb82330de25,0.8548433780670166,0.4002721905708313,0.2606290578842163,0.2408418357372284,0.7631229758262634,-0.14989423751831055
gaia,0a3cd321-3e76-4622-911b-0fda2e5d6b1a,0.8538438081741333,-0.2690887153148651,-0.28085237741470337,-0.34553852677345276,0.6025189161300659,-0.4095671772956848
gaia,983bba7c-c092-455f-b6c9-7857003d48fc,0.8531930446624756,-0.15941815078258514,-0.4489818513393402,-0.01541590690612793,0.48774483799934387,-0.5368622541427612
gaia,cffe0e32-c9a6-4c52-9877-78ceb4aaa9fb,0.8417850732803345,0.15821416676044464,0.0014935793587937951,-0.06634624302387238,0.7632818222045898,-0.34871041774749756
gaia,99c9cc74-fdc8-46c6-8f8d-3ce2d3bfeea3,0.8406364321708679,-0.25538602471351624,-0.34152889251708984,-0.2635143995285034,0.569790244102478,-0.44263628125190735
gaia,cca70ce6-1952-45d2-acd4-80c903b0bc49,0.8351540565490723,-0.6608392000198364,-0.5642719864845276,-0.49593278765678406,-0.11504777520895004,-0.3462572395801544
gaia,5b2a14e8-6e59-479c-80e3-4696e8980152,0.8317722678184509,-0.2621150612831116,-0.06047184392809868,-0.5379295349121094,0.548464298248291,-0.3130606412887573
gaia,2d83110e-a098-4ebb-9987-066c06fa42d0,0.8296623229980469,0.7333610653877258,0.5220189094543457,0.519226610660553,0.27130404114723206,0.2695062756538391
gaia,3627a8be-a77f-41bb-b807-7e1bd4c0ebdf,0.825771689414978,0.534233033657074,0.4516449570655823,0.30421218276023865,0.6207780838012695,0.0022875748109072447
gaia,7673d772-ef80-4f0f-a602-1bf4485c9b43,0.8242926597595215,-0.7535184621810913,-0.5301535725593567,-0.5270298719406128,-0.0766652449965477,-0.33875879645347595
gaia,e8cb5b03-41e0-4086-99e5-f6806cd97211,0.8235987424850464,0.06943877786397934,0.005611591041088104,-0.14881561696529388,0.7349923849105835,-0.3404754102230072
gaia,384d0dd8-e8a4-4cfe-963c-d37f256e7662,0.822727382183075,-0.3243843913078308,-0.5164716839790344,-0.12774540483951569,0.3245350122451782,-0.5371177792549133
gaia,de9887f5-ead8-4727-876f-5a4078f8598c,0.8194174766540527,-0.031656838953495026,-0.2756956219673157,0.028735892847180367,0.636267364025116,-0.43563172221183777
gaia,c714ab3a-da30-4603-bacd-d008800188b9,0.809525191783905,0.6835985779762268,0.5276957750320435,0.3447706997394562,0.41755110025405884,0.2892273962497711
gaia,a0c07678-e491-4bbc-8f0b-07405144218f,0.8088047504425049,-0.1489635854959488,-0.41241398453712463,-0.08160402625799179,0.5966836810112,-0.3484094440937042
gaia,9e1fc53b-46ff-49a1-9d05-9e6faac34cc5,0.8087582588195801,-0.19726179540157318,-0.11591963469982147,-0.43088191747665405,0.5570052266120911,-0.3804451823234558
gaia,114d5fd0-e2ae-4b6d-a65a-870da2d19c08,0.8043881058692932,-0.1906595230102539,-0.1966332346200943,-0.36521390080451965,0.6106598973274231,-0.3195135295391083
gaia,65638e28-7f37-4fa7-b7b9-8c19bb609879,0.8022664189338684,0.04830728471279144,-0.06160653755068779,-0.10557723790407181,0.7429982423782349,-0.27684485912323
gaia,7619a514-5fa8-43ef-9143-83b66a43d7a4,0.7963487505912781,-0.375649094581604,-0.4826870858669281,-0.393276572227478,0.3312068581581116,-0.3698920011520386
gaia,5188369a-3bbe-43d8-8b94-11558f909a08,0.7866119146347046,0.3836852014064789,0.20235246419906616,0.23745723068714142,0.7216281294822693,-0.026051374152302742
gaia,305ac316-eef6-4446-960a-92d80d542f82,0.7788986563682556,0.17834722995758057,0.0961228534579277,0.03188841789960861,0.7440006732940674,-0.20709817111492157
gaia,a1e91b78-d3d8-4675-bb8d-62741b4b68a6,0.777920663356781,0.29657042026519775,0.320330411195755,0.32344385981559753,0.614353358745575,-0.1431889533996582
gaia,f2feb6a4-363c-4c09-a804-0db564eafd68,0.7753154635429382,-0.16584382951259613,-0.2687939703464508,-0.254546582698822,0.4761509299278259,-0.4871859848499298
gaia,b9763138-c053-4832-9f55-86200cb1f99c,0.7740147113800049,0.15135140717029572,-0.001904349192045629,0.047738537192344666,0.7171338796615601,-0.28728944063186646
gaia,b4cc024b-3f5e-480e-b96a-6656493255b5,0.7713368535041809,0.08888525515794754,-0.19829468429088593,-0.27860844135284424,0.5959634184837341,-0.3504921495914459
gaia,f0f46385-fc03-4599-b5d3-f56496c3e69f,0.77033531665802,0.6244556307792664,0.4571995139122009,0.4471818804740906,0.4163861572742462,0.105052649974823
gaia,b816bfce-3d80-4913-a07d-69b752ce6377,0.7602812647819519,0.2754111588001251,-0.03646978735923767,0.10035884380340576,0.6862374544143677,-0.3093603253364563
gaia,366e2f2b-8632-4ef2-81eb-bc3877489217,0.7594447731971741,-0.24700762331485748,-0.15315817296504974,-0.12399592995643616,0.587714672088623,-0.4387657344341278
gaia,4d0aa727-86b1-406b-9b33-f870dd14a4a5,0.7586726546287537,0.4452413320541382,0.34868505597114563,0.24497662484645844,0.6261782646179199,-0.0434752032160759
gaia,50f58759-7bd6-406f-9b0d-5692beb2a926,0.7501134872436523,-0.3251013457775116,-0.44852831959724426,-0.4014907479286194,0.12228217720985413,-0.43051695823669434
gaia,a7feb290-76bb-4cb7-8800-7edaf7954f2f,0.750041663646698,-0.46369805932044983,-0.6041919589042664,-0.31621500849723816,-0.079593725502491,-0.3019726872444153
gaia,0383a3ee-47a7-41a4-b493-519bdefe0488,0.7485895156860352,-0.20111317932605743,-0.1485997587442398,-0.2884376347064972,0.604872465133667,-0.2987264096736908
gaia,5cfb274c-0207-4aa7-9575-6ac0bd95d9b2,0.746816098690033,0.40970075130462646,0.5217183828353882,0.2872380316257477,0.44323840737342834,0.08110666275024414
gaia,87c610df-bef7-4932-b950-1d83ef4e282b,0.744259774684906,0.17732387781143188,0.1327962428331375,0.025959398597478867,0.6752760410308838,-0.2821633219718933
gaia,8e867cd7-cff9-4e6c-867a-ff5ddc2550be,0.7434313893318176,-0.17010241746902466,-0.01064346358180046,-0.1883196085691452,0.6328932046890259,-0.3414072096347809
gaia,50ec8903-b81f-4257-9450-1085afd2c319,0.7427460551261902,0.536106288433075,0.36382272839546204,0.18905171751976013,0.6066956520080566,0.12443726509809494
gaia,08c0b6e9-1b43-4c2e-ae55-4e3fce2c2715,0.7420777678489685,-0.12229495495557785,0.1112494096159935,-0.4287876784801483,0.5526067614555359,-0.2215171754360199
gaia,7dd30055-0198-452e-8c25-f73dbe27dcb8,0.7403126955032349,-0.3982931673526764,-0.37109145522117615,-0.21939344704151154,0.2163694053888321,-0.561609148979187
gaia,b2c257e0-3ad7-4f05-b8e3-d9da973be36e,0.7336139678955078,-0.6131032705307007,-0.4897133409976959,-0.36165881156921387,-0.29245492815971375,-0.2864319682121277
gaia,4b6bb5f7-f634-410e-815d-e673ab7f8632,0.7280669212341309,-0.039391178637742996,-0.3953145742416382,-0.31842243671417236,0.3977372646331787,-0.3379645347595215
gaia,2b3ef98c-cc05-450b-a719-711aee40ac65,0.7258625030517578,-0.3158169686794281,-0.24905407428741455,-0.19398505985736847,0.39422115683555603,-0.5213519334793091
gaia,08cae58d-4084-4616-b6dd-dd6534e4825b,0.7219305038452148,-0.2285308688879013,-0.24217021465301514,-0.16456663608551025,0.5305437445640564,-0.3924008011817932
gaia,65da0822-a48a-4a68-bbad-8ed1b835a834,0.7205683588981628,0.18985915184020996,0.0015744154807180166,-0.14083433151245117,0.679973304271698,-0.19240152835845947
gaia,544b7f0c-173a-4377-8d56-57b36eb26ddf,0.7179148197174072,0.5791366100311279,0.401339054107666,0.3892176151275635,0.44654083251953125,0.05864811688661575
gaia,4d51c4bf-4b0e-4f3d-897b-3f6687a7d9f2,0.717208981513977,-0.09068600088357925,-0.08647555112838745,-0.2437814325094223,0.5387703776359558,-0.39649441838264465
gaia,e1fc63a2-da7a-432f-be78-7c4a95598703,0.7167426347732544,0.2510087490081787,0.06216634064912796,-0.05592559278011322,0.6411182284355164,-0.3093462884426117
gaia,bda648d7-d618-4883-88f4-3466eabd860e,0.7147307991981506,0.4074546992778778,0.39834409952163696,0.1739756464958191,0.5555217266082764,0.1152830719947815
gaia,a56f1527-3abf-41d6-91f8-7296d6336c3f,0.70604407787323,0.012911947444081306,0.2778603136539459,-0.16465526819229126,0.611224889755249,-0.1434735655784607
gaia,c8b7e059-c60d-472e-ad64-3b04ae1166dc,0.7048435211181641,-0.4741594195365906,-0.4658869504928589,-0.293046772480011,0.25871989130973816,-0.35628828406333923
gaia,04a04a9b-226c-43fd-b319-d5e89743676f,0.7032545804977417,0.052822504192590714,-0.03740004077553749,-0.10286123305559158,0.6196189522743225,-0.3141022026538849
gaia,d8152ad6-e4d5-4c12-8bb7-8d57dc10c6de,0.7011614441871643,-0.03607213869690895,-0.29975247383117676,-0.19397632777690887,0.45165228843688965,-0.40019890666007996
gaia,67e8878b-5cef-4375-804e-e6291fdbe78a,0.688357949256897,0.004885699134320021,0.24533416330814362,0.047028061002492905,0.5504156947135925,-0.32936105132102966
gaia,4fc2f1ae-8625-45b5-ab34-ad4433bc21f8,0.6857379078865051,0.3088094890117645,0.44414469599723816,0.18514017760753632,0.469178169965744,-0.13626044988632202
gaia,b415aba4-4b68-4fc6-9b89-2c812e55a3e1,0.6852057576179504,-0.3855971395969391,-0.3207719326019287,-0.437078595161438,0.20395474135875702,-0.36602872610092163
gaia,2dfc4c37-fec1-4518-84a7-10095d30ad75,0.6793438792228699,-0.555133044719696,-0.45260390639305115,-0.42857539653778076,-0.18683771789073944,-0.19512194395065308
gaia,851e570a-e3de-4d84-bcfa-cc85578baa59,0.6762484908103943,-0.4642813503742218,-0.3012107312679291,-0.4681808650493622,0.20065459609031677,-0.3273049294948578
gaia,8131e2c0-0083-4265-9ce7-78c2d568425d,0.6703068614006042,-0.1921301931142807,-0.2575225830078125,-0.36289462447166443,0.308673232793808,-0.3949958384037018
gaia,42576abe-0deb-4869-8c63-225c2d75a95a,0.6684679388999939,0.5051758289337158,0.22557708621025085,0.1971193253993988,0.5944567918777466,-0.0610688142478466
gaia,e961a717-6b25-4175-8a68-874d28190ee4,0.6659350991249084,0.5459806323051453,0.23846042156219482,0.12610061466693878,0.5970059037208557,0.11953582614660263
gaia,48eb8242-1099-4c26-95d4-ef22b002457a,0.6504911780357361,-0.5746814608573914,-0.5245283246040344,-0.2777498960494995,-0.1647925078868866,-0.20906269550323486
gaia,17b5a6a3-bc87-42e8-b0fb-6ab0781ef2cc,0.6501581072807312,0.08559861779212952,0.2416863590478897,0.08891481906175613,0.5769496560096741,-0.15335097908973694
gaia,935e2cff-ae78-4218-b3f5-115589b19dae,0.6487922072410583,0.13858260214328766,0.29295748472213745,-0.01938534341752529,0.543380618095398,-0.19866788387298584
gaia,20194330-9976-4043-8632-f8485c6c71b2,0.6428966522216797,-0.42628157138824463,-0.2568471431732178,-0.476928174495697,0.013230107724666595,-0.34599146246910095
gaia,d0633230-7067-47a9-9dbf-ee11e0a2cdd6,0.6320487260818481,-0.5276564359664917,-0.5040005445480347,-0.22030869126319885,0.11921403557062149,-0.28761276602745056
gaia,9d191bce-651d-4746-be2d-7ef8ecadb9c2,0.6318395733833313,0.38999974727630615,0.5808961391448975,0.05955720692873001,0.10977397859096527,0.21490350365638733
gaia,e2d69698-bc99-4e85-9880-67eaccd66e6c,0.6136160492897034,0.13772693276405334,0.08720066398382187,-0.23427167534828186,0.5113660097122192,-0.22922107577323914
gaia,023e9d44-96ae-4eed-b912-244ee8c3b994,0.6101110577583313,-0.07441660761833191,0.029860058799386024,-0.24139191210269928,0.515568196773529,-0.21740104258060455
gaia,ad37a656-079a-49f9-a493-7b739c9167d1,0.6100184321403503,0.4349135160446167,0.3420189619064331,0.28643834590911865,0.13098235428333282,0.39489519596099854
gaia,f3917a3d-1d17-4ee2-90c5-683b072218fe,0.6019533276557922,0.032631102949380875,-0.1083226427435875,-0.09465812891721725,0.521515965461731,-0.2639601528644562
gaia,b7f857e4-d8aa-4387-af2a-0e844df5b9d8,0.5992001295089722,0.45892447233200073,0.36527806520462036,0.18295420706272125,0.39098015427589417,0.19817925989627838
gaia,42d4198c-5895-4f0a-b0c0-424a66465d83,0.5967825651168823,-0.6026952862739563,-0.3293793201446533,-0.45766857266426086,-0.014804520644247532,-0.19488194584846497
gaia,71345b0a-9c7d-4b50-b2bf-937ec5879845,0.5893941521644592,0.06159104406833649,0.03888779133558273,-0.2815459668636322,0.5067766308784485,-0.09890665858983994
gaia,bec74516-02fc-48dc-b202-55e78d0e17cf,0.5817640423774719,-0.5041136741638184,-0.4074382483959198,-0.3816298842430115,-0.07300092279911041,-0.14653654396533966
gaia,708b99c5-e4a7-49cb-a5cf-933c8d46470d,0.5797207951545715,-0.17205820977687836,-0.04495750367641449,-0.31638655066490173,0.43615612387657166,-0.20909905433654785
gaia,cf106601-ab4f-4af9-b045-5295fe67b37d,0.5778594017028809,0.39585787057876587,0.23078471422195435,0.0828452855348587,0.49885812401771545,0.15791510045528412
gaia,56137764-b4e0-45b8-9c52-1866420c3df5,0.5365403294563293,0.3901956379413605,0.22964224219322205,0.15834525227546692,0.45822271704673767,-0.009934316389262676
gaia,0bdb7c40-671d-4ad1-9ce3-986b159c0ddc,0.5329712629318237,-0.14176557958126068,0.10026970505714417,-0.18455073237419128,0.4755925238132477,-0.1172909289598465
gaia,a26649c6-1cb2-470a-871e-6910c64c3e53,0.5213905572891235,0.2333647608757019,0.390666127204895,0.042522087693214417,0.32109779119491577,0.11965039372444153
gaia,9f41b083-683e-4dcf-9185-ccfeaa88fa45,0.5068196654319763,-0.126280277967453,-0.22538185119628906,0.0007134512416087091,0.4017064571380615,-0.21142511069774628
gaia,3ff6b7a9-a5bd-4412-ad92-0cd0d45c0fee,0.5051641464233398,0.3783516585826874,0.16613948345184326,0.27421852946281433,0.3888675570487976,0.03427403047680855
gaia,e9a2c537-8232-4c3f-85b0-b52de6bcba99,0.5047217011451721,-0.41856849193573,-0.3940085172653198,-0.1460697203874588,0.0020164665766060352,-0.27957266569137573
gaia,7b5377b0-3f38-4103-8ad2-90fe89864c04,0.4916691184043884,0.3365563750267029,0.4314001798629761,-0.05122646316885948,0.2275199294090271,0.03525540605187416
gaia,c61d22de-5f6c-4958-a7f6-5e9707bd3466,0.49085909128189087,0.059863075613975525,0.01043756864964962,0.1086384728550911,0.4207872748374939,-0.22796811163425446
gaia,08f3a05f-5947-4089-a4c4-d4bcfaa6b7a0,0.4867231249809265,0.3250071406364441,0.27327588200569153,0.20140090584754944,0.34464940428733826,-0.05361109599471092
gaia,db4fd70a-2d37-40ea-873f-9433dc5e301f,0.4695914387702942,-0.4099920094013214,-0.24037958681583405,-0.22272466123104095,-0.06680630892515182,-0.3296428620815277
gaia,3cef3a44-215e-4aed-8e3b-b1e3f08063b7,0.4681994318962097,0.2615756690502167,-0.0030010887421667576,0.2336125671863556,0.40299922227859497,-0.047101061791181564
gaia,e0c10771-d627-4fd7-9694-05348e54ee36,0.46415284276008606,0.030345935374498367,0.09577259421348572,0.11313271522521973,0.4393584430217743,0.020751038566231728
gaia,23dd907f-1261-4488-b21c-e9185af91d5e,0.4617740511894226,0.011704440228641033,-0.033204611390829086,-0.198667973279953,0.35971730947494507,-0.20800772309303284
gaia,c365c1c7-a3db-4d5e-a9a1-66f56eae7865,0.4548898935317993,-0.348638117313385,-0.3971541225910187,-0.16609437763690948,-0.061730433255434036,-0.13339956104755402
gaia,33d8ea3b-6c6b-4ff1-803d-7e270dea8a57,0.435201495885849,0.4433597922325134,0.24394655227661133,0.2693727910518646,0.23632624745368958,0.03845277428627014
gaia,a3fbeb63-0e8c-4a11-bff6-0e3b484c3e9c,0.4331861138343811,0.02498352713882923,0.12935055792331696,-0.02535516954958439,0.3938370645046234,-0.12315887957811356
gaia,2a649bb1-795f-4a01-b3be-9a01868dae73,0.4104999899864197,0.1255270391702652,-0.013300708495080471,0.05547291040420532,0.3894619047641754,-0.11651405692100525
gaia,14569e28-c88c-43e4-8c32-097d35b9a67d,0.40171533823013306,-0.3116208016872406,-0.2619202435016632,-0.12449979037046432,-0.20071926712989807,-0.19231373071670532
gaia,840bfca7-4f7b-481a-8794-c560c340185d,0.38800254464149475,0.17503435909748077,0.16382287442684174,-0.1331007331609726,0.3150567412376404,0.08204564452171326
gaia,00d579ea-0889-4fd9-a771-2c8d79835c8d,0.36944761872291565,-0.08953110873699188,-0.0351126454770565,-0.04780086502432823,0.26192334294319153,-0.25371217727661133
gaia,ed58682d-bc52-4baa-9eb0-4eb81e1edacc,0.3463505208492279,0.13181471824645996,0.26199305057525635,-0.11623706668615341,0.10213227570056915,0.16545775532722473
gaia,389793a7-ca17-4e82-81cb-2b3a2391b4b9,0.3396725058555603,0.15274322032928467,0.07256141304969788,0.18210472166538239,0.27194079756736755,0.054756999015808105
gaia,50ad0280-0819-4bd9-b275-5de32d3b5bcb,0.2938142716884613,-0.13923890888690948,-0.1700228452682495,-0.19746896624565125,0.10204952955245972,-0.0895039290189743
gaia,e29834fd-413a-455c-a33e-c3915b07401c,0.2505468428134918,-0.16326458752155304,-0.11275936663150787,-0.17828097939491272,-0.13342171907424927,0.02176203951239586
gaia,6b078778-0b90-464d-83f6-59511c811b01,0.23634225130081177,-0.36535876989364624,-0.10686129331588745,-0.03557138890028,0.13211846351623535,-0.1603674292564392
gaia,c3a79cfe-8206-451f-aca8-3fec8ebe51d3,0.234607994556427,-0.1948298066854477,-0.05937662720680237,-0.1670454740524292,-0.15259955823421478,-0.018014155328273773
gaia,4b650a35-8529-4695-89ed-8dc7a500a498,0.20849762856960297,0.1672998070716858,-0.05866468697786331,-0.03015093132853508,0.1954394280910492,-0.030398419126868248
gaia,ec09fa32-d03f-4bf8-84b0-1f16922c3ae4,0.12035931646823883,-0.14907121658325195,-0.019148560240864754,-0.06160781532526016,0.04880652576684952,0.08911845088005066
online_mind2web,1223b07536a87e0170ff87cbbebd1d3c,1.2114720344543457,-0.17670293152332306,-0.27812883257865906,1.1257927417755127,-0.26951003074645996,-0.22419603168964386
online_mind2web,92160852a6bbbc165cee4e14ab0b1d59,1.1057536602020264,-0.5792245864868164,-0.6210351586341858,-0.002661502454429865,-0.6097422242164612,-0.6820657849311829
online_mind2web,949dc965a6c23a95663b3bc2ca2c3a8a,1.104496955871582,-0.5840535759925842,-0.6230270266532898,-0.0010784990154206753,-0.6031489372253418,-0.684076726436615
online_mind2web,c801d1c951f59297f526bab84fa86c6e,1.1008234024047852,-0.5840139985084534,-0.6243192553520203,0.00483122281730175,-0.6136051416397095,-0.6674601435661316
online_mind2web,c43a7dccf5c44f7b45a821e712dd1970,1.0998104810714722,-0.5857348442077637,-0.6209646463394165,0.009925857186317444,-0.6024637818336487,-0.6789144277572632
online_mind2web,59912927c1fddee6ded8a49986896bc2,1.0992794036865234,-0.579221248626709,-0.6173877120018005,0.013639449141919613,-0.6074888706207275,-0.6767708659172058
online_mind2web,96afb3c51146b0c2a9c55f039a5ea6d6,1.0982871055603027,-0.5830615758895874,-0.6257545351982117,0.012884513475000858,-0.6084403395652771,-0.6665585041046143
online_mind2web,a13e4231a3d6a7000c622c56448d97ba,1.0979303121566772,-0.5828951597213745,-0.6165177822113037,0.010447018779814243,-0.6060970425605774,-0.6766787171363831
online_mind2web,733f1d8bf79d5bc2240c5357f928ffff,1.096735954284668,-0.5891227722167969,-0.6189016103744507,0.008298278786242008,-0.6016089916229248,-0.6766005158424377
online_mind2web,7e1047f4803237f319c004f7a7f6bccb,1.0967113971710205,-0.5826481580734253,-0.6167909502983093,0.006681473925709724,-0.6060035228729248,-0.6745813488960266
online_mind2web,7fff82864f21ddeccf4104a220892824,1.0960187911987305,-0.5933061242103577,-0.6116899251937866,0.015381783246994019,-0.6047860980033875,-0.679036021232605
online_mind2web,0b838cd54f826c59c71f600c56b89a11,1.095223069190979,-0.5957372188568115,-0.6230257749557495,0.004782022908329964,-0.6121289730072021,-0.6607780456542969
online_mind2web,d5c34bf39eb6096ae5d439325cde4d32,1.094836950302124,0.5922428965568542,0.6168025135993958,-0.003318791277706623,0.6037604808807373,0.6735613942146301
online_mind2web,c8c1ff115879b3afd14280beb1559b13,1.0940197706222534,-0.587498664855957,-0.6201082468032837,0.0029653070960193872,-0.5992283225059509,-0.6732470393180847
online_mind2web,239a29bde438fe44fe17fe1390ef1634,1.0933771133422852,-0.5904059410095215,-0.6158269643783569,0.002952041570097208,-0.6038141250610352,-0.672034502029419
online_mind2web,f389398d2eeb29e5571e00439c57eb76,1.0928633213043213,-0.5814275145530701,-0.6184988617897034,0.006664561107754707,-0.6053506731987,-0.6673197746276855
online_mind2web,b3a7da968de13bbdcaed12ffe4993df6,1.0910913944244385,-0.5866594910621643,-0.6194145679473877,0.005987098440527916,-0.6026344895362854,-0.6660344004631042
online_mind2web,1bc154377120ec15b18dbabdba49c741,1.0908600091934204,-0.5841947793960571,-0.613109290599823,0.012804172933101654,-0.6048974990844727,-0.6693336367607117
online_mind2web,9d090a15c214eb070d9caa8a034d03c1,1.0895240306854248,-0.5929419994354248,-0.6176633238792419,0.009549587033689022,-0.6033762097358704,-0.664379894733429
online_mind2web,f2be37a9a60fbc25b6b11cf622d17352,1.0554107427597046,-0.5595227479934692,-0.5886585712432861,0.12678050994873047,-0.5889610052108765,-0.6359438300132751
online_mind2web,afcebfed28bea091d58f49ea6cb8194b,1.0546226501464844,-0.5052353143692017,-0.5545964241027832,0.2538558840751648,-0.6034272909164429,-0.6132572293281555
online_mind2web,84f806c7fc15576673915f195efa72df,1.0504426956176758,-0.5047848224639893,-0.663014829158783,-0.11330999433994293,-0.48687440156936646,-0.6433936357498169
online_mind2web,8244409b2c82043f966cad05f9afe132,1.0492746829986572,-0.5060222148895264,-0.5516704320907593,0.2553938627243042,-0.6005383729934692,-0.6089046001434326
online_mind2web,7e6993f2c5cd72c44809024f0bc85dc1,1.0483717918395996,-0.5156025886535645,-0.6608889102935791,-0.10954327136278152,-0.47427356243133545,-0.65220707654953
online_mind2web,824eb7bb0ef1ce40bfd49c12182d9428,1.0478729009628296,-0.5563504695892334,-0.5798068642616272,0.12430653721094131,-0.5816485285758972,-0.6388227939605713
online_mind2web,1ab384fb3a791edfb410213cc6b82151,1.046675205230713,-0.5522899031639099,-0.5882350206375122,0.11231068521738052,-0.580643892288208,-0.632256031036377
online_mind2web,d71be72aa25c3eab8eea47a0e60382e2,1.0416396856307983,-0.05565446987748146,-0.16993634402751923,1.0183253288269043,-0.1221485361456871,-0.06502432376146317
online_mind2web,b2f4fde2fce122a93c7b578086cb0585,1.031441330909729,-0.5217248201370239,-0.5332756638526917,0.24846923351287842,-0.5886964797973633,-0.6092517375946045
online_mind2web,561693d6eec7bbfba3fefe9e4b26decb,1.0250270366668701,0.5090407133102417,0.5474720001220703,-0.1547544002532959,0.5621521472930908,0.6410856246948242
online_mind2web,29b7372d5a3884a2ba831af2d117af3c,1.0246132612228394,0.12267820537090302,0.28778716921806335,0.9759117960929871,-0.09196627885103226,0.0784173384308815
online_mind2web,fc53ddd3421411a41c1020a3fdc84ec4,1.0175561904907227,-0.4465736746788025,-0.48238128423690796,0.3563975989818573,-0.5554947853088379,-0.6059167981147766
online_mind2web,fcf4952d2a1d80ea505c555c3c3b54e7,1.0148918628692627,-0.5144257545471191,-0.6637492775917053,-0.1100507453083992,-0.4491455852985382,-0.6128617525100708
online_mind2web,47e314cc452c540524ffb7cf520285a3,1.013925313949585,-0.5223563313484192,-0.5325732231140137,-0.1534903198480606,-0.6296054124832153,-0.5696033835411072
online_mind2web,85b284c18d7e78c9b5a9e074e7aa3b98,1.0109902620315552,-0.5273079872131348,-0.5267156362533569,-0.15587493777275085,-0.6172173619270325,-0.5825957655906677
online_mind2web,62c8d970b3d13891f355911e5a8f4030,1.0091265439987183,-0.22507494688034058,-0.379372775554657,0.8746461868286133,-0.25440189242362976,-0.2113913744688034
online_mind2web,84ef883a37af638c3bcf7561f28ce80a,1.0083621740341187,-0.4422435462474823,-0.703510582447052,-0.22118063271045685,-0.36239489912986755,-0.5844793915748596
online_mind2web,a48e2f1ee8d87eaeea56fe5e730427e6,1.0032241344451904,-0.5166125893592834,-0.6316055059432983,-0.16154253482818604,-0.48148107528686523,-0.5912809371948242
online_mind2web,157f4a79d55e8fa3fd55ba772ba40fbc,0.9941684603691101,-0.4556480646133423,-0.5139099359512329,0.362114280462265,-0.5341307520866394,-0.5548379421234131
online_mind2web,b64f938af842f6a1b4489d0e49a785a7,0.994148313999176,-0.5295659899711609,-0.6275963187217712,-0.05104944482445717,-0.5121421813964844,-0.5740714073181152
online_mind2web,48c73f3f53e2611c4a1052457c1033db,0.9920774698257446,-0.3593652844429016,-0.4502965211868286,0.6059091687202454,-0.46101251244544983,-0.44921305775642395
online_mind2web,07ec4a12cba8090e2dc524d558ac7675,0.991337776184082,0.5323132276535034,0.6258659362792969,0.035191550850868225,0.49519240856170654,0.5870165824890137
online_mind2web,ba2a469af584f16da93ce6a7430cf7e5,0.9885144233703613,-0.5181103348731995,-0.5688754916191101,0.03376363217830658,-0.5269675254821777,-0.6121329665184021
online_mind2web,eb2db4b769c145dbe6ba4f74f3e0de98,0.9882952570915222,-0.527874767780304,-0.5627061724662781,0.036262933164834976,-0.5267658829689026,-0.617488443851471
online_mind2web,3dca7cbe7d086619d837ff9f5312cebc,0.9870048761367798,-0.4696993827819824,-0.6331354975700378,-0.015194540843367577,-0.4600551426410675,-0.6011959314346313
online_mind2web,c7c07ec10c668625a21ba64165d719bb,0.9844439029693604,-0.23061402142047882,-0.303266316652298,0.7953070998191833,-0.3788411617279053,-0.318001925945282
online_mind2web,ef289e34a2f59a707cb07e2a6229ff03,0.9815607666969299,-0.5116865634918213,-0.5716980695724487,0.18745559453964233,-0.5221125483512878,-0.5734821557998657
online_mind2web,9af05e392cf3f5a8ff17aa764ba5bda6,0.9814748764038086,-0.5307731032371521,-0.6265842914581299,-0.13016155362129211,-0.4423115849494934,-0.5984175205230713
online_mind2web,0e5536aaad9d3462b06cf725e6ed535a,0.9773398041725159,-0.4592050611972809,-0.5310136079788208,0.3184548020362854,-0.506656289100647,-0.561340868473053
online_mind2web,415bf9da6f3db3a735ecbba3b0c76c15,0.9772493243217468,-0.5322707891464233,-0.5541991591453552,0.1999167650938034,-0.5389019250869751,-0.5634691715240479
online_mind2web,ec78d3a635e417bc2a80d03ca93d7165,0.9754725098609924,-0.47676947712898254,-0.4948214888572693,0.39233577251434326,-0.5510591864585876,-0.4991039037704468
online_mind2web,8ae510355d978424f490798f900bfa2c,0.9734783172607422,-0.5319637060165405,-0.5386638045310974,-0.0716693103313446,-0.5456794500350952,-0.5954820513725281
online_mind2web,b99c02965196d51e80ac7539e33f335b,0.9699357151985168,-0.39640650153160095,-0.47456419467926025,0.45953449606895447,-0.4701286256313324,-0.5323262810707092
online_mind2web,905cb53061c33aa2d77e485fe1fca516,0.9681732058525085,-0.3766191899776459,-0.703589677810669,-0.43926048278808594,-0.16565558314323425,-0.4710937738418579
online_mind2web,b3f8bd9198d9d157e0848109563c4b23,0.9671225547790527,-0.5201216340065002,-0.4929797351360321,-0.012995651923120022,-0.6200762391090393,-0.5546472668647766
online_mind2web,e4e19e04286f644d747d8c5a79d17fac,0.9635563492774963,0.5397017598152161,0.5867800712585449,0.023915685713291168,0.5001281499862671,0.5774338245391846
online_mind2web,11857213ca01510f12813740afd59918,0.961797297000885,-0.487949401140213,-0.5520091652870178,0.2606505751609802,-0.4768746495246887,-0.5700804591178894
online_mind2web,92a3d4236f167af4afdc08876a902ba6,0.9602717757225037,0.5389407277107239,0.5226403474807739,0.04678072780370712,0.5134469866752625,0.6189932823181152
online_mind2web,7c09c2c7c87cf6bb1138701eb54284ea,0.959876298904419,-0.5391740798950195,-0.47423940896987915,-0.004364029038697481,-0.549751877784729,-0.6278641223907471
online_mind2web,d1970c16271496cbbe166ecbecc0a1d8,0.9571028351783752,-0.4107520580291748,-0.3913474977016449,0.633173942565918,-0.4588848352432251,-0.38911229372024536
online_mind2web,3443e9c3151fef19a3c3a45eb2c13640,0.9568284153938293,-0.5243270397186279,-0.5754293203353882,-0.03099609911441803,-0.4916664659976959,-0.584555447101593
online_mind2web,367d843c640637745e8fafa741cca13b,0.9567292928695679,-0.47968336939811707,-0.4838106036186218,0.39660659432411194,-0.5336284041404724,-0.4890829920768738
online_mind2web,16200f51d63f0a47a58fa17acd49e368,0.9563910365104675,0.309426873922348,0.5663390159606934,0.6896500587463379,-0.009396272711455822,0.34385812282562256
online_mind2web,29526b17a32485742b5ab63507e99417,0.9549208879470825,0.4634247422218323,0.5757332444190979,0.21736405789852142,0.412223756313324,0.6026853322982788
online_mind2web,0b2623e9fa5cea997f76490bcbc5220f,0.9540120363235474,-0.18746910989284515,-0.30854684114456177,0.8374276757240295,-0.29277554154396057,-0.16713812947273254
online_mind2web,b7258ee05d75e6c50673a59914db412e,0.9521803855895996,-0.48477813601493835,-0.537408173084259,0.15490874648094177,-0.5030427575111389,-0.5837732553482056
online_mind2web,2fc51dd3febd447f0fdcdabca8d944ce,0.9469425082206726,-0.4987757205963135,-0.5062416195869446,0.3375043570995331,-0.5108311176300049,-0.5153270363807678
online_mind2web,8f2611047de227a2ca8bda13f6e2e5fb,0.9456319808959961,-0.49661675095558167,-0.6383864283561707,0.001208757166750729,-0.41395485401153564,-0.5615358948707581
online_mind2web,34ccd15a8ea8fd3895af83f5ccf62369,0.9422456622123718,0.45295432209968567,0.517379105091095,-0.23426903784275055,0.4746401309967041,0.5830784440040588
online_mind2web,f27b393bbd2082f92b566270c4b74fe6,0.9422378540039062,-0.42768481373786926,-0.6602091789245605,-0.32067930698394775,-0.26473215222358704,-0.5282212495803833
online_mind2web,79f0bd7df6e685f30f20025cc6755c0a,0.941839873790741,-0.48685604333877563,-0.5388978123664856,0.16051121056079865,-0.5069505572319031,-0.5602577328681946
online_mind2web,0170ca95038b05fa58d463fe627ac605,0.9403536319732666,0.09375952929258347,0.4464913606643677,0.7960118055343628,-0.18406693637371063,0.1318899542093277
online_mind2web,5d542a7ec1fa142ba73cc87d970caf39,0.9388856887817383,-0.45258811116218567,-0.6057639718055725,-0.0018149672541767359,-0.40691253542900085,-0.5907412171363831
online_mind2web,9ed3827266b3b804f485859c3d00401e,0.9375106692314148,-0.4499395787715912,-0.6214542388916016,-0.006772628985345364,-0.40312716364860535,-0.5745985507965088
online_mind2web,c3a333968fc3c43d7f2688f425a0d633,0.9337750673294067,-0.41795071959495544,-0.648768961429596,-0.2879427373409271,-0.3108467757701874,-0.5210546851158142
online_mind2web,636b07af4dd97c1793733db1fd1b90b8,0.9273828268051147,-0.5082063674926758,-0.4523921608924866,0.18596652150154114,-0.5456491708755493,-0.5683868527412415
online_mind2web,e7301bb694871429bf2eb36c3a72186c,0.9237979054450989,-0.4920567274093628,-0.4853626787662506,0.1283605992794037,-0.5735065340995789,-0.5219573378562927
online_mind2web,199be0b54a436daee74247971fc684ee,0.9212599396705627,-0.427895724773407,-0.5076723694801331,0.4273906648159027,-0.411622554063797,-0.48876652121543884
online_mind2web,c6c9dc6079677cef594cec2fa6b16602,0.9190868139266968,-0.478340744972229,-0.5734208226203918,0.24588635563850403,-0.4106137156486511,-0.5355795621871948
online_mind2web,eb323dc584156d0eb3a2b90bb8c4b791,0.9185062646865845,-0.5088137984275818,-0.47596845030784607,0.10791435092687607,-0.5069944262504578,-0.5902702212333679
online_mind2web,fd787623166785d84093565bf945fd24,0.9154759049415588,0.45876601338386536,0.5275363922119141,0.1955452859401703,0.5098109841346741,0.511523425579071
online_mind2web,c073ac1bcf40f84c599affc97edbc396,0.9146449565887451,-0.4549281597137451,-0.6152220964431763,0.04820660501718521,-0.39746254682540894,-0.5456893444061279
online_mind2web,4c186c6ed888d0c8d4cf4adb39443080,0.9109774827957153,0.1201549842953682,0.11228325963020325,0.8947179913520813,-0.00831010565161705,0.1291627734899521
online_mind2web,5dec0e6620849459f29e6465982c597e,0.9086076021194458,-0.4699607193470001,-0.5321377515792847,-0.16931386291980743,-0.43015506863594055,-0.5733206272125244
online_mind2web,bb518416a786fdb9b9bbf0c78515595e,0.9085333943367004,-0.41013139486312866,-0.46458542346954346,0.38843581080436707,-0.44107332825660706,-0.5139700770378113
online_mind2web,d730f4ff450da1bd60a836163736ef6a,0.9080178141593933,-0.5079618692398071,-0.47446408867836,0.11757402867078781,-0.510105550289154,-0.5703936219215393
online_mind2web,753f372c189d3b306623cb0c65b50320,0.9060018658638,-0.46725669503211975,-0.5730334520339966,0.052795905619859695,-0.4389709234237671,-0.5449671745300293
online_mind2web,33bd2cdcea4fcc42a09a8a1e4e5841c6,0.9037570953369141,-0.5087547302246094,-0.4878849983215332,0.05175162851810455,-0.5307994484901428,-0.5425115823745728
online_mind2web,bf3b311cc8dce16d3de844f4b5875dfd,0.9032638072967529,0.21694780886173248,0.3604840934276581,0.7835361957550049,-0.016569292172789574,0.2678305506706238
online_mind2web,64b76158720a69e4a5c31a55d54928bf,0.9014487862586975,-0.4610588252544403,-0.5602865815162659,-0.021458342671394348,-0.44355931878089905,-0.5490751266479492
online_mind2web,c03ee2be3d73556ab789c0ad1cbd3451,0.8971560001373291,-0.48979225754737854,-0.5227872133255005,0.2565215229988098,-0.45790910720825195,-0.5060615539550781
online_mind2web,f00e7accfb4a5e09680bdb326e6274ad,0.8887179493904114,0.4813478887081146,0.6075856685638428,-0.012446992099285126,0.36153945326805115,0.5383247137069702
online_mind2web,64345c365f544375357c7b67917f08a0,0.8884214162826538,-0.43022751808166504,-0.6348825097084045,-0.021871134638786316,-0.3604847192764282,-0.5057560801506042
online_mind2web,1fc28d91d25ccd1c6ba268101326a654,0.8854222893714905,0.47873231768608093,0.5633585453033447,0.1853485405445099,0.37883657217025757,0.5373346209526062
online_mind2web,0e42c3a73f2aece1f854e0ba55b7c8b0,0.8801029920578003,-0.4829469323158264,-0.4698425829410553,0.13039925694465637,-0.5025784373283386,-0.5331418514251709
online_mind2web,a0a18ca6a3529f3e97c771aadd42d3a0,0.878140926361084,-0.4270777702331543,-0.4002097547054291,0.2767038345336914,-0.4669402241706848,-0.5624637603759766
online_mind2web,301f267f421b93045874726183e8f722,0.877923846244812,-0.48060962557792664,-0.46386414766311646,-0.11598504334688187,-0.5233029127120972,-0.5179593563079834
online_mind2web,c181f903ec1107b850032c17cad88393,0.8659302592277527,-0.3078361749649048,-0.35256239771842957,0.6338084936141968,-0.32878273725509644,-0.3401818573474884
online_mind2web,180ed2ec377ef3a4af9035a21522091a,0.8654844164848328,-0.0022006805520504713,-0.11017519980669022,0.8270782828330994,-0.22800037264823914,0.029700148850679398
online_mind2web,59b7b990b4828bc305ab0d7ed6071b55,0.862057626247406,-0.48988381028175354,-0.3806166350841522,-0.07330084592103958,-0.5236590504646301,-0.5645197629928589
online_mind2web,2218042362d8fae73756eb309848c2b2,0.8605706691741943,-0.48614001274108887,-0.5453101992607117,-0.009925508871674538,-0.4412849545478821,-0.49838507175445557
online_mind2web,e43cbc8a0bf9e999884928d11006f894,0.8557729125022888,-0.41760727763175964,-0.43137669563293457,0.2839338779449463,-0.4497654438018799,-0.5131803154945374
online_mind2web,4464a8421f8bc8786524a499258dfad3,0.8517473340034485,-0.43614229559898376,-0.41872620582580566,-0.311484158039093,-0.48883405327796936,-0.4627750813961029
online_mind2web,f05e87c5b92d9869e08806103c1c15a1,0.8501331210136414,-0.3562963008880615,-0.49495193362236023,0.41619887948036194,-0.3461477756500244,-0.42977800965309143
online_mind2web,20a460a8fe1971b84411c5b1e6ac4186,0.846048891544342,0.4238183796405792,0.5438302159309387,0.4338601529598236,0.21172232925891876,0.4324192702770233
online_mind2web,c8d7f2aa7eb5dd074c48c9f76f8659ad,0.8407884240150452,0.38572201132774353,0.5398284792900085,0.4843706488609314,0.16812777519226074,0.39067694544792175
online_mind2web,e7f6cca9a8875f98fee3b711ead3a444,0.839873194694519,0.44717714190483093,0.4661034345626831,0.17738701403141022,0.4505007863044739,0.503703773021698
online_mind2web,b962927dfe03bf2274a54381127ed433,0.8319907188415527,-0.22595669329166412,-0.33405977487564087,0.5857111215591431,-0.347884863615036,-0.34136664867401123
online_mind2web,1c3b747ae12ccee895745f82e3f2ef8a,0.8250229358673096,-0.3872298002243042,-0.4369443655014038,-0.3726297616958618,-0.36715641617774963,-0.4648502469062805
online_mind2web,47bfe8a7e0e4e7efc837287b407fbe90,0.8226884007453918,-0.4124254286289215,-0.33511239290237427,0.45593154430389404,-0.446508526802063,-0.3965758681297302
online_mind2web,c1d6ea6f2196d25782cc3646ff3090db,0.819929838180542,-0.49144527316093445,-0.4085451066493988,-0.1336365044116974,-0.4377056360244751,-0.5439953207969666
online_mind2web,e3ab665e01e7632ce33ac1aeca14aff6,0.8187153935432434,-0.07012122124433517,-0.16572581231594086,0.7627509832382202,-0.22434477508068085,-0.10349011421203613
online_mind2web,6ca20f1da01edeb49a7a42c816d8c6fe,0.8129390478134155,0.13727229833602905,0.168587327003479,0.7934278845787048,-0.04259498044848442,0.0332576259970665
online_mind2web,b6d10e9bd19b4009a02dea0e98f4e1ae,0.8090907335281372,0.4666597545146942,0.44091176986694336,0.2609144449234009,0.382585346698761,0.49575871229171753
online_mind2web,2c8ef01a92c71ba9ef2e59bb17eea2b3,0.8073821067810059,-0.2733226418495178,-0.40711191296577454,0.5615971088409424,-0.2576659619808197,-0.32302120327949524
online_mind2web,255bf27c43fd3f9254d6b81a5f36d3a9,0.8028550148010254,-0.42612025141716003,-0.43814823031425476,-0.1712992787361145,-0.3913668990135193,-0.5197025537490845
online_mind2web,bc2ce7f206045dd2d322e5695a947219,0.8018046021461487,0.16269531846046448,0.45633912086486816,0.6139898300170898,-0.11134941875934601,0.21275097131729126
online_mind2web,9829f3087ab1f9c8eba6b6dd2b831d25,0.8008569478988647,-0.4307451546192169,-0.5551996231079102,-0.05925942212343216,-0.3195435106754303,-0.47697538137435913
online_mind2web,95cad96f2e43f3c0d8efad1331c77c8c,0.7997487783432007,0.4062099754810333,0.4429960548877716,-0.07726949453353882,0.4699602425098419,0.4653165340423584
online_mind2web,7072d09436972a5d5fe7476e3e9f1559,0.7977390289306641,-0.3556400537490845,-0.4697161912918091,0.3002092242240906,-0.39191439747810364,-0.4147671163082123
online_mind2web,c577a14301a725e09ccd269a3e0b271e,0.7968693375587463,-0.4431992173194885,-0.36789149045944214,0.10311683267354965,-0.4510189890861511,-0.5344205498695374
online_mind2web,9d46ccb915eff39ee1ae1e7328f5f20d,0.7961075305938721,-0.4059842526912689,-0.3426607847213745,0.38559406995773315,-0.3913353383541107,-0.46318960189819336
online_mind2web,63d6866fc000fcb1f153e07604bd1395,0.7935066223144531,-0.19678081572055817,-0.09951625019311905,0.6959710121154785,-0.3559837341308594,-0.09300106763839722
online_mind2web,ab6ee3b83aab6cd283320f5e01003cff,0.7915999889373779,-0.03925582766532898,-0.04825689643621445,0.7796674966812134,-0.11729229986667633,-0.051603347063064575
online_mind2web,b320c68bffc1f3c7f2a8dc9d5478fb27,0.7915715575218201,0.2274264097213745,0.1094602569937706,0.7475355863571167,0.1322278529405594,0.19573034346103668
online_mind2web,26810ed9c123a62992e3eed31db3c5ee,0.7894917130470276,0.44482892751693726,0.5629937052726746,0.07073689997196198,0.3334457576274872,0.4360567331314087
online_mind2web,c521933dad9c0ef9f1dfa2f38b8e4405,0.7869805693626404,0.37917524576187134,0.3231261074542999,-0.3102157711982727,0.45234066247940063,0.46268996596336365
online_mind2web,d8e2a81fa621ce4737e5ea85671b630e,0.7863633632659912,-0.37199509143829346,-0.3419228494167328,0.06550905108451843,-0.5348728895187378,-0.45942971110343933
online_mind2web,330cd04c773ac498f51afa4665461ec8,0.7826838493347168,-0.2640358507633209,-0.5922185182571411,-0.39918023347854614,-0.025416113436222076,-0.31918710470199585
online_mind2web,9586827ad04ee2362f4f0076bf0f0468,0.7790446877479553,0.2327672243118286,0.36878523230552673,0.6149783730506897,0.05405421927571297,0.299646258354187
online_mind2web,28e7574e7bd6d14f36d2988a5ef2bd23,0.7747170925140381,-0.3843693733215332,-0.3198205232620239,-0.22822178900241852,-0.4204678237438202,-0.5186743140220642
online_mind2web,99daaed9a83c266341d28aa40067d376,0.7735967636108398,-0.44830793142318726,-0.3727417290210724,0.02863982692360878,-0.4519422650337219,-0.5044238567352295
online_mind2web,43a1ca251f11c6b0bdd0379766cc49e6,0.7724428176879883,-0.46313825249671936,-0.3043467402458191,-0.1306673139333725,-0.4819035828113556,-0.5047137141227722
online_mind2web,39c388cdc468688c8139cc2bb5157c13,0.7680972814559937,-0.3643714487552643,-0.2500484585762024,0.4166126251220703,-0.42182546854019165,-0.41945961117744446
online_mind2web,47b93b9e649eadeb8d96a6e3df715c2d,0.7677205801010132,0.30136293172836304,0.4580392837524414,0.5046002268791199,0.1092272400856018,0.3362185060977936
online_mind2web,207e933d1bba815bcb58664b5d82c085,0.7644454836845398,-0.3987809121608734,-0.26404133439064026,-0.1796124428510666,-0.5810216665267944,-0.3805420696735382
online_mind2web,a5c87cc1c94a090c9a8dc2c8b6a125d0,0.7620763182640076,-0.403286874294281,-0.4300737679004669,0.34859418869018555,-0.3528360426425934,-0.387021541595459
online_mind2web,e9f4dfc67e0e6aa37f05f7cc5aa7428c,0.7606660723686218,-0.43435898423194885,-0.38943788409233093,0.047502581030130386,-0.3896087110042572,-0.5223978757858276
online_mind2web,c2153fc053112e89c2f103869c4d6890,0.7581081986427307,0.43929892778396606,0.4546692371368408,0.008013729006052017,0.3577442169189453,0.4898557960987091
online_mind2web,d7c955b47af68e01766fa86d0bee08a7,0.7558255791664124,-0.1929062157869339,-0.13381707668304443,0.613049328327179,-0.3504495918750763,-0.2339250147342682
online_mind2web,987bad7c6d4726d64232a8a1c3386888,0.7558156251907349,-0.2141938954591751,-0.24582727253437042,0.5744898319244385,-0.34333837032318115,-0.25081145763397217
online_mind2web,4091bdd3fa64a5b0d912bc08eaf9c824,0.7555437684059143,0.2704177498817444,0.569786548614502,0.3320387303829193,0.0024479718413203955,0.36869221925735474
online_mind2web,f2097f92a10d42a842c14179f422311e,0.7511816024780273,0.12713204324245453,0.3787505328655243,0.617597758769989,-0.17511074244976044,0.0934402123093605
online_mind2web,3c1ffc3f494e423b3c434c79e35da8f3,0.7491461634635925,-0.20455501973628998,-0.5897524952888489,-0.39509111642837524,0.07470270246267319,-0.22745202481746674
online_mind2web,4f903626f632586fe4728d6664947bab,0.7488833069801331,-0.4659893810749054,-0.3502759039402008,-0.03885011002421379,-0.4594149887561798,-0.4749332070350647
online_mind2web,0a54069a0ef542e571d1fee7f39c93d5,0.7476918697357178,-0.3718283474445343,-0.314195841550827,-0.08577508479356766,-0.5569502711296082,-0.3778533637523651
online_mind2web,871e7771cecb989972f138ecc373107b,0.7447782158851624,0.3642404079437256,0.4998476803302765,0.32647886872291565,0.19195614755153656,0.40176019072532654
online_mind2web,c94551d2b18f9ad0ab31b0bd98ca42e3,0.7421139478683472,-0.27553731203079224,-0.21556808054447174,0.5175383687019348,-0.4102925956249237,-0.26091670989990234
online_mind2web,78baf9dbe7c3532f7d7ef4cc22a7f065,0.7418234348297119,-0.38397228717803955,-0.3448554575443268,0.22100162506103516,-0.37271368503570557,-0.4935782849788666
online_mind2web,ade4c09ad3fdb1607209750924cd232f,0.7323375344276428,0.38117504119873047,0.37172988057136536,0.086090087890625,0.4696439206600189,0.4125024974346161
online_mind2web,75146b7b67388b9244e0f21a1527c022,0.7289468050003052,-0.4025285542011261,-0.38665738701820374,-0.18612846732139587,-0.3272972106933594,-0.4899921119213104
online_mind2web,dd44c665cec1e9c929a4c5f074e7844a,0.7236759662628174,-0.3989487290382385,-0.338143914937973,0.051737669855356216,-0.46044236421585083,-0.4412274658679962
online_mind2web,23204728192da9f73197a613d9681c18,0.7236431837081909,0.17548033595085144,0.25822052359580994,0.6494016051292419,0.0872766524553299,0.1662588268518448
online_mind2web,5e4e89c9b6fdaee7a41aca5601b82e04,0.7193964719772339,0.2263384759426117,0.3545054495334625,0.5784881711006165,-0.14188110828399658,0.19255748391151428
online_mind2web,2c20d87a046fadcb6ff07ee877bfbf37,0.7131556272506714,0.13262099027633667,-0.0976756140589714,0.7011928558349609,0.07150579988956451,0.04760167375206947
online_mind2web,2207bb4f21786690cfed20b37253fb8b,0.70573890209198,0.3930008113384247,0.29562824964523315,0.4185376763343811,0.31403160095214844,0.3699752390384674
online_mind2web,a11ecdff735b51372d536c866011af6f,0.7055546045303345,0.4115622937679291,0.32536670565605164,0.1393122524023056,0.3969734013080597,0.4636248052120209
online_mind2web,8fdec8eeffd3491e6526cc78c028120b,0.7053360342979431,0.31061357259750366,0.25822851061820984,0.48498353362083435,0.38639596104621887,0.21518851816654205
online_mind2web,fa9adb815b85d259f943d81874a052e5,0.7051434516906738,-0.16761139035224915,-0.02407396398484707,0.5573882460594177,-0.3696763813495636,-0.22204837203025818
online_mind2web,ba01ea557b73f864c35ebba0dd6f3cb2,0.7038654685020447,-0.3209525942802429,-0.33753037452697754,0.18259784579277039,-0.44327008724212646,-0.3894476890563965
online_mind2web,c00437fd76a7a83b57f3dc4e5dbc41f8,0.7009503245353699,-0.40364983677864075,-0.39443594217300415,-0.11216419190168381,-0.3766207695007324,-0.42582589387893677
online_mind2web,512fd4deab099b8dc0dcfc0ec48a3c63,0.6870443820953369,-0.2488260567188263,-0.3236812651157379,0.4108240008354187,-0.2654780447483063,-0.35777848958969116
online_mind2web,da8f3823a827c7d3a492f383808e7912,0.6821469664573669,-0.3445277810096741,-0.11396165192127228,-0.31281885504722595,-0.5309295654296875,-0.26943540573120117
online_mind2web,7562d9b4e4829a44245aafce2e1f62db,0.6777755618095398,-0.41097766160964966,-0.3416093587875366,0.06384290009737015,-0.4262421131134033,-0.39613693952560425
online_mind2web,fe33894188d20d7469f37a9fd855e7ff,0.67060786485672,-0.2733151912689209,-0.36934906244277954,-0.35828301310539246,-0.2331843227148056,-0.3613232374191284
online_mind2web,db1ffb5e60578597d1c3aa3c389ac7b1,0.6650692820549011,-0.44415199756622314,-0.24238882958889008,-0.10922065377235413,-0.39006322622299194,-0.46849364042282104
online_mind2web,f158345f8489e0d1d91e28768c39bca1,0.6604266166687012,-0.3930984139442444,-0.3447589576244354,-0.06040392443537712,-0.3633769452571869,-0.42616090178489685
online_mind2web,bfa2de159be6978acf2702be31a2eeeb,0.6592056155204773,0.009149419143795967,0.43365567922592163,0.36419880390167236,-0.3216879665851593,0.10183752328157425
online_mind2web,005be9dd91c95669d6ddde9ae667125c,0.6563431620597839,-0.28648558259010315,-0.32166749238967896,0.434541255235672,-0.2608224153518677,-0.2654466927051544
online_mind2web,8103786e0e5976ebf961bd062d5f39cd,0.6558999419212341,-0.08707781881093979,0.12129124253988266,0.6091222167015076,-0.20888958871364594,-0.02878217212855816
online_mind2web,046138801a05ddf56ad94e8672942496,0.6553218364715576,-0.13120658695697784,-0.22975799441337585,-0.5941950678825378,-0.0943790152668953,-0.12117252498865128
online_mind2web,c3307a70bb12ebf56cc9ec926b368f15,0.6548086404800415,0.25941476225852966,0.4575273394584656,0.3131007254123688,0.0970098227262497,0.3346642553806305
online_mind2web,b922508886ded315c9835457a6eb43ea,0.652783215045929,-0.1666521579027176,-0.10560622066259384,0.5963252186775208,-0.15854506194591522,-0.1850215047597885
online_mind2web,354b4ddf048815f8fd4163d0d7e1aaa3,0.6413438320159912,0.20848631858825684,0.3201877474784851,0.5166466236114502,0.10928571224212646,0.1730162650346756
online_mind2web,01abae9608f2d8752a83e08f136f720c,0.6374998092651367,-0.20998753607273102,-0.512855052947998,-0.04913049563765526,-0.13873979449272156,-0.34888842701911926
online_mind2web,3ef64f34eae59c9fac7ee9a4f18b4a0c,0.6374200582504272,0.2598470449447632,0.23811033368110657,0.550410807132721,0.015015249140560627,0.2154768407344818
online_mind2web,bb5d90e6f2fbc0ae146f7c1998c2b4a1,0.6335940957069397,-0.38232678174972534,-0.24026647210121155,-0.08087180554866791,-0.36766278743743896,-0.4494411051273346
online_mind2web,cf757a775fa1224acfc7998489e199a8,0.6335888504981995,-0.2040126621723175,-0.4601469337940216,0.3105711042881012,-0.13385093212127686,-0.27446162700653076
online_mind2web,27fa3ac20745d3d35e89fae157f63069,0.6329463124275208,-0.25697487592697144,-0.1724325269460678,0.3254202902317047,-0.40321874618530273,-0.32000675797462463
online_mind2web,1aeca99e6a60b0e3aefb3ef212bdce79,0.6299401521682739,-0.2825733721256256,-0.2783794105052948,0.13654138147830963,-0.40559908747673035,-0.36901944875717163
online_mind2web,2e4e21cf1449c6894b17d571c47b77ea,0.6291530132293701,-0.35097765922546387,-0.08229978382587433,-0.2149295061826706,-0.4322047829627991,-0.3950501084327698
online_mind2web,e4e097222d13a2560db6f6892612dab6,0.6262736320495605,-0.3138316869735718,-0.12367274612188339,-0.11548010259866714,-0.5087102055549622,-0.32373130321502686
online_mind2web,5c00e9561eae94789443f405525a5869,0.6259425282478333,0.22465819120407104,-0.15321141481399536,0.5379464626312256,0.21520958840847015,0.18063440918922424
online_mind2web,0059adc6b12a3822305deb68929b2de8,0.6252942681312561,0.3666582703590393,0.16576360166072845,-0.1538042277097702,0.44085693359375,0.381450891494751
online_mind2web,7be8cd8dba885cddd9af5320f49bc41b,0.6233793497085571,0.11229578405618668,-0.32263556122779846,0.4949958622455597,0.19869114458560944,0.0030093183740973473
online_mind2web,87f4c5128e36cdb9366a138a7b61bb00,0.6231778264045715,-0.24499818682670593,-0.0749388113617897,0.29779738187789917,-0.4944360554218292,-0.22267575562000275
online_mind2web,9bb63ad0e38d5691a618932a8b31c05a,0.621206521987915,-0.03525083139538765,-0.4172247052192688,0.387132465839386,0.09872884303331375,-0.22847804427146912
online_mind2web,52efbab520734ef9bf7c09ba0f62cdc8,0.6136311888694763,0.25857681035995483,0.5022314190864563,0.2061716467142105,-0.037330951541662216,0.2835603654384613
online_mind2web,47186fac8e7c7277af01144644eb4e0b,0.6128762364387512,-0.3031940162181854,-0.21755006909370422,0.2284320592880249,-0.34734922647476196,-0.394279807806015
online_mind2web,7abdceee212151f187ee1a1744c57606,0.6115198731422424,0.09307324141263962,0.3091222941875458,0.49977922439575195,-0.1634387969970703,0.04368619620800018
online_mind2web,3621b099326c7aebd2e2dac6be3b52d1,0.6087262034416199,0.10737162828445435,-0.0830160453915596,0.5743526816368103,0.15913306176662445,0.0919325202703476
online_mind2web,7211af65d266402f99499053924262e9,0.6060025095939636,-0.3860207796096802,-0.23258744180202484,-0.0847485139966011,-0.3931455612182617,-0.3890968859195709
online_mind2web,6174e5ddd40cfbdc33ee1502f40bac39,0.5953410267829895,-0.11889766901731491,-0.08727436512708664,0.5160104036331177,-0.2318362295627594,-0.16370512545108795
online_mind2web,4639a54f3ab549864fd8d60b7398b1e1,0.5949687361717224,-0.3568671941757202,-0.09137152880430222,-0.21508029103279114,-0.4085678458213806,-0.3639393448829651
online_mind2web,d392e154c1c6ffbb26e2331c3afafc67,0.5935060977935791,0.0008990626083686948,0.2881926894187927,0.3866319954395294,-0.331688791513443,0.09845145046710968
online_mind2web,38203be65401943aea2179c4c680059a,0.5928935408592224,0.04934815317392349,-0.042042866349220276,0.5892465114593506,0.05030805990099907,0.003581263590604067
online_mind2web,2532fd402d3c741b79894e6ff2269f53,0.5891814827919006,0.3810572326183319,0.3090738356113434,0.1152813509106636,0.3196544647216797,0.36897075176239014
online_mind2web,d02d236836924919f35f2438d9ed2374,0.5870047211647034,-0.4001602828502655,-0.28820276260375977,-0.10645925998687744,-0.30828115344047546,-0.39388182759284973
online_mind2web,34992feb69eb8e788faa06868b365c49,0.5866658091545105,-0.0069811237044632435,0.13455472886562347,0.49839141964912415,-0.2780933082103729,-0.018490131944417953
online_mind2web,461ab9b0c7b20ac5f912704480979c65,0.5781475305557251,-0.08443401753902435,0.18269287049770355,0.4657752811908722,-0.2749364376068115,-0.09133023023605347
online_mind2web,4d3157aab34b54e5f0c4b965dfe930f3,0.5769715905189514,-0.21793295443058014,-0.13889829814434052,0.33007878065109253,-0.2904522716999054,-0.34682697057724
online_mind2web,73d08420706ae205a9c5be28b6d4e80f,0.5740829706192017,0.03212461248040199,0.4927303194999695,0.06757956743240356,-0.2815185487270355,0.054483406245708466
online_mind2web,aafd1fddea1558466ac6133934d35156,0.5729284286499023,-0.2232803851366043,-0.24374604225158691,0.33454430103302,-0.28865668177604675,-0.2712790071964264
online_mind2web,05483c50cc9b04c8ac44c574758fb2bd,0.5664984583854675,-0.24637138843536377,-0.009165634401142597,-0.3197054862976074,-0.3712461292743683,-0.2842555344104767
online_mind2web,690d7b4a285fdb1e9dabf973bf46ae4d,0.5648695230484009,-0.11222027987241745,-0.20505431294441223,-0.44552597403526306,-0.172077476978302,-0.22119274735450745
online_mind2web,4c572a627b53b0f9a734ab37f21819b8,0.5598185062408447,-0.10291134566068649,-0.38206425309181213,0.2952909469604492,-0.03178669139742851,-0.2814543545246124
online_mind2web,b69eb4de621e9e265676daac44938f3f,0.5588193535804749,-0.28219157457351685,-0.14542129635810852,-0.20694071054458618,-0.38815879821777344,-0.31247401237487793
online_mind2web,9ef1a8972f375db59c0e6329e11b7939,0.558351457118988,-0.23305723071098328,0.17607474327087402,-0.3490540385246277,-0.3689483404159546,-0.1509716659784317
online_mind2web,0b51b4fa0295ae80ccd176ebdad6fff6,0.5541603565216064,-0.2225303202867508,-0.33006754517555237,-0.23287558555603027,-0.14349813759326935,-0.35117849707603455
online_mind2web,0632e496d37badee0350dad358f047c5,0.5517109036445618,0.1494998037815094,0.4724625051021576,-0.09294131398200989,0.029564786702394485,0.2676788568496704
online_mind2web,71f8de1834599fba443f40dbbfab8edd,0.5515540242195129,0.14439161121845245,0.22469507157802582,0.46700340509414673,-0.11910979449748993,0.14643986523151398
online_mind2web,3ae28b3c440efe87dc700480b78ac608,0.5498676300048828,-0.14789195358753204,-0.48755353689193726,-0.12232119590044022,0.0559120811522007,-0.21577152609825134
online_mind2web,cfafe3771369d1d261e9f7ecd44c296d,0.5496593713760376,-0.2701658010482788,-0.03883770480751991,-0.2230157107114792,-0.4116317927837372,-0.28537753224372864
online_mind2web,d4fb78b7e74508cd3b33f01cf9200997,0.5493776798248291,-0.31087738275527954,0.04416479170322418,-0.23114870488643646,-0.3789023458957672,-0.32073143124580383
online_mind2web,0a0fa834ce41b5297c6474293383759d,0.5486958026885986,-0.28501710295677185,-0.09420609474182129,0.18136703968048096,-0.42128846049308777,-0.2860320508480072
online_mind2web,c39d6c245f8243993e707d54d2f4acec,0.5450291037559509,-0.3126209080219269,-0.07906905561685562,0.1925479620695114,-0.3639827370643616,-0.34820494055747986
online_mind2web,3ec0f6138d37fadcb989347a6088ec45,0.5442578792572021,0.1448451280593872,0.29329872131347656,-0.3942846655845642,0.19309958815574646,0.13207833468914032
online_mind2web,6b5be1764692d1dc8f17dc4375b2daa8,0.5420411825180054,0.35558053851127625,0.2979280352592468,-0.21528342366218567,0.2603069245815277,0.30156409740448
online_mind2web,bd1e3770b7181f6fce9c35e18caa9785,0.5381882786750793,0.0506858229637146,-0.32993218302726746,0.3633423149585724,0.21885594725608826,-0.029593465849757195
online_mind2web,75a1b5dcd2c28508a971d98d51fe5767,0.5351048111915588,0.22140489518642426,0.37626010179519653,0.14962033927440643,0.12357363104820251,0.32727479934692383
online_mind2web,50d91eabde542906937ab4c5b6f8f23a,0.5327577590942383,-0.23225432634353638,-0.478108674287796,0.039102185517549515,-0.0889987051486969,-0.21399332582950592
online_mind2web,783ce6a3499fa7cf25bc12f8f0ecbbbb,0.5282977819442749,0.009820436127483845,0.31764164566993713,0.3269405961036682,-0.26680901646614075,-0.011187875643372536
online_mind2web,627f7a18d85f29a687234f1ade4585c2,0.5253451466560364,0.02516634576022625,0.31805485486984253,0.3094877004623413,-0.2596950829029083,0.1077239066362381
online_mind2web,5e1b8254c123c80178cc28e0afdb14f0,0.5232304930686951,0.0028912504203617573,-0.448853999376297,0.06296221166849136,0.2610986828804016,-0.01278396975249052
online_mind2web,1df24ec81137386d6476bcf343a79012,0.5222405195236206,-0.21940673887729645,-0.3616790473461151,0.08717741817235947,-0.10459043830633163,-0.35126107931137085
online_mind2web,dcd26e662a616d373ddd339747c6ce5b,0.5207328796386719,-0.2763630151748657,0.008491581305861473,-0.2625223994255066,-0.3988931179046631,-0.20750156044960022
online_mind2web,62f1626ce249c31098854f8b38bdd6cf,0.5141693949699402,-0.06593409925699234,-0.42444613575935364,-0.25686347484588623,0.041596077382564545,-0.12847785651683807
online_mind2web,be9e7dca1222714571ef3d7d59d2a41c,0.5125658512115479,-0.1835002899169922,-0.14909043908119202,0.37651556730270386,-0.24976998567581177,-0.19064831733703613
online_mind2web,d9d8b7d84a3f8d057e368254fe8d65e2,0.5050857067108154,-0.22688880562782288,-0.059496138244867325,0.29982247948646545,-0.29002419114112854,-0.27850350737571716
online_mind2web,ce616721ce9aeda69890fbccb29677a6,0.5029118061065674,0.21651363372802734,-0.05273357033729553,0.413785457611084,0.18576198816299438,0.2107452005147934
online_mind2web,c698ff3fc0f6cbce39947c597ab5749b,0.49468085169792175,0.29996511340141296,0.19816626608371735,0.17725150287151337,0.28315210342407227,0.30634304881095886
online_mind2web,26a0e5c21c145dd8448aa92f35bec5ea,0.4908277690410614,0.19368614256381989,0.374338835477829,0.11754666268825531,0.04460675269365311,0.2915053069591522
online_mind2web,d730f4ff450da1bd60a836163736ef6a_110325,0.4856228530406952,-0.2402750551700592,-0.2138005793094635,-0.31227177381515503,-0.17963793873786926,-0.24563267827033997
online_mind2web,2d5a7f95f951a26838289dfd629ae850_110325,0.48473721742630005,-0.23751908540725708,-0.21297894418239594,-0.3085983693599701,-0.1829407811164856,-0.24679918587207794
online_mind2web,c0fa2c0e622971955cabf5bcf7b777e8,0.4830894470214844,0.3143730163574219,0.08410608768463135,-0.022631600499153137,0.4032609760761261,0.25133633613586426
online_mind2web,816851ff92ff0219acf4364dcc2c4692_110325,0.4811619222164154,-0.23787760734558105,-0.21134315431118011,-0.3080989420413971,-0.1795918345451355,-0.24427995085716248
online_mind2web,3f312ae3efc3c3e90ababe050dd4e7ae,0.48012882471084595,0.1350906640291214,0.05779574066400528,0.45518842339515686,0.06157541275024414,0.12726077437400818
online_mind2web,f2be37a9a60fbc25b6b11cf622d17352_110325,0.48010969161987305,-0.23796875774860382,-0.21242636442184448,-0.30300119519233704,-0.18143276870250702,-0.2462778240442276
online_mind2web,547f5729c59d5d12a457a3ebb74c31c6,0.47908541560173035,-0.22109028697013855,-0.04194704443216324,-0.28677693009376526,-0.36923161149024963,-0.09586595743894577
online_mind2web,33bd2cdcea4fcc42a09a8a1e4e5841c6_110325,0.476849228143692,-0.23727823793888092,-0.20865599811077118,-0.30122101306915283,-0.1828973889350891,-0.24425865709781647
online_mind2web,65c4030f22fb6eb101acfee4825f1318,0.4756200611591339,0.12462820112705231,0.0540369488298893,0.46911779046058655,0.040356822311878204,0.039928484708070755
online_mind2web,9c97bab9c2abfb90a426cbe9addae8d0_110325,0.47442251443862915,-0.23525720834732056,-0.208905428647995,-0.3026915490627289,-0.17744170129299164,-0.24151088297367096
online_mind2web,d9a8689393effeed75ea0866e44e1def,0.47394153475761414,-0.08147089928388596,0.2391517013311386,-0.36734679341316223,-0.18003985285758972,0.00830815639346838
online_mind2web,e7301bb694871429bf2eb36c3a72186c_110325,0.4733569622039795,-0.23455488681793213,-0.20747388899326324,-0.3007369041442871,-0.17922256886959076,-0.2417808324098587
online_mind2web,e7f6cca9a8875f98fee3b711ead3a444_110325,0.4721030294895172,0.23472124338150024,0.20691445469856262,0.3001053035259247,0.17877252399921417,0.24092502892017365
online_mind2web,62f1626ce249c31098854f8b38bdd6cf_110325,0.47130677103996277,-0.23396414518356323,-0.207188218832016,-0.29839441180229187,-0.17805393040180206,-0.2417864203453064
online_mind2web,824eb7bb0ef1ce40bfd49c12182d9428_110325,0.4710593819618225,-0.23525317013263702,-0.2081306129693985,-0.2993071675300598,-0.17548267543315887,-0.24124599993228912
online_mind2web,608c595eec271fa5dc03506923519994,0.46972575783729553,0.006903234403580427,0.22145457565784454,0.32222816348075867,-0.2491590976715088,0.07542497664690018
online_mind2web,a69d2934fe54fef165490a5a2d95bf38,0.46950605511665344,-0.16019657254219055,0.0012689991854131222,0.42465314269065857,-0.1627907007932663,-0.11663293093442917
online_mind2web,a0a18ca6a3529f3e97c771aadd42d3a0_110325,0.46820831298828125,-0.23312725126743317,-0.2057986706495285,-0.29697248339653015,-0.1762516051530838,-0.24001802504062653
online_mind2web,c577a14301a725e09ccd269a3e0b271e_110325,0.46786829829216003,-0.23425839841365814,-0.20711421966552734,-0.29670998454093933,-0.17479313910007477,-0.23961426317691803
online_mind2web,3adeea7627f4343069f38adae40f73d0_110325,0.4677349627017975,0.2318730503320694,0.20482756197452545,0.29830455780029297,0.17589373886585236,0.23853188753128052
online_mind2web,3c1ffc3f494e423b3c434c79e35da8f3_110325,0.4676189720630646,0.232332244515419,0.2054106444120407,0.2993382215499878,0.174587681889534,0.2374652624130249
online_mind2web,bb314cb80f0f8489135cbf59074d11e2,0.46721935272216797,-0.12204927206039429,0.055619195103645325,0.4031641483306885,-0.22317031025886536,-0.053423818200826645
online_mind2web,d1807551297ac60ecaaabbd2a2ed301a,0.46695253252983093,-0.17755083739757538,-0.14311453700065613,0.28168830275535583,-0.26261579990386963,-0.22191782295703888
online_mind2web,636b07af4dd97c1793733db1fd1b90b8_110325,0.4661729335784912,-0.2318977415561676,-0.20487217605113983,-0.29829975962638855,-0.17295682430267334,-0.23758743703365326
online_mind2web,c09721cc937d4dcfb391a0bc2c574b28,0.46508198976516724,-0.05824727565050125,-0.04660707339644432,0.44176003336906433,-0.12205396592617035,-0.0638744905591011
online_mind2web,f707d765bca668830745d20807d7bee6,0.45909130573272705,-0.22672723233699799,-0.26548051834106445,-0.02590305544435978,-0.16592851281166077,-0.3347860276699066
online_mind2web,662ae0f2d3ac851dbcdd245f908277e3,0.45776528120040894,-0.020745545625686646,-0.33404701948165894,0.292152464389801,0.02977435663342476,-0.10826846212148666
online_mind2web,070c907d34a4ce71dfdbea38f9c5d4d8,0.4569222629070282,-0.16790325939655304,-0.227640762925148,0.30967363715171814,-0.12997616827487946,-0.21015724539756775
online_mind2web,323bd85e3559655d89e5496b951a25e8,0.45622462034225464,0.23079925775527954,0.18104371428489685,0.264588862657547,0.13918913900852203,0.2932288944721222
online_mind2web,56f8890a837c49f7df766b9c981646f3,0.45542922616004944,0.22914256155490875,0.234683558344841,-0.28929683566093445,0.1646472066640854,0.20380887389183044
online_mind2web,a172a5d9ffaf5ef02bd550ec4fe24e6d,0.45055943727493286,0.25910767912864685,0.27515366673469543,0.18412217497825623,0.2237643152475357,0.20814137160778046
online_mind2web,4e0f5561a76478da87995dee00b09572,0.4481525123119354,0.1986827403306961,0.3302125334739685,0.0977083295583725,0.08492019027471542,0.27393797039985657
online_mind2web,515f2e5811cfdd5e0e669e40f17886d8,0.44352608919143677,-0.1503446400165558,0.19624468684196472,-0.17347821593284607,-0.353778600692749,-0.054308775812387466
online_mind2web,8689af4d33ce00bf2cdd8987d3bbfd86,0.44321689009666443,-0.07734951376914978,0.06078407168388367,0.22173383831977844,-0.29371893405914307,-0.2393946349620819
online_mind2web,816851ff92ff0219acf4364dcc2c4692,0.4387994408607483,-0.26790404319763184,-0.03826376795768738,0.10338078439235687,-0.294624000787735,-0.3059247136116028
online_mind2web,f27c0a7b8b0bb33d37698dff227fc8d7,0.4375113546848297,0.12101559340953827,0.31859418749809265,-0.2644989490509033,-0.08533884584903717,0.11256781965494156
online_mind2web,78f397336b6fd1cbba0127db7a8cd502,0.43499794602394104,-0.04439317435026169,0.2683252692222595,0.20490199327468872,-0.2689381539821625,0.05396467074751854
online_mind2web,9b5dfe54a1c14c5c6336bae7374c3bb5,0.43245774507522583,-0.12451376765966415,-0.26982513070106506,0.2703600525856018,-0.10407241433858871,-0.17403589189052582
online_mind2web,82eb3bfedd78456a0230b389f4e7a938,0.4291767477989197,0.19574764370918274,-0.06200447678565979,0.18592537939548492,0.36984333395957947,0.09484612196683884
online_mind2web,123e8c2fc453f55fadd1d0b9aaf94df4,0.42902037501335144,-0.12446177750825882,-0.34843799471855164,-0.03773496672511101,-0.11723250895738602,-0.2179037630558014
online_mind2web,a8b9edd598561d2de901864d5f40fe67,0.42627161741256714,-0.028409382328391075,0.2936471700668335,0.06690502911806107,-0.30164745450019836,-0.003373943269252777
online_mind2web,cad62d2be0c53f08a416457486b3db23,0.4195289611816406,-0.19557702541351318,-0.22796820104122162,-0.25325116515159607,-0.1044757217168808,-0.2213226705789566
online_mind2web,5916018d1cad999881018cac1216a692,0.41396114230155945,0.1313118040561676,0.3849112391471863,0.08395098894834518,0.058045338839292526,0.11309351027011871
online_mind2web,502e864440283214e0180645015f568b,0.41063928604125977,-0.2200060486793518,-0.0018953284015879035,0.12419567257165909,-0.33106133341789246,-0.20879383385181427
online_mind2web,6b2cfae0ef25c73d1224b6ab74cb8b63,0.38151922821998596,-0.21287652850151062,-0.24154289066791534,0.20874635875225067,-0.04107263684272766,-0.20482176542282104
online_mind2web,4e3f6a538cc1f7321cfc50260db9545d,0.37502312660217285,0.29770106077194214,0.19234532117843628,0.09979330748319626,0.25319528579711914,0.1719856858253479
online_mind2web,9c97bab9c2abfb90a426cbe9addae8d0,0.36853352189064026,-0.19141194224357605,-0.02553192339837551,0.07476163655519485,-0.339517742395401,-0.1195971816778183
online_mind2web,271b36efd4346721b5542488ff997042,0.36476507782936096,-0.21975283324718475,-0.1569567620754242,0.024083267897367477,-0.20585156977176666,-0.255857914686203
online_mind2web,246d654fab7c31d9651007e39e75f74f,0.36229854822158813,-0.1845545917749405,0.17927686870098114,0.03185282275080681,-0.2335633486509323,-0.20869497954845428
online_mind2web,828c2d98616a9478d5864d847d5a1b28,0.3563779890537262,-0.16712412238121033,0.14760860800743103,-0.22867555916309357,-0.17359858751296997,-0.1509568989276886
online_mind2web,60cbbbd58eb9d28b053aef945f464228,0.35553786158561707,0.1991848349571228,0.22285309433937073,0.24065707623958588,0.0940038412809372,0.09995554387569427
online_mind2web,aa4b5cb7114fcc138ade82b4b9716d24,0.35412758588790894,-0.10162869095802307,-0.17560841143131256,0.29883891344070435,-0.02333352342247963,-0.06869418919086456
online_mind2web,2d5a7f95f951a26838289dfd629ae850,0.35379770398139954,-0.11625328660011292,0.15034575760364532,-0.09866494685411453,-0.3043309450149536,-0.014727047644555569
online_mind2web,b4aa7315e31dfcdc52baf7771be260c9,0.35189497470855713,-0.16238608956336975,0.15535816550254822,-0.09389300644397736,-0.2862910032272339,-0.09442176669836044
online_mind2web,bbbc243b4f18a7a897f0bc84e11d293f,0.35051068663597107,0.30585047602653503,0.11856746673583984,0.19168230891227722,0.11466344445943832,0.24271316826343536
online_mind2web,a96fca87a17d792644e736d1d10d3cbe,0.34907564520835876,-0.06940839439630508,0.2973789572715759,-0.13703413307666779,-0.12080318480730057,0.006913959048688412
online_mind2web,3adeea7627f4343069f38adae40f73d0,0.3474602699279785,-0.23355261981487274,-0.1100294440984726,0.16438300907611847,-0.14298146963119507,-0.24729877710342407
online_mind2web,9d09bc948462db032bac98968b11b008,0.3439640402793884,0.17465408146381378,0.2961682379245758,0.14281612634658813,0.015463510528206825,0.09980013966560364
online_mind2web,4e801ba102dfaf22c7cf7a126b107609,0.34131500124931335,-0.1371130645275116,0.1589064747095108,-0.1214669793844223,-0.212827667593956,-0.17662058770656586
online_mind2web,3084bc225219fcb73dc1cb0f97276c1c,0.3306522071361542,-0.22409677505493164,-0.07408478856086731,0.1302337795495987,-0.1305992156267166,-0.26424482464790344
online_mind2web,11abb668c751dd56bb41f296a8bb3a13,0.32780635356903076,0.08801702409982681,0.21018639206886292,0.2303367555141449,0.08168181031942368,0.059596601873636246
online_mind2web,1b867afecf072cb877ebfa4069263746,0.30797481536865234,-0.1247536763548851,0.16122014820575714,-0.11732939630746841,-0.22830092906951904,-0.05448891595005989
online_mind2web,8ea6c3a2ea3f59150619935261a76d19,0.30594390630722046,0.1378595530986786,0.20129932463169098,0.08197062462568283,0.1504095196723938,0.1540715992450714
online_mind2web,07bdc595306729a028ba06cc7451a80a,0.29980576038360596,-0.038123827427625656,0.07592472434043884,0.10856004059314728,-0.24507999420166016,-0.11076751351356506
online_mind2web,6ebde509dca8f15c0fa1bd74f071e8d6,0.2991522252559662,-0.1981629580259323,-0.1941065639257431,-0.09870517998933792,-0.0034071942791342735,-0.20508627593517303
online_mind2web,b7258ee05d75e6c50673a59914db412e_110325,0.2795712351799011,-0.10986301302909851,-0.1400448977947235,-0.21358022093772888,0.00647572660818696,-0.11353000998497009
online_mind2web,26784156ae9859a0dd6c5920eb106f91,0.27930042147636414,0.24629220366477966,0.1331225335597992,-0.15464016795158386,0.14382772147655487,0.1252482682466507
online_mind2web,8f2611047de227a2ca8bda13f6e2e5fb_110325,0.27889111638069153,-0.1078256294131279,-0.13853180408477783,-0.21531642973423004,0.008066997863352299,-0.11028578877449036
online_mind2web,fe33894188d20d7469f37a9fd855e7ff_110325,0.2776719331741333,0.10872426629066467,0.13873395323753357,0.21319255232810974,-0.007313522510230541,0.11113076657056808
online_mind2web,3dca7cbe7d086619d837ff9f5312cebc_110325,0.27519193291664124,0.10810008645057678,0.1386050134897232,0.21056142449378967,-0.01003897376358509,0.10991974174976349
online_mind2web,644a856c3897665e475e0dce50bf217d,0.27381932735443115,-0.011917360126972198,0.05317668989300728,0.2640616297721863,-0.04834795370697975,-0.009121207520365715
online_mind2web,15be05973fba714e490cd9c884e4f072,0.27295541763305664,0.012565059587359428,0.09048958867788315,0.1857847422361374,-0.17827638983726501,0.0042259180918335915
online_mind2web,64345c365f544375357c7b67917f08a0_110325,0.2671107351779938,-0.11178035289049149,-0.11037178337574005,-0.07920346409082413,-0.1651218682527542,-0.16008684039115906
online_mind2web,5e1b8254c123c80178cc28e0afdb14f0_110325,0.26696762442588806,0.1020641103386879,0.13295193016529083,0.20603467524051666,-0.015460265800356865,0.10443273186683655
online_mind2web,a7a73c8fa75441fc76df9746c327bdd6,0.2666284739971161,-0.16397599875926971,-0.19712841510772705,0.15083210170269012,-0.012426653876900673,-0.09657319635152817
online_mind2web,7b182a5087347d494b48a29dbc0f1d3e,0.25754451751708984,-0.12770377099514008,-0.19402261078357697,-0.06498846411705017,-0.03938903659582138,-0.15135854482650757
online_mind2web,fb7b4f784cfde003e2548fdf4e8d6b4f,0.25746020674705505,0.2002836912870407,-0.09619241207838058,0.10247968882322311,0.16480906307697296,0.1391713172197342
online_mind2web,b1ce968a361e1088ce8d2ade6c2c9af0,0.25134894251823425,0.05021655187010765,-0.0984000563621521,0.2065659463405609,0.06338276714086533,-0.08250367641448975
online_mind2web,864244b6969e0f8733b0eb1ca06cd51f,0.2508440613746643,0.17242169380187988,0.10429494827985764,0.17682458460330963,0.11611102521419525,0.08542017638683319
online_mind2web,442a450e696a96085257db6297891a4d,0.24733619391918182,-0.04438960924744606,0.12717735767364502,0.09720887243747711,-0.13928106427192688,-0.12709181010723114
online_mind2web,7680a920359cb1a508fbddb001b98167,0.2350481152534485,-0.02072196453809738,0.11116962134838104,-0.03921271860599518,-0.20138388872146606,0.028210438787937164
online_mind2web,e43cbc8a0bf9e999884928d11006f894_110325,0.22714261710643768,-0.1308811455965042,-0.0888758972287178,-0.07330696284770966,-0.14269478619098663,-0.1340116709470749
online_mind2web,eb323dc584156d0eb3a2b90bb8c4b791_110325,0.2253170758485794,-0.1285575032234192,-0.08523370325565338,-0.07545141130685806,-0.1420348733663559,-0.13280129432678223
online_mind2web,2c8ef01a92c71ba9ef2e59bb17eea2b3_110325,0.22517363727092743,0.1272570639848709,0.08828839659690857,0.07521136850118637,0.1389363408088684,0.13397113978862762
online_mind2web,853afd530c72f4b00ffc32ae854efaf8,0.22484362125396729,0.001522043370641768,0.13171900808811188,-0.11498267948627472,0.13583935797214508,0.03913324698805809
online_mind2web,9f1cba613830ca1c6a58f9498c06e679,0.22390414774417877,0.08565394580364227,0.12910902500152588,-0.05952657386660576,0.1455446481704712,0.09347337484359741
online_mind2web,1ab384fb3a791edfb410213cc6b82151_110325,0.22253413498401642,-0.12617872655391693,-0.08556258678436279,-0.07416175305843353,-0.13994549214839935,-0.13082729279994965
online_mind2web,8f80e64e44e1fada018997b2fe869683,0.21986256539821625,-0.1427954137325287,-0.04184744879603386,0.14645247161388397,-0.1584862917661667,-0.004701648838818073
online_mind2web,9f1cba613830ca1c6a58f9498c06e679_110325,0.2177998423576355,-0.1285295933485031,-0.08365670591592789,-0.17973656952381134,-0.05882451310753822,-0.06835766136646271
online_mind2web,79f0bd7df6e685f30f20025cc6755c0a_110325,0.21453887224197388,-0.1288284808397293,-0.08274807035923004,-0.1769656538963318,-0.05789840966463089,-0.06716113537549973
online_mind2web,d8e2a81fa621ce4737e5ea85671b630e_110325,0.21399477124214172,-0.12161341309547424,-0.08198004215955734,-0.06596247106790543,-0.1349632441997528,-0.1284792125225067
online_mind2web,a6f0434ce6aff5f9b03681241b03ad82,0.21241489052772522,0.031680505722761154,0.08900965005159378,0.12881973385810852,-0.08337954431772232,-0.11683618277311325
online_mind2web,dd44c665cec1e9c929a4c5f074e7844a_110325,0.2107960730791092,-0.126668781042099,-0.0812729075551033,-0.17460952699184418,-0.05538458749651909,-0.0653739720582962
online_mind2web,0a0fa834ce41b5297c6474293383759d_110325,0.20346951484680176,-0.12463685125112534,-0.07959842681884766,-0.1680421382188797,-0.0547330267727375,-0.06188756227493286
online_mind2web,8f80e64e44e1fada018997b2fe869683_110325,0.20061089098453522,0.12204145640134811,0.07489490509033203,0.16692239046096802,0.056822240352630615,0.05952838435769081
online_mind2web,b7a9a6b5d451164c09bbd27b670bc2ae,0.19979655742645264,0.0421491414308548,0.04533690586686134,0.06583800166845322,-0.13619165122509003,0.12239453196525574
online_mind2web,2dd41b1d0e8f389d0683f4a4627abfe6,0.1794121414422989,-0.037830743938684464,-0.10706232488155365,0.00565583910793066,0.0973740741610527,-0.1058899313211441
online_mind2web,d1807551297ac60ecaaabbd2a2ed301a_110325,0.17653796076774597,-0.0033764115069061518,0.007279189303517342,0.10487253963947296,-0.127125084400177,-0.06287789344787598
online_mind2web,11857213ca01510f12813740afd59918_110325,0.17404934763908386,-5.983485607430339e-05,-0.009760821238160133,-0.11039530485868454,0.12086350470781326,0.05833348631858826
online_mind2web,9c04b71bb8db6cf8e743b2290cbc8797,0.1579991579055786,-0.022951480001211166,-0.03583637624979019,-0.11694687604904175,0.09238714724779129,0.038308385759592056
online_mind2web,6db4a0e346976f2729ba9afcd3208941,0.13342244923114777,-0.05715544894337654,-0.05155971646308899,-0.026665188372135162,0.07521393895149231,-0.09367485344409943
online_mind2web,e24662008c3be5d56f986f232fcec447,0.1002303808927536,-0.02054409496486187,-0.040442533791065216,-0.0005682067712768912,-0.07963897287845612,-0.045473527163267136
online_mind2web,502e864440283214e0180645015f568b_110325,0.06589192152023315,0.015783121809363365,-0.03951873257756233,-0.028232792392373085,0.0217583030462265,-0.03885229676961899
online_mind2web,2fc51dd3febd447f0fdcdabca8d944ce_110325,0.055400703102350235,0.027640577405691147,-0.029416456818580627,-0.012588847428560257,0.03779122605919838,-0.02484460175037384
online_mind2web,199be0b54a436daee74247971fc684ee_110325,0.04632485657930374,0.0033679299522191286,0.01922835037112236,0.015475724823772907,-0.03692575916647911,0.013162569142878056
scicode,63,1.1658117771148682,-0.6339383721351624,0.5922102332115173,-0.5719732046127319,0.5976054668426514,-0.5693140625953674
scicode,28,1.1581166982650757,-0.6385791897773743,0.5884461402893066,-0.5682908892631531,0.5933048129081726,-0.5656856298446655
scicode,13,1.1570521593093872,-0.6286618113517761,0.5867794752120972,-0.5670585632324219,0.5952431559562683,-0.5644375681877136
scicode,50,1.1562671661376953,-0.631955623626709,0.5872762203216553,-0.5677973628044128,0.5954920053482056,-0.5612984299659729
scicode,12,1.1536258459091187,-0.6267884373664856,0.5818668603897095,-0.5665838718414307,0.5937929749488831,-0.56451416015625
scicode,72,1.1528353691101074,-0.6256861686706543,0.5843613147735596,-0.5667550563812256,0.5906639695167542,-0.5634322762489319
scicode,18,1.1524031162261963,-0.6310591697692871,0.5867109298706055,-0.565513014793396,0.5909175276756287,-0.5610834956169128
scicode,45,1.1520272493362427,-0.6301253437995911,0.5818021893501282,-0.5666041374206543,0.5941444635391235,-0.5609145760536194
scicode,59,1.1520088911056519,-0.6366603374481201,0.5845966935157776,-0.5627976655960083,0.5940954685211182,-0.5618545413017273
scicode,62,1.1518158912658691,-0.6317479014396667,0.5810516476631165,-0.570881187915802,0.5934921503067017,-0.55760258436203
scicode,31,1.1517778635025024,-0.6335398554801941,0.5866643786430359,-0.5657444000244141,0.5889825820922852,-0.5616493821144104
scicode,68,1.1502034664154053,-0.6364709138870239,0.5851315259933472,-0.5656612515449524,0.5896934270858765,-0.5593551993370056
scicode,64,1.1498175859451294,-0.6347740888595581,0.5857304930686951,-0.56351238489151,0.587905764579773,-0.5619792342185974
scicode,41,1.1497883796691895,-0.6359472870826721,0.5831810235977173,-0.5643654465675354,0.5895594358444214,-0.5619826316833496
scicode,26,1.149632215499878,-0.6307935118675232,0.5821942090988159,-0.5656189918518066,0.5895387530326843,-0.5614475011825562
scicode,42,1.149611234664917,-0.629768967628479,0.5832810997962952,-0.5632070302963257,0.5909546613693237,-0.5612124800682068
scicode,43,1.1492732763290405,-0.6281031966209412,0.5845751762390137,-0.5595355033874512,0.5911953449249268,-0.5625913739204407
scicode,21,1.1492120027542114,-0.6355107426643372,0.5815580487251282,-0.5657656192779541,0.5888479948043823,-0.5618236064910889
scicode,76,1.1486557722091675,-0.6288333535194397,0.5812504887580872,-0.5642207264900208,0.5904492735862732,-0.5608765482902527
scicode,34,1.1486071348190308,-0.6305598020553589,0.5848380327224731,-0.5620402097702026,0.5901305675506592,-0.5595707893371582
scicode,9,1.148485779762268,-0.6359692811965942,0.5821616053581238,-0.5645552277565002,0.5902312994003296,-0.559474527835846
scicode,32,1.1483043432235718,-0.6219708919525146,0.579798698425293,-0.5618981719017029,0.592290997505188,-0.5620482563972473
scicode,58,1.1482914686203003,-0.6296408772468567,0.5817366242408752,-0.5627281665802002,0.5886855125427246,-0.5629761815071106
scicode,39,1.147063136100769,-0.6380494236946106,0.5850527286529541,-0.5596113204956055,0.5884672403335571,-0.5603647828102112
scicode,35,1.146755576133728,-0.637694776058197,0.5839097499847412,-0.5597648620605469,0.5891515016555786,-0.5600548982620239
scicode,75,1.1459474563598633,-0.6190576553344727,0.577393651008606,-0.5613663196563721,0.5910049676895142,-0.561598539352417
scicode,24,1.1459167003631592,-0.6349656581878662,0.5811988115310669,-0.5650107264518738,0.5897720456123352,-0.5552160739898682
scicode,77,1.14537513256073,-0.6228170990943909,0.5829586982727051,-0.5605915188789368,0.5869360566139221,-0.5597200989723206
scicode,37,1.1448458433151245,-0.6350655555725098,0.5810335278511047,-0.5635722875595093,0.586786687374115,-0.5577988624572754
scicode,27,1.144402265548706,-0.6374574899673462,0.5819867253303528,-0.5605596303939819,0.5860933661460876,-0.55965656042099
scicode,40,1.1443533897399902,-0.6354493498802185,0.5835703015327454,-0.5601816773414612,0.5864983201026917,-0.5578590035438538
scicode,65,1.143485426902771,-0.6330385208129883,0.5788366198539734,-0.5603375434875488,0.5886802673339844,-0.5585556626319885
scicode,71,1.1434764862060547,-0.6389901638031006,0.5793539881706238,-0.5590780377388,0.5883240103721619,-0.5596373677253723
scicode,23,1.1434072256088257,-0.6343674063682556,0.5823065638542175,-0.5614257454872131,0.5903589129447937,-0.5518845915794373
scicode,80,1.142479419708252,-0.634820818901062,0.5795552134513855,-0.559288501739502,0.5849151611328125,-0.5607545375823975
scicode,48,1.1424691677093506,-0.6316562294960022,0.5793872475624084,-0.5594685077667236,0.5874387621879578,-0.5580833554267883
scicode,2,1.141994833946228,-0.6382958889007568,0.580898642539978,-0.5618772506713867,0.5833683013916016,-0.5573906898498535
scicode,17,1.1417531967163086,-0.6321660876274109,0.5786354541778564,-0.5607353448867798,0.5864425897598267,-0.5571736097335815
scicode,5,1.1416501998901367,-0.6372178792953491,0.5837574601173401,-0.5620262026786804,0.5811359882354736,-0.5558775663375854
scicode,79,1.141492247581482,-0.6323999166488647,0.5717176795005798,-0.5626972913742065,0.5889207720756531,-0.5591847896575928
scicode,46,1.141231894493103,-0.634910523891449,0.5823988914489746,-0.561855673789978,0.583854615688324,-0.553763210773468
scicode,57,1.1408331394195557,-0.6295750141143799,0.57887202501297,-0.5603713989257812,0.5872095227241516,-0.5545957088470459
scicode,60,1.140763759613037,-0.6345306634902954,0.5748623609542847,-0.5618739128112793,0.5881028175354004,-0.556154727935791
scicode,11,1.1406499147415161,-0.6330284476280212,0.5721988081932068,-0.5641493797302246,0.58990478515625,-0.5544533133506775
scicode,69,1.1402474641799927,-0.6298627853393555,0.5764471888542175,-0.5589267611503601,0.5863267779350281,-0.5582962036132812
scicode,66,1.1397192478179932,-0.6339723467826843,0.5746795535087585,-0.5577999353408813,0.5883373022079468,-0.5580517649650574
scicode,55,1.1395323276519775,-0.6275089383125305,0.577768862247467,-0.5591524839401245,0.5858834385871887,-0.5557034611701965
scicode,33,1.1395251750946045,-0.6348392963409424,0.5751000046730042,-0.559238612651825,0.5857889652252197,-0.5584632754325867
scicode,61,1.1394413709640503,-0.6315014958381653,0.5784916281700134,-0.5598282814025879,0.5861583352088928,-0.5537912249565125
scicode,73,1.139389157295227,-0.6390236020088196,0.5812036395072937,-0.5589245557785034,0.5854379534721375,-0.5525176525115967
scicode,22,1.1393426656723022,-0.6324272751808167,0.5783414244651794,-0.5584480166435242,0.5860827565193176,-0.555216908454895
scicode,54,1.137535572052002,-0.6262876987457275,0.5766863226890564,-0.558915376663208,0.585857629776001,-0.552996039390564
scicode,52,1.1372190713882446,-0.6281747221946716,0.5756844282150269,-0.5581356883049011,0.5858491659164429,-0.5541839599609375
scicode,67,1.133812665939331,-0.6350416541099548,0.5759698748588562,-0.5546151399612427,0.5851567983627319,-0.5511655807495117
scicode,14,0.9691005349159241,-0.49566492438316345,0.4777217507362366,-0.4817204475402832,0.5107551217079163,-0.46691805124282837
scicode,15,0.9555813670158386,-0.5021430850028992,0.4920895993709564,-0.4711012542247772,0.4998178780078888,-0.4463510811328888
scicode,8,0.8749380111694336,-0.45280399918556213,0.4494496285915375,-0.44605663418769836,0.40744322538375854,-0.44557273387908936
scicode,30,0.8473684191703796,-0.4731943905353546,0.45990777015686035,-0.4097353219985962,0.4496626555919647,-0.3693757653236389
scicode,16,0.6824449896812439,-0.3649786710739136,0.3513771891593933,-0.322792112827301,0.3821306526660919,-0.3033919334411621
scicode,36,0.6375587582588196,-0.3247487545013428,0.32194799184799194,-0.3078467845916748,0.2926413118839264,-0.3498886525630951
scicode,25,0.46311357617378235,-0.22173459827899933,0.26353946328163147,-0.20263037085533142,0.19424547255039215,-0.25735339522361755
scicode,56,0.44837749004364014,-0.21948060393333435,0.25012633204460144,-0.18905557692050934,0.19727790355682373,-0.25262346863746643
scicode,53,0.4109201729297638,-0.18649953603744507,0.16977111995220184,-0.19561049342155457,0.1669497787952423,-0.271840900182724
scicode,20,0.3729715049266815,-0.16070988774299622,0.14964021742343903,-0.233466237783432,0.14990532398223877,-0.19934256374835968
scicode,74,0.10555653274059296,0.07486621290445328,-0.05041085183620453,0.005661793984472752,-0.09249342978000641,-0.0037198769859969616
scienceagentbench,29,0.9987455606460571,-0.607021689414978,-0.5413162112236023,-0.3810749351978302,0.5708742737770081,-0.48306718468666077
scienceagentbench,68,0.9984012842178345,-0.5982685089111328,-0.5415969491004944,-0.3805380165576935,0.570289671421051,-0.4831545054912567
scienceagentbench,36,0.9924429059028625,-0.5968314409255981,-0.5399441719055176,-0.3773368299007416,0.5655220746994019,-0.48083773255348206
scienceagentbench,5,0.9913925528526306,-0.5951502919197083,-0.5401612520217896,-0.37526917457580566,0.5654509663581848,-0.48012837767601013
scienceagentbench,74,0.990595817565918,-0.6051647067070007,-0.5398454070091248,-0.3771607279777527,0.5636224746704102,-0.4795065224170685
scienceagentbench,9,0.9901965856552124,-0.6062372326850891,-0.5381840467453003,-0.3759777545928955,0.5637795925140381,-0.48129045963287354
scienceagentbench,12,0.989456832408905,-0.5985058546066284,-0.5408003330230713,-0.3758186995983124,0.5629618763923645,-0.47790586948394775
scienceagentbench,15,0.987236738204956,-0.600095808506012,-0.5403606295585632,-0.37280943989753723,0.5625404715538025,-0.4766635596752167
scienceagentbench,59,0.9855876564979553,-0.5949503779411316,-0.5367985963821411,-0.3736327290534973,0.5630850195884705,-0.4759875535964966
scienceagentbench,65,0.9855030179023743,-0.5988757610321045,-0.5374560356140137,-0.3711736500263214,0.5650030970573425,-0.47471973299980164
scienceagentbench,61,0.9854320883750916,-0.5937947630882263,-0.5373753905296326,-0.37257829308509827,0.5633923411369324,-0.4754772484302521
scienceagentbench,32,0.9853439927101135,-0.598665177822113,-0.5386497378349304,-0.3720356523990631,0.5615915060043335,-0.4764070510864258
scienceagentbench,95,0.9844725131988525,-0.5976848602294922,-0.5378187298774719,-0.3706240952014923,0.5601257681846619,-0.47836610674858093
scienceagentbench,26,0.9826898574829102,-0.5968409776687622,-0.5352263450622559,-0.37188342213630676,0.5633867383003235,-0.4727686941623688
scienceagentbench,72,0.9814925789833069,-0.5993263721466064,-0.5332634449005127,-0.3723404109477997,0.5622658133506775,-0.4734739065170288
scienceagentbench,67,0.9814437031745911,-0.6021147966384888,-0.5367045998573303,-0.36999523639678955,0.5579850673675537,-0.4763781428337097
scienceagentbench,22,0.98138427734375,-0.597281813621521,-0.5344610214233398,-0.3700152337551117,0.56172114610672,-0.47436755895614624
scienceagentbench,37,0.9812948107719421,-0.6012794971466064,-0.5327678918838501,-0.37212038040161133,0.5622080564498901,-0.47386324405670166
scienceagentbench,44,0.9806661009788513,-0.5990051031112671,-0.5335965752601624,-0.3722977340221405,0.5584622621536255,-0.47591492533683777
scienceagentbench,34,0.9805416464805603,-0.5875164866447449,-0.5347903370857239,-0.3689665198326111,0.5617333650588989,-0.4730544984340668
scienceagentbench,60,0.9798285365104675,-0.5929878354072571,-0.5331263542175293,-0.3683733642101288,0.5616947412490845,-0.4739624261856079
scienceagentbench,8,0.9796695113182068,-0.6018006801605225,-0.5321282148361206,-0.3711917996406555,0.5584624409675598,-0.47636982798576355
scienceagentbench,2,0.9786108136177063,-0.5989558100700378,-0.5342694520950317,-0.3701777458190918,0.5567536950111389,-0.47458305954933167
scienceagentbench,21,0.9785462617874146,-0.5996129512786865,-0.5296428799629211,-0.37055766582489014,0.5613155961036682,-0.47396522760391235
scienceagentbench,10,0.9780117869377136,-0.599449634552002,-0.5341616272926331,-0.3685661852359772,0.558344841003418,-0.472851425409317
scienceagentbench,1,0.9779496788978577,-0.5955564975738525,-0.5335166454315186,-0.3693876266479492,0.5596127510070801,-0.47130876779556274
scienceagentbench,30,0.9769055247306824,-0.5979447960853577,-0.5323660969734192,-0.3690454363822937,0.5579149127006531,-0.47272318601608276
scienceagentbench,87,0.9767650365829468,-0.5977997779846191,-0.5370649695396423,-0.3677975833415985,0.5517138242721558,-0.4753609299659729
scienceagentbench,62,0.9763247966766357,-0.599298357963562,-0.5332874059677124,-0.36890581250190735,0.5572755932807922,-0.47134608030319214
scienceagentbench,64,0.9758836030960083,-0.5926995277404785,-0.5315728783607483,-0.36803513765335083,0.5585060119628906,-0.47159332036972046
scienceagentbench,31,0.9756747484207153,-0.5906507968902588,-0.5334505438804626,-0.36876511573791504,0.5547505617141724,-0.47290146350860596
scienceagentbench,78,0.9736242294311523,-0.5933845639228821,-0.5331219434738159,-0.36740854382514954,0.554577112197876,-0.4702981412410736
scienceagentbench,43,0.9720965027809143,-0.5989927649497986,-0.5319799780845642,-0.36762911081314087,0.5510144233703613,-0.47244131565093994
scienceagentbench,35,0.8916719555854797,-0.5149848461151123,-0.49912527203559875,-0.37884560227394104,0.4877641797065735,-0.40560445189476013
scienceagentbench,70,0.8904122114181519,-0.5171055197715759,-0.47922810912132263,-0.36696282029151917,0.4890015423297882,-0.435189813375473
scienceagentbench,56,0.8842659592628479,-0.5204669237136841,-0.5005115866661072,-0.3800148665904999,0.474809467792511,-0.4019441604614258
scienceagentbench,42,0.8813722133636475,-0.5184044241905212,-0.4919569194316864,-0.3724985718727112,0.4855440855026245,-0.40035879611968994
scienceagentbench,92,0.8794674277305603,-0.51658695936203,-0.4723893105983734,-0.36206766963005066,0.4816395044326782,-0.4327143430709839
scienceagentbench,25,0.8761220574378967,-0.5132958889007568,-0.4785378575325012,-0.32630425691604614,0.5229949951171875,-0.39823752641677856
scienceagentbench,47,0.8732620477676392,-0.5104970335960388,-0.4944770336151123,-0.37886279821395874,0.4752822518348694,-0.38555005192756653
scienceagentbench,63,0.8730623126029968,-0.5154166221618652,-0.48031020164489746,-0.32495003938674927,0.5177930593490601,-0.39728793501853943
scienceagentbench,24,0.8714040517807007,-0.516850471496582,-0.46917080879211426,-0.33456531167030334,0.4934474229812622,-0.42871835827827454
scienceagentbench,101,0.8517659902572632,-0.5312134623527527,-0.43962016701698303,-0.33146029710769653,0.5010057687759399,-0.4139646589756012
scienceagentbench,75,0.8505616784095764,-0.5215898752212524,-0.45052245259284973,-0.31818029284477234,0.4666720926761627,-0.4488464891910553
scienceagentbench,85,0.8475984930992126,-0.5247436165809631,-0.4627785086631775,-0.30824074149131775,0.4959617853164673,-0.40406545996665955
scienceagentbench,93,0.7864527702331543,-0.4482097625732422,-0.418096125125885,-0.3424024283885956,0.44452595710754395,-0.3589719533920288
scienceagentbench,52,0.7796815633773804,-0.44083258509635925,-0.41336289048194885,-0.31592798233032227,0.44878166913986206,-0.36853623390197754
scienceagentbench,7,0.776252031326294,-0.4538659155368805,-0.403430312871933,-0.32060322165489197,0.4034191370010376,-0.4174658954143524
scienceagentbench,102,0.7735019326210022,-0.45201218128204346,-0.45413893461227417,-0.24828992784023285,0.4545372426509857,-0.3518679738044739
scienceagentbench,98,0.7704252004623413,-0.4422009289264679,-0.4135906398296356,-0.32558178901672363,0.4050457775592804,-0.3904256224632263
scienceagentbench,89,0.7548567652702332,-0.4530216157436371,-0.37929651141166687,-0.2922026216983795,0.4464162290096283,-0.37586304545402527
scienceagentbench,77,0.7538880109786987,-0.4591575562953949,-0.38433364033699036,-0.2736690938472748,0.44933655858039856,-0.37925809621810913
scienceagentbench,94,0.7171966433525085,0.4482881426811218,0.4212731122970581,0.19326238334178925,-0.4136864244937897,0.3583478629589081
scienceagentbench,97,0.7050184607505798,-0.38587912917137146,-0.41658833622932434,-0.34358152747154236,0.35066887736320496,-0.28720763325691223
scienceagentbench,91,0.687411904335022,-0.3908863663673401,-0.416139155626297,-0.3322426974773407,0.3462063670158386,-0.262905478477478
scienceagentbench,86,0.6646088361740112,-0.40393975377082825,-0.3591616153717041,-0.244720920920372,0.39457520842552185,-0.3116566836833954
scienceagentbench,54,0.610369861125946,-0.42404958605766296,-0.31733447313308716,-0.16500185430049896,0.38129857182502747,-0.3150174617767334
scienceagentbench,33,0.5869409441947937,-0.3420165479183197,-0.33368995785713196,-0.27829641103744507,0.3179539740085602,-0.2336815595626831
scienceagentbench,48,0.5793901681900024,-0.3476771414279938,-0.30444008111953735,-0.24543967843055725,0.30926916003227234,-0.2951628863811493
scienceagentbench,55,0.5704483389854431,-0.3451883792877197,-0.3400850296020508,-0.2998540699481964,0.2779916524887085,-0.20630480349063873
scienceagentbench,57,0.5485988855361938,0.3446316123008728,0.3055196702480316,0.14286500215530396,-0.31651771068573,0.2949993312358856
scienceagentbench,58,0.5349695086479187,-0.35247352719306946,-0.2953845262527466,-0.21417394280433655,0.2964053153991699,-0.2553698718547821
scienceagentbench,4,0.5335679650306702,-0.3633609712123871,-0.2720301151275635,-0.18574845790863037,0.3243677616119385,-0.2664159834384918
scienceagentbench,84,0.5148422718048096,-0.28196558356285095,-0.3010782301425934,-0.24457721412181854,0.23079867660999298,-0.24764572083950043
scienceagentbench,45,0.5014360547065735,0.27843403816223145,0.33002281188964844,0.14178037643432617,-0.2933851182460785,0.19064776599407196
scienceagentbench,80,0.4876542091369629,0.2976923882961273,0.31201210618019104,0.16406559944152832,-0.2301303595304489,0.24612514674663544
scienceagentbench,50,0.47284558415412903,-0.22161881625652313,-0.24544647336006165,-0.2730264365673065,0.2436557412147522,-0.17154423892498016
scienceagentbench,49,0.46491044759750366,-0.22431419789791107,-0.26219993829727173,-0.28996604681015015,0.18876126408576965,-0.1663784384727478
scienceagentbench,53,0.4628629684448242,0.3201710283756256,0.27822211384773254,0.08289943635463715,-0.2646586000919342,0.24478167295455933
scienceagentbench,6,0.4446985721588135,-0.338395893573761,-0.18263354897499084,-0.08625372499227524,0.324293315410614,-0.2275872528553009
scienceagentbench,51,0.43819186091423035,-0.16098161041736603,-0.2313203513622284,-0.29927539825439453,0.14935538172721863,-0.16318760812282562
scienceagentbench,69,0.4026499390602112,0.25732454657554626,0.24911510944366455,0.10691209882497787,-0.18951110541820526,0.22961702942848206
scienceagentbench,81,0.38043588399887085,-0.26835858821868896,-0.17871694266796112,-0.11797966063022614,0.19252696633338928,-0.24860790371894836
scienceagentbench,3,0.3645712733268738,0.2652631402015686,0.2441849410533905,0.047248512506484985,-0.20344671607017517,0.1722293198108673
scienceagentbench,17,0.3584440052509308,-0.25853031873703003,-0.16668486595153809,-0.1437482237815857,0.24606777727603912,-0.13958998024463654
scienceagentbench,71,0.34783026576042175,-0.2677614390850067,-0.1756998747587204,-0.09199091047048569,0.21412813663482666,-0.18921484053134918
scienceagentbench,66,0.3182678818702698,-0.20868201553821564,-0.21623072028160095,-0.14640508592128754,0.15652556717395782,-0.09275789558887482
scienceagentbench,27,0.31438764929771423,-0.1796206384897232,-0.1580105870962143,-0.12985843420028687,0.16008451581001282,-0.17714962363243103
scienceagentbench,73,0.3114892840385437,0.22120893001556396,0.17569802701473236,0.021938830614089966,-0.18785898387432098,0.17430853843688965
scienceagentbench,88,0.2993989586830139,-0.21657563745975494,-0.1591566801071167,-0.1682831048965454,0.15524116158485413,-0.10904067754745483
scienceagentbench,13,0.2984671890735626,-0.12316689640283585,-0.10095525532960892,-0.16819700598716736,0.17985808849334717,-0.13509823381900787
scienceagentbench,16,0.2784106433391571,-0.16750846803188324,-0.05063409358263016,-0.11932975798845291,0.1653974950313568,-0.182627335190773
scienceagentbench,100,0.2677111327648163,-0.13356167078018188,-0.13823319971561432,-0.06172006204724312,0.16837790608406067,-0.1428297907114029
scienceagentbench,38,0.2645655870437622,-0.02938816137611866,-0.07966458052396774,-0.23289234936237335,0.09346210211515427,0.0259711816906929
scienceagentbench,79,0.24655067920684814,0.08203735202550888,0.16634364426136017,0.13013030588626862,-0.12205041944980621,0.035872310400009155
scienceagentbench,28,0.23638221621513367,-0.07118809223175049,-0.11786678433418274,-0.15382802486419678,0.12420901656150818,-0.05378693714737892
scienceagentbench,83,0.22654296457767487,-0.08989747613668442,-0.10052964091300964,-0.15917904675006866,0.12301284819841385,-0.027301667258143425
scienceagentbench,14,0.20612122118473053,-0.04843323677778244,-0.06852468103170395,-0.18590103089809418,0.025474591180682182,-0.05081513896584511
scienceagentbench,39,0.19258731603622437,0.019549820572137833,-0.027504272758960724,-0.18420849740505219,0.04784369841217995,-0.010564129799604416
scienceagentbench,96,0.19228115677833557,0.11160719394683838,0.15395349264144897,0.0341840535402298,-0.10024843364953995,0.04529974237084389
scienceagentbench,19,0.17919693887233734,0.047998908907175064,0.024427510797977448,-0.17053468525409698,-0.04654255136847496,0.01632632315158844
scienceagentbench,23,0.17455528676509857,0.011894416995346546,-0.08831581473350525,-0.14506760239601135,0.01513173058629036,0.03736690804362297
scienceagentbench,41,0.1686738282442093,-0.049759358167648315,-0.09382929652929306,-0.10540511459112167,-0.006606782786548138,-0.09215767681598663
scienceagentbench,99,0.16548536717891693,-0.04221561178565025,-0.011230945587158203,-0.11233138293027878,0.11959724128246307,-0.018369382247328758
scienceagentbench,90,0.1630895882844925,0.08676590770483017,0.06444698572158813,-0.09654013812541962,-0.1143273189663887,-0.007352963089942932
scienceagentbench,76,0.1580638587474823,0.11286994814872742,0.03334999829530716,-0.11025779694318771,-0.035781122744083405,0.1021513044834137
scienceagentbench,11,0.15463533997535706,0.15528103709220886,0.054682958871126175,-0.04954079911112785,-0.07442132383584976,0.11370592564344406
scienceagentbench,40,0.1468053162097931,-0.010461715050041676,-0.06392396241426468,-0.11331071704626083,0.03669323772192001,0.05726968124508858
scienceagentbench,82,0.14130888879299164,-0.006064570974558592,0.0700768306851387,0.042960409075021744,0.07686562091112137,-0.08546063303947449
scienceagentbench,18,0.1337057501077652,0.09598709642887115,0.08621764183044434,-0.06016651168465614,-0.02139856107532978,0.07978621125221252
scienceagentbench,46,0.0736745148897171,-0.03553219512104988,-0.008760076016187668,-0.047663044184446335,0.02484540455043316,0.049619901925325394
scienceagentbench,20,0.049777839332818985,-0.02723623998463154,0.03421485424041748,-0.008507379330694675,0.03491542860865593,-0.0039641340263187885
swebench_verified_mini,django__django-12050,1.3900525569915771,0.4587884545326233,0.7925612926483154,-0.2609370946884155,-0.5958928465843201,-0.9385712742805481
swebench_verified_mini,sphinx-doc__sphinx-9367,1.3472926616668701,0.28983357548713684,0.8130394220352173,-0.1106007844209671,-0.7020270228385925,-0.8056612610816956
swebench_verified_mini,sphinx-doc__sphinx-9698,1.2771395444869995,0.3088480830192566,0.7880858182907104,-0.12110751122236252,-0.6993453502655029,-0.7115160822868347
swebench_verified_mini,sphinx-doc__sphinx-9230,1.2713059186935425,-0.29204171895980835,0.7845529913902283,0.30910614132881165,-0.9230015873908997,-0.23068754374980927
swebench_verified_mini,sphinx-doc__sphinx-7757,1.251286506652832,-0.2759643495082855,0.8325743675231934,0.17787742614746094,-0.8622262477874756,-0.3121911287307739
swebench_verified_mini,sphinx-doc__sphinx-8269,1.2471113204956055,0.11232028156518936,0.8175203204154968,-0.06787621974945068,-0.715354859828949,-0.6087751984596252
swebench_verified_mini,django__django-12708,1.228129267692566,-0.0057501522824168205,0.7795559167861938,0.0439620167016983,-0.798069417476654,-0.5116117000579834
swebench_verified_mini,django__django-11880,1.205060362815857,0.4966282546520233,0.6577186584472656,-0.24989520013332367,-0.44706788659095764,-0.8702065944671631
swebench_verified_mini,django__django-12209,1.202178955078125,0.06540338695049286,0.773802638053894,0.02713526412844658,-0.7403209805488586,-0.5455753207206726
swebench_verified_mini,sphinx-doc__sphinx-10466,1.2008343935012817,0.07892156392335892,0.7635118961334229,0.06975314766168594,-0.8017503023147583,-0.459764689207077
swebench_verified_mini,django__django-11999,1.1859322786331177,0.2137981504201889,0.7020692825317383,-0.05681624263525009,-0.7101774215698242,-0.6371451616287231
swebench_verified_mini,django__django-12713,1.166009545326233,0.2689680755138397,0.7139520049095154,-0.1413467526435852,-0.6326078772544861,-0.6554991006851196
swebench_verified_mini,sphinx-doc__sphinx-9320,1.1656889915466309,0.11332303285598755,0.7144821286201477,-0.0973069965839386,-0.623235821723938,-0.6711592078208923
swebench_verified_mini,django__django-9296,1.1653846502304077,0.7274677157402039,0.5326128005981445,-0.36556094884872437,-0.2762868404388428,-0.9297718405723572
swebench_verified_mini,sphinx-doc__sphinx-8475,1.1632356643676758,-0.031086022034287453,0.7711917161941528,-0.033050537109375,-0.6802482008934021,-0.542725145816803
swebench_verified_mini,sphinx-doc__sphinx-8035,1.141730785369873,-0.32211050391197205,0.7431665658950806,0.24738220870494843,-0.8173946142196655,-0.1480560302734375
swebench_verified_mini,django__django-12039,1.1337885856628418,-0.1401977390050888,0.7202342748641968,0.2694580554962158,-0.7741599082946777,-0.307908833026886
swebench_verified_mini,django__django-12304,1.1148619651794434,-0.35391584038734436,0.6334560513496399,0.35760149359703064,-0.8376628160476685,-0.1099676862359047
swebench_verified_mini,django__django-12774,1.1139458417892456,-0.06285565346479416,0.698985755443573,0.2309589684009552,-0.779323160648346,-0.3026675581932068
swebench_verified_mini,sphinx-doc__sphinx-8551,1.1043781042099,-0.5753307938575745,0.6148340106010437,0.4365848898887634,-0.8007885813713074,0.09880039095878601
swebench_verified_mini,sphinx-doc__sphinx-8721,1.1043524742126465,0.1521972417831421,0.6942110657691956,-0.07942095398902893,-0.5972599983215332,-0.6120769381523132
swebench_verified_mini,django__django-11951,1.081316351890564,0.4082721769809723,0.6095102429389954,-0.1616605669260025,-0.5202563405036926,-0.7077721953392029
swebench_verified_mini,sphinx-doc__sphinx-8548,1.0349009037017822,-0.8779138922691345,0.3410864472389221,0.6091108322143555,-0.5850180387496948,0.49134278297424316
swebench_verified_mini,django__django-12262,1.033102035522461,0.20759674906730652,0.6862329840660095,0.04962529242038727,-0.6047036647796631,-0.47776031494140625
swebench_verified_mini,django__django-12155,1.0301928520202637,0.25676488876342773,0.6001256108283997,-0.09227830171585083,-0.5292494297027588,-0.6422821283340454
swebench_verified_mini,django__django-11885,1.0251888036727905,-1.0170938968658447,0.19105106592178345,0.615280270576477,-0.44398391246795654,0.662434995174408
swebench_verified_mini,django__django-12143,1.0242784023284912,0.2976512610912323,0.6276644468307495,-0.14295877516269684,-0.46462810039520264,-0.6471993327140808
swebench_verified_mini,sphinx-doc__sphinx-8265,1.0013307332992554,-0.8593772053718567,0.3152691721916199,0.5838088989257812,-0.5916203260421753,0.4608917236328125
swebench_verified_mini,sphinx-doc__sphinx-7748,0.986323893070221,-1.0792453289031982,0.10052625834941864,0.5779372453689575,-0.36191821098327637,0.7055019736289978
swebench_verified_mini,sphinx-doc__sphinx-9281,0.985103964805603,-0.2625383734703064,0.6097259521484375,0.18297834694385529,-0.7160558700561523,-0.2290131002664566
swebench_verified_mini,sphinx-doc__sphinx-7590,0.9849863052368164,-1.0770540237426758,0.10746107250452042,0.5739529132843018,-0.3725731670856476,0.7002981305122375
swebench_verified_mini,sphinx-doc__sphinx-9229,0.9810765385627747,-1.0524179935455322,0.12974724173545837,0.5743744969367981,-0.38644731044769287,0.6829562187194824
swebench_verified_mini,sphinx-doc__sphinx-9461,0.9784748554229736,-0.9081518054008484,0.28291139006614685,0.5733667612075806,-0.5260757207870483,0.5214107632637024
swebench_verified_mini,django__django-12406,0.9713742733001709,-1.083701729774475,0.09242527186870575,0.5705040693283081,-0.3566502034664154,0.6945151686668396
swebench_verified_mini,sphinx-doc__sphinx-7985,0.970180332660675,-1.0733758211135864,0.09854494035243988,0.5660258531570435,-0.3602801263332367,0.6937951445579529
swebench_verified_mini,sphinx-doc__sphinx-8056,0.9641575813293457,-1.0661407709121704,0.11361568421125412,0.5638566017150879,-0.37022894620895386,0.6794759631156921
swebench_verified_mini,sphinx-doc__sphinx-11510,0.9427531957626343,-0.9985080361366272,0.1831386387348175,0.5627102851867676,-0.424532026052475,0.5986431241035461
swebench_verified_mini,sphinx-doc__sphinx-10673,0.9327645301818848,-0.4333726763725281,0.453745037317276,0.4740317165851593,-0.6532599329948425,0.11274099349975586
swebench_verified_mini,sphinx-doc__sphinx-10435,0.9243631362915039,-0.9429934024810791,0.2786726653575897,0.530152440071106,-0.49639925360679626,0.49931445717811584
swebench_verified_mini,django__django-12273,0.9180635809898376,-0.9829919338226318,0.13153503835201263,0.5521054863929749,-0.4024462103843689,0.5989623665809631
swebench_verified_mini,sphinx-doc__sphinx-10323,0.9173110723495483,-0.3950524926185608,0.6103265881538391,0.1310373693704605,-0.660317599773407,-0.1255822777748108
swebench_verified_mini,django__django-12308,0.871106743812561,-0.7186102271080017,0.346585750579834,0.47209519147872925,-0.5895076394081116,0.2613659203052521
swebench_verified_mini,django__django-12325,0.8673566579818726,-0.7673026323318481,0.2913368344306946,0.5096939206123352,-0.5176200866699219,0.3737806975841522
swebench_verified_mini,django__django-12276,0.8507468104362488,0.45221710205078125,0.47080305218696594,-0.15649905800819397,-0.2844220697879791,-0.6298624873161316
swebench_verified_mini,django__django-11815,0.7481119632720947,0.010930550284683704,0.5019314289093018,0.1146797388792038,-0.40898916125297546,-0.35680922865867615
swebench_verified_mini,sphinx-doc__sphinx-8638,0.6661329865455627,-0.7427961826324463,0.19075120985507965,0.4052007496356964,-0.345626562833786,0.3517126142978668
swebench_verified_mini,django__django-11848,0.636813223361969,-0.3307769298553467,0.39816346764564514,0.21578718721866608,-0.44711798429489136,0.022767137736082077
swebench_verified_mini,django__django-11964,0.5803204774856567,-0.6564347743988037,0.32006439566612244,0.17481009662151337,-0.42994213104248047,0.13755668699741364
swebench_verified_mini,django__django-12193,0.5320689678192139,-0.5300249457359314,0.3122527599334717,0.2799900472164154,-0.2925480902194977,0.14702647924423218
swebench_verified_mini,django__django-11790,0.4163026809692383,-0.3218229115009308,0.28337642550468445,0.2232845574617386,-0.20485585927963257,0.03440658748149872
taubench_airline,36,1.2875975370407104,0.2912074625492096,0.37459737062454224,-0.8163702487945557,-0.6430138945579529,0.6615564227104187
taubench_airline,38,1.2133989334106445,0.559882402420044,0.3285709321498871,-0.7377170920372009,-0.5176016092300415,0.7431287169456482
taubench_airline,20,1.120851993560791,-0.09728263318538666,0.7480928301811218,-0.5904244184494019,-0.4496533274650574,0.3819388747215271
taubench_airline,44,1.1125802993774414,-0.19748736917972565,0.7158628106117249,-0.5461691617965698,-0.6221024990081787,0.20015765726566315
taubench_airline,30,1.0779500007629395,-0.3051137924194336,0.7749134302139282,-0.4991338551044464,-0.41640958189964294,0.37276506423950195
taubench_airline,18,1.032863974571228,0.5211104154586792,0.30023977160453796,-0.6093497276306152,-0.30422544479370117,0.716103196144104
taubench_airline,46,0.9830459356307983,-0.36233627796173096,-0.287891149520874,0.6129956841468811,0.417722225189209,-0.577271580696106
taubench_airline,42,0.9783223271369934,0.8958484530448914,0.042449742555618286,-0.5523354411125183,-0.45743879675865173,0.6640691161155701
taubench_airline,12,0.9754548072814941,0.7597927451133728,0.09303436428308487,-0.5965781807899475,-0.4383562505245209,0.6283270716667175
taubench_airline,49,0.969940721988678,0.5133840441703796,0.18488602340221405,-0.5338788032531738,-0.5937398076057434,0.518699049949646
taubench_airline,1,0.96384596824646,0.40909385681152344,0.36207544803619385,-0.5242468118667603,-0.6239235997200012,0.365766316652298
taubench_airline,41,0.8878273367881775,0.35371822118759155,0.4321657121181488,-0.4848322570323944,-0.4146276116371155,0.4410122036933899
taubench_airline,29,0.8699364066123962,-0.046811461448669434,0.4584546983242035,-0.3507821559906006,-0.6256653666496277,0.17917422950267792
taubench_airline,11,0.8610167503356934,-0.305331826210022,0.43027156591415405,-0.38485559821128845,-0.6212850213050842,0.14868533611297607
taubench_airline,10,0.8609535098075867,-0.7045052647590637,0.8135477900505066,-0.0829499214887619,-0.24152685701847076,-0.11901699006557465
taubench_airline,32,0.8466700911521912,-0.7340720891952515,-0.08973418176174164,0.2487817108631134,-0.27754342555999756,-0.7549008727073669
taubench_airline,26,0.8066267967224121,-0.4869304597377777,0.15289488434791565,-0.08712214976549149,-0.6477911472320557,-0.4472653269767761
taubench_airline,4,0.8007103204727173,0.12897495925426483,0.44212275743484497,-0.3755550980567932,-0.503892719745636,0.22519996762275696
taubench_airline,25,0.7819849252700806,-1.2080371379852295,0.22944529354572296,0.2550099492073059,-0.04659973457455635,-0.7011801600456238
taubench_airline,9,0.7775124907493591,-1.1913940906524658,0.22944782674312592,0.2547786235809326,-0.04035096615552902,-0.6966627836227417
taubench_airline,19,0.773963451385498,-1.1440861225128174,0.17567266523838043,0.29875046014785767,0.09297272562980652,-0.6857571005821228
taubench_airline,33,0.7532299757003784,-0.5775760412216187,-0.18326182663440704,0.06043330579996109,-0.4430004954338074,-0.5778138637542725
taubench_airline,2,0.7512658834457397,-1.1444913148880005,0.3799635171890259,0.23034006357192993,-0.019220128655433655,-0.6054768562316895
taubench_airline,28,0.7463260889053345,-0.7889525294303894,0.01150018535554409,-0.022078152745962143,-0.48319607973098755,-0.5682469010353088
taubench_airline,23,0.7410750389099121,-0.9544887542724609,0.24229277670383453,0.2623181939125061,-0.17120490968227386,-0.6263899803161621
taubench_airline,35,0.7387599349021912,0.3422926068305969,0.20924142003059387,-0.4363853931427002,-0.32221585512161255,0.4557729661464691
taubench_airline,24,0.7363463640213013,0.2545389235019684,-0.5410614609718323,-0.1399073600769043,-0.44222649931907654,-0.18525691330432892
taubench_airline,22,0.7223219871520996,-0.7831640839576721,0.14473117887973785,0.12194865942001343,-0.3570903539657593,-0.5986793041229248
taubench_airline,48,0.720266580581665,0.2143975794315338,-0.4675329029560089,-0.18533746898174286,-0.51518315076828,-0.020815789699554443
taubench_airline,8,0.7087657451629639,-0.9461340308189392,0.6526325941085815,0.07533460855484009,-0.04920298978686333,-0.2613872289657593
taubench_airline,0,0.7054425477981567,0.04366524890065193,0.5719354152679443,-0.16214048862457275,-0.3577619791030884,0.12749867141246796
taubench_airline,31,0.702301025390625,-0.3177311420440674,0.007857128977775574,-0.07834671437740326,-0.5700098872184753,-0.40263575315475464
taubench_airline,47,0.6904248595237732,-0.30718401074409485,-0.3529713451862335,-0.1762315034866333,-0.5188277363777161,-0.22772343456745148
taubench_airline,7,0.6598101854324341,0.297058641910553,0.3153989613056183,-0.3418179452419281,-0.30938485264778137,0.3511615991592407
taubench_airline,21,0.6136852502822876,-0.06546350568532944,-0.3927423357963562,-0.22995316982269287,-0.3886715769767761,-0.13571660220623016
taubench_airline,34,0.6055554747581482,-0.3144398629665375,-0.04864871874451637,-0.0919252336025238,-0.4631694257259369,-0.3759714961051941
taubench_airline,39,0.6013932824134827,-0.16326121985912323,0.5856673121452332,0.13094553351402283,-0.03892597183585167,-0.0023842528462409973
taubench_airline,3,0.5873630046844482,-0.6327886581420898,0.4800710380077362,0.014275597408413887,-0.22151131927967072,-0.25545263290405273
taubench_airline,45,0.5815531015396118,-0.9097864031791687,0.2144080251455307,0.10577119141817093,-0.07126359641551971,-0.5253257751464844
taubench_airline,6,0.5600191354751587,0.11921903491020203,0.41663864254951477,-0.07530239224433899,-0.364761620759964,0.03622392565011978
taubench_airline,27,0.5431738495826721,-0.47277459502220154,-0.16074112057685852,-0.055200207978487015,-0.3340573310852051,-0.3931395709514618
taubench_airline,16,0.5238510370254517,-0.4925716817378998,0.06745542585849762,-0.27518028020858765,-0.41602447628974915,-0.14515219628810883
taubench_airline,37,0.4842994511127472,0.1732969582080841,0.08419403433799744,-0.3569258153438568,0.01923745684325695,0.31573915481567383
taubench_airline,14,0.4805713891983032,0.16873478889465332,0.35605207085609436,-0.14297057688236237,-0.2744480073451996,0.09172499179840088
taubench_airline,5,0.46906253695487976,-0.1414536088705063,0.08228932321071625,-0.09949629753828049,-0.4100859761238098,-0.18755823373794556
taubench_airline,13,0.44194939732551575,0.09574947506189346,0.2709176540374756,-0.25052106380462646,-0.10889499634504318,0.21749478578567505
taubench_airline,17,0.4082915484905243,-0.5534230470657349,0.26092541217803955,0.24635595083236694,0.07440119236707687,-0.17998088896274567
taubench_airline,40,0.36285126209259033,-0.0734851136803627,0.35919836163520813,-0.043461475521326065,0.027358612045645714,0.0004050807619933039
taubench_airline,43,0.33908870816230774,0.6356797814369202,-0.25958624482154846,7.793458644300699e-05,0.061489369720220566,0.20932075381278992
taubench_airline,15,0.29630178213119507,-0.3942941427230835,-0.18332557380199432,0.04504043981432915,-0.04520576819777489,-0.2238622009754181
usaco,644_silver_closing_the_farm,0.7315822243690491,-0.262498676776886,0.36382296681404114,-0.3660263419151306,0.36898311972618103,0.3643096387386322
usaco,1251_bronze_cow_college,0.7292116284370422,-0.2623583972454071,0.3644466996192932,-0.36461853981018066,0.3661671578884125,0.36318475008010864
usaco,248_gold_taxi,0.7288796901702881,-0.2623124122619629,0.3638310432434082,-0.36354899406433105,0.3676859736442566,0.3626730144023895
usaco,417_silver_mooo_moo,0.728748083114624,-0.26449859142303467,0.3630576729774475,-0.36505717039108276,0.36783117055892944,0.36151954531669617
usaco,1017_gold_timeline,0.7286641597747803,-0.26150116324424744,0.36260926723480225,-0.3638417422771454,0.3682999312877655,0.3625469505786896
usaco,1209_gold_redistributing_gifts,0.7285984754562378,-0.26531437039375305,0.36246705055236816,-0.36503171920776367,0.36719855666160583,0.36247819662094116
usaco,249_gold_route_design,0.7274099588394165,-0.2688409388065338,0.36318129301071167,-0.36435559391975403,0.3682560622692108,0.35896655917167664
usaco,128_gold_haybale_restacking,0.7259893417358398,-0.2625913619995117,0.3609825074672699,-0.36397144198417664,0.36504384875297546,0.36196669936180115
usaco,1277_bronze_moo_operations,0.7254682183265686,-0.26140618324279785,0.36092641949653625,-0.36285659670829773,0.3662894368171692,0.36083707213401794
usaco,1156_bronze_air_cownditioning,0.7251760959625244,-0.2623920440673828,0.360654354095459,-0.36296311020851135,0.36603599786758423,0.36067190766334534
usaco,1016_silver_clock_tree,0.7248552441596985,-0.2633005678653717,0.36090928316116333,-0.3624955415725708,0.36604467034339905,0.3602331578731537
usaco,856_bronze_the_bucket_list,0.7236575484275818,-0.26205822825431824,0.3612595498561859,-0.36250585317611694,0.36469337344169617,0.3588314354419708
usaco,133_bronze_unlocking_blocks,0.7236555218696594,-0.2607864439487457,0.36057189106941223,-0.36166614294052124,0.3650393486022949,0.36001265048980713
usaco,226_silver_painting_the_fence,0.7226588726043701,-0.2614608108997345,0.3598601520061493,-0.36245396733283997,0.36360248923301697,0.3593840003013611
usaco,1300_bronze_stamp_grid,0.7224617600440979,-0.26364225149154663,0.3585031032562256,-0.36161306500434875,0.36453816294670105,0.36024215817451477
usaco,1018_gold_help_yourself,0.7224224805831909,-0.2621309459209442,0.36012348532676697,-0.36082109808921814,0.3644667863845825,0.35941264033317566
usaco,1115_gold_count_the_cows,0.7223142981529236,-0.2644124925136566,0.3610435426235199,-0.3599769175052643,0.3643164336681366,0.35927096009254456
usaco,1255_silver_circular_barn,0.7212809324264526,-0.2601688504219055,0.35909023880958557,-0.36058303713798523,0.3636351525783539,0.3592349588871002
usaco,1299_bronze_hungry_cow,0.7209258675575256,-0.2613496780395508,0.3590365946292877,-0.36019831895828247,0.3631536364555359,0.3594488799571991
usaco,412_bronze_reordering_the_cows,0.720232367515564,-0.2696584165096283,0.35470667481422424,-0.3623809218406677,0.3655387759208679,0.3577420115470886
usaco,229_gold_cow_lineup,0.7201553583145142,-0.261423796415329,0.3584337532520294,-0.3602500855922699,0.3630795180797577,0.35852763056755066
usaco,916_bronze_the_great_revegetation,0.7201476693153381,-0.26191556453704834,0.35778293013572693,-0.36036136746406555,0.3639313578605652,0.3581865727901459
usaco,989_bronze_race,0.7201139330863953,-0.2605101466178894,0.3590099811553955,-0.36002346873283386,0.3632749021053314,0.35789716243743896
usaco,833_bronze_family_tree,0.7198976278305054,-0.26344549655914307,0.36080029606819153,-0.35983985662460327,0.36322852969169617,0.35588765144348145
usaco,647_gold_248,0.7197688221931458,-0.26011955738067627,0.3583486080169678,-0.3596127927303314,0.3630869388580322,0.35846880078315735
usaco,993_gold_time_is_mooney,0.7194654941558838,-0.2620302140712738,0.3583122193813324,-0.35961538553237915,0.3628654181957245,0.3581179082393646
usaco,434_silver_dueling_gpss,0.7194063067436218,-0.2611876428127289,0.35651591420173645,-0.35993650555610657,0.36290907859802246,0.35942259430885315
usaco,1302_silver_bakery,0.7193772792816162,-0.26009970903396606,0.35809648036956787,-0.3591301441192627,0.3629852533340454,0.3585217297077179
usaco,736_bronze_bovine_genomics,0.719102680683136,-0.2629246711730957,0.356777548789978,-0.36004072427749634,0.36257725954055786,0.3587852120399475
usaco,343_silver_farmer_john_has_no_large_brown_cow,0.7190046906471252,-0.259968101978302,0.35916364192962646,-0.3597800135612488,0.36265799403190613,0.3563801050186157
usaco,1109_bronze_clockwise_fence,0.7190043926239014,-0.2623475193977356,0.3566286861896515,-0.3599909245967865,0.3628733456134796,0.35848677158355713
usaco,987_bronze_word_processor,0.7188984751701355,-0.2602013647556305,0.35743775963783264,-0.3592425286769867,0.3631189167499542,0.357970267534256
usaco,950_platinum_valleys,0.7188721299171448,-0.26120927929878235,0.35600411891937256,-0.3601052165031433,0.36331266164779663,0.3582824468612671
usaco,359_bronze_cow_baseball,0.7188524603843689,-0.2611021101474762,0.35866424441337585,-0.35946881771087646,0.36231786012649536,0.3572348654270172
usaco,1333_platinum_good_bitstrings,0.7187567353248596,-0.261677622795105,0.3570314645767212,-0.36001190543174744,0.36285340785980225,0.35758715867996216
usaco,241_bronze_message_relay,0.7184618711471558,-0.2598588466644287,0.357818603515625,-0.35878250002861023,0.36295750737190247,0.35733774304389954
usaco,1204_bronze_photoshoot_2,0.7181581258773804,-0.26298463344573975,0.35768643021583557,-0.35914522409439087,0.3614068329334259,0.3580661416053772
usaco,835_silver_lemonade_line,0.7181466221809387,-0.2630966007709503,0.3569689691066742,-0.3599337935447693,0.36180412769317627,0.3575655221939087
usaco,126_silver_landscaping,0.7179415822029114,-0.26208245754241943,0.3560161888599396,-0.36013737320899963,0.36290454864501953,0.3567827641963959
usaco,1327_silver_field_day,0.7179376482963562,-0.2616061866283417,0.35747766494750977,-0.3592265844345093,0.36220839619636536,0.3569391667842865
usaco,966_silver_moobuzz,0.71785968542099,-0.2613704800605774,0.3576980531215668,-0.35832855105400085,0.36235731840133667,0.3573128581047058
usaco,1012_bronze_mad_scientist,0.7178545594215393,-0.2598308324813843,0.3577944040298462,-0.3591235876083374,0.3628063201904297,0.35594964027404785
usaco,400_gold_roadblock,0.7178317308425903,-0.25962764024734497,0.3578305244445801,-0.35839396715164185,0.3615646958351135,0.3578609526157379
usaco,105_bronze_grazing_patterns,0.7177298665046692,-0.2600632309913635,0.35608670115470886,-0.3595139980316162,0.3620968461036682,0.35773444175720215
usaco,969_gold_milk_pumping,0.7176480293273926,-0.26000675559043884,0.35765963792800903,-0.3576169013977051,0.36267587542533875,0.35731595754623413
usaco,641_bronze_field_reduction,0.7176451683044434,-0.26187774538993835,0.3577977418899536,-0.35967737436294556,0.3623722493648529,0.35540664196014404
usaco,259_bronze_cow_race,0.7175376415252686,-0.2615796625614166,0.3581758439540863,-0.35882318019866943,0.36137855052948,0.35668161511421204
usaco,379_silver_bessie_slows_down,0.7174463272094727,-0.2629217803478241,0.3581773042678833,-0.3590323030948639,0.36101534962654114,0.3566538393497467
usaco,1303_silver_cow-libi,0.7172448039054871,-0.2606201767921448,0.3537271022796631,-0.35988542437553406,0.36300572752952576,0.357807993888855
usaco,1015_silver_triangles,0.7171931862831116,-0.26076075434684753,0.35755640268325806,-0.3578648567199707,0.3625786602497101,0.3563549518585205
usaco,864_platinum_balance_beam,0.7170546650886536,-0.2601071298122406,0.3564446270465851,-0.3587026596069336,0.36221349239349365,0.3567189872264862
usaco,965_bronze_livestock_lineup,0.716898500919342,-0.2591710090637207,0.3569762706756592,-0.3589368462562561,0.3609864413738251,0.35688167810440063
usaco,1136_silver_acowdemia,0.7167514562606812,-0.26149794459342957,0.35857975482940674,-0.35811784863471985,0.36045968532562256,0.3563336730003357
usaco,1205_bronze_blocks,0.7166038751602173,-0.2606808841228485,0.35783204436302185,-0.35821813344955444,0.3613140285015106,0.3558219075202942
usaco,766_gold_barn_painting,0.7165415287017822,-0.26195505261421204,0.35697606205940247,-0.3586871922016144,0.3609602451324463,0.3564422130584717
usaco,554_gold_trapped_in_the_haybales_(gold),0.7165394425392151,-0.2598835825920105,0.3568582534790039,-0.35861796140670776,0.36033007502555847,0.3572622835636139
usaco,117_silver_relocation,0.7164414525032043,-0.2586326003074646,0.357025682926178,-0.35758617520332336,0.3611561954021454,0.3570985198020935
usaco,809_bronze_taming_the_herd,0.7164332270622253,-0.2599739730358124,0.35714760422706604,-0.3585428297519684,0.3609020411968231,0.3562568426132202
usaco,1133_bronze_acowdemia_iii,0.7163453102111816,-0.26022231578826904,0.3572250306606293,-0.3588670790195465,0.36052465438842773,0.35605794191360474
usaco,967_silver_meetings,0.7163283228874207,-0.2609429955482483,0.3566437363624573,-0.35832738876342773,0.36081334948539734,0.35685670375823975
usaco,267_gold_necklace,0.7163145542144775,-0.2639611065387726,0.3577547073364258,-0.3568445146083832,0.3619893789291382,0.35601094365119934
usaco,120_gold_nearby_cows,0.7162695527076721,-0.25930824875831604,0.35710129141807556,-0.3584045469760895,0.36091211438179016,0.35610300302505493
usaco,431_bronze_fair_photography,0.7161839008331299,-0.26087960600852966,0.35681021213531494,-0.3580021560192108,0.36159977316856384,0.3559296429157257
usaco,1330_gold_pareidolia,0.7161319851875305,-0.25867828726768494,0.35724586248397827,-0.35831618309020996,0.361171156167984,0.35550716519355774
usaco,225_bronze_liars_and_truth_tellers,0.7161043286323547,-0.2604079842567444,0.3558434844017029,-0.3580056428909302,0.3618735671043396,0.3564551770687103
usaco,377_bronze_bessie_slows_down,0.7160951495170593,-0.2612755000591278,0.35673949122428894,-0.3579629957675934,0.3610183000564575,0.35645121335983276
usaco,940_bronze_milk_factory,0.7159411311149597,-0.2592076063156128,0.3557196855545044,-0.3580096662044525,0.3619842529296875,0.3561343550682068
usaco,1180_bronze_non-transitive_dice,0.7159386277198792,-0.258922278881073,0.3568919599056244,-0.35785260796546936,0.3612769544124603,0.35583242774009705
usaco,787_silver_rental_service,0.7157984375953674,-0.2602883279323578,0.3571780323982239,-0.35753366351127625,0.36051589250564575,0.3563555181026459
usaco,361_silver_milk_scheduling,0.7157624363899231,-0.2625179588794708,0.35313209891319275,-0.3594520092010498,0.3615250587463379,0.3573618531227112
usaco,111_gold_bovine_alliance,0.7156312465667725,-0.25811535120010376,0.35744577646255493,-0.35806065797805786,0.3602064549922943,0.3555341064929962
usaco,1088_silver_spaced_out,0.71540766954422,-0.2613653540611267,0.35599976778030396,-0.3586477041244507,0.36015763878822327,0.3559924364089966
usaco,737_bronze_modern_art,0.7153986692428589,-0.26385393738746643,0.35486194491386414,-0.3588351309299469,0.3604205548763275,0.3566547632217407
usaco,1059_bronze_do_you_know_your_abcs?,0.7151870131492615,-0.2583920955657959,0.35528337955474854,-0.3581523299217224,0.3602355122566223,0.3566840887069702
usaco,1206_silver_redistributing_gifts,0.7151634097099304,-0.2644141614437103,0.35577335953712463,-0.3585451543331146,0.3612323999404907,0.3547401428222656
usaco,1131_bronze_acowdemia_i,0.7151493430137634,-0.26064401865005493,0.3578800559043884,-0.35679173469543457,0.3599388599395752,0.35567420721054077
usaco,639_bronze_diamond_collector,0.7150355577468872,-0.26131880283355713,0.3546765148639679,-0.3579200506210327,0.3604677617549896,0.3569828271865845
usaco,134_silver_unlocking_blocks_(silver),0.714989960193634,-0.2623671889305115,0.35722050070762634,-0.35693228244781494,0.35976845026016235,0.35604801774024963
usaco,191_silver_distant_pastures,0.7149710655212402,-0.26239365339279175,0.3573310673236847,-0.35696491599082947,0.3587955832481384,0.3568471670150757
usaco,1301_bronze_watching_mooloo,0.714965283870697,-0.26014870405197144,0.35625454783439636,-0.35655322670936584,0.36076217889785767,0.3563404083251953
usaco,1260_platinum_breakdown,0.7149277329444885,-0.262162446975708,0.35577866435050964,-0.3587433695793152,0.36077573895454407,0.35452401638031006
usaco,362_silver_vacation_planning,0.7148870229721069,-0.2610832154750824,0.35677048563957214,-0.35755255818367004,0.36049655079841614,0.35493189096450806
usaco,1011_bronze_triangles,0.7147455811500549,-0.2623123228549957,0.357494056224823,-0.35766202211380005,0.35978221893310547,0.354533314704895
usaco,380_silver_cross_country_skiing,0.7147071361541748,-0.2608533799648285,0.356765478849411,-0.3573935925960541,0.3599780797958374,0.355260968208313
usaco,941_bronze_cow_evolution,0.7145792841911316,-0.26192229986190796,0.3561228811740875,-0.3580109477043152,0.3588648736476898,0.3561519384384155
usaco,1160_silver_convoluted_intervals,0.7145423293113708,-0.25661706924438477,0.35603469610214233,-0.3585134446620941,0.35987111926078796,0.35464194416999817
usaco,1328_silver_pareidolia,0.714534342288971,-0.2602316439151764,0.3544313609600067,-0.3577862083911896,0.36032775044441223,0.35649779438972473
usaco,1087_silver_no_time_to_paint,0.7145000696182251,-0.25971269607543945,0.3574250638484955,-0.35673263669013977,0.3593265414237976,0.355505108833313
usaco,546_bronze_bessie_gets_even,0.7144347429275513,-0.2619548439979553,0.35456210374832153,-0.3573915958404541,0.3599604666233063,0.3569347560405731
usaco,88_silver_cow_beauty_pageant_(silver_level),0.7144308090209961,-0.26218757033348083,0.35565364360809326,-0.3568142056465149,0.3603101074695587,0.35606473684310913
usaco,918_silver_sleepy_cow_herding,0.7143474817276001,-0.2583814859390259,0.35554268956184387,-0.35655468702316284,0.36114129424095154,0.35542571544647217
usaco,738_silver_paired_up,0.714257001876831,-0.26068758964538574,0.35482269525527954,-0.3565167188644409,0.35986462235450745,0.35729148983955383
usaco,230_gold_island_travels,0.7141104936599731,-0.2598768174648285,0.3560473620891571,-0.35712483525276184,0.36060330271720886,0.3544166684150696
usaco,360_bronze_wormholes,0.7140027284622192,-0.260362446308136,0.35450059175491333,-0.35767075419425964,0.36043912172317505,0.3553652763366699
usaco,1230_silver_visits,0.713859498500824,-0.26447317004203796,0.3542744517326355,-0.3560360372066498,0.3612835705280304,0.3560863435268402
usaco,1068_platinum_sleeping_cows,0.7138511538505554,-0.25843361020088196,0.3544104993343353,-0.35756751894950867,0.360142320394516,0.3555554151535034
usaco,837_gold_out_of_sorts,0.7138456106185913,-0.2593567967414856,0.35687121748924255,-0.35665827989578247,0.3590486943721771,0.35510191321372986
usaco,1231_silver_subset_equality,0.71378093957901,-0.2581396996974945,0.3552834391593933,-0.35732945799827576,0.3596020042896271,0.355329304933548
usaco,860_silver_mooyo_mooyo,0.7137339115142822,-0.2584620714187622,0.3544577658176422,-0.3570996820926666,0.36058151721954346,0.35529789328575134
usaco,735_bronze_the_lost_cow,0.7137138843536377,-0.2600852847099304,0.3556676208972931,-0.35665664076805115,0.3604501187801361,0.354626327753067
usaco,915_bronze_sleepy_cow_herding,0.7136829495429993,-0.25931814312934875,0.3554121255874634,-0.3574163615703583,0.3596740663051605,0.35484322905540466
usaco,786_silver_lifeguards,0.713594913482666,-0.25969696044921875,0.35439085960388184,-0.3569185137748718,0.35941585898399353,0.3564467430114746
usaco,813_gold_snow_boots,0.713529646396637,-0.26150834560394287,0.3554691970348358,-0.3565693199634552,0.3593480587005615,0.35565927624702454
usaco,1212_platinum_paint_by_rectangles,0.7135169506072998,-0.2633858025074005,0.35724204778671265,-0.3567327857017517,0.3606269955635071,0.3523838520050049
usaco,832_bronze_milking_order,0.7135016918182373,-0.262127548456192,0.3553769290447235,-0.3574870824813843,0.3600159287452698,0.35409533977508545
usaco,759_bronze_blocked_billboard,0.7134175896644592,-0.2613725960254669,0.3563275933265686,-0.3563360571861267,0.3594346344470978,0.3547205328941345
usaco,106_silver_delivery_route,0.7133963108062744,-0.2623450756072998,0.355448842048645,-0.35682398080825806,0.3593558371067047,0.35514840483665466
usaco,397_silver_auto-complete,0.7133633494377136,-0.2595682442188263,0.35451558232307434,-0.3571315109729767,0.35965216159820557,0.35540592670440674
usaco,1040_silver_the_moo_particle,0.7133620381355286,-0.2631548345088959,0.3580768406391144,-0.3519425392150879,0.36066120862960815,0.3559863269329071
usaco,209_silver_wifi_setup,0.7133525013923645,-0.2584180235862732,0.35625317692756653,-0.35681429505348206,0.3595060408115387,0.35411080718040466
usaco,1113_gold_stone_game,0.7133505344390869,-0.25812652707099915,0.3558644652366638,-0.35732540488243103,0.35953953862190247,0.3539482057094574
usaco,988_bronze_photoshoot,0.713343620300293,-0.26009440422058105,0.3554953932762146,-0.35742124915122986,0.35908862948417664,0.35466545820236206
usaco,919_silver_painting_the_barn,0.7133386135101318,-0.2606954872608185,0.35357749462127686,-0.35732966661453247,0.3603580594062805,0.35537663102149963
usaco,1275_bronze_leaders,0.7132156491279602,-0.2590170204639435,0.35538214445114136,-0.35695934295654297,0.35921600461006165,0.3548576235771179
usaco,761_bronze_milk_measurement,0.7131925821304321,-0.25980308651924133,0.3552788496017456,-0.35626938939094543,0.35941001772880554,0.3554111421108246
usaco,433_silver_fair_photography,0.713171124458313,-0.2592463791370392,0.3553371727466583,-0.3572923541069031,0.35933181643486023,0.35436052083969116
usaco,136_silver_running_laps,0.7131244540214539,-0.2606513798236847,0.35623323917388916,-0.35605716705322266,0.35879412293434143,0.3551540970802307
usaco,342_bronze_farmer_john_has_no_large_brown_cow,0.7131244540214539,-0.25809168815612793,0.35516971349716187,-0.35751375555992126,0.358175665140152,0.35538020730018616
usaco,785_bronze_out_of_place,0.713117778301239,-0.26299285888671875,0.3537362813949585,-0.35686254501342773,0.3601606488227844,0.35544487833976746
usaco,897_gold_cow_poetry,0.713065505027771,-0.25998038053512573,0.3527543246746063,-0.3577311038970947,0.3597710132598877,0.3558371663093567
usaco,103_bronze_gifts,0.7130403518676758,-0.2594902515411377,0.35493728518486023,-0.35706081986427307,0.35910195112228394,0.35496389865875244
usaco,863_gold_teamwork,0.7130019664764404,-0.2597227096557617,0.3543320894241333,-0.35710349678993225,0.35915157198905945,0.3553980886936188
usaco,783_bronze_blocked_billboard_ii,0.7128224968910217,-0.2617262601852417,0.35616353154182434,-0.3569548428058624,0.3604043126106262,0.35207298398017883
usaco,396_bronze_secret_code,0.7127484083175659,-0.2561073303222656,0.3551514744758606,-0.35650429129600525,0.3593785762786865,0.3544425070285797
usaco,1142_platinum_balanced_subsets,0.7127041816711426,-0.26120051741600037,0.35456034541130066,-0.3563872277736664,0.3588726818561554,0.3555738627910614
usaco,413_bronze_the_lazy_cow,0.7125666737556458,-0.25793886184692383,0.35635989904403687,-0.35575830936431885,0.3588148057460785,0.35418465733528137
usaco,894_silver_grass_planting,0.7125250101089478,-0.2596144378185272,0.3546537458896637,-0.3560941517353058,0.35972321033477783,0.3545543849468231
usaco,1262_platinum_palindromes,0.7124843597412109,-0.25952112674713135,0.35470882058143616,-0.3563993275165558,0.35972002148628235,0.3541138470172882
usaco,395_bronze_auto-complete,0.712393045425415,-0.26112547516822815,0.35628414154052734,-0.3556782603263855,0.3583966791629791,0.3544154465198517
usaco,947_gold_balancing_inversions,0.7123106122016907,-0.26030516624450684,0.35255545377731323,-0.35767662525177,0.35995548963546753,0.35438764095306396
usaco,246_silver_milk_scheduling,0.7122974395751953,-0.2587864398956299,0.35561683773994446,-0.3547769784927368,0.3587665557861328,0.3554210960865021
usaco,1064_silver_stuck_in_a_rut,0.7122836709022522,-0.26092439889907837,0.3549608588218689,-0.3565507233142853,0.35982853174209595,0.3531937897205353
usaco,1036_bronze_social_distancing_ii,0.7122496366500854,-0.2587968707084656,0.3555169701576233,-0.35610195994377136,0.3594139516353607,0.35344061255455017
usaco,1229_bronze_alchemy,0.7122305631637573,-0.2609111964702606,0.3527171015739441,-0.3562837839126587,0.35911330580711365,0.3563179671764374
usaco,808_bronze_hoofball,0.71218341588974,-0.26093897223472595,0.35553601384162903,-0.3553597331047058,0.3591044545173645,0.35434842109680176
usaco,1281_gold_find_and_replace,0.7121586203575134,-0.2608351707458496,0.3532026410102844,-0.35645097494125366,0.3591694235801697,0.3554684519767761
usaco,365_gold_optimal_milking,0.712151288986206,-0.25857895612716675,0.35603615641593933,-0.3563881814479828,0.3588271141052246,0.3530273735523224
usaco,98_silver_roadblock,0.7120804190635681,-0.26054292917251587,0.3533782362937927,-0.3563966155052185,0.35942935943603516,0.354928582906723
usaco,1132_bronze_acowdemia_ii,0.7120065093040466,-0.2598682641983032,0.35546237230300903,-0.3564356863498688,0.3576684296131134,0.3544384837150574
usaco,767_gold_haybale_feast,0.7119944095611572,-0.2589873671531677,0.35529443621635437,-0.35570698976516724,0.3583739399909973,0.3546019196510315
usaco,1114_gold_modern_art_3,0.7119818925857544,-0.25981658697128296,0.3557779788970947,-0.35611650347709656,0.35825854539871216,0.35379672050476074
usaco,1161_gold_paired_up,0.7119731903076172,-0.2616690993309021,0.3540154695510864,-0.3563537895679474,0.3594118058681488,0.35413846373558044
usaco,549_silver_bessie_goes_moo,0.7119159698486328,-0.25760534405708313,0.3545731008052826,-0.35565558075904846,0.3589598536491394,0.3546254634857178
usaco,1203_bronze_sleeping_in_class,0.7118646502494812,-0.25776007771492004,0.3548411726951599,-0.3560619354248047,0.35862264037132263,0.35418739914894104
usaco,1083_bronze_uddered_but_not_herd,0.7118443846702576,-0.2588367462158203,0.35347557067871094,-0.35599589347839355,0.3594973683357239,0.3546915352344513
usaco,194_gold_concurrently_balanced_strings,0.7117615938186646,-0.2570781409740448,0.3540094196796417,-0.35605955123901367,0.35850033164024353,0.35493800044059753
usaco,1183_silver_cow_frisbee,0.7117544412612915,-0.26088330149650574,0.35448065400123596,-0.3565482199192047,0.3595491051673889,0.3528960645198822
usaco,131_bronze_three_lines,0.711670458316803,-0.25828078389167786,0.3549405038356781,-0.3554008901119232,0.3585233986377716,0.3544619381427765
usaco,378_bronze_balanced_teams,0.7116263508796692,-0.26219260692596436,0.3562736511230469,-0.35616210103034973,0.3582577109336853,0.35253527760505676
usaco,945_gold_snakes,0.7116226553916931,-0.26052242517471313,0.35244542360305786,-0.35620057582855225,0.35867246985435486,0.3558991253376007
usaco,643_silver_diamond_collector,0.7114931344985962,-0.2603111267089844,0.35211431980133057,-0.3563329875469208,0.3590173125267029,0.35548755526542664
usaco,1179_bronze_herdle,0.7114919424057007,-0.2584227919578552,0.35546478629112244,-0.355851948261261,0.35836392641067505,0.35328495502471924
usaco,190_silver_clumsy_cows,0.7114076018333435,-0.2589256763458252,0.3549444079399109,-0.3552344739437103,0.3583342432975769,0.3542884290218353
usaco,242_bronze_cow_crossings,0.7113807201385498,-0.25975874066352844,0.35529762506484985,-0.35537460446357727,0.35770171880722046,0.35437896847724915
usaco,1157_bronze_walking_home,0.711368203163147,-0.25794389843940735,0.35417887568473816,-0.3558523952960968,0.3589528501033783,0.35372865200042725
usaco,192_silver_balanced_cow_breeds,0.7113658785820007,-0.26005539298057556,0.3550871014595032,-0.3555971682071686,0.3581130802631378,0.35392123460769653
usaco,84_bronze_contest_timing,0.7113410830497742,-0.2623648941516876,0.35463833808898926,-0.3554447889328003,0.3579322397708893,0.35465654730796814
usaco,891_bronze_shell_game,0.7113374471664429,-0.2629639804363251,0.354363352060318,-0.3553401827812195,0.3582109808921814,0.3547475039958954
usaco,247_gold_partitioning_the_farm,0.7111830115318298,-0.2573872208595276,0.35509803891181946,-0.35567668080329895,0.3583527207374573,0.3532196283340454
usaco,130_bronze_cows_in_a_row,0.7110869884490967,-0.2586585581302643,0.3544423282146454,-0.35511693358421326,0.35852324962615967,0.35407397150993347
usaco,794_platinum_sprinklers,0.7110680937767029,-0.25912779569625854,0.35354679822921753,-0.35621336102485657,0.35728564858436584,0.35507962107658386
usaco,358_bronze_record_keeping,0.7110321521759033,-0.2595638930797577,0.3532105088233948,-0.35629186034202576,0.35917502641677856,0.3533531427383423
usaco,341_bronze_goldilocks_and_the_n_cows,0.7110211849212646,-0.2595435678958893,0.35495221614837646,-0.35686376690864563,0.35736173391342163,0.35284683108329773
usaco,855_bronze_mixing_milk,0.7109500765800476,-0.25803807377815247,0.35470566153526306,-0.35623353719711304,0.35836416482925415,0.352571576833725
usaco,125_silver_flowerpot,0.7109447717666626,-0.25889912247657776,0.35441854596138,-0.3549208343029022,0.3585231304168701,0.35400891304016113
usaco,223_bronze_mirrors,0.7107545137405396,-0.2586823105812073,0.35409975051879883,-0.355528324842453,0.3586634695529938,0.35319334268569946
usaco,818_platinum_cow_gymnasts,0.7107078433036804,-0.2587266266345978,0.3531074523925781,-0.356256902217865,0.3581593334674835,0.35386958718299866
usaco,112_bronze_rope_folding,0.7106569409370422,-0.259901762008667,0.35466116666793823,-0.35580340027809143,0.35809293389320374,0.35273513197898865
usaco,1063_silver_rectangular_pasture,0.7106475234031677,-0.2587728202342987,0.3531046509742737,-0.35526683926582336,0.3591516315937042,0.3537408113479614
usaco,553_gold_palindromic_paths,0.7106372714042664,-0.2605423629283905,0.3530575931072235,-0.3558270037174225,0.3585512042045593,0.3538132905960083
usaco,924_platinum_cow_dating,0.7105287313461304,-0.2586647570133209,0.353995680809021,-0.35531753301620483,0.35840025544166565,0.3533225953578949
usaco,188_bronze_typo,0.7104812860488892,-0.2575540542602539,0.35483866930007935,-0.35521385073661804,0.35739433765411377,0.35350465774536133
usaco,376_bronze_ski_course_design,0.7104524970054626,-0.2584336996078491,0.3545888662338257,-0.35477763414382935,0.3587498068809509,0.35276174545288086
usaco,1062_silver_cowntagion,0.7104020714759827,-0.258139044046402,0.35379931330680847,-0.35547178983688354,0.3578450679779053,0.35367199778556824
usaco,260_bronze_breed_proximity,0.7103782296180725,-0.2591741383075714,0.35324719548225403,-0.35566821694374084,0.358406126499176,0.3534103035926819
usaco,394_bronze_mirror_field,0.7103084921836853,-0.2595207393169403,0.3533487617969513,-0.3557925224304199,0.3578059673309326,0.3536515235900879
usaco,810_silver_rest_stops,0.7102856636047363,-0.2598339915275574,0.3532851040363312,-0.3557185232639313,0.3582710921764374,0.35327258706092834
usaco,764_silver_the_bovine_shuffle,0.7102665901184082,-0.25849416851997375,0.3532400131225586,-0.35482048988342285,0.3582906424999237,0.35416147112846375
usaco,189_bronze_horseshoes,0.7101966142654419,-0.25936588644981384,0.35444605350494385,-0.35565680265426636,0.3576701879501343,0.3526010811328888
usaco,791_gold_stamp_painting,0.7101861238479614,-0.2588391900062561,0.353353887796402,-0.355177640914917,0.35817572474479675,0.35364440083503723
usaco,205_bronze_meet_and_greet,0.7101657390594482,-0.2586821913719177,0.35463839769363403,-0.3558565676212311,0.3571551442146301,0.3526660203933716
usaco,115_silver_overplanting_(silver),0.7101204991340637,-0.2609107494354248,0.35353270173072815,-0.35392114520072937,0.3586714565753937,0.35409095883369446
usaco,866_platinum_the_cow_gathering,0.7100808620452881,-0.260277658700943,0.3555451035499573,-0.3543544411659241,0.3570442497730255,0.3532065451145172
usaco,762_silver_my_cow_ate_my_homework,0.7100791335105896,-0.2604900002479553,0.3547253906726837,-0.3560241758823395,0.3575908839702606,0.3517923057079315
usaco,1326_silver_milk_sum,0.7100779414176941,-0.2596462368965149,0.3545037508010864,-0.35329052805900574,0.3587423264980316,0.35359227657318115
usaco,210_silver_milk_routing,0.710060179233551,-0.26039764285087585,0.3544677197933197,-0.35621392726898193,0.3577277958393097,0.3516823947429657
usaco,898_gold_sleepy_cow_sorting,0.71004319190979,-0.25888195633888245,0.35364270210266113,-0.35422223806381226,0.35828083753585815,0.3539202809333801
usaco,87_bronze_cow_beauty_pageant_(bronze_level),0.7099995613098145,-0.2594393193721771,0.3542189598083496,-0.3549840450286865,0.3574228882789612,0.3533603549003601
usaco,788_silver_mootube,0.7099983096122742,-0.2611199915409088,0.35360807180404663,-0.35395464301109314,0.3581155240535736,0.3542996942996979
usaco,1279_silver_following_directions,0.7099692225456238,-0.25812336802482605,0.35324111580848694,-0.3555653393268585,0.3583630919456482,0.35274094343185425
usaco,1325_bronze_rotate_and_shift,0.7099617123603821,-0.2606346011161804,0.35038939118385315,-0.35646238923072815,0.35767316818237305,0.35535526275634766
usaco,925_platinum_moorio_kart,0.7099402546882629,-0.2587742209434509,0.3537750542163849,-0.35535508394241333,0.35717782378196716,0.3535606563091278
usaco,942_silver_left_out,0.7099021077156067,-0.2592635154724121,0.3543364107608795,-0.354995459318161,0.35759979486465454,0.35285595059394836
usaco,944_silver_fence_planning,0.7096813321113586,-0.2611333429813385,0.35295653343200684,-0.35558947920799255,0.357879102230072,0.352913498878479
usaco,340_bronze_combination_lock,0.7096600532531738,-0.25934937596321106,0.35460129380226135,-0.35287362337112427,0.35801082849502563,0.3538132309913635
usaco,1069_platinum_spaceship,0.7095701694488525,-0.2620019316673279,0.35003209114074707,-0.35628488659858704,0.3591482937335968,0.3536113500595093
usaco,118_gold_cow_coupons,0.7094432711601257,-0.2582690417766571,0.3524341881275177,-0.3549160063266754,0.35803985595703125,0.3534713685512543
usaco,939_bronze_bucket_brigade,0.7094103693962097,-0.26004475355148315,0.3522595465183258,-0.35433897376060486,0.3574734032154083,0.35472938418388367
usaco,896_silver_mountain_view,0.7094067931175232,-0.25784409046173096,0.35374554991722107,-0.3533691465854645,0.3575318157672882,0.3541516065597534
usaco,642_silver_field_reduction,0.7093650102615356,-0.25799545645713806,0.3534589111804962,-0.35450392961502075,0.3577688932418823,0.3529786169528961
usaco,1188_platinum_minimizing_haybales,0.7093304991722107,-0.25922244787216187,0.35392895340919495,-0.3526169955730438,0.35775232315063477,0.3543424606323242
usaco,1182_silver_searching_for_soulmates,0.7091897130012512,-0.25899264216423035,0.35269877314567566,-0.3543962240219116,0.35735777020454407,0.35391002893447876
usaco,381_silver_recording_the_moolympics,0.7091721892356873,-0.25911465287208557,0.35312291979789734,-0.35486072301864624,0.35709357261657715,0.3532525599002838
usaco,990_silver_berry_picking,0.7091273665428162,-0.2596692740917206,0.3522702157497406,-0.3550965189933777,0.357837975025177,0.3530237376689911
usaco,1181_bronze_drought,0.7090327143669128,-0.2578420341014862,0.354861855506897,-0.3551023304462433,0.35659515857696533,0.35148635506629944
usaco,1208_silver_email_filing,0.7090036869049072,-0.25931742787361145,0.35342171788215637,-0.35434070229530334,0.35686197876930237,0.35337167978286743
usaco,547_bronze_trapped_in_the_haybales_(bronze),0.7088686227798462,-0.25842010974884033,0.35004737973213196,-0.35618066787719727,0.356735497713089,0.35473453998565674
usaco,892_bronze_sleepy_cow_sorting,0.7088661193847656,-0.259358286857605,0.35250750184059143,-0.3538350462913513,0.35744115710258484,0.35392966866493225
usaco,1067_gold_square_pasture,0.7087681889533997,-0.26093265414237976,0.3514273762702942,-0.35442277789115906,0.35820454359054565,0.35344746708869934
usaco,244_silver_perimeter,0.708749532699585,-0.26089295744895935,0.3524189591407776,-0.3545641303062439,0.3577353358268738,0.35275551676750183
usaco,281_bronze_haywire,0.7086141109466553,-0.2588067352771759,0.3539373278617859,-0.35430705547332764,0.35557112097740173,0.353409081697464
usaco,280_bronze_photo,0.7085837721824646,-0.26340556144714355,0.3529258668422699,-0.35496699810028076,0.3561888635158539,0.35307541489601135
usaco,1014_silver_swapity_swapity_swap,0.7085235118865967,-0.26082178950309753,0.35379719734191895,-0.3545255661010742,0.3568897247314453,0.35181596875190735
usaco,1138_gold_portals,0.7085108757019043,-0.2596040368080139,0.35080641508102417,-0.35534533858299255,0.3576993942260742,0.3531337082386017
usaco,646_gold_closing_the_farm,0.7085034251213074,-0.25732704997062683,0.3517337739467621,-0.35409626364707947,0.3572099804878235,0.3539453148841858
usaco,812_silver_teleportation,0.7084577679634094,-0.25658610463142395,0.3523637056350708,-0.3541872799396515,0.35742679238319397,0.3529159724712372
usaco,1085_bronze_just_stalling,0.7083885073661804,-0.26077568531036377,0.35140907764434814,-0.355177640914917,0.35804787278175354,0.35210299491882324
usaco,345_silver_pogo-cow,0.7083734273910522,-0.25686582922935486,0.3528779149055481,-0.3546597957611084,0.35663411021232605,0.35256004333496094
usaco,92_gold_binary_sudoku,0.7083476781845093,-0.259492427110672,0.351170152425766,-0.3547559380531311,0.3575981557369232,0.35313981771469116
usaco,1086_silver_dance_mooves,0.7082565426826477,-0.25949278473854065,0.35410499572753906,-0.3544270992279053,0.3546450138092041,0.35333460569381714
usaco,137_gold_tied_down,0.7082343101501465,-0.2612364590167999,0.35370680689811707,-0.35306307673454285,0.3564331829547882,0.35325518250465393
usaco,127_gold_large_banner,0.7081832885742188,-0.2605065703392029,0.3532421886920929,-0.3526337742805481,0.35683369636535645,0.35364195704460144
usaco,278_bronze_bovine_ballet,0.7081054449081421,-0.2581389844417572,0.35313791036605835,-0.35374048352241516,0.3565909266471863,0.3527287244796753
usaco,123_bronze_wrong_directions,0.7080941200256348,-0.2590937614440918,0.35314053297042847,-0.3535517752170563,0.3567243218421936,0.35275766253471375
usaco,741_gold_bovine_genomics,0.7080777287483215,-0.2590456008911133,0.3526735305786133,-0.3546285331249237,0.3567837178707123,0.3520503640174866
usaco,545_bronze_moocryption,0.7080362439155579,-0.26063597202301025,0.3546319305896759,-0.355199933052063,0.3561665415763855,0.3500427007675171
usaco,1232_silver_cow_operations,0.7080286741256714,-0.2596190571784973,0.3535032570362091,-0.3537413775920868,0.356669545173645,0.3521277606487274
usaco,991_silver_loan_repayment,0.7079700827598572,-0.2603622078895569,0.35102686285972595,-0.3543534576892853,0.35642310976982117,0.35411572456359863
usaco,548_bronze_palindromic_paths_(bronze),0.70796799659729,-0.2540064752101898,0.35336047410964966,-0.35370832681655884,0.3568519055843353,0.351997435092926
usaco,228_silver_party_invitations,0.7079528570175171,-0.25995129346847534,0.3491669297218323,-0.35528093576431274,0.3571493923664093,0.35425910353660583
usaco,283_silver_fuel_economy,0.7079513669013977,-0.2588351368904114,0.35173502564430237,-0.3544054925441742,0.3569220006465912,0.35281866788864136
usaco,1037_bronze_cowntact_tracing,0.7079293131828308,-0.25888463854789734,0.35247859358787537,-0.3539353013038635,0.35711488127708435,0.35230880975723267
usaco,893_bronze_guess_the_animal,0.7079256176948547,-0.2617131173610687,0.3538643419742584,-0.3542030155658722,0.357085645198822,0.3506689965724945
usaco,857_bronze_back_and_forth,0.7079035639762878,-0.2564050257205963,0.35207822918891907,-0.3536914587020874,0.35618406534194946,0.35384124517440796
usaco,831_bronze_team_tic_tac_toe,0.7078964114189148,-0.2585761249065399,0.3523608148097992,-0.3540683388710022,0.35703814029693604,0.3523046374320984
usaco,917_bronze_measuring_traffic,0.7078375816345215,-0.261992871761322,0.3515300154685974,-0.3544420301914215,0.35720282793045044,0.35247373580932617
usaco,763_silver_milk_measurement,0.7078204154968262,-0.25845932960510254,0.35310566425323486,-0.35382509231567383,0.35664188861846924,0.35205188393592834
usaco,1257_gold_bribing_friends,0.7077645659446716,-0.25844839215278625,0.35238972306251526,-0.35430294275283813,0.3564107120037079,0.352410227060318
usaco,1259_gold_strongest_friendship_group,0.7077423334121704,-0.2590124011039734,0.3521820604801178,-0.35462701320648193,0.35545051097869873,0.35321611166000366
usaco,1039_silver_cereal,0.7077288627624512,-0.2558816075325012,0.3522534668445587,-0.35408973693847656,0.3567172586917877,0.3523789048194885
usaco,108_silver_mountain_climbing,0.7076762318611145,-0.2573532462120056,0.3507692217826843,-0.35455065965652466,0.35732269287109375,0.3526768386363983
usaco,96_bronze_escaping_the_farm,0.707669734954834,-0.2582322657108307,0.3522588610649109,-0.3544209897518158,0.35669729113578796,0.35194164514541626
usaco,1108_bronze_comfortable_cows,0.7076511383056641,-0.2574542760848999,0.35273104906082153,-0.35448136925697327,0.3568061888217926,0.35125941038131714
usaco,101_gold_simplifying_the_farm,0.7075729370117188,-0.2581460773944855,0.3531923294067383,-0.35313448309898376,0.3551124036312103,0.35370302200317383
usaco,261_bronze_breed_assignment,0.7075662612915039,-0.25657349824905396,0.3527235686779022,-0.35397809743881226,0.35621437430381775,0.35220301151275635
usaco,91_gold_above_the_median,0.7075148820877075,-0.25742441415786743,0.3523038625717163,-0.3536447286605835,0.3564434051513672,0.3526226878166199
usaco,1137_gold_united_cows_of_farmer_john,0.7074529528617859,-0.2584317922592163,0.35093626379966736,-0.3547476530075073,0.3563959300518036,0.3528023362159729
usaco,760_bronze_the_bovine_shuffle,0.7074466347694397,-0.25800275802612305,0.35144734382629395,-0.3536580801010132,0.35739225149154663,0.35236656665802
usaco,1276_bronze_air_cownditioning_ii,0.707189679145813,-0.25855752825737,0.35268664360046387,-0.3538047671318054,0.35602042078971863,0.35185369849205017
usaco,1035_bronze_social_distancing_i,0.707171618938446,-0.25728827714920044,0.3515423536300659,-0.3537404537200928,0.3566773533821106,0.35236144065856934
usaco,107_silver_bale_share,0.7071225643157959,-0.25797632336616516,0.352726548910141,-0.352730929851532,0.3561614155769348,0.3526133894920349
usaco,430_bronze_odometer,0.7070161700248718,-0.25827276706695557,0.35219404101371765,-0.3538689613342285,0.35641616582870483,0.35153308510780334
usaco,922_gold_dishwashing,0.707007884979248,-0.26135915517807007,0.34938058257102966,-0.35463494062423706,0.3565066456794739,0.35345497727394104
usaco,1112_silver_just_green_enough,0.7070001363754272,-0.259794145822525,0.35198983550071716,-0.3533640503883362,0.35677868127822876,0.351845383644104
usaco,964_bronze_where_am_i?,0.7069958448410034,-0.257651150226593,0.351787805557251,-0.35381290316581726,0.35680049657821655,0.35156553983688354
usaco,1139_gold_permutation,0.7068923711776733,-0.25936561822891235,0.3533802032470703,-0.35251864790916443,0.35569778084754944,0.3521775007247925
usaco,206_bronze_scrambled_letters,0.7068522572517395,-0.2586986720561981,0.35182827711105347,-0.3537403345108032,0.35625529289245605,0.3518621027469635
usaco,1038_silver_social_distancing,0.7068354487419128,-0.2584943175315857,0.35149165987968445,-0.3544284701347351,0.3558434844017029,0.3518889546394348
usaco,739_silver_bovine_genomics,0.7068330645561218,-0.2591705322265625,0.3527025580406189,-0.3537130355834961,0.3565513789653778,0.3506738245487213
usaco,432_bronze_decorating_the_pastures,0.7068321108818054,-0.25593096017837524,0.35280635952949524,-0.35431188344955444,0.35611510276794434,0.35040611028671265
usaco,834_silver_out_of_sorts,0.7068080902099609,-0.258950799703598,0.35192620754241943,-0.3535480499267578,0.3557712137699127,0.3523580729961395
usaco,193_gold_balanced_cow_breeds,0.7067449688911438,-0.25909534096717834,0.35351312160491943,-0.35308122634887695,0.3559400737285614,0.3509376347064972
usaco,346_gold_empty_stalls,0.7067354321479797,-0.25646811723709106,0.351651668548584,-0.35393375158309937,0.3561962842941284,0.35166919231414795
usaco,89_silver_cow_lineup,0.7065804600715637,-0.25832200050354004,0.35253363847732544,-0.35258230566978455,0.35591644048690796,0.352115273475647
usaco,1111_silver_year_of_the_cow,0.7064676880836487,-0.25762495398521423,0.35164520144462585,-0.3539004325866699,0.3572346568107605,0.3501144349575043
usaco,415_silver_watering_the_fields,0.706377387046814,-0.25895506143569946,0.34945303201675415,-0.3543100357055664,0.3566051125526428,0.35234755277633667
usaco,784_bronze_lifeguards,0.7063570022583008,-0.2592834532260895,0.3524608314037323,-0.3538072407245636,0.3555009365081787,0.3509288728237152
usaco,1155_bronze_lonely_photo,0.7063457369804382,-0.2578108012676239,0.3525061309337616,-0.3524227440357208,0.3554718494415283,0.3522806763648987
usaco,963_bronze_cow_gymnastics,0.706304132938385,-0.2582271993160248,0.35169488191604614,-0.3522341549396515,0.35636138916015625,0.3522980511188507
usaco,90_silver_tile_exchanging,0.7061589360237122,-0.2574230134487152,0.3538287580013275,-0.3534592092037201,0.35541731119155884,0.3495866060256958
usaco,789_gold_mootube,0.7061099410057068,-0.25837644934654236,0.35212472081184387,-0.353887140750885,0.35537558794021606,0.3508155345916748
usaco,114_bronze_moo,0.70606529712677,-0.2567753791809082,0.3518233001232147,-0.35366031527519226,0.35594800114631653,0.35067641735076904
usaco,550_silver_trapped_in_the_haybales_(silver),0.7059741020202637,-0.2579941749572754,0.35137516260147095,-0.3534621298313141,0.3562130928039551,0.3508727252483368
usaco,263_silver_farm_painting,0.7059037685394287,-0.26092785596847534,0.3498386740684509,-0.3535507917404175,0.3550422489643097,0.35335513949394226
usaco,121_bronze_times_17,0.7057005167007446,-0.2583276033401489,0.35184162855148315,-0.35209327936172485,0.355518102645874,0.351934552192688
usaco,861_gold_fine_dining,0.7056937217712402,-0.2571106553077698,0.35181501507759094,-0.3528468608856201,0.3556961417198181,0.35101160407066345
usaco,1227_bronze_photoshoot,0.7056796550750732,-0.2564207911491394,0.3524840772151947,-0.3530948758125305,0.3554221987724304,0.35033953189849854
usaco,104_bronze_haybale_stacking,0.7056784629821777,-0.2556069493293762,0.3520473837852478,-0.35292720794677734,0.35582971572875977,0.35053151845932007
usaco,262_silver_poker_hands,0.7056443095207214,-0.2577756643295288,0.35168954730033875,-0.35300424695014954,0.3554247319698334,0.35115474462509155
usaco,94_bronze_hay_bales,0.7055662274360657,-0.2584858238697052,0.3523620665073395,-0.35309770703315735,0.3535270392894745,0.35214391350746155
usaco,93_gold_cow_steeplechase,0.705546498298645,-0.2591265141963959,0.3520371615886688,-0.35358726978302,0.3541211485862732,0.3513401746749878
usaco,811_silver_snow_boots,0.7055022716522217,-0.25750815868377686,0.35165995359420776,-0.35247066617012024,0.35591304302215576,0.3509402573108673
usaco,398_silver_roadblock,0.7054882049560547,-0.259403795003891,0.35274943709373474,-0.3532561957836151,0.35529962182044983,0.3496479094028473
usaco,344_silver_crowded_cows,0.7054520845413208,-0.25884130597114563,0.3508802056312561,-0.35323455929756165,0.3549574315547943,0.35181862115859985
usaco,997_platinum_non-decreasing_subsequences,0.7052990794181824,-0.25833070278167725,0.3504338264465332,-0.35311833024024963,0.3555814027786255,0.3514430522918701
usaco,1013_bronze_swapity_swap,0.7052873373031616,-0.25801074504852295,0.34939607977867126,-0.3532050848007202,0.35623154044151306,0.3517070710659027
usaco,1164_platinum_tickets,0.7051989436149597,-0.2580149471759796,0.3500494956970215,-0.35396653413772583,0.3554285764694214,0.3509260416030884
usaco,1060_bronze_daisy_chains,0.7051816582679749,-0.2569575607776642,0.3510614037513733,-0.3526853024959564,0.35559186339378357,0.35100507736206055
usaco,1021_platinum_equilateral_triangles,0.7051730751991272,-0.2578682601451874,0.3509608209133148,-0.3526410758495331,0.3557259738445282,0.3509969115257263
usaco,640_bronze_bull_in_a_china_shop,0.7051203846931458,-0.2566048204898834,0.3533640205860138,-0.3531267046928406,0.3555639982223511,0.3481442630290985
usaco,1090_gold_telephone,0.7050815224647522,-0.2580956518650055,0.351431280374527,-0.35279762744903564,0.3552738428115845,0.3506428301334381
usaco,436_gold_fair_photography,0.705010175704956,-0.2584271728992462,0.35031619668006897,-0.35338056087493896,0.35521265864372253,0.35108980536460876
usaco,132_bronze_islands,0.7049401998519897,-0.25697067379951477,0.3512439727783203,-0.3526342511177063,0.35545215010643005,0.35052990913391113
usaco,839_gold_talent_show,0.7049006223678589,-0.2573634386062622,0.3511953055858612,-0.35275208950042725,0.3548913598060608,0.3509484529495239
usaco,99_silver_umbrellas_for_cows,0.7048640251159668,-0.2591744661331177,0.3519292175769806,-0.35254281759262085,0.3548836410045624,0.3503573536872864
usaco,648_platinum_262144,0.704738974571228,-0.2566187083721161,0.3510572016239166,-0.35271650552749634,0.3550303876399994,0.35065701603889465
usaco,347_gold_line_of_sight,0.7046846151351929,-0.25744307041168213,0.3504197895526886,-0.35251644253730774,0.3554406464099884,0.3509707748889923
usaco,187_bronze_find_the_cow!,0.7044585943222046,-0.2614419162273407,0.3515232801437378,-0.3529420495033264,0.3536621332168579,0.3507824242115021
usaco,815_gold_taming_the_herd,0.7044485807418823,-0.25758445262908936,0.3509066104888916,-0.3524472117424011,0.35543641448020935,0.35008323192596436
usaco,865_platinum_sort_it_out,0.7042261958122253,-0.2571018934249878,0.35073137283325195,-0.3522721529006958,0.3547624349594116,0.35067081451416016
usaco,243_bronze_perimeter,0.7041727900505066,-0.25920453667640686,0.3498452603816986,-0.3529009521007538,0.35491153597831726,0.3506655693054199
usaco,86_bronze_moo_sick,0.7036095857620239,-0.25836697220802307,0.3503078520298004,-0.3517969846725464,0.3544282615184784,0.35067129135131836
usaco,862_gold_cowpatibility,0.7030221223831177,-0.2567844092845917,0.3493225574493408,-0.3519339859485626,0.35459041595458984,0.350174218416214
usaco,401_gold_cow_decathlon,0.702951192855835,-0.2551412582397461,0.35002776980400085,-0.3519195318222046,0.35432642698287964,0.349608838558197
usaco,1228_bronze_counting_liars,0.7028186917304993,-0.2587425112724304,0.3494548797607422,-0.3530251681804657,0.35423409938812256,0.3488937020301819
usaco,1278_silver_find_and_replace,0.7027612328529358,-0.25960996747016907,0.35009098052978516,-0.35055840015411377,0.354400634765625,0.3504548966884613
usaco,840_platinum_out_of_sorts,0.7021782994270325,-0.2568705081939697,0.34993624687194824,-0.35125693678855896,0.35367757081985474,0.34947070479393005
