benchmark,task_id,discrimination,easiness,a0,a1
assistantbench,c7afe00869f98cf363fd83677ac41757ed5e57f03eacc3d1304feb0a92084bd1,1.6917675733566284,0.0007791729876771569,1.5483819246292114,0.6816089749336243
assistantbench,efc0f3a47e9ed2ecdbcc037c2093865fe6e39f4d413a5d1ccdc7357160a4606b,1.5977182388305664,-0.020464304834604263,1.5412392616271973,0.42105230689048767
assistantbench,e6bc98089608217e45b6956a46518fe3cce64a799b3ac43c6974c449ae14c408,1.5971821546554565,-0.020600706338882446,1.541494369506836,0.4180738925933838
assistantbench,2ddae3b7a208e3c25f14d82d7a1faaaa1832fbf950b4dac345e755c4c361f294,1.5971770286560059,-0.020436003804206848,1.5410947799682617,0.4195252060890198
assistantbench,b36ef2d8f2643b80e74a44ce3403f674ecb2aed7fd36afeaa289061a59feef92,1.5964661836624146,-0.020757775753736496,1.541277527809143,0.41613417863845825
assistantbench,52f7224e9c79431e7926afe317782711a0028750693e7456cde22ef6f4bd8bd5,1.5964583158493042,0.05562084540724754,1.4293450117111206,0.7110921144485474
assistantbench,4dbedc5e1a0205e14b7ff3ba89bce3060dab15d0ada3b7e1351a6f2aa8287aec,1.5963528156280518,-0.02086847648024559,1.5416293144226074,0.4143925905227661
assistantbench,9bdca8677af1e25cb7b0c7992dc62670c3e58e4afcd5ae60bcaa2483556bba00,1.5956124067306519,-0.020552795380353928,1.5399991273880005,0.4175902009010315
assistantbench,2aa5dd83fbcd0dce9a3dd4592106e5b5edf738008d932e357d477bba80e59ccf,1.5955332517623901,-0.0207284577190876,1.5405356884002686,0.4153023362159729
assistantbench,929b45f34805280d77c61d1e093e3d4e551d77ddb6ecd73552b12b1af286388d,1.595499038696289,-0.02057226002216339,1.540131688117981,0.41666722297668457
assistantbench,cca4776df3c73e7f9430a2e624aafad056b14322a0b7ca6c0c22b7e7f3f0890a,1.5953869819641113,-0.02089369110763073,1.540689468383789,0.4141688346862793
assistantbench,f88066d274e265edd6cd9d61cd80a41accb3a14baf2297652fdd05cdf716d455,1.595386028289795,-0.020232712849974632,1.539270281791687,0.4194086790084839
assistantbench,4e615af6f0348597b4133cc1ec5418bb3f35328e3d95e23a275027cee97b5e09,1.5952636003494263,-0.020436696708202362,1.539696216583252,0.4173749089241028
assistantbench,557e78eceec08ca8b0da5f9fdaca6e1c7ec6140a8ce600983ee716327dab005e,1.5952397584915161,-0.0203864686191082,1.5395396947860718,0.41786056756973267
assistantbench,a9074997e698f912b9e751779ea19c1e92fa148404e90e0ae997acea3f9559b0,1.5947400331497192,-0.020085882395505905,1.5382959842681885,0.4205249547958374
assistantbench,e2dc3a6b10b762e8aba7fa4d4e70f757f6d04dcbc8b56c48fc53fd9928d31d07,1.5947049856185913,-0.020285025238990784,1.5386946201324463,0.4189307689666748
assistantbench,748899d9d70c09beb3bd48ac8a3658bdcfd2f9114fe6dc4c4b8d2f9541ef4607,1.5945849418640137,-0.020156702026724815,1.5382564067840576,0.4200814664363861
assistantbench,9e31099fffa6a3891c94934fd4fc2f3f522d51c1904ff3561f3a10e4bf245821,1.5945795774459839,-0.020162316039204597,1.5386760234832764,0.4185214638710022
assistantbench,291b53e665b4dd4365cde995042db4a6f6fecef3fe3a6f4482f23d61bd673918,1.594557285308838,-0.02011086232960224,1.5386492013931274,0.41853517293930054
assistantbench,fb9ba3ab6a13d0adc677f993e90d54914a5cdf211305a1bba6bf16ec4ccb9b7c,1.5944381952285767,-0.020303361117839813,1.5385715961456299,0.41836678981781006
assistantbench,8ad84bd6fe38481ba49e7ad1f6fbd43219a999074e5c6fc940003281f55ec65b,1.5942578315734863,-0.020018666982650757,1.5376298427581787,0.4211326837539673
assistantbench,797f7a5b65ca28b7e7156e7db1e9f117bd4a021de0cd512bfdbb0be897d89eab,1.5941990613937378,-0.020030224695801735,1.5378022193908691,0.4202798008918762
assistantbench,0ec4371851b96837b0a81b3dd3df401415061bb532fbafeb4609f3337c358508,1.5940614938735962,-0.01991846226155758,1.5375617742538452,0.42063742876052856
assistantbench,9baaa267c95f9d8b75741ee9169c50563d297cfa592c20deaffd30dbc5984c74,1.5938082933425903,-0.019984042271971703,1.5375349521636963,0.41977548599243164
assistantbench,6b06d186921b8b390c65aebd0d16f09f60a47d2f1288ebe36953f734e84c0a3c,1.5918612480163574,0.0033991055097430944,1.4639273881912231,0.625251054763794
assistantbench,ccec2229ced20a4b0cb4897e3a99120a3017ea030903e01c9bda6b13d40b0b14,1.577852487564087,-0.04028024151921272,1.440303921699524,0.6443160176277161
assistantbench,55f4258484c5b398956133128a50462a767da211f8f72aa5ac5bbffb9bcbba1a,1.5748424530029297,0.0439690537750721,1.3664968013763428,0.7828251719474792
assistantbench,3af8028c2a59e28ca88baff0e6d91f2a9f170c5ef91003f1c8406755a2760ad4,1.5736799240112305,0.01900351233780384,1.4060136079788208,0.7068198919296265
assistantbench,6f224e7730ed027cbac73aebb1aea7f954053082041b02b19f4ff126a0a8a208,1.5129063129425049,-0.02301410585641861,1.3640754222869873,0.6543574929237366
assistantbench,8fa42360185068216f2919935148d4e1ad28ddc18da0abd0f4bb0b6b6f84b127,1.4782025814056396,0.12344718724489212,1.2744958400726318,0.7488279342651367
assistantbench,6e3be83d1949fa52cba03fb1ce4b5b3bf7e37a83fd7d67694b10b2e439d90cf8,1.466496229171753,0.006331336684525013,1.3562973737716675,0.5577353835105896
assistantbench,57d9dc6935e8a40b02e7f8ec81768fe70e68a0c05f6866927c9fda38db38a486,1.4225597381591797,-0.0034396443516016006,1.2594236135482788,0.6614593267440796
assistantbench,99da66d8af02491f98b98c56b26c709e773b5a2ad945fb280375951ba600de09,1.3302332162857056,0.015988707542419434,1.217760443687439,0.5353313684463501
colbench_backend_programming,725,2.110222101211548,0.00509083503857255,1.8486829996109009,1.0175501108169556
colbench_backend_programming,595,2.0955002307891846,-0.002407917520031333,1.8561358451843262,0.9725640416145325
colbench_backend_programming,628,2.085596799850464,-0.009508391842246056,1.773245096206665,1.0978686809539795
colbench_backend_programming,377,2.078342914581299,0.006138284225016832,1.7713409662246704,1.0871342420578003
colbench_backend_programming,154,2.074509859085083,-0.004668455105274916,1.7671303749084473,1.0866650342941284
colbench_backend_programming,479,2.0508501529693604,0.025753958150744438,1.7970044612884521,0.988312304019928
colbench_backend_programming,561,2.0504684448242188,0.007183610927313566,1.7767810821533203,1.023459553718567
colbench_backend_programming,215,2.0475170612335205,0.009871800430119038,1.7273026704788208,1.0994324684143066
colbench_backend_programming,729,2.0461177825927734,-0.019999338313937187,1.8108384609222412,0.9526081681251526
colbench_backend_programming,841,2.039233922958374,-0.007354641333222389,1.696339726448059,1.131771445274353
colbench_backend_programming,437,2.0378592014312744,-0.0025191695895045996,1.7172019481658936,1.0973092317581177
colbench_backend_programming,993,2.0375826358795166,0.005100875627249479,1.771618127822876,1.0065348148345947
colbench_backend_programming,220,2.0364725589752197,0.0005556698888540268,1.8073756694793701,0.938410222530365
colbench_backend_programming,639,2.0354299545288086,-0.008753998205065727,1.7784076929092407,0.9900714159011841
colbench_backend_programming,380,2.034336805343628,-0.004210385959595442,1.8021941184997559,0.9437278509140015
colbench_backend_programming,937,2.0332841873168945,-0.0040233442559838295,1.802498459815979,0.9408742189407349
colbench_backend_programming,405,2.0325286388397217,0.01217626128345728,1.7812449932098389,0.9789479374885559
colbench_backend_programming,426,2.031184434890747,0.0007522347732447088,1.8017874956130981,0.9376950263977051
colbench_backend_programming,733,2.028395891189575,0.002061380073428154,1.77633535861969,0.9792972207069397
colbench_backend_programming,775,2.028348684310913,-0.024974064901471138,1.7940107583999634,0.946427047252655
colbench_backend_programming,473,2.0264530181884766,-0.016712268814444542,1.77388334274292,0.9797191023826599
colbench_backend_programming,862,2.025418281555176,0.0152783477678895,1.7917732000350952,0.9443873763084412
colbench_backend_programming,658,2.0229241847991943,0.009999212808907032,1.7382373809814453,1.0347719192504883
colbench_backend_programming,563,2.01981258392334,0.005351994652301073,1.7346668243408203,1.0346856117248535
colbench_backend_programming,810,2.0189473628997803,0.0056068180128932,1.7372777462005615,1.0285983085632324
colbench_backend_programming,504,2.011796474456787,-0.013973276130855083,1.7169270515441895,1.048564076423645
colbench_backend_programming,759,2.0109479427337646,0.010792958550155163,1.6934894323349,1.0844377279281616
colbench_backend_programming,899,2.010747194290161,0.02042394131422043,1.7459980249404907,0.997294008731842
colbench_backend_programming,416,2.007741689682007,-0.023883303627371788,1.7226033210754395,1.0313411951065063
colbench_backend_programming,596,2.006509780883789,0.0018286957638338208,1.7594293355941772,0.9646191596984863
colbench_backend_programming,221,2.0051093101501465,0.004275987856090069,1.7794424295425415,0.9241470098495483
colbench_backend_programming,123,2.004535436630249,0.0009448054479435086,1.7776846885681152,0.9262827038764954
colbench_backend_programming,678,2.003390073776245,-0.02167830988764763,1.7529704570770264,0.9698793888092041
colbench_backend_programming,671,2.0024993419647217,-0.011328010819852352,1.7736302614212036,0.9296447038650513
colbench_backend_programming,906,2.00103759765625,0.01364409551024437,1.7225085496902466,1.0183887481689453
colbench_backend_programming,840,2.000765562057495,0.00951314251869917,1.6599016189575195,1.1170451641082764
colbench_backend_programming,364,2.0002410411834717,-0.022470813244581223,1.7715708017349243,0.9287096261978149
colbench_backend_programming,114,1.999140977859497,-0.014581394381821156,1.7050864696502686,1.0436689853668213
colbench_backend_programming,728,1.99912428855896,-0.010807731188833714,1.734488606452942,0.9940056800842285
colbench_backend_programming,312,1.9987543821334839,-0.0022444806527346373,1.7024970054626465,1.0471497774124146
colbench_backend_programming,612,1.9983506202697754,0.011981707997620106,1.7714660167694092,0.9248315691947937
colbench_backend_programming,838,1.9974713325500488,-0.008130241185426712,1.7347325086593628,0.9902498126029968
colbench_backend_programming,512,1.9932591915130615,0.02022370882332325,1.716373324394226,1.0134813785552979
colbench_backend_programming,887,1.9923272132873535,-0.023195507004857063,1.8312740325927734,0.7847312688827515
colbench_backend_programming,577,1.9921373128890991,0.003309893188998103,1.7634665966033936,0.9267128109931946
colbench_backend_programming,450,1.9912066459655762,0.017029309645295143,1.6536099910736084,1.109269142150879
colbench_backend_programming,578,1.9909480810165405,0.012381353415548801,1.687103509902954,1.0571452379226685
colbench_backend_programming,800,1.9902565479278564,0.008591596968472004,1.6795724630355835,1.067781686782837
colbench_backend_programming,297,1.989909291267395,-0.009794233366847038,1.659969687461853,1.0973786115646362
colbench_backend_programming,883,1.9889229536056519,0.011647493578493595,1.74459707736969,0.9550892114639282
colbench_backend_programming,738,1.9882347583770752,0.009311020374298096,1.6503334045410156,1.1088178157806396
colbench_backend_programming,309,1.9868210554122925,-0.021599678322672844,1.7054563760757446,1.0192527770996094
colbench_backend_programming,951,1.9843946695327759,-0.014814799651503563,1.7054249048233032,1.0145679712295532
colbench_backend_programming,93,1.984299659729004,0.010300163179636002,1.670715093612671,1.070586919784546
colbench_backend_programming,850,1.9835715293884277,0.010580587200820446,1.7212389707565308,0.9858459830284119
colbench_backend_programming,74,1.9834942817687988,0.019471190869808197,1.7080219984054565,1.0084197521209717
colbench_backend_programming,454,1.9830832481384277,-0.006000412628054619,1.7206737995147705,0.9858503341674805
colbench_backend_programming,506,1.9824466705322266,0.03274833783507347,1.673385500907898,1.0629562139511108
colbench_backend_programming,65,1.9817752838134766,0.004840780980885029,1.672762393951416,1.0626850128173828
colbench_backend_programming,484,1.9809001684188843,0.02713603898882866,1.7185418605804443,0.9851800203323364
colbench_backend_programming,464,1.9799127578735352,0.024975713342428207,1.670519471168518,1.0627413988113403
colbench_backend_programming,99,1.9791704416275024,0.01985209807753563,1.7182879447937012,0.9821416735649109
colbench_backend_programming,693,1.978943943977356,-0.013143548741936684,1.725382685661316,0.9691613912582397
colbench_backend_programming,52,1.9777778387069702,0.005646612495183945,1.7324315309524536,0.954089343547821
colbench_backend_programming,752,1.9764273166656494,0.007120384834706783,1.6879457235336304,1.02815580368042
colbench_backend_programming,85,1.9756999015808105,-0.004231228493154049,1.701658844947815,1.003866195678711
colbench_backend_programming,17,1.9733182191848755,-0.009785175323486328,1.6952255964279175,1.0100469589233398
colbench_backend_programming,268,1.9732023477554321,0.0006466995691880584,1.6380417346954346,1.1001574993133545
colbench_backend_programming,361,1.9727565050125122,0.015278822742402554,1.6607866287231445,1.0646859407424927
colbench_backend_programming,783,1.97273588180542,0.012281494215130806,1.7323131561279297,0.9438102841377258
colbench_backend_programming,521,1.9726094007492065,-0.004138974938541651,1.7499842643737793,0.9103532433509827
colbench_backend_programming,135,1.9712564945220947,-0.019179105758666992,1.7468065023422241,0.9135201573371887
colbench_backend_programming,955,1.9702974557876587,-0.015225546434521675,1.8140742778778076,0.76889967918396
colbench_backend_programming,569,1.9698961973190308,0.008278757333755493,1.7489575147628784,0.9064428806304932
colbench_backend_programming,959,1.9697116613388062,0.009808034636080265,1.7117915153503418,0.9744402170181274
colbench_backend_programming,835,1.9692269563674927,-0.009686483070254326,1.7432456016540527,0.9159418940544128
colbench_backend_programming,559,1.968366265296936,-0.017817802727222443,1.6563578844070435,1.0634586811065674
colbench_backend_programming,393,1.9677993059158325,-0.020283758640289307,1.8103771209716797,0.7712125778198242
colbench_backend_programming,982,1.9662481546401978,0.008735641837120056,1.6745374202728271,1.030561089515686
colbench_backend_programming,459,1.9661954641342163,-0.013424990698695183,1.7444168329238892,0.9071575403213501
colbench_backend_programming,236,1.9649280309677124,-0.017562394961714745,1.7193682193756104,0.9511650800704956
colbench_backend_programming,216,1.9648247957229614,-0.0128515949472785,1.8088065385818481,0.7673038244247437
colbench_backend_programming,526,1.9645075798034668,-0.014613707549870014,1.739148736000061,0.9135926365852356
colbench_backend_programming,826,1.9637547731399536,0.012515698559582233,1.7411320209503174,0.9081807732582092
colbench_backend_programming,744,1.960770845413208,0.027682432904839516,1.618743896484375,1.1064766645431519
colbench_backend_programming,155,1.9604719877243042,0.019092779606580734,1.7037156820297241,0.9699501395225525
colbench_backend_programming,317,1.960403323173523,0.01487748697400093,1.6521635055541992,1.0552425384521484
colbench_backend_programming,359,1.9603043794631958,-0.004906726069748402,1.714269757270813,0.9508273601531982
colbench_backend_programming,592,1.9602680206298828,0.02910439483821392,1.6325501203536987,1.085094928741455
colbench_backend_programming,644,1.959224820137024,-0.010762389749288559,1.685773253440857,0.9983637928962708
colbench_backend_programming,594,1.958715796470642,-0.02998189628124237,1.7333612442016602,0.9121547341346741
colbench_backend_programming,95,1.957603096961975,-3.0861920095048845e-06,1.7130385637283325,0.9474748969078064
colbench_backend_programming,629,1.9573404788970947,0.01131261233240366,1.6682425737380981,1.0237911939620972
colbench_backend_programming,583,1.9545906782150269,-0.016367696225643158,1.7314848899841309,0.9068542718887329
colbench_backend_programming,794,1.9542614221572876,-0.008562980219721794,1.730490803718567,0.9080415368080139
colbench_backend_programming,190,1.9537947177886963,0.01977907493710518,1.6196016073226929,1.0927965641021729
colbench_backend_programming,805,1.9535703659057617,-0.009066340513527393,1.709856629371643,0.9448954463005066
colbench_backend_programming,344,1.95309317111969,-0.005454425700008869,1.729156255722046,0.9080701470375061
colbench_backend_programming,687,1.9523979425430298,-0.01258872915059328,1.7977818250656128,0.761471152305603
colbench_backend_programming,726,1.9515573978424072,0.0034567047841846943,1.6440244913101196,1.0515509843826294
colbench_backend_programming,858,1.9514646530151367,0.004014129750430584,1.711350440979004,0.9378134608268738
colbench_backend_programming,864,1.9507642984390259,-0.017504893243312836,1.6762924194335938,0.9977601170539856
colbench_backend_programming,839,1.9495974779129028,-0.012204531580209732,1.79625403881073,0.7578929662704468
colbench_backend_programming,363,1.949535608291626,-0.018896976485848427,1.7072080373764038,0.9413445591926575
colbench_backend_programming,675,1.9489271640777588,-0.012258235365152359,1.794829249382019,0.7595425844192505
colbench_backend_programming,564,1.9487942457199097,-0.013324451632797718,1.7224870920181274,0.9115027785301208
colbench_backend_programming,926,1.9481738805770874,-0.002455564681440592,1.6868679523468018,0.9746065139770508
colbench_backend_programming,120,1.947836995124817,-0.005201855208724737,1.7284398078918457,0.8980894088745117
colbench_backend_programming,925,1.9469047784805298,-0.008621935732662678,1.6884455680847168,0.9693244099617004
colbench_backend_programming,655,1.9453022480010986,-0.009166290983557701,1.7227089405059814,0.9035898447036743
colbench_backend_programming,13,1.9452024698257446,-0.013127028942108154,1.6866058111190796,0.9691095948219299
colbench_backend_programming,204,1.945114016532898,0.015790730714797974,1.6374783515930176,1.0498254299163818
colbench_backend_programming,845,1.9449925422668457,0.0054057687520980835,1.7238199710845947,0.9008000493049622
colbench_backend_programming,599,1.9446077346801758,-0.007260220590978861,1.669053316116333,0.997877836227417
colbench_backend_programming,781,1.9441783428192139,0.0019386706408113241,1.614271879196167,1.083492398262024
colbench_backend_programming,501,1.9441052675247192,0.009851580485701561,1.7259353399276733,0.8948142528533936
colbench_backend_programming,870,1.9440476894378662,0.002889571711421013,1.60749089717865,1.0932950973510742
colbench_backend_programming,168,1.942936897277832,-0.03712629899382591,1.6689262390136719,0.9948312640190125
colbench_backend_programming,455,1.9425197839736938,0.000214567466173321,1.7016093730926514,0.9369677305221558
colbench_backend_programming,660,1.9425100088119507,0.020186424255371094,1.6522059440612793,1.0215481519699097
colbench_backend_programming,734,1.942260980606079,0.020446427166461945,1.6107861995697021,1.0852397680282593
colbench_backend_programming,246,1.9422478675842285,0.0027070699725300074,1.7024844884872437,0.9348119497299194
colbench_backend_programming,977,1.940915822982788,0.01566671021282673,1.7015116214752197,0.9338161945343018
colbench_backend_programming,16,1.9408211708068848,-0.01230299100279808,1.789008378982544,0.7524864077568054
colbench_backend_programming,772,1.9407716989517212,-0.018878459930419922,1.6665321588516235,0.9946182370185852
colbench_backend_programming,362,1.9405285120010376,-0.007850628346204758,1.6702649593353271,0.9878591895103455
colbench_backend_programming,391,1.9405027627944946,0.0021631380077451468,1.6841107606887817,0.9640133380889893
colbench_backend_programming,386,1.9399734735488892,0.008636283688247204,1.6094777584075928,1.0830873250961304
colbench_backend_programming,527,1.9396693706512451,0.00975937768816948,1.6321784257888794,1.0480033159255981
colbench_backend_programming,588,1.9388326406478882,0.023658061400055885,1.609794020652771,1.0805716514587402
colbench_backend_programming,888,1.9380561113357544,-0.0201816875487566,1.6969126462936401,0.9362418055534363
colbench_backend_programming,271,1.937544345855713,-0.0020233129616826773,1.6031917333602905,1.0880507230758667
colbench_backend_programming,567,1.937469482421875,-0.011446359567344189,1.6663035154342651,0.9885446429252625
colbench_backend_programming,161,1.9370758533477783,0.011856943368911743,1.6650608777999878,0.9898662567138672
colbench_backend_programming,299,1.9367843866348267,-0.012171034701168537,1.7848166227340698,0.7520395517349243
colbench_backend_programming,498,1.936580777168274,0.00022305776656139642,1.6815611124038696,0.9605713486671448
colbench_backend_programming,294,1.936182975769043,0.01403943169862032,1.6691689491271973,0.9811622500419617
colbench_backend_programming,158,1.9340579509735107,-0.024327203631401062,1.6715601682662964,0.9728653430938721
colbench_backend_programming,281,1.9334731101989746,-0.007282293401658535,1.6617439985275269,0.9883953332901001
colbench_backend_programming,903,1.9328995943069458,0.008564176969230175,1.673905611038208,0.9665096402168274
colbench_backend_programming,788,1.9325478076934814,-0.01341044157743454,1.6932964324951172,0.9313904643058777
colbench_backend_programming,694,1.9314748048782349,-0.0117326145991683,1.779218316078186,0.7516498565673828
colbench_backend_programming,940,1.9307914972305298,-0.016929926350712776,1.7110308408737183,0.894611120223999
colbench_backend_programming,543,1.930709958076477,0.019206013530492783,1.5053391456604004,1.208964467048645
colbench_backend_programming,258,1.9306868314743042,0.0018804131541401148,1.6268566846847534,1.0396579504013062
colbench_backend_programming,356,1.9304966926574707,0.02939082682132721,1.629314661026001,1.035447359085083
colbench_backend_programming,538,1.9303685426712036,-0.011763542890548706,1.6572320461273193,0.9899014830589294
colbench_backend_programming,379,1.9298360347747803,-0.002794255269691348,1.708143711090088,0.8980603218078613
colbench_backend_programming,40,1.9296231269836426,-0.004636624362319708,1.6735434532165527,0.9605716466903687
colbench_backend_programming,685,1.9293947219848633,-0.011898423545062542,1.7789463996887207,0.7469363212585449
colbench_backend_programming,918,1.92936372756958,-0.004851312842220068,1.6438478231430054,1.0100538730621338
colbench_backend_programming,670,1.9288486242294312,0.0027585020288825035,1.6886454820632935,0.9321658611297607
colbench_backend_programming,859,1.928705096244812,-0.01177788246423006,1.777587652206421,0.7483885884284973
colbench_backend_programming,574,1.9284056425094604,-0.020499538630247116,1.6865512132644653,0.9350364804267883
colbench_backend_programming,314,1.9283831119537354,0.016578596085309982,1.6896123886108398,0.9294467568397522
colbench_backend_programming,656,1.9280660152435303,0.013765327632427216,1.7097362279891968,0.891201913356781
colbench_backend_programming,667,1.9274101257324219,-0.001756403362378478,1.6868995428085327,0.9323516488075256
colbench_backend_programming,566,1.927393913269043,0.02665354497730732,1.6576664447784424,0.9833559989929199
colbench_backend_programming,824,1.9271801710128784,-0.010234620422124863,1.7091455459594727,0.890418291091919
colbench_backend_programming,972,1.9270946979522705,-0.012016170658171177,1.7770824432373047,0.7454342842102051
colbench_backend_programming,922,1.9268360137939453,0.022935179993510246,1.6004977226257324,1.0728951692581177
colbench_backend_programming,289,1.9264224767684937,-0.011631106957793236,1.7051342725753784,0.8964488506317139
colbench_backend_programming,100,1.9261493682861328,0.0040069627575576305,1.710554838180542,0.8854678869247437
colbench_backend_programming,872,1.9259494543075562,0.005354594439268112,1.6416919231414795,1.0070396661758423
colbench_backend_programming,967,1.9259480237960815,-0.012157266028225422,1.775647759437561,0.7458893060684204
colbench_backend_programming,280,1.9253382682800293,0.03761686757206917,1.644471287727356,1.0013197660446167
colbench_backend_programming,68,1.9250091314315796,-0.0013151689199730754,1.6842529773712158,0.9321759939193726
colbench_backend_programming,688,1.924737811088562,-0.011486695148050785,1.774222731590271,0.7461565732955933
colbench_backend_programming,273,1.9241588115692139,-0.012005758471786976,1.774275302886963,0.7445362210273743
colbench_backend_programming,742,1.9241193532943726,-0.011904628947377205,1.774455189704895,0.7440053224563599
colbench_backend_programming,900,1.9239799976348877,0.0016461678314954042,1.6861661672592163,0.9265758991241455
colbench_backend_programming,127,1.9237581491470337,0.0074312640354037285,1.5883806943893433,1.0853073596954346
colbench_backend_programming,108,1.9231942892074585,0.023274756968021393,1.653191328048706,0.9826671481132507
colbench_backend_programming,659,1.9230294227600098,-0.011768680065870285,1.7741776704788208,0.7418461441993713
colbench_backend_programming,821,1.9228219985961914,0.03093368373811245,1.5933527946472168,1.07632315158844
colbench_backend_programming,103,1.9217418432235718,-0.009846225380897522,1.7043286561965942,0.8878938555717468
colbench_backend_programming,174,1.9217376708984375,-0.004058461636304855,1.6171568632125854,1.0382097959518433
colbench_backend_programming,75,1.9214965105056763,0.017000427469611168,1.4988274574279785,1.2023581266403198
colbench_backend_programming,213,1.9213824272155762,-0.013356877490878105,1.6792315244674683,0.9337514042854309
colbench_backend_programming,983,1.92092764377594,0.0017186576733365655,1.5904669761657715,1.0772082805633545
colbench_backend_programming,54,1.9204436540603638,-0.012120714411139488,1.771276593208313,0.7420802116394043
colbench_backend_programming,562,1.9199954271316528,-0.011348825879395008,1.7706642150878906,0.7423818707466125
colbench_backend_programming,211,1.9199262857437134,0.007608253043144941,1.7047866582870483,0.8830738663673401
colbench_backend_programming,195,1.9194475412368774,-0.021071314811706543,1.68109130859375,0.9263966679573059
colbench_backend_programming,96,1.9188343286514282,-0.011533859185874462,1.7698687314987183,0.7412758469581604
colbench_backend_programming,296,1.9185583591461182,-0.0117565356194973,1.7693184614181519,0.7418747544288635
colbench_backend_programming,417,1.9183456897735596,-0.014300009235739708,1.6802877187728882,0.9255719780921936
colbench_backend_programming,300,1.91798734664917,0.005656498018652201,1.6463048458099365,0.9840507507324219
colbench_backend_programming,942,1.9170368909835815,-0.011563189327716827,1.768175482749939,0.7406657934188843
colbench_backend_programming,779,1.9164211750030518,-0.011810877360403538,1.7685155868530273,0.738256573677063
colbench_backend_programming,989,1.9161356687545776,-0.011395792476832867,1.7666569948196411,0.7419562935829163
colbench_backend_programming,714,1.9161012172698975,-0.006917460355907679,1.6306439638137817,1.0062028169631958
colbench_backend_programming,847,1.9156841039657593,-0.007675657048821449,1.6630183458328247,0.9509024620056152
colbench_backend_programming,905,1.9155960083007812,0.0011797788320109248,1.6991087198257446,0.8846114277839661
colbench_backend_programming,811,1.9155186414718628,0.019781485199928284,1.495316982269287,1.1971795558929443
colbench_backend_programming,623,1.9154282808303833,-0.01663733460009098,1.6972407102584839,0.887828528881073
colbench_backend_programming,347,1.9148969650268555,-0.011754349805414677,1.7666395902633667,0.7387927174568176
colbench_backend_programming,743,1.9148300886154175,0.0036986765917390585,1.6762022972106934,0.9256998896598816
colbench_backend_programming,61,1.914610505104065,-0.007348174229264259,1.6459038257598877,0.9781278371810913
colbench_backend_programming,421,1.9145841598510742,-0.0051812296733260155,1.6985092163085938,0.8835717439651489
colbench_backend_programming,475,1.9145376682281494,0.04487885534763336,1.5906107425689697,1.0655571222305298
colbench_backend_programming,636,1.914425253868103,-0.005271970294415951,1.6719410419464111,0.9325434565544128
colbench_backend_programming,735,1.9139404296875,-0.008243062533438206,1.694058895111084,0.8906920552253723
colbench_backend_programming,77,1.913468599319458,-0.011366930790245533,1.7648149728775024,0.7394528388977051
colbench_backend_programming,669,1.9134161472320557,-0.01182856410741806,1.7657198905944824,0.7371531128883362
colbench_backend_programming,341,1.9132903814315796,0.00021049492352176458,1.582889437675476,1.0747750997543335
colbench_backend_programming,881,1.912997841835022,0.01871425472199917,1.6603840589523315,0.9500975608825684
colbench_backend_programming,956,1.912959098815918,0.02214246615767479,1.4924027919769287,1.196723222732544
colbench_backend_programming,997,1.9129347801208496,-0.012199514545500278,1.7663824558258057,0.7343108057975769
colbench_backend_programming,345,1.9128713607788086,0.01022513397037983,1.6277261972427368,1.004780650138855
colbench_backend_programming,122,1.9123659133911133,-0.011069778352975845,1.7633590698242188,0.7400730848312378
colbench_backend_programming,741,1.9121991395950317,-0.011825892142951488,1.7647857666015625,0.73623126745224
colbench_backend_programming,949,1.9121267795562744,0.009464793838560581,1.698589563369751,0.878078818321228
colbench_backend_programming,891,1.9116613864898682,-0.01145884022116661,1.7636268138885498,0.7376110553741455
colbench_backend_programming,787,1.9111882448196411,-0.0019269960466772318,1.603988766670227,1.03916335105896
colbench_backend_programming,8,1.9107261896133423,-0.011951613239943981,1.763199806213379,0.7362071871757507
colbench_backend_programming,420,1.9104076623916626,-0.011427749879658222,1.7624399662017822,0.7371991872787476
colbench_backend_programming,946,1.9102002382278442,-0.011106499470770359,1.762285828590393,0.7370302081108093
colbench_backend_programming,988,1.9100574254989624,-0.011499650776386261,1.7623635530471802,0.7364741563796997
colbench_backend_programming,336,1.9096378087997437,-0.011065450496971607,1.762139916419983,0.7359207272529602
colbench_backend_programming,584,1.909557819366455,-0.016438890248537064,1.689427375793457,0.8900821208953857
colbench_backend_programming,901,1.9092931747436523,0.019658267498016357,1.4878575801849365,1.1965285539627075
colbench_backend_programming,884,1.90889573097229,-0.011809488758444786,1.693625807762146,0.8806328773498535
colbench_backend_programming,375,1.9088444709777832,-0.008779210969805717,1.6902098655700684,0.8870614171028137
colbench_backend_programming,264,1.9087445735931396,-0.012063008733093739,1.762162446975708,0.7335458993911743
colbench_backend_programming,619,1.9084347486495972,-0.003885268233716488,1.6897822618484497,0.8869943022727966
colbench_backend_programming,173,1.908372402191162,0.021856658160686493,1.5787291526794434,1.0721471309661865
colbench_backend_programming,270,1.9080920219421387,0.020516587421298027,1.4885575771331787,1.1937384605407715
colbench_backend_programming,819,1.9079691171646118,-0.006965929642319679,1.6533517837524414,0.9522467851638794
colbench_backend_programming,148,1.9079052209854126,0.0017244364134967327,1.57975172996521,1.0698068141937256
colbench_backend_programming,927,1.9076697826385498,0.010987037792801857,1.6947132349014282,0.8758715987205505
colbench_backend_programming,117,1.907628059387207,0.013927244581282139,1.643593430519104,0.9683209657669067
colbench_backend_programming,602,1.9068893194198608,0.015794966369867325,1.6543800830841064,0.9482896327972412
colbench_backend_programming,724,1.9068619012832642,-0.011344497092068195,1.7596516609191895,0.7346755266189575
colbench_backend_programming,944,1.9065881967544556,-0.00365107087418437,1.6038761138916016,1.0308538675308228
colbench_backend_programming,284,1.9062154293060303,-0.009931630454957485,1.6669753789901733,0.9245811700820923
colbench_backend_programming,793,1.9061533212661743,-0.01153956912457943,1.7598179578781128,0.7324349880218506
colbench_backend_programming,42,1.9060720205307007,0.01803727075457573,1.4832792282104492,1.1970770359039307
colbench_backend_programming,933,1.9060395956039429,-0.011158370412886143,1.7585543394088745,0.7351691126823425
colbench_backend_programming,637,1.905898928642273,0.015842773020267487,1.655011534690857,0.9451917409896851
colbench_backend_programming,185,1.90580153465271,-0.01186241302639246,1.760068655014038,0.7309157252311707
colbench_backend_programming,203,1.9055681228637695,-0.011501391418278217,1.7591725587844849,0.7324626445770264
colbench_backend_programming,539,1.9055454730987549,-0.011594044044613838,1.7588826417922974,0.7330996990203857
colbench_backend_programming,187,1.9049216508865356,0.0004282382724341005,1.5764057636260986,1.0694257020950317
colbench_backend_programming,651,1.9048022031784058,-0.011709469370543957,1.758886694908142,0.731156051158905
colbench_backend_programming,439,1.9046310186386108,0.024542639032006264,1.6223732233047485,0.9977598190307617
colbench_backend_programming,322,1.9042394161224365,0.016691869124770164,1.4841679334640503,1.1930521726608276
colbench_backend_programming,808,1.9038480520248413,-0.010869563557207584,1.7558859586715698,0.735867977142334
colbench_backend_programming,691,1.9036738872528076,0.014163057319819927,1.691102147102356,0.8741553425788879
colbench_backend_programming,197,1.9036338329315186,-0.01150013692677021,1.7576801776885986,0.7310143709182739
colbench_backend_programming,786,1.902960181236267,-0.011235067620873451,1.7563889026641846,0.7323629260063171
colbench_backend_programming,293,1.9029046297073364,0.016195781528949738,1.4842125177383423,1.1908648014068604
colbench_backend_programming,411,1.9028477668762207,-0.011538819409906864,1.7556889057159424,0.7337481379508972
colbench_backend_programming,232,1.902424693107605,0.010021802969276905,1.6391284465789795,0.9656488299369812
colbench_backend_programming,288,1.9022841453552246,0.016341660171747208,1.4811701774597168,1.1936581134796143
colbench_backend_programming,706,1.9022001028060913,0.016642658039927483,1.4831877946853638,1.1910160779953003
colbench_backend_programming,23,1.9021780490875244,-0.011321529746055603,1.7558021545410156,0.7317377328872681
colbench_backend_programming,732,1.9021250009536743,0.025336990132927895,1.6550923585891724,0.9374160766601562
colbench_backend_programming,843,1.902065634727478,-0.011056357063353062,1.755068063735962,0.7332051992416382
colbench_backend_programming,157,1.9018805027008057,-0.011243167333304882,1.7550674676895142,0.7327263951301575
colbench_backend_programming,399,1.901694893836975,-0.026796473190188408,1.684169054031372,0.8831863403320312
colbench_backend_programming,335,1.9016013145446777,-0.011181594803929329,1.7544887065887451,0.7333871722221375
colbench_backend_programming,144,1.9013750553131104,-0.011633172631263733,1.75593101978302,0.729337751865387
colbench_backend_programming,156,1.9013071060180664,-0.030190102756023407,1.6326618194580078,0.9743634462356567
colbench_backend_programming,134,1.9012609720230103,-0.011058148927986622,1.7542351484298706,0.7331113815307617
colbench_backend_programming,617,1.9012360572814941,-0.011364845559000969,1.7549678087234497,0.7312911748886108
colbench_backend_programming,285,1.901123046875,-0.010642798617482185,1.633790373802185,0.9721099734306335
colbench_backend_programming,435,1.901079535484314,0.017811546102166176,1.6779451370239258,0.8936463594436646
colbench_backend_programming,540,1.9009904861450195,-0.003650836180895567,1.616984248161316,0.9995632171630859
colbench_backend_programming,494,1.9008393287658691,-0.01127629168331623,1.7548795938491821,0.7304707765579224
colbench_backend_programming,854,1.9007679224014282,-0.009353977628052235,1.6828514337539673,0.8837022185325623
colbench_backend_programming,80,1.9007014036178589,-0.011048201471567154,1.754258632659912,0.7316026091575623
colbench_backend_programming,410,1.9005645513534546,-0.01093489583581686,1.7536708116531372,0.7326556444168091
colbench_backend_programming,69,1.9005433320999146,-0.011041965335607529,1.754318118095398,0.7310493588447571
colbench_backend_programming,172,1.900515079498291,-0.010771501809358597,1.7533698081970215,0.7332475781440735
colbench_backend_programming,536,1.9004607200622559,-0.010940447449684143,1.7540216445922852,0.7315455079078674
colbench_backend_programming,378,1.9004244804382324,-0.011043860577046871,1.7539291381835938,0.7316732406616211
colbench_backend_programming,365,1.9002193212509155,-0.008722369559109211,1.6826242208480835,0.8829547762870789
colbench_backend_programming,388,1.9001904726028442,-0.011064828373491764,1.7536921501159668,0.731633722782135
colbench_backend_programming,712,1.9001022577285767,0.02175489254295826,1.4801952838897705,1.1913901567459106
colbench_backend_programming,206,1.8998112678527832,0.017037324607372284,1.4825118780136108,1.1880409717559814
colbench_backend_programming,935,1.899780511856079,0.025778543204069138,1.5763590335845947,1.0603103637695312
colbench_backend_programming,142,1.8997687101364136,0.017037153244018555,1.4804325103759766,1.1905633211135864
colbench_backend_programming,873,1.8997586965560913,-0.011277232319116592,1.7536866664886475,0.7305243611335754
colbench_backend_programming,554,1.8996872901916504,-0.010917733423411846,1.7525309324264526,0.7331078052520752
colbench_backend_programming,449,1.8996849060058594,-0.010911700315773487,1.752582311630249,0.732978880405426
colbench_backend_programming,674,1.8994402885437012,-0.008891243487596512,1.6805702447891235,0.8851875066757202
colbench_backend_programming,227,1.8991752862930298,-0.0021438393741846085,1.6304566860198975,0.9738981127738953
colbench_backend_programming,97,1.8990190029144287,0.01917724870145321,1.4788328409194946,1.1913548707962036
colbench_backend_programming,633,1.8989837169647217,-0.011440722271800041,1.7537918090820312,0.7282537817955017
colbench_backend_programming,177,1.8989733457565308,-0.010989317670464516,1.7531505823135376,0.7297689318656921
colbench_backend_programming,37,1.8989131450653076,0.02196616493165493,1.6197929382324219,0.9910306930541992
colbench_backend_programming,369,1.8989030122756958,-0.011433522216975689,1.753623604774475,0.728448212146759
colbench_backend_programming,879,1.8987747430801392,-0.02620527148246765,1.6461906433105469,0.9462568163871765
colbench_backend_programming,782,1.8986544609069824,-0.005969468504190445,1.6333961486816406,0.967939019203186
colbench_backend_programming,928,1.898528814315796,-0.011107182130217552,1.752285122871399,0.7306905388832092
colbench_backend_programming,199,1.8982785940170288,-0.01123294048011303,1.7525558471679688,0.7293899655342102
colbench_backend_programming,150,1.8982006311416626,-0.010849717073142529,1.7516123056411743,0.7314504981040955
colbench_backend_programming,313,1.8981527090072632,-0.011247199028730392,1.75226628780365,0.7297579050064087
colbench_backend_programming,225,1.8981263637542725,-0.011315071024000645,1.7527363300323486,0.7285597324371338
colbench_backend_programming,367,1.8980293273925781,-0.01111490000039339,1.7521915435791016,0.7296164035797119
colbench_backend_programming,305,1.8980193138122559,-0.011027461849153042,1.7517104148864746,0.7307447791099548
colbench_backend_programming,79,1.8978041410446167,-0.011882614344358444,1.7535901069641113,0.725659966468811
colbench_backend_programming,609,1.8976595401763916,-0.010924659669399261,1.751656174659729,0.7299399971961975
colbench_backend_programming,445,1.897639274597168,-0.010685428977012634,1.7508949041366577,0.7317116260528564
colbench_backend_programming,682,1.8975428342819214,0.01817963272333145,1.4788548946380615,1.188973069190979
colbench_backend_programming,880,1.8975402116775513,-0.010990648530423641,1.7510079145431519,0.7311840057373047
colbench_backend_programming,974,1.8975104093551636,-0.011507735587656498,1.7526360750198364,0.7271950244903564
colbench_backend_programming,245,1.8974568843841553,-0.01225559413433075,1.754764199256897,0.721903920173645
colbench_backend_programming,50,1.897437572479248,0.016816766932606697,1.4751583337783813,1.1933889389038086
colbench_backend_programming,789,1.8974093198776245,-0.011054355651140213,1.7513277530670166,0.7300775051116943
colbench_backend_programming,248,1.8972928524017334,-0.01118721067905426,1.7520045042037964,0.7281486988067627
colbench_backend_programming,461,1.897261142730713,-0.010582134127616882,1.7501822710037231,0.7324356436729431
colbench_backend_programming,424,1.8972010612487793,-0.011284098029136658,1.7510806322097778,0.7301290035247803
colbench_backend_programming,62,1.897060513496399,-0.010850852355360985,1.7507084608078003,0.7306564450263977
colbench_backend_programming,764,1.8969552516937256,0.005200189538300037,1.5706474781036377,1.0637226104736328
colbench_backend_programming,218,1.8968366384506226,-0.010914999060332775,1.750491976737976,0.7305936217308044
colbench_backend_programming,929,1.8968119621276855,-0.0025304981973022223,1.6460607051849365,0.9425390362739563
colbench_backend_programming,505,1.8967742919921875,-0.010804891586303711,1.7507938146591187,0.7297080159187317
colbench_backend_programming,773,1.896756887435913,-0.011635828763246536,1.7524693012237549,0.7256292700767517
colbench_backend_programming,0,1.8967535495758057,-0.01135765016078949,1.7516155242919922,0.7276791334152222
colbench_backend_programming,672,1.8967255353927612,0.032511740922927856,1.6156485080718994,0.9936032295227051
colbench_backend_programming,370,1.8966230154037476,-0.01181752048432827,1.7525455951690674,0.7250949740409851
colbench_backend_programming,34,1.8966052532196045,-0.011672252789139748,1.7522985935211182,0.7256452441215515
colbench_backend_programming,132,1.8965507745742798,-0.011260840110480785,1.7517085075378418,0.7269265055656433
colbench_backend_programming,910,1.8965504169464111,-0.010863939300179482,1.7499183416366577,0.7312245965003967
colbench_backend_programming,304,1.8964948654174805,-0.01090820413082838,1.7504223585128784,0.7298728823661804
colbench_backend_programming,524,1.8964378833770752,-0.010978922247886658,1.7505431175231934,0.7294350266456604
colbench_backend_programming,976,1.8962976932525635,-0.011666851118206978,1.7525554895401,0.7242199182510376
colbench_backend_programming,11,1.896294355392456,-0.011155623942613602,1.7501944303512573,0.7298985123634338
colbench_backend_programming,462,1.896228313446045,-0.01078089326620102,1.7497050762176514,0.7308992743492126
colbench_backend_programming,131,1.8962088823318481,-0.008809778839349747,1.6609513759613037,0.914794385433197
colbench_backend_programming,516,1.8962024450302124,0.01624116487801075,1.6305017471313477,0.9680122137069702
colbench_backend_programming,352,1.8961256742477417,-0.010994160547852516,1.7501990795135498,0.7294489145278931
colbench_backend_programming,31,1.8961049318313599,-0.011048195883631706,1.75034499168396,0.7290449142456055
colbench_backend_programming,968,1.896056890487671,0.017082946375012398,1.476646900177002,1.1893467903137207
colbench_backend_programming,642,1.8960028886795044,-0.010900110937654972,1.7497050762176514,0.7303146123886108
colbench_backend_programming,934,1.8959510326385498,0.01663641631603241,1.4777348041534424,1.1878259181976318
colbench_backend_programming,898,1.8955788612365723,-0.011143156327307224,1.7500405311584473,0.7284072637557983
colbench_backend_programming,836,1.8955695629119873,-0.010987279005348682,1.7499587535858154,0.7285795211791992
colbench_backend_programming,121,1.8955472707748413,-0.011034517548978329,1.749711513519287,0.72911536693573
colbench_backend_programming,994,1.8955214023590088,-0.011008047498762608,1.7495396137237549,0.7294604182243347
colbench_backend_programming,871,1.8954050540924072,-0.010951129719614983,1.7496020793914795,0.7290080785751343
colbench_backend_programming,520,1.895392894744873,-0.010954589582979679,1.7493778467178345,0.729514479637146
colbench_backend_programming,29,1.895372986793518,-0.010733558796346188,1.7489749193191528,0.7304283380508423
colbench_backend_programming,827,1.8953696489334106,-0.011351088061928749,1.7513682842254639,0.7246623635292053
colbench_backend_programming,965,1.8953624963760376,0.008794602006673813,1.6155402660369873,0.9911754131317139
colbench_backend_programming,390,1.895342230796814,-0.010839877650141716,1.7488716840744019,0.730595588684082
colbench_backend_programming,230,1.8952900171279907,-0.011029249057173729,1.7498546838760376,0.7281022667884827
colbench_backend_programming,48,1.8952198028564453,-0.011064445599913597,1.749593734741211,0.728546142578125
colbench_backend_programming,119,1.895189881324768,-0.011357337236404419,1.7513151168823242,0.7243205308914185
colbench_backend_programming,88,1.8950837850570679,-0.010964663699269295,1.749452829360962,0.7285308837890625
colbench_backend_programming,912,1.8950246572494507,-0.011296226643025875,1.7504562139511108,0.7259624600410461
colbench_backend_programming,749,1.8949780464172363,-0.010802621021866798,1.7496416568756104,0.7278022170066833
colbench_backend_programming,511,1.8947923183441162,-0.010740252211689949,1.748866319656372,0.7291808724403381
colbench_backend_programming,162,1.8947728872299194,-0.010759798809885979,1.7494672536849976,0.7276872396469116
colbench_backend_programming,615,1.8947441577911377,-0.011447813361883163,1.7511825561523438,0.7234741449356079
colbench_backend_programming,15,1.8946788311004639,-0.010755946859717369,1.7487393617630005,0.7291903495788574
colbench_backend_programming,610,1.8946506977081299,-0.010786216706037521,1.7484750747680664,0.7297505736351013
colbench_backend_programming,924,1.8946281671524048,-0.010976796969771385,1.7485699653625488,0.7294646501541138
colbench_backend_programming,433,1.894609808921814,-0.01601279154419899,1.62808358669281,0.9689633250236511
colbench_backend_programming,170,1.8945379257202148,-0.0218356940895319,1.6403141021728516,0.9479682445526123
colbench_backend_programming,105,1.8944379091262817,-0.011086419224739075,1.7492378950119019,0.7273663878440857
colbench_backend_programming,765,1.8944308757781982,-0.011529231444001198,1.75014066696167,0.7251731157302856
colbench_backend_programming,400,1.8943812847137451,-0.011706650257110596,1.75030517578125,0.7246462106704712
colbench_backend_programming,493,1.894360065460205,-0.01101939007639885,1.7494486570358276,0.7266561388969421
colbench_backend_programming,242,1.8943431377410889,-0.0107843317091465,1.7479289770126343,0.73026043176651
colbench_backend_programming,535,1.8942315578460693,-0.011024144478142262,1.748032808303833,0.729722261428833
colbench_backend_programming,529,1.894188642501831,-0.011004592292010784,1.7485525608062744,0.7283643484115601
colbench_backend_programming,720,1.8941242694854736,-0.01120013277977705,1.7484065294265747,0.7285473346710205
colbench_backend_programming,666,1.894105076789856,-0.01110733300447464,1.7490085363388062,0.7270510196685791
colbench_backend_programming,194,1.894073724746704,-0.010942837223410606,1.748968482017517,0.7270657420158386
colbench_backend_programming,202,1.8940644264221191,-0.010682664811611176,1.746983289718628,0.7317986488342285
colbench_backend_programming,855,1.8940495252609253,-0.0112308906391263,1.7488799095153809,0.7272159457206726
colbench_backend_programming,32,1.8940441608428955,0.01563960313796997,1.65923011302948,0.9134324193000793
colbench_backend_programming,51,1.8940397500991821,-0.011405272409319878,1.7496291399002075,0.725385844707489
colbench_backend_programming,219,1.8940033912658691,-0.01139009278267622,1.749688982963562,0.7251462936401367
colbench_backend_programming,544,1.8939990997314453,-0.011605423875153065,1.7497739791870117,0.7249301671981812
colbench_backend_programming,797,1.8939481973648071,-0.011500021442770958,1.749320387840271,0.7258912324905396
colbench_backend_programming,28,1.8938673734664917,-0.011668270453810692,1.750376582145691,0.7231290340423584
colbench_backend_programming,514,1.8938663005828857,-0.008092946372926235,1.6580326557159424,0.9152361750602722
colbench_backend_programming,307,1.8938493728637695,-0.010986871086061,1.7480340003967285,0.7287266254425049
colbench_backend_programming,817,1.8937801122665405,-0.010672400705516338,1.7480472326278687,0.7285147905349731
colbench_backend_programming,6,1.8937387466430664,-0.010971494019031525,1.7482976913452148,0.7278059720993042
colbench_backend_programming,125,1.8936809301376343,-0.01120792981237173,1.748848557472229,0.7263308167457581
colbench_backend_programming,518,1.8936580419540405,-0.010852350853383541,1.7478033304214478,0.7287826538085938
colbench_backend_programming,587,1.8936415910720825,-0.010764135047793388,1.7474900484085083,0.7294910550117493
colbench_backend_programming,56,1.8936268091201782,-0.011593739502131939,1.7489633560180664,0.7259128093719482
colbench_backend_programming,600,1.893584132194519,-0.010939636267721653,1.7475910186767578,0.7290999889373779
colbench_backend_programming,60,1.8935611248016357,-0.011233633384108543,1.748848795890808,0.7260177135467529
colbench_backend_programming,996,1.8935508728027344,-0.010979116894304752,1.7482256889343262,0.727490246295929
colbench_backend_programming,576,1.8935354948043823,0.0164248738437891,1.476340889930725,1.1857041120529175
colbench_backend_programming,919,1.89352285861969,-0.01072161365300417,1.7476507425308228,0.7287974953651428
colbench_backend_programming,828,1.8935147523880005,-0.010935897007584572,1.7485418319702148,0.7266358137130737
colbench_backend_programming,256,1.8935081958770752,0.016833381727337837,1.4752562046051025,1.1870099306106567
colbench_backend_programming,327,1.8934638500213623,-0.011324050836265087,1.7489465475082397,0.7255282402038574
colbench_backend_programming,971,1.8934577703475952,0.016712497919797897,1.4766277074813843,1.1852227449417114
colbench_backend_programming,496,1.8934389352798462,-0.010975226759910583,1.747514009475708,0.7289074063301086
colbench_backend_programming,343,1.8934118747711182,-0.011026336811482906,1.7484619617462158,0.726560115814209
colbench_backend_programming,402,1.89339280128479,-0.010646404698491096,1.7469797134399414,0.7300671339035034
colbench_backend_programming,146,1.893366813659668,-0.011015677824616432,1.749037742614746,0.725054919719696
colbench_backend_programming,275,1.8933528661727905,-0.010967520996928215,1.7478973865509033,0.7277635335922241
colbench_backend_programming,311,1.8933522701263428,-0.011095989495515823,1.748293399810791,0.7268101572990417
colbench_backend_programming,716,1.893344759941101,0.02153623104095459,1.6142951250076294,0.9893461465835571
colbench_backend_programming,575,1.8933159112930298,-0.011104713194072247,1.748002052307129,0.7274160385131836
colbench_backend_programming,160,1.8932887315750122,0.01701505482196808,1.4745466709136963,1.1875412464141846
colbench_backend_programming,485,1.8932840824127197,-0.011377988383173943,1.749051570892334,0.7248054146766663
colbench_backend_programming,795,1.893247365951538,-0.010806222446262836,1.7471147775650024,0.7293663024902344
colbench_backend_programming,466,1.89323890209198,-0.011316553689539433,1.7485060691833496,0.7260028123855591
colbench_backend_programming,59,1.8931984901428223,-0.010999610647559166,1.7477630376815796,0.7276846170425415
colbench_backend_programming,784,1.8931808471679688,-0.011369036510586739,1.7488852739334106,0.7249372601509094
colbench_backend_programming,978,1.8931504487991333,-0.011353679932653904,1.7483196258544922,0.7262211441993713
colbench_backend_programming,878,1.8931350708007812,-0.011122449301183224,1.7483998537063599,0.7259879112243652
colbench_backend_programming,998,1.8930963277816772,-0.0113355228677392,1.7494494915008545,0.7233535051345825
colbench_backend_programming,111,1.8930962085723877,-0.011179143562912941,1.748244047164917,0.7262618541717529
colbench_backend_programming,472,1.8930634260177612,-0.010310262441635132,1.7460271120071411,0.7314906716346741
colbench_backend_programming,750,1.8930457830429077,-0.010734531097114086,1.7472865581512451,0.7284313440322876
colbench_backend_programming,895,1.8930412530899048,-0.010981136932969093,1.7474921941757202,0.7279260754585266
colbench_backend_programming,632,1.893027663230896,-0.011274375021457672,1.7487013339996338,0.7249807119369507
colbench_backend_programming,875,1.8929502964019775,-0.010752939619123936,1.74814772605896,0.7261130809783936
colbench_backend_programming,153,1.8929431438446045,-0.010897599160671234,1.7474364042282104,0.7278046011924744
colbench_backend_programming,542,1.8929345607757568,-0.011300311423838139,1.7481954097747803,0.7259573936462402
colbench_backend_programming,964,1.8928889036178589,-0.011235232464969158,1.7479671239852905,0.7263877987861633
colbench_backend_programming,809,1.8928605318069458,-0.010933262296020985,1.7478770017623901,0.7265307903289795
colbench_backend_programming,2,1.8928579092025757,-0.010579563677310944,1.7464845180511475,0.7298649549484253
colbench_backend_programming,745,1.892852544784546,-0.01073394250124693,1.746886134147644,0.7288892269134521
colbench_backend_programming,686,1.8928247690200806,-0.01116699818521738,1.7482831478118896,0.725459635257721
colbench_backend_programming,222,1.8928018808364868,-0.011125056073069572,1.7493314743041992,0.7228679656982422
colbench_backend_programming,980,1.8927894830703735,-0.011313698254525661,1.7478463649749756,0.7264194488525391
colbench_backend_programming,640,1.892784595489502,-0.010931579396128654,1.7471965551376343,0.7279683351516724
colbench_backend_programming,67,1.8927793502807617,0.014244233258068562,1.6799086332321167,0.8720784187316895
colbench_backend_programming,803,1.892759084701538,-0.011326229199767113,1.7483465671539307,0.7251354455947876
colbench_backend_programming,960,1.8927470445632935,-0.01139201782643795,1.7488090991973877,0.7239875197410583
colbench_backend_programming,673,1.8927415609359741,-0.010899633169174194,1.7470821142196655,0.7281308174133301
colbench_backend_programming,723,1.8927268981933594,-0.010794178582727909,1.7468912601470947,0.7285506725311279
colbench_backend_programming,110,1.8926987648010254,-0.010932966135442257,1.7469708919525146,0.7282867431640625
colbench_backend_programming,892,1.8926787376403809,-0.011192316189408302,1.7485687732696533,0.7243895530700684
colbench_backend_programming,57,1.8926260471343994,-0.01091175526380539,1.7464886903762817,0.7292535901069641
colbench_backend_programming,456,1.8926081657409668,-0.010735154151916504,1.7476948499679565,0.726311206817627
colbench_backend_programming,231,1.892568588256836,-0.011326704174280167,1.7482863664627075,0.724783182144165
colbench_backend_programming,113,1.8925628662109375,-0.011148412711918354,1.7478315830230713,0.7258644104003906
colbench_backend_programming,975,1.8925368785858154,-0.01094034779816866,1.747377634048462,0.7268890142440796
colbench_backend_programming,178,1.8925188779830933,-0.010676377452909946,1.7478432655334473,0.725721538066864
colbench_backend_programming,885,1.8925139904022217,-0.010786725208163261,1.7469990253448486,0.727738618850708
colbench_backend_programming,78,1.8924931287765503,-0.011094346642494202,1.747536301612854,0.7263931632041931
colbench_backend_programming,833,1.8924908638000488,0.01660340093076229,1.4736357927322388,1.187400221824646
colbench_backend_programming,427,1.8924798965454102,-0.010812493041157722,1.7471729516983032,0.7272322773933411
colbench_backend_programming,785,1.8924731016159058,-0.011154389008879662,1.7478361129760742,0.7256190776824951
colbench_backend_programming,382,1.8924545049667358,-0.011411807499825954,1.7489615678787231,0.7228538393974304
colbench_backend_programming,276,1.89242684841156,-0.01062640082091093,1.74664306640625,0.7283662557601929
colbench_backend_programming,653,1.8924185037612915,-0.01108426135033369,1.7481520175933838,0.7247151136398315
colbench_backend_programming,279,1.8923968076705933,-0.010990573093295097,1.7471585273742676,0.7270507216453552
colbench_backend_programming,18,1.8923962116241455,-0.01096964068710804,1.7470539808273315,0.727300226688385
colbench_backend_programming,969,1.8923918008804321,-0.011189334094524384,1.7476037740707397,0.7259668111801147
colbench_backend_programming,436,1.8923888206481934,-0.011191166937351227,1.7473254203796387,0.7266286015510559
colbench_backend_programming,467,1.8923782110214233,0.011154405772686005,1.6589118242263794,0.9105531573295593
colbench_backend_programming,943,1.892364263534546,-0.011164897121489048,1.74745512008667,0.7262528538703918
colbench_backend_programming,893,1.8923600912094116,-0.01113745104521513,1.7473608255386353,0.7264687418937683
colbench_backend_programming,208,1.892340898513794,-0.010807042010128498,1.7474489212036133,0.7262067794799805
colbench_backend_programming,214,1.8923276662826538,-0.011163020506501198,1.7479511499404907,0.7249627113342285
colbench_backend_programming,72,1.8922752141952515,-0.011325832456350327,1.748145341873169,0.7243573069572449
colbench_backend_programming,590,1.8922609090805054,-0.011077411472797394,1.7470968961715698,0.7268451452255249
colbench_backend_programming,406,1.8922454118728638,-0.011377456597983837,1.7482925653457642,0.7239238023757935
colbench_backend_programming,894,1.8922199010849,-0.011477235704660416,1.7482818365097046,0.7238832712173462
colbench_backend_programming,820,1.8922086954116821,-0.011062297970056534,1.746652364730835,0.7277767658233643
colbench_backend_programming,482,1.8921759128570557,-0.011148097924888134,1.7467710971832275,0.7274067401885986
colbench_backend_programming,648,1.8921678066253662,-0.010974759235978127,1.746389627456665,0.7283008694648743
colbench_backend_programming,727,1.8921633958816528,-0.011020739562809467,1.746906042098999,0.7270498871803284
colbench_backend_programming,697,1.8921470642089844,-0.01113030407577753,1.7474151849746704,0.7257826924324036
colbench_backend_programming,973,1.8921400308609009,-0.01093902625143528,1.7476223707199097,0.725265383720398
colbench_backend_programming,209,1.892120599746704,-0.010573184117674828,1.7461988925933838,0.7286355495452881
colbench_backend_programming,746,1.8921173810958862,-0.010871699079871178,1.7470897436141968,0.7264885306358337
colbench_backend_programming,848,1.8921161890029907,-0.011141743510961533,1.7474751472473145,0.7255579829216003
colbench_backend_programming,491,1.8921105861663818,-0.01101094949990511,1.7465375661849976,0.7277973294258118
colbench_backend_programming,676,1.8921090364456177,0.027534736320376396,1.6138359308242798,0.9877297282218933
colbench_backend_programming,882,1.892085075378418,-0.010884148068726063,1.7464118003845215,0.7280329465866089
colbench_backend_programming,938,1.8920812606811523,-0.010770294815301895,1.7466566562652588,0.7274351119995117
colbench_backend_programming,27,1.8920636177062988,-0.011038307100534439,1.7467771768569946,0.7270997762680054
colbench_backend_programming,760,1.8920507431030273,-0.010731561109423637,1.7464916706085205,0.7277520895004272
colbench_backend_programming,831,1.8920496702194214,0.01653268188238144,1.4733120203018188,1.1870988607406616
colbench_backend_programming,465,1.8920493125915527,-0.010906384326517582,1.7465511560440063,0.727605402469635
colbench_backend_programming,930,1.892045497894287,-0.010980956256389618,1.7463889122009277,0.7279849648475647
colbench_backend_programming,962,1.8920178413391113,-0.011019661091268063,1.7464895248413086,0.7276715040206909
colbench_backend_programming,116,1.8920154571533203,-0.011043759062886238,1.7466810941696167,0.7272055745124817
colbench_backend_programming,133,1.8919960260391235,-0.01166232954710722,1.7483659982681274,0.7230941653251648
colbench_backend_programming,696,1.8919824361801147,-0.010814640671014786,1.747133731842041,0.7260314226150513
colbench_backend_programming,513,1.891978144645691,-0.010650836862623692,1.7473431825637817,0.7255157232284546
colbench_backend_programming,661,1.8919651508331299,-0.011044969782233238,1.7473500967025757,0.7254650592803955
colbench_backend_programming,423,1.8919544219970703,-0.010949671268463135,1.7469311952590942,0.7264455556869507
colbench_backend_programming,970,1.891952395439148,-0.011034625582396984,1.7468996047973633,0.7265160083770752
colbench_backend_programming,867,1.891933798789978,-0.010518287308514118,1.7457976341247559,0.729111909866333
colbench_backend_programming,469,1.8919275999069214,-0.011033785529434681,1.747123122215271,0.7259137034416199
colbench_backend_programming,631,1.891857624053955,-0.010982779785990715,1.7464455366134644,0.7273605465888977
colbench_backend_programming,241,1.8918569087982178,-0.010840987786650658,1.7465014457702637,0.7272244095802307
colbench_backend_programming,419,1.89181387424469,-0.011048118583858013,1.7472975254058838,0.7251973152160645
colbench_backend_programming,941,1.8918070793151855,-0.01085082907229662,1.746352195739746,0.7274531722068787
colbench_backend_programming,621,1.8917945623397827,-0.011022006161510944,1.747096061706543,0.7256320118904114
colbench_backend_programming,589,1.891774296760559,-0.0110365841537714,1.7467527389526367,0.726405680179596
colbench_backend_programming,897,1.8917676210403442,-0.010824206285178661,1.74619460105896,0.7277289032936096
colbench_backend_programming,374,1.8917641639709473,-0.010691906325519085,1.746053695678711,0.7280579805374146
colbench_backend_programming,106,1.8917540311813354,-0.010849151760339737,1.7470983266830444,0.7255209684371948
colbench_backend_programming,533,1.8917503356933594,-0.010912500321865082,1.7465957403182983,0.7267203330993652
colbench_backend_programming,957,1.8917121887207031,-0.010469358414411545,1.7456077337265015,0.7289916276931763
colbench_backend_programming,12,1.8916951417922974,-0.011050933972001076,1.7466753721237183,0.7263851761817932
colbench_backend_programming,101,1.8916882276535034,-0.01092416699975729,1.7466925382614136,0.7263262867927551
colbench_backend_programming,747,1.8916865587234497,-0.011089892126619816,1.7475391626358032,0.7242823839187622
colbench_backend_programming,247,1.891679048538208,-0.010825198143720627,1.7456519603729248,0.72879958152771
colbench_backend_programming,463,1.8916317224502563,-0.010799258016049862,1.746529221534729,0.7265715599060059
colbench_backend_programming,71,1.891585350036621,-0.010766900144517422,1.7463884353637695,0.7267891764640808
colbench_backend_programming,98,1.8915133476257324,-0.010950571857392788,1.7463194131851196,0.7267675399780273
colbench_backend_programming,641,1.8914985656738281,-0.010557455010712147,1.7462952136993408,0.7267872095108032
colbench_backend_programming,812,1.891497015953064,0.008019610308110714,1.563704013824463,1.064232587814331
colbench_backend_programming,303,1.8914910554885864,-0.010879628360271454,1.7459349632263184,0.7276328206062317
colbench_backend_programming,357,1.8914844989776611,-0.011011326685547829,1.7463836669921875,0.7265381217002869
colbench_backend_programming,25,1.8914717435836792,-0.010609019547700882,1.7452986240386963,0.7291078567504883
colbench_backend_programming,333,1.8914499282836914,-0.010546687990427017,1.7453811168670654,0.7288535237312317
colbench_backend_programming,147,1.8914332389831543,-0.01072293147444725,1.7450801134109497,0.7295309901237488
colbench_backend_programming,966,1.8914070129394531,-0.010820716619491577,1.7459361553192139,0.7274114489555359
colbench_backend_programming,94,1.8913633823394775,-0.01076654251664877,1.7457548379898071,0.7277332544326782
colbench_backend_programming,999,1.8913464546203613,-0.010942057706415653,1.7459867000579834,0.7271327972412109
colbench_backend_programming,522,1.891345739364624,0.016675801947712898,1.4750218391418457,1.1838493347167969
colbench_backend_programming,444,1.8913205862045288,-0.010731877759099007,1.7455599308013916,0.7280893325805664
colbench_backend_programming,654,1.8913170099258423,-0.010800103656947613,1.7454067468643188,0.728447437286377
colbench_backend_programming,886,1.8913110494613647,-0.01061155740171671,1.7455769777297974,0.7280236482620239
colbench_backend_programming,355,1.8913086652755737,-0.0013952127192169428,1.6097991466522217,0.9927713871002197
colbench_backend_programming,41,1.8913013935089111,-0.01073814369738102,1.7457740306854248,0.727526068687439
colbench_backend_programming,253,1.8912277221679688,-0.010580530390143394,1.7453432083129883,0.7283677458763123
colbench_backend_programming,141,1.8912062644958496,-0.01058165356516838,1.7452173233032227,0.7286136150360107
colbench_backend_programming,981,1.8911665678024292,-0.010835262015461922,1.7457835674285889,0.7271525263786316
colbench_backend_programming,394,1.8911622762680054,-0.010666119866073132,1.7452566623687744,0.7284049987792969
colbench_backend_programming,266,1.8911421298980713,-0.010679727420210838,1.745176076889038,0.7285459041595459
colbench_backend_programming,184,1.891136646270752,-0.010377608239650726,1.745437741279602,0.7279044389724731
colbench_backend_programming,334,1.8911203145980835,-0.010661465115845203,1.7453837394714355,0.7279914021492004
colbench_backend_programming,963,1.8911147117614746,-0.010712789371609688,1.7454262971878052,0.7278749942779541
colbench_backend_programming,360,1.891113042831421,-0.010587915778160095,1.745012640953064,0.7288615703582764
colbench_backend_programming,470,1.8911031484603882,-0.010784806683659554,1.7457231283187866,0.7271324992179871
colbench_backend_programming,490,1.8911012411117554,-0.011178465560078621,1.7476314306259155,0.7225290536880493
colbench_backend_programming,104,1.8910958766937256,-0.010961956344544888,1.7461261749267578,0.7261451482772827
colbench_backend_programming,842,1.891077995300293,-0.010587656870484352,1.745227336883545,0.728256344795227
colbench_backend_programming,626,1.891044020652771,-0.010708785615861416,1.7448954582214355,0.7289633750915527
colbench_backend_programming,4,1.8910315036773682,-0.010743706487119198,1.745518445968628,0.727437436580658
colbench_backend_programming,188,1.8910152912139893,-0.01058106403797865,1.744862675666809,0.7289671897888184
colbench_backend_programming,620,1.8909891843795776,-0.010290575213730335,1.7451571226119995,0.7281939387321472
colbench_backend_programming,616,1.890985369682312,-0.010798054747283459,1.7448177337646484,0.7289971113204956
colbench_backend_programming,251,1.8909651041030884,-0.0107159074395895,1.745517611503601,0.7272669076919556
colbench_backend_programming,385,1.8908792734146118,-0.010937529616057873,1.7460877895355225,0.7256733179092407
colbench_backend_programming,169,1.8908753395080566,-0.025696586817502975,1.5917837619781494,1.0206046104431152
colbench_backend_programming,3,1.890837550163269,-0.010489721782505512,1.7449243068695068,0.7283584475517273
colbench_backend_programming,191,1.8907945156097412,-0.010648421943187714,1.7448307275772095,0.7284706830978394
colbench_backend_programming,151,1.8907709121704102,-0.010678504593670368,1.6246917247772217,0.9671565294265747
colbench_backend_programming,159,1.890757441520691,-0.01065702736377716,1.7446284294128418,0.7288589477539062
colbench_backend_programming,832,1.890730619430542,-0.01058712974190712,1.7447909116744995,0.7284003496170044
colbench_backend_programming,205,1.8907006978988647,-0.01075769029557705,1.7448426485061646,0.728198766708374
colbench_backend_programming,570,1.8906899690628052,-0.01061219535768032,1.7450556755065918,0.7276598811149597
colbench_backend_programming,551,1.8905612230300903,-0.010821659117937088,1.746100664138794,0.7248131632804871
colbench_backend_programming,634,1.8905612230300903,-0.010407174937427044,1.7442532777786255,0.7292476296424866
colbench_backend_programming,207,1.8905609846115112,-0.01080086175352335,1.7458571195602417,0.7253991365432739
colbench_backend_programming,257,1.890556812286377,-0.010787172242999077,1.745043396949768,0.7273435592651367
colbench_backend_programming,954,1.890555739402771,-0.010725950822234154,1.7454725503921509,0.7263101935386658
colbench_backend_programming,306,1.8905503749847412,-0.010867818258702755,1.7454428672790527,0.7263674736022949
colbench_backend_programming,224,1.8905047178268433,-0.010461211204528809,1.7441579103469849,0.7293293476104736
colbench_backend_programming,129,1.8904520273208618,-0.010956463403999805,1.7453099489212036,0.7264310717582703
colbench_backend_programming,552,1.8904470205307007,-0.010449369437992573,1.7454354763031006,0.7261162400245667
colbench_backend_programming,907,1.8904380798339844,-0.010592017322778702,1.7444722652435303,0.7284040451049805
colbench_backend_programming,58,1.8904342651367188,-0.010699373669922352,1.745131254196167,0.7268140912055969
colbench_backend_programming,332,1.8904063701629639,-0.010755718685686588,1.744842767715454,0.7274338006973267
colbench_backend_programming,796,1.8903864622116089,-0.010269894264638424,1.743757963180542,0.7299790382385254
colbench_backend_programming,606,1.8903547525405884,-0.010386694222688675,1.7444472312927246,0.7282478213310242
colbench_backend_programming,351,1.8902709484100342,-0.010841123759746552,1.7454382181167603,0.7256511449813843
colbench_backend_programming,913,1.8902608156204224,-0.011124555952847004,1.7460029125213623,0.7242647409439087
colbench_backend_programming,958,1.8902554512023926,-0.010906707495450974,1.745521903038025,0.7254095673561096
colbench_backend_programming,849,1.8902148008346558,-0.01065272931009531,1.7451406717300415,0.7262204885482788
colbench_backend_programming,476,1.8901524543762207,-0.010830230079591274,1.7450308799743652,0.7263216972351074
colbench_backend_programming,310,1.8899459838867188,-0.010888238437473774,1.7456941604614258,0.7241874933242798
colbench_backend_programming,339,1.889888048171997,-0.010539636015892029,1.7440011501312256,0.7281048893928528
colbench_backend_programming,152,1.8898545503616333,-0.010646840557456017,1.7439730167388916,0.7280853986740112
colbench_backend_programming,517,1.8898319005966187,-0.010754973627626896,1.7443584203720093,0.7271026372909546
colbench_backend_programming,495,1.8897641897201538,-0.01137421652674675,1.7464345693588257,0.7219243049621582
colbench_backend_programming,109,1.8897470235824585,0.017179446294903755,1.4693914651870728,1.188289761543274
colbench_backend_programming,948,1.8897182941436768,-0.010988430120050907,1.7454476356506348,0.7241877317428589
colbench_backend_programming,931,1.8897055387496948,-0.010486487299203873,1.7436374425888062,0.7285022139549255
colbench_backend_programming,555,1.889608383178711,-0.010655648075044155,1.744364857673645,0.7265060544013977
colbench_backend_programming,446,1.8895481824874878,0.01745937205851078,1.4715330600738525,1.1853196620941162
colbench_backend_programming,9,1.889545202255249,-0.010487870313227177,1.7442559003829956,0.7266032695770264
colbench_backend_programming,102,1.8895354270935059,-0.010846714489161968,1.7441744804382324,0.7267735004425049
colbench_backend_programming,719,1.8894721269607544,-0.010597010143101215,1.7442978620529175,0.7263124585151672
colbench_backend_programming,614,1.8894197940826416,0.01813146099448204,1.6391613483428955,0.9397111535072327
colbench_backend_programming,806,1.8894023895263672,-0.010622598230838776,1.7439441680908203,0.7269800901412964
colbench_backend_programming,618,1.8893187046051025,0.017649520188570023,1.588491678237915,1.0228486061096191
colbench_backend_programming,372,1.8893120288848877,0.01145256869494915,1.6659015417099,0.891219437122345
colbench_backend_programming,198,1.8891127109527588,0.017720969393849373,1.471200942993164,1.1850378513336182
colbench_backend_programming,945,1.8890069723129272,0.016408249735832214,1.4737825393676758,1.1816567182540894
colbench_backend_programming,790,1.8889514207839966,0.017532020807266235,1.472000241279602,1.1837875843048096
colbench_backend_programming,586,1.8889226913452148,-0.010624942369759083,1.743843913078308,0.7259733080863953
colbench_backend_programming,408,1.8887264728546143,-0.010902066715061665,1.7451913356781006,0.7222152948379517
colbench_backend_programming,263,1.8887224197387695,-0.010723934508860111,1.7436461448669434,0.7259272933006287
colbench_backend_programming,662,1.8886594772338867,-0.01044138427823782,1.742591381072998,0.7282923460006714
colbench_backend_programming,418,1.888482928276062,0.013125988654792309,1.6772959232330322,0.8677821755409241
colbench_backend_programming,546,1.8883768320083618,0.017452683299779892,1.4693491458892822,1.186161994934082
colbench_backend_programming,229,1.8878860473632812,-0.01042041927576065,1.7422300577163696,0.727150559425354
colbench_backend_programming,434,1.8875974416732788,0.0010768716456368566,1.6365923881530762,0.9405261278152466
colbench_backend_programming,47,1.8873672485351562,0.006561705842614174,1.6370793581008911,0.9392157196998596
colbench_backend_programming,704,1.8873273134231567,-0.010793253779411316,1.7430862188339233,0.723639965057373
colbench_backend_programming,762,1.8872791528701782,-0.009620409458875656,1.6717113256454468,0.8759015202522278
colbench_backend_programming,128,1.8871526718139648,-0.010734607465565205,1.7427996397018433,0.723874568939209
colbench_backend_programming,354,1.8867164850234985,0.006172883789986372,1.5615581274032593,1.0588840246200562
colbench_backend_programming,549,1.8861937522888184,0.02231118269264698,1.5846585035324097,1.0230270624160767
colbench_backend_programming,638,1.8861422538757324,0.027858419343829155,1.5621932744979858,1.056922435760498
colbench_backend_programming,308,1.8859957456588745,-0.011856386438012123,1.7432563304901123,0.719748318195343
colbench_backend_programming,235,1.8857921361923218,0.019576098769903183,1.6712905168533325,0.8734987378120422
colbench_backend_programming,26,1.8851888179779053,0.018201114609837532,1.4655447006225586,1.1857974529266357
colbench_backend_programming,730,1.8850699663162231,0.027329541742801666,1.563002586364746,1.0538080930709839
colbench_backend_programming,254,1.8850229978561401,-0.0008590572979301214,1.6180918216705322,0.9670009016990662
colbench_backend_programming,234,1.8846423625946045,0.016368268057703972,1.4690639972686768,1.1805626153945923
colbench_backend_programming,226,1.8844982385635376,0.017164524644613266,1.4672112464904785,1.1826345920562744
colbench_backend_programming,698,1.8843352794647217,0.018996218219399452,1.60812246799469,0.9821717739105225
colbench_backend_programming,717,1.883998990058899,-0.01071460172533989,1.7398958206176758,0.7226442694664001
colbench_backend_programming,43,1.8837227821350098,0.018110601231455803,1.4698364734649658,1.1781307458877563
colbench_backend_programming,646,1.8835580348968506,0.017755582928657532,1.46330726146698,1.1859689950942993
colbench_backend_programming,528,1.8835325241088867,0.01800370402634144,1.4632614850997925,1.1859850883483887
colbench_backend_programming,175,1.883134126663208,0.014141850173473358,1.6367135047912598,0.9313234090805054
colbench_backend_programming,769,1.8830691576004028,0.021887263283133507,1.6341545581817627,0.935675323009491
colbench_backend_programming,718,1.8829002380371094,0.022104302421212196,1.63820219039917,0.9282278418540955
colbench_backend_programming,92,1.8826018571853638,0.0170213021337986,1.4665775299072266,1.1803983449935913
colbench_backend_programming,984,1.8823102712631226,0.018385546281933784,1.6335030794143677,0.9352858662605286
colbench_backend_programming,865,1.8822859525680542,0.032687220722436905,1.585052490234375,1.0151891708374023
colbench_backend_programming,523,1.8816874027252197,0.006905579939484596,1.6331559419631958,0.9346385598182678
colbench_backend_programming,818,1.8814822435379028,-0.010637705214321613,1.737756609916687,0.7212331891059875
colbench_backend_programming,780,1.8813115358352661,-0.009232147596776485,1.6670669317245483,0.8719065189361572
colbench_backend_programming,492,1.8811756372451782,0.017529064789414406,1.5595450401306152,1.05197012424469
colbench_backend_programming,36,1.881061315536499,-0.0035097452346235514,1.630122423171997,0.9386653900146484
colbench_backend_programming,909,1.8810559511184692,-0.010917434468865395,1.738311767578125,0.718779444694519
colbench_backend_programming,373,1.880496859550476,0.016986461356282234,1.466803789138794,1.1767561435699463
colbench_backend_programming,556,1.8804749250411987,0.01675347052514553,1.4665719270706177,1.1770100593566895
colbench_backend_programming,316,1.8804264068603516,0.01201320718973875,1.6657508611679077,0.87251216173172
colbench_backend_programming,91,1.880381464958191,0.005460561718791723,1.585657000541687,1.010705828666687
colbench_backend_programming,415,1.880376935005188,0.002274385653436184,1.5845263004302979,1.0124691724777222
colbench_backend_programming,407,1.8802653551101685,0.01707082986831665,1.62101149559021,0.9527433514595032
colbench_backend_programming,468,1.8801106214523315,-0.003348997561261058,1.6603846549987793,0.8820083141326904
colbench_backend_programming,766,1.880035400390625,0.017306292429566383,1.4635639190673828,1.1800482273101807
colbench_backend_programming,624,1.8798515796661377,-0.010232598520815372,1.664132833480835,0.8743590116500854
colbench_backend_programming,679,1.8798484802246094,0.01003162283450365,1.6171785593032837,0.9584172368049622
colbench_backend_programming,689,1.879777193069458,0.01789727620780468,1.4625543355941772,1.1808881759643555
colbench_backend_programming,269,1.8796297311782837,0.018461700528860092,1.5667128562927246,1.0384694337844849
colbench_backend_programming,911,1.8795740604400635,0.01906064711511135,1.462295651435852,1.1808853149414062
colbench_backend_programming,451,1.8793237209320068,0.01715865544974804,1.4641940593719482,1.1781312227249146
colbench_backend_programming,990,1.8792849779129028,0.02135317400097847,1.649684190750122,0.9001410603523254
colbench_backend_programming,329,1.8792083263397217,0.03213408589363098,1.4669666290283203,1.174492597579956
colbench_backend_programming,799,1.879137396812439,-0.004127262160181999,1.6459906101226807,0.9065718054771423
colbench_backend_programming,692,1.8790431022644043,0.01566723920404911,1.6687678098678589,0.8637228608131409
colbench_backend_programming,425,1.8788011074066162,0.020340796560049057,1.4624559879302979,1.1794557571411133
colbench_backend_programming,342,1.878382921218872,0.018754340708255768,1.4627151489257812,1.178467869758606
colbench_backend_programming,350,1.8783717155456543,-0.006696470081806183,1.6616744995117188,0.8758528232574463
colbench_backend_programming,261,1.8781719207763672,0.020273026078939438,1.6006526947021484,0.9825684428215027
colbench_backend_programming,695,1.877964735031128,0.00820895191282034,1.669948935508728,0.859082043170929
colbench_backend_programming,136,1.877950668334961,0.03838932141661644,1.584006667137146,1.0087722539901733
colbench_backend_programming,441,1.8775737285614014,0.022601712495088577,1.5986902713775635,0.9846178889274597
colbench_backend_programming,145,1.8772791624069214,0.007841067388653755,1.555931568145752,1.0503588914871216
colbench_backend_programming,19,1.877202033996582,0.005374161992222071,1.5558758974075317,1.05030357837677
colbench_backend_programming,480,1.8766090869903564,0.017557509243488312,1.459277868270874,1.1799025535583496
colbench_backend_programming,761,1.875586748123169,0.018896983936429024,1.4601709842681885,1.1771687269210815
colbench_backend_programming,547,1.87509024143219,0.019554156810045242,1.4585305452346802,1.1784108877182007
colbench_backend_programming,853,1.8748691082000732,0.004717008210718632,1.6646065711975098,0.8626813888549805
colbench_backend_programming,46,1.874687910079956,0.01710001565515995,1.4607510566711426,1.1750153303146362
colbench_backend_programming,710,1.8746116161346436,0.02031261846423149,1.4611430168151855,1.1744060516357422
colbench_backend_programming,21,1.8745745420455933,-0.008942137472331524,1.6105979681015015,0.9591683149337769
colbench_backend_programming,753,1.8743597269058228,0.016486918553709984,1.4616445302963257,1.17337965965271
colbench_backend_programming,240,1.8743005990982056,0.01948019489645958,1.4587773084640503,1.1768481731414795
colbench_backend_programming,581,1.8740969896316528,0.01832638308405876,1.4604761600494385,1.1744142770767212
colbench_backend_programming,767,1.8733112812042236,0.038723405450582504,1.5793390274047852,1.0074636936187744
colbench_backend_programming,192,1.8732831478118896,0.011881515383720398,1.627492904663086,0.9276078939437866
colbench_backend_programming,45,1.8728272914886475,0.011113569140434265,1.610219120979309,0.9563871026039124
colbench_backend_programming,392,1.872758388519287,0.006802401505410671,1.6437526941299438,0.8973857164382935
colbench_backend_programming,499,1.8720993995666504,-0.006832649931311607,1.600355863571167,0.9713994860649109
colbench_backend_programming,829,1.8720089197158813,0.018048418685793877,1.4545584917068481,1.1784214973449707
colbench_backend_programming,383,1.8710461854934692,-0.020094145089387894,1.6175239086151123,0.9404414296150208
colbench_backend_programming,478,1.8707939386367798,0.02163233980536461,1.4529194831848145,1.178513765335083
colbench_backend_programming,87,1.8707880973815918,0.00982347596436739,1.546751618385315,1.0523343086242676
colbench_backend_programming,176,1.8706729412078857,-0.015154777094721794,1.639987826347351,0.8999207019805908
colbench_backend_programming,932,1.8706179857254028,0.01813635788857937,1.4589643478393555,1.170741081237793
colbench_backend_programming,915,1.8704293966293335,-0.004218368791043758,1.5509105920791626,1.0455536842346191
colbench_backend_programming,530,1.8703480958938599,0.01819215714931488,1.4561936855316162,1.1737555265426636
colbench_backend_programming,302,1.8703370094299316,-0.009741955436766148,1.6247395277023315,0.926488995552063
colbench_backend_programming,44,1.8703370094299316,0.008610397577285767,1.5449575185775757,1.054166316986084
colbench_backend_programming,200,1.8697049617767334,-0.010910635814070702,1.6584914922714233,0.8632510304450989
colbench_backend_programming,690,1.8695837259292603,-0.00029636509134434164,1.6573375463485718,0.8652026057243347
colbench_backend_programming,834,1.8695399761199951,0.04239939898252487,1.5942949056625366,0.976423978805542
colbench_backend_programming,541,1.869400143623352,-0.019382832571864128,1.6579076051712036,0.8637124300003052
colbench_backend_programming,70,1.8690237998962402,0.017678750678896904,1.4547885656356812,1.1733882427215576
colbench_backend_programming,904,1.8687525987625122,0.010700062848627567,1.6374890804290771,0.9004809260368347
colbench_backend_programming,874,1.8687236309051514,-0.02316056191921234,1.6176187992095947,0.9356481432914734
colbench_backend_programming,164,1.8686474561691284,-0.0006369728362187743,1.6601848602294922,0.8576884865760803
colbench_backend_programming,140,1.868571400642395,0.0035038746427744627,1.6060123443603516,0.9551352858543396
colbench_backend_programming,460,1.8684581518173218,0.011982896365225315,1.6559665203094482,0.8653963208198547
colbench_backend_programming,798,1.8683310747146606,0.003902500495314598,1.5718095302581787,1.0099881887435913
colbench_backend_programming,995,1.8682940006256104,0.009962220676243305,1.5457775592803955,1.049330234527588
colbench_backend_programming,395,1.867989420890808,0.0008641279418952763,1.6608341932296753,0.8549939393997192
colbench_backend_programming,677,1.8678181171417236,0.004107485990971327,1.6361618041992188,0.9009544253349304
colbench_backend_programming,603,1.867462158203125,0.01771654561161995,1.6378978490829468,0.8970538973808289
colbench_backend_programming,413,1.8673205375671387,0.007500130217522383,1.6606473922729492,0.8538946509361267
colbench_backend_programming,896,1.865657091140747,0.0015041821170598269,1.6565438508987427,0.8582183718681335
colbench_backend_programming,330,1.8653119802474976,0.018152261152863503,1.4521832466125488,1.170706033706665
colbench_backend_programming,699,1.8653043508529663,0.02952956035733223,1.5462837219238281,1.0432482957839966
colbench_backend_programming,920,1.8651028871536255,-0.0077204457484185696,1.65492582321167,0.8601332902908325
colbench_backend_programming,700,1.865074872970581,0.01947755180299282,1.449522852897644,1.173621654510498
colbench_backend_programming,244,1.8648567199707031,-0.02277904376387596,1.654131531715393,0.861126720905304
colbench_backend_programming,325,1.8647805452346802,0.03286884352564812,1.6379107236862183,0.8914340734481812
colbench_backend_programming,431,1.864696979522705,-0.004443973768502474,1.6030012369155884,0.9526183605194092
colbench_backend_programming,908,1.8646225929260254,0.016413060948252678,1.6551244258880615,0.8587086200714111
colbench_backend_programming,844,1.8645607233047485,0.010319157503545284,1.6555362939834595,0.857779860496521
colbench_backend_programming,914,1.8645069599151611,-0.0004468649276532233,1.6465942859649658,0.8747076988220215
colbench_backend_programming,353,1.8641276359558105,0.018204117193818092,1.4511055946350098,1.1701557636260986
colbench_backend_programming,681,1.8637133836746216,0.01991298794746399,1.451169490814209,1.1694164276123047
colbench_backend_programming,664,1.8635759353637695,0.015264593996107578,1.5700571537017822,1.0039103031158447
colbench_backend_programming,81,1.8632515668869019,0.0276182908564806,1.5917694568634033,0.968491792678833
colbench_backend_programming,936,1.863038182258606,-0.011114852502942085,1.633237600326538,0.89635169506073
colbench_backend_programming,711,1.8626981973648071,0.017595438286662102,1.450549840927124,1.1685675382614136
colbench_backend_programming,961,1.8626395463943481,-0.016309048980474472,1.6525242328643799,0.8594123125076294
colbench_backend_programming,328,1.8615505695343018,0.01762857660651207,1.4493509531021118,1.1682261228561401
colbench_backend_programming,890,1.8613197803497314,0.01764262653887272,1.4486497640609741,1.168727993965149
colbench_backend_programming,861,1.8607444763183594,0.021248096600174904,1.6323814392089844,0.8931409120559692
colbench_backend_programming,249,1.8606410026550293,0.02420973591506481,1.4483847618103027,1.1679754257202148
colbench_backend_programming,38,1.8604902029037476,-0.006862604059278965,1.6465455293655396,0.8662052750587463
colbench_backend_programming,223,1.8603980541229248,0.005558506119996309,1.6544888019561768,0.8507335186004639
colbench_backend_programming,593,1.8599289655685425,0.021958114579319954,1.5668838024139404,1.0021032094955444
colbench_backend_programming,557,1.859890103340149,-0.008094356395304203,1.6480799913406372,0.8619880676269531
colbench_backend_programming,852,1.8598809242248535,-0.012143203057348728,1.5621999502182007,1.009300947189331
colbench_backend_programming,991,1.8594425916671753,0.005213298834860325,1.6480616331100464,0.8610571622848511
colbench_backend_programming,756,1.8592040538787842,0.018777118995785713,1.447689414024353,1.166548252105713
colbench_backend_programming,243,1.8580294847488403,0.02017253264784813,1.4469401836395264,1.1656060218811035
colbench_backend_programming,255,1.8565376996994019,0.006171622779220343,1.5353714227676392,1.0437272787094116
colbench_backend_programming,331,1.8564581871032715,0.015781085938215256,1.5446898937225342,1.02974271774292
colbench_backend_programming,791,1.855995535850525,-0.0015777918742969632,1.596137285232544,0.947135329246521
colbench_backend_programming,868,1.8557779788970947,0.02402614988386631,1.537035346031189,1.039920449256897
colbench_backend_programming,76,1.855705976486206,0.007855799049139023,1.5974352359771729,0.9443755745887756
colbench_backend_programming,267,1.855502963066101,0.01847936026751995,1.4437000751495361,1.16559898853302
colbench_backend_programming,917,1.855138897895813,0.02036498859524727,1.4467616081237793,1.1612154245376587
colbench_backend_programming,950,1.8549050092697144,0.01728464849293232,1.6219828128814697,0.899913489818573
colbench_backend_programming,376,1.8548970222473145,-0.007224362343549728,1.6454942226409912,0.8561493754386902
colbench_backend_programming,149,1.8545875549316406,0.01100790686905384,1.5789088010787964,0.972903847694397
colbench_backend_programming,568,1.8535889387130737,0.010998673737049103,1.5324238538742065,1.0428178310394287
colbench_backend_programming,163,1.853347897529602,0.023309750482439995,1.5949034690856934,0.9440239071846008
colbench_backend_programming,560,1.8533116579055786,-0.00959612987935543,1.6230149269104004,0.894754946231842
colbench_backend_programming,323,1.853056788444519,0.019268130883574486,1.4424779415130615,1.1632182598114014
colbench_backend_programming,503,1.853042483329773,0.029643002897500992,1.5820229053497314,0.9648678302764893
colbench_backend_programming,525,1.8521240949630737,0.01578790694475174,1.6395440101623535,0.8615446090698242
colbench_backend_programming,228,1.8517990112304688,0.01988694630563259,1.560357689857483,0.9972177147865295
colbench_backend_programming,5,1.8513720035552979,0.016801031306385994,1.6321470737457275,0.8738846778869629
colbench_backend_programming,902,1.8509691953659058,0.016876954585313797,1.55716872215271,1.0006561279296875
colbench_backend_programming,605,1.850813627243042,0.020881563425064087,1.535429835319519,1.0334246158599854
colbench_backend_programming,259,1.8504687547683716,-0.0013576257042586803,1.6046606302261353,0.9215741753578186
colbench_backend_programming,630,1.8500815629959106,0.05620669946074486,1.5589548349380493,0.9962236881256104
colbench_backend_programming,237,1.849133014678955,0.013565745204687119,1.5889697074890137,0.9457632303237915
colbench_backend_programming,442,1.847754955291748,0.020489638671278954,1.4357891082763672,1.1630598306655884
colbench_backend_programming,519,1.8476510047912598,-0.01633540727198124,1.601648211479187,0.9211606383323669
colbench_backend_programming,792,1.8469328880310059,0.0033110356889665127,1.5713527202606201,0.970572829246521
colbench_backend_programming,815,1.8468092679977417,-0.0035782777704298496,1.6380313634872437,0.8529698848724365
colbench_backend_programming,647,1.8462464809417725,-0.003960516769438982,1.6164655685424805,0.892000675201416
colbench_backend_programming,179,1.8455564975738525,-0.012101836502552032,1.549530267715454,1.0025142431259155
colbench_backend_programming,107,1.8454554080963135,-0.011511050164699554,1.5938968658447266,0.9301602840423584
colbench_backend_programming,921,1.8454313278198242,-0.021269818767905235,1.6350197792053223,0.8557610511779785
colbench_backend_programming,489,1.8448171615600586,0.0022201326210051775,1.550729751586914,0.9992935657501221
colbench_backend_programming,869,1.8443162441253662,0.030823756009340286,1.52897310256958,1.0313795804977417
colbench_backend_programming,650,1.8438149690628052,0.001947182696312666,1.6147887706756592,0.8900060057640076
colbench_backend_programming,457,1.843813180923462,0.018979959189891815,1.4343748092651367,1.1585404872894287
colbench_backend_programming,201,1.8435055017471313,0.013521708548069,1.5243419408798218,1.0367710590362549
colbench_backend_programming,89,1.8432611227035522,-0.007506160531193018,1.613814115524292,0.8906265497207642
colbench_backend_programming,233,1.8431510925292969,0.013505363836884499,1.5494375228881836,0.9982231259346008
colbench_backend_programming,409,1.842911720275879,0.031507909297943115,1.4358714818954468,1.1552475690841675
colbench_backend_programming,608,1.8428806066513062,-0.016984691843390465,1.5998643636703491,0.9146818518638611
colbench_backend_programming,860,1.8426605463027954,0.01890331134200096,1.5863631963729858,0.9374698400497437
colbench_backend_programming,83,1.8422352075576782,0.02170930989086628,1.4324095249176025,1.1584616899490356
colbench_backend_programming,274,1.8422092199325562,-0.00147601671051234,1.5479772090911865,0.998749852180481
colbench_backend_programming,265,1.8409600257873535,0.021503975614905357,1.6008667945861816,0.9090431332588196
colbench_backend_programming,287,1.8407961130142212,0.038058824837207794,1.587831735610962,0.9313005208969116
colbench_backend_programming,777,1.8403441905975342,0.007813791744410992,1.6358880996704102,0.8430522084236145
colbench_backend_programming,739,1.8402405977249146,0.047356609255075455,1.585439920425415,0.9342728853225708
colbench_backend_programming,366,1.840183138847351,-0.013727649115025997,1.6335958242416382,0.847135603427887
colbench_backend_programming,572,1.8398826122283936,0.010118760168552399,1.6348892450332642,0.8439817428588867
colbench_backend_programming,286,1.8397883176803589,0.019505685195326805,1.521159052848816,1.0348411798477173
colbench_backend_programming,755,1.8397294282913208,0.02169063501060009,1.5988695621490479,0.9100661277770996
colbench_backend_programming,722,1.8393399715423584,0.006483923178166151,1.521338939666748,1.0337790250778198
colbench_backend_programming,573,1.8391016721725464,0.01936298795044422,1.4290796518325806,1.157595157623291
colbench_backend_programming,126,1.8390554189682007,0.027510367333889008,1.431340217590332,1.1547249555587769
colbench_backend_programming,611,1.8388549089431763,0.027121158316731453,1.5493403673171997,0.9904199838638306
colbench_backend_programming,580,1.8384685516357422,-0.006369598209857941,1.596279501914978,0.9120625853538513
colbench_backend_programming,193,1.837334156036377,0.025217754766345024,1.4306589365005493,1.1528277397155762
colbench_backend_programming,607,1.8372076749801636,0.0075338478200137615,1.63545560836792,0.8370285034179688
colbench_backend_programming,453,1.8362834453582764,0.05524389445781708,1.5638474225997925,0.962454080581665
colbench_backend_programming,338,1.8362606763839722,0.007752049248665571,1.5941067934036255,0.9114145636558533
colbench_backend_programming,731,1.836126685142517,0.008070421405136585,1.5920413732528687,0.9147489070892334
colbench_backend_programming,397,1.8361165523529053,0.01885870099067688,1.4266605377197266,1.1558388471603394
colbench_backend_programming,500,1.8358550071716309,-0.011248188093304634,1.5546371936798096,0.9764562249183655
colbench_backend_programming,86,1.835784673690796,0.016058724373579025,1.5799899101257324,0.9347391724586487
colbench_backend_programming,319,1.8354508876800537,0.02113056555390358,1.4277790784835815,1.1533979177474976
colbench_backend_programming,737,1.8354365825653076,0.005812325049191713,1.5939561128616333,0.9100172519683838
colbench_backend_programming,73,1.835185170173645,0.0010968690039590001,1.5214084386825562,1.0262655019760132
colbench_backend_programming,33,1.835072636604309,0.049600716680288315,1.5174272060394287,1.0319429636001587
colbench_backend_programming,167,1.834936499595642,0.026913950219750404,1.4261871576309204,1.1545484066009521
colbench_backend_programming,643,1.8348588943481445,0.025478187948465347,1.561020851135254,0.9643241167068481
colbench_backend_programming,889,1.8347443342208862,0.0020829138811677694,1.6296048164367676,0.8430153727531433
colbench_backend_programming,537,1.8346312046051025,0.015413647517561913,1.5143001079559326,1.035744547843933
colbench_backend_programming,813,1.8345592021942139,0.011792020872235298,1.5626798868179321,0.9610613584518433
colbench_backend_programming,923,1.8342504501342773,0.01929355040192604,1.5774414539337158,0.9360304474830627
colbench_backend_programming,324,1.8342126607894897,0.004091809503734112,1.5751469135284424,0.9398130774497986
colbench_backend_programming,545,1.8342115879058838,0.0024364623241126537,1.6080811023712158,0.8822738528251648
colbench_backend_programming,823,1.833624243736267,0.006610074080526829,1.5147738456726074,1.0332658290863037
colbench_backend_programming,30,1.8335145711898804,-0.0051554529927670956,1.6258947849273682,0.8474915623664856
colbench_backend_programming,166,1.832505226135254,-0.004944454878568649,1.6265517473220825,0.8440409302711487
colbench_backend_programming,597,1.8319648504257202,0.022837962955236435,1.4217441082000732,1.1553089618682861
colbench_backend_programming,627,1.8316946029663086,-0.01767038367688656,1.555144190788269,0.9677972197532654
colbench_backend_programming,601,1.8310354948043823,0.012047058902680874,1.5131628513336182,1.0310330390930176
colbench_backend_programming,340,1.830734133720398,0.04210256040096283,1.5622620582580566,0.9544237852096558
colbench_backend_programming,10,1.8305670022964478,-0.008239437825977802,1.5856380462646484,0.9147279858589172
colbench_backend_programming,315,1.8302220106124878,-0.003472208511084318,1.6232273578643799,0.8454854488372803
colbench_backend_programming,877,1.8301950693130493,0.026114897802472115,1.4245918989181519,1.1489787101745605
colbench_backend_programming,771,1.8299622535705566,0.0022524797823280096,1.6250889301300049,0.8413369059562683
colbench_backend_programming,708,1.8296300172805786,-0.015409569256007671,1.6217859983444214,0.8469686508178711
colbench_backend_programming,736,1.8284647464752197,0.006982607766985893,1.6032518148422241,0.8791284561157227
colbench_backend_programming,138,1.8282676935195923,0.017757149413228035,1.556257963180542,0.9594913721084595
colbench_backend_programming,404,1.8282239437103271,-0.002416641917079687,1.617300271987915,0.852492094039917
colbench_backend_programming,137,1.8282164335250854,0.0004911948926746845,1.5840911865234375,0.9127049446105957
colbench_backend_programming,488,1.8280878067016602,-0.012964718043804169,1.6012284755706787,0.8820273876190186
colbench_backend_programming,668,1.8278621435165405,0.004287402145564556,1.5737648010253906,0.9297013282775879
colbench_backend_programming,474,1.8278062343597412,-0.01033430639654398,1.621090292930603,0.8443589210510254
colbench_backend_programming,657,1.8275595903396606,0.010129407048225403,1.5133929252624512,1.0245076417922974
colbench_backend_programming,291,1.8272860050201416,0.024187365546822548,1.5817097425460815,0.9149691462516785
colbench_backend_programming,487,1.8271540403366089,-0.01743471249938011,1.5986425876617432,0.8847790360450745
colbench_backend_programming,295,1.8269803524017334,0.0362217016518116,1.5758100748062134,0.9244888424873352
colbench_backend_programming,768,1.826367974281311,0.02134048566222191,1.5615379810333252,0.9472165703773499
colbench_backend_programming,613,1.825238823890686,0.017679620534181595,1.5587317943572998,0.949658989906311
colbench_backend_programming,438,1.8251538276672363,-0.013019484467804432,1.5816054344177246,0.9108843803405762
colbench_backend_programming,953,1.825131893157959,0.017445389181375504,1.5515637397766113,0.961122453212738
colbench_backend_programming,986,1.8249382972717285,0.0127896498888731,1.6175042390823364,0.8450325131416321
colbench_backend_programming,507,1.8244889974594116,-0.009860698133707047,1.6180461645126343,0.843022346496582
colbench_backend_programming,591,1.8234690427780151,0.04940634220838547,1.5382683277130127,0.9791680574417114
colbench_backend_programming,64,1.8233904838562012,0.023365508764982224,1.4171593189239502,1.1473501920700073
colbench_backend_programming,652,1.822808861732483,0.010075400583446026,1.5535508394241333,0.9534738063812256
colbench_backend_programming,515,1.8221385478973389,0.016691723838448524,1.5702539682388306,0.9243870377540588
colbench_backend_programming,196,1.8218015432357788,0.02121642604470253,1.418328881263733,1.143373966217041
colbench_backend_programming,326,1.8215471506118774,-0.0022877489682286978,1.6171098947525024,0.8384449481964111
colbench_backend_programming,774,1.8214572668075562,0.010976227931678295,1.5505833625793457,0.9557183980941772
colbench_backend_programming,550,1.8211840391159058,0.009805163368582726,1.532818078994751,0.9834532737731934
colbench_backend_programming,565,1.8200352191925049,0.021396111696958542,1.5320128202438354,0.9825807213783264
colbench_backend_programming,702,1.8197687864303589,0.0056473142467439175,1.550057053565979,0.953352689743042
colbench_backend_programming,55,1.819061517715454,0.022888721898198128,1.506501317024231,1.0195285081863403
colbench_backend_programming,186,1.8177363872528076,0.005092017352581024,1.500921607017517,1.0253777503967285
colbench_backend_programming,585,1.8175034523010254,-0.010034286417067051,1.5919365882873535,0.8769587278366089
colbench_backend_programming,822,1.817128300666809,0.0338139645755291,1.5943071842193604,0.8718600869178772
colbench_backend_programming,851,1.816806435585022,0.004984349012374878,1.614092469215393,0.8339611887931824
colbench_backend_programming,371,1.8160743713378906,-0.007692710496485233,1.612174391746521,0.8360741138458252
colbench_backend_programming,118,1.8159997463226318,-0.0008397030760534108,1.575238585472107,0.9035918116569519
colbench_backend_programming,381,1.8159016370773315,0.019207414239645004,1.5282589197158813,0.9807770252227783
colbench_backend_programming,39,1.8157659769058228,0.004530951380729675,1.6137622594833374,0.8323325514793396
colbench_backend_programming,757,1.8155103921890259,-0.0023925737477838993,1.5881686210632324,0.8796581625938416
colbench_backend_programming,754,1.8148807287216187,0.029859349131584167,1.5474393367767334,0.9482741951942444
colbench_backend_programming,748,1.8148548603057861,0.026030883193016052,1.502785563468933,1.017513632774353
colbench_backend_programming,801,1.8145465850830078,-0.007001764606684446,1.5865519046783447,0.8805861473083496
colbench_backend_programming,7,1.8138176202774048,0.029757339507341385,1.4115670919418335,1.1390401124954224
colbench_backend_programming,250,1.8136146068572998,0.027061549946665764,1.5274124145507812,0.9778595566749573
colbench_backend_programming,604,1.8135266304016113,0.007856754586100578,1.5909335613250732,0.8705224394798279
colbench_backend_programming,440,1.8131054639816284,0.008670879527926445,1.543224811553955,0.9517397284507751
colbench_backend_programming,20,1.813056230545044,0.004885748960077763,1.5723921060562134,0.9026384353637695
colbench_backend_programming,477,1.8130208253860474,0.014298678375780582,1.6141655445098877,0.8255386352539062
colbench_backend_programming,82,1.8128985166549683,0.0015487407799810171,1.6077275276184082,0.8377428650856018
colbench_backend_programming,183,1.81271231174469,0.030963262543082237,1.5920275449752808,0.8668185472488403
colbench_backend_programming,346,1.8122289180755615,-0.006085313390940428,1.587185263633728,0.8746522068977356
colbench_backend_programming,292,1.8115957975387573,-0.009042579680681229,1.6073613166809082,0.8356248736381531
colbench_backend_programming,857,1.8114800453186035,0.027802737429738045,1.5570833683013916,0.925716757774353
colbench_backend_programming,985,1.8107095956802368,0.017653044313192368,1.5238523483276367,0.9780303835868835
colbench_backend_programming,483,1.8105003833770752,0.015907349064946175,1.5443484783172607,0.9449334740638733
colbench_backend_programming,84,1.8103325366973877,0.007668191101402044,1.5390456914901733,0.953227162361145
colbench_backend_programming,497,1.8098235130310059,0.02756342850625515,1.40630042552948,1.1392015218734741
colbench_backend_programming,684,1.809456706047058,0.01429008599370718,1.6099666357040405,0.8259181976318359
colbench_backend_programming,24,1.8088184595108032,0.018357694149017334,1.5847066640853882,0.8720830678939819
colbench_backend_programming,66,1.8087584972381592,0.018126901239156723,1.52497136592865,0.972661018371582
colbench_backend_programming,422,1.8086391687393188,0.01570534147322178,1.5896934270858765,0.8625836372375488
colbench_backend_programming,856,1.8076119422912598,0.01486891694366932,1.6058244705200195,0.8299329876899719
colbench_backend_programming,387,1.8075014352798462,0.01255787443369627,1.6015441417694092,0.837924599647522
colbench_backend_programming,403,1.8067809343338013,0.020560553297400475,1.57096266746521,0.8924873471260071
colbench_backend_programming,414,1.8066695928573608,0.05644027516245842,1.537917971611023,0.9480840563774109
colbench_backend_programming,740,1.8059970140457153,0.015517673455178738,1.4923632144927979,1.0170925855636597
colbench_backend_programming,680,1.804883599281311,0.033617932349443436,1.4050781726837158,1.132854700088501
colbench_backend_programming,260,1.8033993244171143,0.03300904482603073,1.552994728088379,0.9167643189430237
colbench_backend_programming,709,1.8032587766647339,0.006548552308231592,1.5485389232635498,0.9239964485168457
colbench_backend_programming,301,1.802565336227417,0.00972586590796709,1.5551769733428955,0.9114089012145996
colbench_backend_programming,389,1.8023802042007446,0.00998920388519764,1.4886292219161987,1.016148328781128
colbench_backend_programming,939,1.8019198179244995,-0.008655625395476818,1.5458012819290161,0.9259661436080933
colbench_backend_programming,180,1.8016637563705444,0.04364310950040817,1.56662917137146,0.8897557258605957
colbench_backend_programming,916,1.8014036417007446,0.014038302935659885,1.6015233993530273,0.8247288465499878
colbench_backend_programming,510,1.8010942935943604,0.020015601068735123,1.5324132442474365,0.9463879466056824
colbench_backend_programming,130,1.801052212715149,0.026020610705018044,1.3991800546646118,1.134056568145752
colbench_backend_programming,298,1.801015019416809,0.007967274636030197,1.580557942390442,0.8634185791015625
colbench_backend_programming,321,1.8009817600250244,-0.0026860530488193035,1.5977685451507568,0.8310661315917969
colbench_backend_programming,210,1.8008792400360107,0.033400777727365494,1.3997935056686401,1.1330243349075317
colbench_backend_programming,770,1.8001919984817505,0.019176704809069633,1.5506303310394287,0.914459764957428
colbench_backend_programming,825,1.8001093864440918,0.006169600412249565,1.5310466289520264,0.9467258453369141
colbench_backend_programming,212,1.8000240325927734,0.024736693128943443,1.4911150932312012,1.0082968473434448
colbench_backend_programming,715,1.7998254299163818,0.015698444098234177,1.5328952074050903,0.9431881308555603
colbench_backend_programming,598,1.7992994785308838,-0.012847907841205597,1.5960463285446167,0.8307313323020935
colbench_backend_programming,846,1.7992488145828247,-0.0066931894980371,1.5990099906921387,0.8249018788337708
colbench_backend_programming,14,1.7989553213119507,0.02980518527328968,1.55148184299469,0.9105736613273621
colbench_backend_programming,721,1.7987785339355469,0.024225160479545593,1.395277738571167,1.135255217552185
colbench_backend_programming,277,1.79864501953125,0.022568972781300545,1.3967185020446777,1.133270263671875
colbench_backend_programming,534,1.797815203666687,0.0033610889222472906,1.51417875289917,0.9692277312278748
colbench_backend_programming,337,1.7975594997406006,-0.011716865934431553,1.5944994688034058,0.8299347162246704
colbench_backend_programming,139,1.7969865798950195,0.008606587536633015,1.5467082262039185,0.9147975444793701
colbench_backend_programming,290,1.7966588735580444,0.0013214638456702232,1.5140628814697266,0.9672625064849854
colbench_backend_programming,622,1.796387791633606,-0.00023758577299304307,1.559077262878418,0.892349362373352
colbench_backend_programming,579,1.7953284978866577,-0.01348649337887764,1.5255095958709717,0.9465860724449158
colbench_backend_programming,548,1.7952128648757935,0.021015476435422897,1.511483907699585,0.9686101675033569
colbench_backend_programming,814,1.794272780418396,0.022177867591381073,1.3934319019317627,1.130381464958191
colbench_backend_programming,992,1.7936534881591797,0.012282105162739754,1.5577988624572754,0.889075517654419
colbench_backend_programming,182,1.7936410903930664,0.036597736179828644,1.5095038414001465,0.9687861204147339
colbench_backend_programming,63,1.793418049812317,-0.003568948246538639,1.5597667694091797,0.8851417303085327
colbench_backend_programming,429,1.7924972772598267,0.0012278336798772216,1.5687317848205566,0.8672524690628052
colbench_backend_programming,238,1.7924340963363647,-0.011790228076279163,1.5908348560333252,0.8258719444274902
colbench_backend_programming,804,1.79160737991333,0.0021777006331831217,1.5553765296936035,0.8891911506652832
colbench_backend_programming,502,1.7914443016052246,0.0213741734623909,1.5375511646270752,0.9193527102470398
colbench_backend_programming,318,1.7913151979446411,-0.007784498855471611,1.59064519405365,0.8238071203231812
colbench_backend_programming,112,1.789849042892456,0.025486456230282784,1.3899328708648682,1.127672791481018
colbench_backend_programming,90,1.7895653247833252,0.0248151496052742,1.5242571830749512,0.9376482963562012
colbench_backend_programming,707,1.7892885208129883,-0.019594065845012665,1.589724063873291,0.8211764097213745
colbench_backend_programming,713,1.789182424545288,-0.004889173898845911,1.5671824216842651,0.8631991744041443
colbench_backend_programming,866,1.7877990007400513,-0.024450160562992096,1.532644271850586,0.9204493165016174
colbench_backend_programming,448,1.7873626947402954,0.006551432888954878,1.5679597854614258,0.8580018281936646
colbench_backend_programming,124,1.786479115486145,-0.009990713559091091,1.5335204601287842,0.9164184927940369
colbench_backend_programming,663,1.786371111869812,0.017819834873080254,1.5012097358703613,0.9682412147521973
colbench_backend_programming,863,1.785315752029419,0.01050961297005415,1.5889866352081299,0.8139247894287109
colbench_backend_programming,181,1.7838765382766724,0.019887549802660942,1.586240291595459,0.8161231875419617
colbench_backend_programming,649,1.7834526300430298,0.0128509271889925,1.4986220598220825,0.9668688178062439
colbench_backend_programming,553,1.7823286056518555,0.010755645111203194,1.4986989498138428,0.9646745324134827
colbench_backend_programming,635,1.7818583250045776,-0.01606552116572857,1.562178611755371,0.8570981621742249
colbench_backend_programming,432,1.7811760902404785,0.007722357753664255,1.4701894521713257,1.0055501461029053
colbench_backend_programming,645,1.7806966304779053,-0.005737598054111004,1.5280386209487915,0.9143185019493103
colbench_backend_programming,283,1.780429482460022,0.044102828949689865,1.47101891040802,1.0030118227005005
colbench_backend_programming,531,1.7801674604415894,0.022964758798480034,1.4728977680206299,0.9997842311859131
colbench_backend_programming,278,1.7794173955917358,-0.009488527663052082,1.542586088180542,0.8869917988777161
colbench_backend_programming,384,1.7784740924835205,0.008186831139028072,1.5447864532470703,0.8812519907951355
colbench_backend_programming,348,1.7783305644989014,-0.0052050212398171425,1.5434389114379883,0.8833209872245789
colbench_backend_programming,508,1.778124451637268,0.02234172262251377,1.4780206680297852,0.9885250329971313
colbench_backend_programming,705,1.77644681930542,-0.00040426020859740674,1.5795079469680786,0.8129686117172241
colbench_backend_programming,758,1.775572419166565,0.0031505031511187553,1.507363200187683,0.938356876373291
colbench_backend_programming,703,1.773988962173462,0.006159044336527586,1.5769926309585571,0.8124846816062927
colbench_backend_programming,412,1.7723947763442993,-0.01655757799744606,1.5510833263397217,0.8576268553733826
colbench_backend_programming,802,1.77183198928833,0.014217911288142204,1.5226401090621948,0.9060662388801575
colbench_backend_programming,625,1.7678107023239136,-0.004605512134730816,1.569496750831604,0.8135320544242859
colbench_backend_programming,952,1.7674236297607422,-0.00953521579504013,1.5700342655181885,0.8116520047187805
colbench_backend_programming,509,1.7673254013061523,-0.0002824538678396493,1.4865477085113525,0.9558321237564087
colbench_backend_programming,486,1.7661060094833374,0.018946552649140358,1.5500164031982422,0.846510112285614
colbench_backend_programming,171,1.7647640705108643,0.005941817071288824,1.4625322818756104,0.987619161605835
colbench_backend_programming,1,1.763879418373108,0.02306577004492283,1.4607218503952026,0.9887174963951111
colbench_backend_programming,398,1.7635451555252075,-0.007005590014159679,1.5435022115707397,0.8530489802360535
colbench_backend_programming,22,1.762632966041565,0.00879266019910574,1.5440189838409424,0.8502238392829895
colbench_backend_programming,571,1.760875940322876,-0.012052007019519806,1.526879072189331,0.8771113157272339
colbench_backend_programming,262,1.7602030038833618,0.014546462334692478,1.565468430519104,0.8047503232955933
colbench_backend_programming,272,1.758769154548645,0.003374273655936122,1.562814474105835,0.8067713975906372
colbench_backend_programming,947,1.7585755586624146,0.03272797167301178,1.497583031654358,0.9218639135360718
colbench_backend_programming,776,1.7580163478851318,-0.012000923976302147,1.4759392738342285,0.9551045894622803
colbench_backend_programming,320,1.7579174041748047,0.0007644061697646976,1.5591493844985962,0.811989426612854
colbench_backend_programming,143,1.7576569318771362,0.03762399032711983,1.5110493898391724,0.8978238701820374
colbench_backend_programming,778,1.7572659254074097,0.019016532227396965,1.450127124786377,0.9925294518470764
colbench_backend_programming,282,1.7530593872070312,0.014308810234069824,1.559127926826477,0.8014597296714783
colbench_backend_programming,807,1.7530186176300049,-0.013202578760683537,1.5322554111480713,0.8516263961791992
colbench_backend_programming,830,1.7523193359375,0.03249130770564079,1.4812088012695312,0.9362924098968506
colbench_backend_programming,987,1.7486926317214966,0.04260024428367615,1.4929698705673218,0.9104762077331543
colbench_backend_programming,582,1.7452055215835571,0.002419122727587819,1.5321331024169922,0.8356497287750244
colbench_backend_programming,763,1.7452034950256348,-0.01608896814286709,1.51328444480896,0.8693132996559143
colbench_backend_programming,532,1.744956374168396,0.008526855148375034,1.5539275407791138,0.7938401103019714
colbench_backend_programming,481,1.7431707382202148,-0.007209829054772854,1.5463382005691528,0.8046628832817078
colbench_backend_programming,252,1.7423458099365234,-0.01421149168163538,1.461337924003601,0.9488205313682556
colbench_backend_programming,349,1.742084264755249,0.009297800250351429,1.4650022983551025,0.9426695108413696
colbench_backend_programming,683,1.738486886024475,0.03587288409471512,1.4364391565322876,0.9792748689651489
colbench_backend_programming,816,1.7376114130020142,0.03262322396039963,1.4873214960098267,0.8984254002571106
colbench_backend_programming,701,1.7353256940841675,0.009322687983512878,1.4769976139068604,0.9109518527984619
colbench_backend_programming,558,1.7340747117996216,-0.013687646016478539,1.5248939990997314,0.8256593942642212
colbench_backend_programming,189,1.7337638139724731,0.027617918327450752,1.488736629486084,0.8885946869850159
colbench_backend_programming,239,1.730470895767212,0.034353625029325485,1.3416004180908203,1.0929949283599854
colbench_backend_programming,751,1.7272508144378662,0.03692647069692612,1.4285800457000732,0.9708525538444519
colbench_backend_programming,35,1.7261134386062622,0.012359782122075558,1.4876207113265991,0.8754726648330688
colbench_backend_programming,471,1.7228469848632812,0.008711961098015308,1.5340583324432373,0.7841344475746155
colbench_backend_programming,217,1.7223716974258423,-0.011549537070095539,1.5088001489639282,0.8307144641876221
colbench_backend_programming,430,1.72197687625885,-0.006419747602194548,1.495460033416748,0.8537000417709351
colbench_backend_programming,452,1.7209810018539429,0.010752854868769646,1.4966506958007812,0.8495955467224121
colbench_backend_programming,165,1.71949303150177,0.002837763400748372,1.5257796049118042,0.7928763628005981
colbench_backend_programming,665,1.708083987236023,0.01757950522005558,1.4861600399017334,0.8419496417045593
colbench_backend_programming,447,1.7020211219787598,-0.003292663721367717,1.494170069694519,0.8150655031204224
colbench_backend_programming,876,1.7018852233886719,0.01231536827981472,1.4044984579086304,0.9611438512802124
colbench_backend_programming,979,1.7003068923950195,-0.01064174436032772,1.5108025074005127,0.7800766825675964
colbench_backend_programming,358,1.6993135213851929,0.023569216951727867,1.4000627994537354,0.96306312084198
colbench_backend_programming,401,1.689643383026123,0.002522552153095603,1.4521839618682861,0.8637455105781555
colbench_backend_programming,368,1.672081708908081,0.010099782608449459,1.4685556888580322,0.7995009422302246
colbench_backend_programming,49,1.6689931154251099,-0.0030121556483209133,1.4010976552963257,0.9068976640701294
colbench_backend_programming,396,1.6676973104476929,-0.019772367551922798,1.4612586498260498,0.8037024736404419
colbench_backend_programming,53,1.6650644540786743,0.02867303602397442,1.399147868156433,0.9026764631271362
colbench_backend_programming,458,1.6644716262817383,0.004779528360813856,1.4459023475646973,0.8245192170143127
colbench_backend_programming,837,1.6554268598556519,0.029804719612002373,1.391455888748169,0.8968212604522705
colbench_backend_programming,443,1.6392849683761597,0.03533713147044182,1.3544421195983887,0.9234403371810913
colbench_backend_programming,428,1.6372092962265015,0.006627179682254791,1.348703145980835,0.9281455278396606
colbench_backend_programming,115,1.6088286638259888,0.056990280747413635,1.32864511013031,0.9072109460830688
corebench_hard,capsule-3262218,3.1756086349487305,-0.006756747607141733,2.7685413360595703,1.5555282831192017
corebench_hard,capsule-9052293,3.1472580432891846,0.09886617958545685,2.6385104656219482,1.7156620025634766
corebench_hard,capsule-3418007,3.1271612644195557,-0.024028774350881577,2.7824854850769043,1.4272043704986572
corebench_hard,capsule-1394704,3.100259304046631,-0.04559393972158432,2.783574104309082,1.365035891532898
corebench_hard,capsule-9137200,3.07828950881958,-0.009757948108017445,2.686453342437744,1.5029419660568237
corebench_hard,capsule-2345790,3.0699658393859863,-0.01035463996231556,2.727073907852173,1.4098788499832153
corebench_hard,capsule-9911222,3.0627684593200684,-0.03712533414363861,2.7686734199523926,1.309579610824585
corebench_hard,capsule-3593259,3.057433843612671,0.05205411836504936,2.6006100177764893,1.607709288597107
corebench_hard,capsule-3301293,3.046445846557617,0.008692354895174503,2.62814998626709,1.5406687259674072
corebench_hard,capsule-6049678,3.040879249572754,0.07824745029211044,2.593419313430786,1.5878045558929443
corebench_hard,capsule-4252248,3.0290889739990234,-0.0673639327287674,2.773366928100586,1.2181196212768555
corebench_hard,capsule-9660931,3.0266711711883545,-0.056496623903512955,2.844938278198242,1.0329885482788086
corebench_hard,capsule-2708693,3.0188441276550293,-0.05492920055985451,2.6697187423706055,1.409263014793396
corebench_hard,capsule-4299879,3.012329578399658,-0.019495021551847458,2.709710121154785,1.3159031867980957
corebench_hard,capsule-3849634,3.011953592300415,-0.0038264545146375895,2.540966510772705,1.6172056198120117
corebench_hard,capsule-2816027,3.0100255012512207,0.01590580679476261,2.621513605117798,1.4791617393493652
corebench_hard,capsule-6003668,2.9958982467651367,0.006535838358104229,2.5482664108276367,1.5753552913665771
corebench_hard,capsule-7186268,2.993746757507324,-0.04519473388791084,2.628283739089966,1.4334030151367188
corebench_hard,capsule-1624349,2.9925544261932373,0.018874026834964752,2.6059863567352295,1.4711278676986694
corebench_hard,capsule-3821950,2.990840435028076,-0.055409323424100876,2.8124923706054688,1.0173559188842773
corebench_hard,capsule-4180912,2.989365339279175,0.06783545762300491,2.4922897815704346,1.6506959199905396
corebench_hard,capsule-9240688,2.9892468452453613,-0.007847544737160206,2.6653530597686768,1.353325366973877
corebench_hard,capsule-4728591,2.984729766845703,0.013433986343443394,2.5840702056884766,1.4937177896499634
corebench_hard,capsule-7716865,2.9831180572509766,-0.05044815316796303,2.7341508865356445,1.193068504333496
corebench_hard,capsule-3449234,2.982481002807617,-0.05149330943822861,2.732360601425171,1.195574402809143
corebench_hard,capsule-2804717,2.981283664703369,0.002133395988494158,2.6497151851654053,1.3664050102233887
corebench_hard,capsule-8536428,2.979593276977539,-0.052232950925827026,2.8027119636535645,1.0113266706466675
corebench_hard,capsule-8807709,2.974778413772583,-0.06199568882584572,2.6505863666534424,1.350443959236145
corebench_hard,capsule-9832712,2.952643632888794,-0.06581420451402664,2.630315065383911,1.3414720296859741
corebench_hard,capsule-0851068,2.948833703994751,0.07392987608909607,2.48545241355896,1.586867094039917
corebench_hard,capsule-4933686,2.9431912899017334,-0.04881367087364197,2.642153263092041,1.2966885566711426
corebench_hard,capsule-1724988,2.9367165565490723,0.011201362125575542,2.4901938438415527,1.5566753149032593
corebench_hard,capsule-5136217,2.9360246658325195,-0.057568687945604324,2.6525232791900635,1.258713722229004
corebench_hard,capsule-4671827,2.9325079917907715,0.03472869470715523,2.55603289604187,1.437462568283081
corebench_hard,capsule-2414499,2.9263668060302734,0.10163576155900955,2.4265825748443604,1.6356405019760132
corebench_hard,capsule-9054015,2.9182910919189453,0.004641687497496605,2.5808372497558594,1.3622413873672485
corebench_hard,capsule-5507257,2.8887150287628174,-0.03254152461886406,2.6585135459899902,1.1300359964370728
corebench_hard,capsule-0504157,2.8715224266052246,0.03845657408237457,2.4830708503723145,1.4422208070755005
corebench_hard,capsule-9641396,2.868425130844116,0.07372307032346725,2.413106679916382,1.5507352352142334
corebench_hard,capsule-0921079,2.860931873321533,0.041006989777088165,2.3892595767974854,1.573648452758789
corebench_hard,capsule-1175539,2.860306978225708,0.07362502813339233,2.376108407974243,1.5923142433166504
corebench_hard,capsule-3639589,2.8344240188598633,-0.021888775750994682,2.457875967025757,1.4116675853729248
corebench_hard,capsule-9670283,2.825937271118164,0.03397069126367569,2.405568838119507,1.4829566478729248
corebench_hard,capsule-8234136,2.823361873626709,-0.02418636530637741,2.522343873977661,1.268523931503296
corebench_hard,capsule-1900704,2.820995807647705,0.027193404734134674,2.462167978286743,1.3768608570098877
gaia,08c0b6e9-1b43-4c2e-ae55-4e3fce2c2715,2.3158349990844727,-0.03649316355586052,1.9470888376235962,1.2537689208984375
gaia,73c1b9fe-ee1d-4cf4-96ca-35c08f97b054,2.311791181564331,0.07611355930566788,1.898447871208191,1.3191944360733032
gaia,54612da3-fd56-4941-80f4-5eb82330de25,2.3115081787109375,0.08597558736801147,1.867698073387146,1.361901044845581
gaia,935e2cff-ae78-4218-b3f5-115589b19dae,2.3081390857696533,0.008941312320530415,1.8990224599838257,1.3119524717330933
gaia,0bb3b44a-ede5-4db5-a520-4e844b0079c5,2.307224988937378,0.0012016008840873837,1.9900532960891724,1.1674652099609375
gaia,7d4a7d1d-cac6-44a8-96e8-ea9584a70825,2.305312156677246,0.014021367765963078,1.9090352058410645,1.2923036813735962
gaia,dc22a632-937f-4e6a-b72f-ba0ff3f5ff97,2.2961575984954834,-0.06437665969133377,1.9653372764587402,1.187345266342163
gaia,a1e91b78-d3d8-4675-bb8d-62741b4b68a6,2.284494638442993,0.04574690759181976,1.844268560409546,1.3481801748275757
gaia,4b6bb5f7-f634-410e-815d-e673ab7f8632,2.262345790863037,0.015374066308140755,1.9254100322723389,1.1878572702407837
gaia,851e570a-e3de-4d84-bcfa-cc85578baa59,2.2573890686035156,-0.11862020194530487,1.9581358432769775,1.123169183731079
gaia,7bd855d8-463d-4ed5-93ca-5fe35145f733,2.2469875812530518,0.03289713338017464,1.82784104347229,1.306885838508606
gaia,cffe0e32-c9a6-4c52-9877-78ceb4aaa9fb,2.2334187030792236,0.01752369850873947,1.8474096059799194,1.25508451461792
gaia,56137764-b4e0-45b8-9c52-1866420c3df5,2.226914882659912,0.03967792168259621,1.7890315055847168,1.3260905742645264
gaia,5b2a14e8-6e59-479c-80e3-4696e8980152,2.2207958698272705,-0.03945915773510933,1.8975038528442383,1.1538690328598022
gaia,72e110e7-464c-453c-a309-90a95aed6538,2.216759443283081,-0.020009923726320267,1.879109263420105,1.1759977340698242
gaia,0bdb7c40-671d-4ad1-9ce3-986b159c0ddc,2.21157169342041,-0.018610769882798195,1.8592231273651123,1.1976388692855835
gaia,e142056d-56ab-4352-b091-b56054bd1359,2.208742618560791,-0.08610285818576813,2.0762479305267334,0.7534842491149902
gaia,076c8171-9b3b-49b9-a477-244d2a532826,2.207045793533325,0.06426125764846802,1.7471615076065063,1.3485093116760254
gaia,65638e28-7f37-4fa7-b7b9-8c19bb609879,2.2055225372314453,0.04890803247690201,1.8435612916946411,1.2106245756149292
gaia,17b5a6a3-bc87-42e8-b0fb-6ab0781ef2cc,2.2040629386901855,-0.014978609047830105,1.8159399032592773,1.2491021156311035
gaia,edd4d4f2-1a58-45c4-b038-67337af4e029,2.1993696689605713,0.0010850740363821387,1.7733546495437622,1.300938367843628
gaia,ebbc1f13-d24d-40df-9068-adcf735b4240,2.198770046234131,-0.09902367740869522,1.9066162109375,1.0951732397079468
gaia,16d825ff-1623-4176-a5b5-42e0f5c2b0ac,2.1987338066101074,0.035221755504608154,1.8545217514038086,1.1811771392822266
gaia,0ff53813-3367-4f43-bcbd-3fd725c1bf4b,2.1985740661621094,-0.019996091723442078,1.8157832622528076,1.2396206855773926
gaia,a0068077-79f4-461a-adfe-75c1a4148545,2.1955552101135254,0.020458636805415154,1.8305573463439941,1.2122389078140259
gaia,6b078778-0b90-464d-83f6-59511c811b01,2.194798707962036,-0.038022611290216446,1.8742350339889526,1.1420965194702148
gaia,f3917a3d-1d17-4ee2-90c5-683b072218fe,2.190831184387207,0.014741954393684864,1.8300144672393799,1.204486608505249
gaia,d1af70ea-a9a4-421a-b9cc-94b5e02f1788,2.189545154571533,0.00605951389297843,1.8712407350540161,1.1369107961654663
gaia,8b3379c0-0981-4f5b-8407-6444610cb212,2.188446521759033,0.03324062377214432,1.8881008625030518,1.1065140962600708
gaia,8f80e01c-1296-4371-9486-bb3d68651a60,2.187084913253784,-0.07799140363931656,2.0590288639068604,0.7373877763748169
gaia,9f41b083-683e-4dcf-9185-ccfeaa88fa45,2.1855790615081787,0.018212545663118362,1.8499778509140015,1.1637604236602783
gaia,ad37a656-079a-49f9-a493-7b739c9167d1,2.1813454627990723,0.028893548995256424,1.7268480062484741,1.332765817642212
gaia,00d579ea-0889-4fd9-a771-2c8d79835c8d,2.1813113689422607,-0.052585501223802567,1.8313202857971191,1.1850677728652954
gaia,71345b0a-9c7d-4b50-b2bf-937ec5879845,2.1800057888031006,-0.019029708579182625,1.817011833190918,1.2045302391052246
gaia,ded28325-3447-4c56-860f-e497d6fb3577,2.1771976947784424,-0.055945560336112976,2.052330255508423,0.7267259955406189
gaia,99c9cc74-fdc8-46c6-8f8d-3ce2d3bfeea3,2.175269365310669,0.041638124734163284,1.8654711246490479,1.118844985961914
gaia,cabe07ed-9eca-40ea-8ead-410ef5e83f91,2.174377918243408,0.004190994426608086,1.8135517835617065,1.1995623111724854
gaia,da52d699-e8d2-4dc5-9191-a2199e0b6a9b,2.1712234020233154,0.008577955886721611,1.78961980342865,1.2294193506240845
gaia,e9a2c537-8232-4c3f-85b0-b52de6bcba99,2.170839309692383,-0.023985035717487335,1.8863530158996582,1.074344277381897
gaia,ad2b4d70-9314-4fe6-bfbe-894a45f6055f,2.170792818069458,-0.04634161666035652,1.9051706790924072,1.0405125617980957
gaia,de9887f5-ead8-4727-876f-5a4078f8598c,2.16957950592041,0.05094828084111214,1.8318170309066772,1.162549614906311
gaia,4d51c4bf-4b0e-4f3d-897b-3f6687a7d9f2,2.169574022293091,-0.048276983201503754,1.8271819353103638,1.1698108911514282
gaia,42d4198c-5895-4f0a-b0c0-424a66465d83,2.16549015045166,-0.029611149802803993,1.9065349102020264,1.0268747806549072
gaia,e0c10771-d627-4fd7-9694-05348e54ee36,2.164921522140503,0.0680430456995964,1.7970834970474243,1.2072182893753052
gaia,3f57289b-8c60-48be-bd80-01f8099ca449,2.1645267009735107,0.051031455397605896,1.7619582414627075,1.2572505474090576
gaia,b4cc024b-3f5e-480e-b96a-6656493255b5,2.160216808319092,0.020981155335903168,1.8107168674468994,1.178066611289978
gaia,a26649c6-1cb2-470a-871e-6910c64c3e53,2.156140089035034,-0.016431158408522606,1.7378695011138916,1.2762247323989868
gaia,b7f857e4-d8aa-4387-af2a-0e844df5b9d8,2.155733346939087,-0.00234106183052063,1.7023669481277466,1.3225481510162354
gaia,114d5fd0-e2ae-4b6d-a65a-870da2d19c08,2.15498948097229,-0.04133216291666031,1.8339436054229736,1.1316494941711426
gaia,cca70ce6-1952-45d2-acd4-80c903b0bc49,2.154452323913574,-0.03764215484261513,1.926706314086914,0.9640890955924988
gaia,544b7f0c-173a-4377-8d56-57b36eb26ddf,2.1525261402130127,0.06324992328882217,1.6820734739303589,1.3431297540664673
gaia,46719c30-f4c3-4cad-be07-d5cb21eee6bb,2.150689125061035,-0.06428958475589752,1.8844736814498901,1.0364469289779663
gaia,b816bfce-3d80-4913-a07d-69b752ce6377,2.1492919921875,0.044828079640865326,1.767183542251587,1.2233225107192993
gaia,9b54f9d9-35ee-4a14-b62f-d130ea00317f,2.148585081100464,-0.008707310073077679,1.8179973363876343,1.145121455192566
gaia,32102e3e-d12a-4209-9163-7b3a104efe5d,2.146684408187866,0.08534133434295654,1.7421331405639648,1.25428307056427
gaia,5a0c1adf-205e-4841-a666-7c3ef95def9d,2.1455655097961426,0.07530587911605835,1.7496596574783325,1.2418304681777954
gaia,708b99c5-e4a7-49cb-a5cf-933c8d46470d,2.145305871963501,-0.05876760557293892,1.810191035270691,1.1513234376907349
gaia,1f975693-876d-457b-a649-393859e79bf3,2.141791582107544,-0.0027291083242744207,1.8594437837600708,1.0628920793533325
gaia,67e8878b-5cef-4375-804e-e6291fdbe78a,2.1416893005371094,-0.06203218922019005,1.7726908922195435,1.2018320560455322
gaia,c526d8d6-5987-4da9-b24c-83466fa172f3,2.136962652206421,-0.05785248056054115,2.018275022506714,0.7022647857666016
gaia,f2feb6a4-363c-4c09-a804-0db564eafd68,2.1364381313323975,0.003812264883890748,1.8213694095611572,1.1166832447052002
gaia,c8b7e059-c60d-472e-ad64-3b04ae1166dc,2.1363167762756348,-0.02254820056259632,1.8645992279052734,1.0426501035690308
gaia,384d0dd8-e8a4-4cfe-963c-d37f256e7662,2.135471820831299,-0.05214766412973404,1.8426733016967773,1.0792566537857056
gaia,33d8ea3b-6c6b-4ff1-803d-7e270dea8a57,2.1328113079071045,0.08286648988723755,1.704526662826538,1.2819801568984985
gaia,65da0822-a48a-4a68-bbad-8ed1b835a834,2.1303865909576416,0.023979725316166878,1.7596619129180908,1.200890302658081
gaia,e4e91f1c-1dcd-439e-9fdd-cb976f5293fd,2.130321979522705,-0.008157489821314812,1.7903094291687012,1.1545838117599487
gaia,08cae58d-4084-4616-b6dd-dd6534e4825b,2.129751682281494,-0.023284660652279854,1.819710373878479,1.106569528579712
gaia,5d0080cb-90d7-4712-bc33-848150e917d3,2.1293883323669434,0.0691712275147438,1.723842978477478,1.2500640153884888
gaia,366e2f2b-8632-4ef2-81eb-bc3877489217,2.128432512283325,-0.020821478217840195,1.8126885890960693,1.1155201196670532
gaia,624cbf11-6a41-4692-af9c-36b3e5ca3130,2.126487970352173,-0.00722914095968008,1.868683099746704,1.0148766040802002
gaia,3627a8be-a77f-41bb-b807-7e1bd4c0ebdf,2.1263911724090576,0.05570366233587265,1.6786168813705444,1.3052911758422852
gaia,3cef3a44-215e-4aed-8e3b-b1e3f08063b7,2.122974395751953,0.03737027198076248,1.7351804971694946,1.2231799364089966
gaia,d5141ca5-e7a0-469f-bf3e-e773507c86e2,2.1222620010375977,0.002091949572786689,1.8346779346466064,1.0667487382888794
gaia,d8152ad6-e4d5-4c12-8bb7-8d57dc10c6de,2.1185317039489746,0.02168663963675499,1.7927916049957275,1.1287492513656616
gaia,0e9e85b8-52b9-4de4-b402-5f635ab9631f,2.1181447505950928,-0.059294138103723526,1.8898003101348877,0.9566563963890076
gaia,9318445f-fe6a-4e1b-acbf-c68228c9906a,2.1145436763763428,-0.04695556312799454,1.9122744798660278,0.902497410774231
gaia,6359a0b1-8f7b-499b-9336-840f9ab90688,2.113300323486328,-0.06588781625032425,1.9093708992004395,0.9057270288467407
gaia,7dd30055-0198-452e-8c25-f73dbe27dcb8,2.11285662651062,-0.04894980415701866,1.8311623334884644,1.0540432929992676
gaia,e2d69698-bc99-4e85-9880-67eaccd66e6c,2.110762357711792,-0.02965589426457882,1.7530471086502075,1.1756460666656494
gaia,4d0aa727-86b1-406b-9b33-f870dd14a4a5,2.110194683074951,0.05160732567310333,1.6846085786819458,1.2708327770233154
gaia,65afbc8a-89ca-4ad5-8d62-355bb401f61d,2.109726905822754,-0.0870676189661026,1.834189534187317,1.0424474477767944
gaia,1dcc160f-c187-48c2-b68e-319bd4354f3d,2.1092660427093506,-0.05035632476210594,1.8256663084030151,1.0563836097717285
gaia,983bba7c-c092-455f-b6c9-7857003d48fc,2.1092417240142822,0.014583180658519268,1.7999576330184937,1.099569320678711
gaia,48eb8242-1099-4c26-95d4-ef22b002457a,2.1074936389923096,-0.04938489571213722,1.855055570602417,1.0001492500305176
gaia,72c06643-a2fa-4186-aa5c-9ec33ae9b445,2.1065258979797363,-0.04593994840979576,1.9312862157821655,0.8411807417869568
gaia,d0633230-7067-47a9-9dbf-ee11e0a2cdd6,2.1063437461853027,-0.032328084111213684,1.848637342453003,1.009566307067871
gaia,9e1fc53b-46ff-49a1-9d05-9e6faac34cc5,2.10578989982605,-0.02911991812288761,1.791527509689331,1.1066980361938477
gaia,56db2318-640f-477a-a82f-bc93ad13e882,2.1026201248168945,0.10996059328317642,1.6984211206436157,1.2395068407058716
gaia,c3a79cfe-8206-451f-aca8-3fec8ebe51d3,2.100712537765503,0.006210034247487783,1.7872095108032227,1.1040269136428833
gaia,e8cb5b03-41e0-4086-99e5-f6806cd97211,2.100407600402832,0.021083509549498558,1.7537307739257812,1.1559152603149414
gaia,bda648d7-d618-4883-88f4-3466eabd860e,2.097510814666748,0.021199269220232964,1.6712745428085327,1.2674356698989868
gaia,bec74516-02fc-48dc-b202-55e78d0e17cf,2.0961105823516846,-0.021791841834783554,1.843837022781372,0.9969677925109863
gaia,4fc2f1ae-8625-45b5-ab34-ad4433bc21f8,2.094491958618164,-0.008890945464372635,1.6877869367599487,1.240270733833313
gaia,e29834fd-413a-455c-a33e-c3915b07401c,2.0929739475250244,0.0010501279029995203,1.77715265750885,1.105562448501587
gaia,2a649bb1-795f-4a01-b3be-9a01868dae73,2.092066526412964,0.02785084769129753,1.7335435152053833,1.1711403131484985
gaia,b415aba4-4b68-4fc6-9b89-2c812e55a3e1,2.0902135372161865,-0.011714329943060875,1.8144651651382446,1.0376458168029785
gaia,2b3ef98c-cc05-450b-a719-711aee40ac65,2.0886166095733643,-0.05951612442731857,1.792787790298462,1.0715556144714355
gaia,a0c07678-e491-4bbc-8f0b-07405144218f,2.088139533996582,-0.04087679833173752,1.7757209539413452,1.0987001657485962
gaia,20194330-9976-4043-8632-f8485c6c71b2,2.087486743927002,-0.057769834995269775,1.8156516551971436,1.0300531387329102
gaia,e1fc63a2-da7a-432f-be78-7c4a95598703,2.08642578125,0.059067171066999435,1.7179858684539795,1.1839327812194824
gaia,f46b4380-207e-4434-820b-f32ce04ae2a4,2.0858263969421387,-0.0017777925822883844,1.7160979509353638,1.1856133937835693
gaia,7a4a336d-dcfa-45a0-b014-824c7619e8de,2.0854790210723877,-0.054217953234910965,1.8592138290405273,0.9447469115257263
gaia,bfcd99e1-0690-4b53-a85c-0174a8629083,2.0845062732696533,-0.008718705736100674,1.7631689310073853,1.1119359731674194
gaia,7cc4acfa-63fd-4acc-a1a1-e8e529e0a97f,2.0843780040740967,0.0641472116112709,1.6288577318191528,1.3005590438842773
gaia,7673d772-ef80-4f0f-a602-1bf4485c9b43,2.081972599029541,-0.09461935609579086,1.8719240427017212,0.9113233089447021
gaia,ecbc4f94-95a3-4cc7-b255-6741a458a625,2.0808281898498535,-0.0028364472091197968,1.8233182430267334,1.0026750564575195
gaia,7b5377b0-3f38-4103-8ad2-90fe89864c04,2.078949213027954,0.03503600135445595,1.6795129776000977,1.2252618074417114
gaia,0a3cd321-3e76-4622-911b-0fda2e5d6b1a,2.0785365104675293,0.0009529067319817841,1.7825664281845093,1.0690046548843384
gaia,023e9d44-96ae-4eed-b912-244ee8c3b994,2.077948570251465,-0.03299771249294281,1.7469266653060913,1.1252189874649048
gaia,8131e2c0-0083-4265-9ce7-78c2d568425d,2.0720033645629883,-0.026689497753977776,1.7746987342834473,1.0694118738174438
gaia,08f3a05f-5947-4089-a4c4-d4bcfaa6b7a0,2.071343183517456,0.01794281043112278,1.6695995330810547,1.2259283065795898
gaia,05407167-39ec-4d3a-a234-73a9120c325d,2.0702285766601562,0.03600877895951271,1.7546213865280151,1.0987037420272827
gaia,8e867cd7-cff9-4e6c-867a-ff5ddc2550be,2.070019483566284,-0.04626115784049034,1.7474744319915771,1.1096457242965698
gaia,5cfb274c-0207-4aa7-9575-6ac0bd95d9b2,2.0687942504882812,-0.014013471081852913,1.6398345232009888,1.2612900733947754
gaia,853c8244-429e-46ca-89f2-addf40dfb2bd,2.067941904067993,-0.0457678884267807,1.8231627941131592,0.9759409427642822
gaia,5188369a-3bbe-43d8-8b94-11558f909a08,2.06780743598938,0.049552228301763535,1.6672011613845825,1.2232204675674438
gaia,0512426f-4d28-49f0-be77-06d05daec096,2.0667636394500732,-0.022408878430724144,1.7541308403015137,1.0929484367370605
gaia,dd3c7503-f62a-4bd0-9f67-1b63b94194cc,2.0641937255859375,0.10551512241363525,1.5154463052749634,1.4015414714813232
gaia,11af4e1a-5f45-467d-9aeb-46f4bb0bf034,2.0601747035980225,0.05979127809405327,1.5079703330993652,1.4036897420883179
gaia,305ac316-eef6-4446-960a-92d80d542f82,2.0599117279052734,0.01902078092098236,1.6962159872055054,1.168797492980957
gaia,50ad0280-0819-4bd9-b275-5de32d3b5bcb,2.054810047149658,-0.014087926596403122,1.744032382965088,1.0865520238876343
gaia,0383a3ee-47a7-41a4-b493-519bdefe0488,2.053422689437866,-0.009147033095359802,1.743584156036377,1.0846471786499023
gaia,cca530fc-4052-43b2-b130-b30968d8aa44,2.0529592037200928,-0.05583204701542854,1.8538744449615479,0.8819242715835571
gaia,d700d50d-c707-4dca-90dc-4528cddd0c80,2.0489084720611572,0.0638936460018158,1.5867810249328613,1.2962067127227783
gaia,c61d22de-5f6c-4958-a7f6-5e9707bd3466,2.0429933071136475,-0.006255404092371464,1.6949641704559326,1.1405779123306274
gaia,2dfc4c37-fec1-4518-84a7-10095d30ad75,2.041032075881958,-0.029540957883000374,1.8030962944030762,0.9563760757446289
gaia,a7feb290-76bb-4cb7-8800-7edaf7954f2f,2.0409350395202637,-0.028779080137610435,1.795465350151062,0.9704225659370422
gaia,0b260a57-3f3a-4405-9f29-6d7a1012dbfb,2.0373637676239014,0.047205016016960144,1.7321439981460571,1.0726269483566284
gaia,04a04a9b-226c-43fd-b319-d5e89743676f,2.0364739894866943,0.028124703094363213,1.70306396484375,1.1166014671325684
gaia,5f982798-16b9-4051-ab57-cfc7ebdb2a91,2.0327131748199463,-0.023492060601711273,1.8119845390319824,0.9212137460708618
gaia,676e5e31-a554-4acc-9286-b60d90a92d26,2.0283725261688232,0.03730946406722069,1.7449685335159302,1.0341084003448486
gaia,3ff6b7a9-a5bd-4412-ad92-0cd0d45c0fee,2.028290033340454,0.051135268062353134,1.6320472955703735,1.2043182849884033
gaia,840bfca7-4f7b-481a-8794-c560c340185d,2.0240886211395264,-0.02429601363837719,1.664488673210144,1.1516996622085571
gaia,87c610df-bef7-4932-b950-1d83ef4e282b,2.0238759517669678,0.0304288137704134,1.665355920791626,1.1500712633132935
gaia,a56f1527-3abf-41d6-91f8-7296d6336c3f,2.019589424133301,-0.015528438612818718,1.6747124195098877,1.1287511587142944
gaia,db4fd70a-2d37-40ea-873f-9433dc5e301f,2.017665147781372,-0.050234049558639526,1.7504587173461914,1.0034276247024536
gaia,cf106601-ab4f-4af9-b045-5295fe67b37d,2.0174496173858643,0.012072649784386158,1.6152369976043701,1.2087647914886475
gaia,a3fbeb63-0e8c-4a11-bff6-0e3b484c3e9c,2.012504816055298,0.01850915141403675,1.6717654466629028,1.1204354763031006
gaia,42576abe-0deb-4869-8c63-225c2d75a95a,2.00620436668396,0.04010649397969246,1.6004626750946045,1.209700345993042
gaia,dc28cf18-6431-458b-83ef-64b3ce566c10,2.005298376083374,0.0852857455611229,1.34639310836792,1.4860843420028687
gaia,4b650a35-8529-4695-89ed-8dc7a500a498,2.0043578147888184,0.030670911073684692,1.6605662107467651,1.1224838495254517
gaia,f0f46385-fc03-4599-b5d3-f56496c3e69f,1.9994750022888184,0.07495391368865967,1.539388656616211,1.2760027647018433
gaia,14569e28-c88c-43e4-8c32-097d35b9a67d,1.9979959726333618,-0.0516965314745903,1.7196885347366333,1.0171819925308228
gaia,f918266a-b3e0-4914-865d-4faa564f1aef,1.9924079179763794,0.054928217083215714,1.6040514707565308,1.1818240880966187
gaia,2d83110e-a098-4ebb-9987-066c06fa42d0,1.9873225688934326,0.08983749151229858,1.493981122970581,1.310523271560669
gaia,0a65cb96-cb6e-4a6a-8aae-c1084f613456,1.984154462814331,0.04422350600361824,1.6015193462371826,1.1713261604309082
gaia,c365c1c7-a3db-4d5e-a9a1-66f56eae7865,1.9839229583740234,-0.019437456503510475,1.7228494882583618,0.9837378263473511
gaia,df6561b2-7ee5-4540-baab-5095f742716a,1.9816250801086426,-0.0388050377368927,1.796846866607666,0.8355712294578552
gaia,27d5d136-8563-469e-92bf-fd103c28b57c,1.9802442789077759,0.08668079972267151,1.4692895412445068,1.3276126384735107
gaia,7619a514-5fa8-43ef-9143-83b66a43d7a4,1.979404330253601,-0.05126361548900604,1.718766689300537,0.9817752838134766
gaia,872bfbb1-9ccf-49f6-8c5f-aa22818ccd66,1.9696900844573975,0.03380834683775902,1.7175179719924927,0.9642671346664429
gaia,b9763138-c053-4832-9f55-86200cb1f99c,1.9689244031906128,0.05856790021061897,1.6296907663345337,1.104885220527649
gaia,3da89939-209c-4086-8520-7eb734e6b4ef,1.9678162336349487,-0.00544326426461339,1.745103359222412,0.9093486666679382
gaia,50ec8903-b81f-4257-9450-1085afd2c319,1.965947151184082,0.0647418200969696,1.5424485206604004,1.218934178352356
gaia,e961a717-6b25-4175-8a68-874d28190ee4,1.9658325910568237,0.12204962223768234,1.5611859560012817,1.1946531534194946
gaia,23dd907f-1261-4488-b21c-e9185af91d5e,1.954803228378296,-0.004079006612300873,1.6388176679611206,1.0656135082244873
gaia,50f58759-7bd6-406f-9b0d-5692beb2a926,1.9524013996124268,-0.0026010361034423113,1.6983184814453125,0.9631122946739197
gaia,8d46b8d6-b38a-47ff-ac74-cda14cf2d19b,1.9432240724563599,-0.07614244520664215,1.7599122524261475,0.8239104747772217
gaia,389793a7-ca17-4e82-81cb-2b3a2391b4b9,1.9418915510177612,0.03639335185289383,1.593619704246521,1.1096481084823608
gaia,c714ab3a-da30-4603-bacd-d008800188b9,1.9361903667449951,0.08068184554576874,1.467934012413025,1.262538194656372
gaia,b2c257e0-3ad7-4f05-b8e3-d9da973be36e,1.9270864725112915,-0.03249376639723778,1.7183916568756104,0.8722342252731323
gaia,6f37996b-2ac7-44b0-8e68-6d28256631b4,1.911420226097107,0.06288512796163559,1.4473589658737183,1.2484707832336426
gaia,ec09fa32-d03f-4bf8-84b0-1f16922c3ae4,1.910300850868225,-0.008706146851181984,1.6128251552581787,1.023740530014038
gaia,ed58682d-bc52-4baa-9eb0-4eb81e1edacc,1.8995203971862793,0.01971217803657055,1.5627952814102173,1.0797446966171265
gaia,9d191bce-651d-4746-be2d-7ef8ecadb9c2,1.857034683227539,0.0006826862809248269,1.467692255973816,1.137742280960083
online_mind2web,7e6993f2c5cd72c44809024f0bc85dc1,1.4983738660812378,-0.03315042331814766,1.3768551349639893,0.5910956859588623
online_mind2web,3621b099326c7aebd2e2dac6be3b52d1,1.4937282800674438,0.07039796561002731,1.2445279359817505,0.8260595202445984
online_mind2web,a6f0434ce6aff5f9b03681241b03ad82,1.4803438186645508,0.010822057723999023,1.2430752515792847,0.8038541674613953
online_mind2web,fc53ddd3421411a41c1020a3fdc84ec4,1.4502465724945068,-0.025514567270874977,1.3052421808242798,0.632105827331543
online_mind2web,f27c0a7b8b0bb33d37698dff227fc8d7,1.4242262840270996,-0.012652972713112831,1.1716561317443848,0.8097174167633057
online_mind2web,d7c955b47af68e01766fa86d0bee08a7,1.4184123277664185,-0.04329528659582138,1.2241605520248413,0.7164667248725891
online_mind2web,4c572a627b53b0f9a734ab37f21819b8,1.4156490564346313,0.021235652267932892,1.2254574298858643,0.7087426781654358
online_mind2web,7be8cd8dba885cddd9af5320f49bc41b,1.4095568656921387,0.07605239748954773,1.1860162019729614,0.7617191672325134
online_mind2web,28e7574e7bd6d14f36d2988a5ef2bd23,1.4089765548706055,-0.040725018829107285,1.2538336515426636,0.6427410244941711
online_mind2web,8ae510355d978424f490798f900bfa2c,1.4027332067489624,-0.044887568801641464,1.2940635681152344,0.5413501858711243
online_mind2web,8244409b2c82043f966cad05f9afe132,1.4013200998306274,-0.036401864141225815,1.29041588306427,0.5463743805885315
online_mind2web,39c388cdc468688c8139cc2bb5157c13,1.3987343311309814,-0.0206735972315073,1.2385597229003906,0.6499443650245667
online_mind2web,c698ff3fc0f6cbce39947c597ab5749b,1.3979756832122803,0.019060393795371056,1.109497308731079,0.8505008816719055
online_mind2web,92160852a6bbbc165cee4e14ab0b1d59,1.3942912817001343,-0.044451531022787094,1.3422988653182983,0.377202570438385
online_mind2web,1aeca99e6a60b0e3aefb3ef212bdce79,1.393967866897583,-0.05846298485994339,1.2233773469924927,0.6682023406028748
online_mind2web,7211af65d266402f99499053924262e9,1.3918867111206055,-0.026859283447265625,1.2322778701782227,0.6471782326698303
online_mind2web,5e1b8254c123c80178cc28e0afdb14f0_110325,1.3904478549957275,0.002012568060308695,1.1373286247253418,0.7998929619789124
online_mind2web,2c20d87a046fadcb6ff07ee877bfbf37,1.389142632484436,0.05179356783628464,1.1596375703811646,0.7648254036903381
online_mind2web,ba01ea557b73f864c35ebba0dd6f3cb2,1.3836818933486938,-0.05327584967017174,1.223253607749939,0.6467041969299316
online_mind2web,2fc51dd3febd447f0fdcdabca8d944ce,1.381592869758606,-0.049959421157836914,1.2708854675292969,0.5418938398361206
online_mind2web,63d6866fc000fcb1f153e07604bd1395,1.3794201612472534,-0.022257819771766663,1.1914072036743164,0.6952329874038696
online_mind2web,59912927c1fddee6ded8a49986896bc2,1.3754152059555054,-0.03868984803557396,1.3272501230239868,0.3607964813709259
online_mind2web,0e5536aaad9d3462b06cf725e6ed535a,1.37483811378479,-0.035453181713819504,1.2515114545822144,0.5691211223602295
online_mind2web,4c186c6ed888d0c8d4cf4adb39443080,1.373044490814209,0.04981602355837822,1.1423395872116089,0.761781632900238
online_mind2web,3f312ae3efc3c3e90ababe050dd4e7ae,1.3687676191329956,0.005722719710320234,1.1266770362854004,0.7772539258003235
online_mind2web,99daaed9a83c266341d28aa40067d376,1.3669383525848389,-0.04028085619211197,1.230150818824768,0.5960279703140259
online_mind2web,8689af4d33ce00bf2cdd8987d3bbfd86,1.366011619567871,-0.009106670506298542,1.1654741764068604,0.7125011086463928
online_mind2web,502e864440283214e0180645015f568b,1.363899827003479,-0.005878503434360027,1.179081678390503,0.68555748462677
online_mind2web,3084bc225219fcb73dc1cb0f97276c1c,1.3632498979568481,-0.04311314597725868,1.176431655883789,0.6888097524642944
online_mind2web,354b4ddf048815f8fd4163d0d7e1aaa3,1.362607479095459,0.04838520288467407,1.1099141836166382,0.7904363870620728
online_mind2web,47e314cc452c540524ffb7cf520285a3,1.3571183681488037,-0.05191753804683685,1.253498911857605,0.5201064348220825
online_mind2web,be9e7dca1222714571ef3d7d59d2a41c,1.356529712677002,0.030918382108211517,1.1724574565887451,0.6822877526283264
online_mind2web,157f4a79d55e8fa3fd55ba772ba40fbc,1.3563288450241089,-0.027826277539134026,1.234886884689331,0.5609655976295471
online_mind2web,ade4c09ad3fdb1607209750924cd232f,1.3557988405227661,0.05872386321425438,1.0520631074905396,0.855192244052887
online_mind2web,b99c02965196d51e80ac7539e33f335b,1.3556163311004639,-0.014582840725779533,1.2218396663665771,0.5871997475624084
online_mind2web,01abae9608f2d8752a83e08f136f720c,1.3552151918411255,-0.017308957874774933,1.1860579252243042,0.655648410320282
online_mind2web,bb518416a786fdb9b9bbf0c78515595e,1.354691982269287,-0.06040934473276138,1.217811107635498,0.5934023857116699
online_mind2web,ab6ee3b83aab6cd283320f5e01003cff,1.3531962633132935,0.04187408462166786,1.147792935371399,0.7167367935180664
online_mind2web,62f1626ce249c31098854f8b38bdd6cf,1.3513762950897217,0.023042647168040276,1.1532635688781738,0.7044153213500977
online_mind2web,e24662008c3be5d56f986f232fcec447,1.3500491380691528,-0.02303352579474449,1.1394425630569458,0.7240878343582153
online_mind2web,9d46ccb915eff39ee1ae1e7328f5f20d,1.345272183418274,-0.047097064554691315,1.2026183605194092,0.6028816103935242
online_mind2web,7c09c2c7c87cf6bb1138701eb54284ea,1.3439120054244995,-0.024373900145292282,1.2453575134277344,0.5051574110984802
online_mind2web,7072d09436972a5d5fe7476e3e9f1559,1.343673825263977,-0.0206453837454319,1.198755145072937,0.6069971919059753
online_mind2web,7fff82864f21ddeccf4104a220892824,1.342837929725647,-0.043029773980379105,1.298021674156189,0.3440256714820862
online_mind2web,e7f6cca9a8875f98fee3b711ead3a444,1.3421199321746826,0.07204905897378922,1.0095787048339844,0.8843283653259277
online_mind2web,0b51b4fa0295ae80ccd176ebdad6fff6,1.3406208753585815,-0.04146023094654083,1.166449785232544,0.660801887512207
online_mind2web,b3a7da968de13bbdcaed12ffe4993df6,1.3397270441055298,-0.0319036990404129,1.295562982559204,0.3411525785923004
online_mind2web,9d090a15c214eb070d9caa8a034d03c1,1.3383946418762207,-0.03911302611231804,1.2942142486572266,0.34104204177856445
online_mind2web,27fa3ac20745d3d35e89fae157f63069,1.3356080055236816,-0.049684397876262665,1.1696913242340088,0.6447254419326782
online_mind2web,4464a8421f8bc8786524a499258dfad3,1.3346996307373047,-0.05882987752556801,1.2022624015808105,0.5796447396278381
online_mind2web,2207bb4f21786690cfed20b37253fb8b,1.3345441818237305,0.04630457982420921,1.0464704036712646,0.8281955718994141
online_mind2web,b69eb4de621e9e265676daac44938f3f,1.3334537744522095,-0.015986310318112373,1.1696178913116455,0.6403849720954895
online_mind2web,949dc965a6c23a95663b3bc2ca2c3a8a,1.3327707052230835,-0.03284871205687523,1.2899916172027588,0.33496206998825073
online_mind2web,442a450e696a96085257db6297891a4d,1.3321610689163208,-0.011583995074033737,1.1245203018188477,0.7142177820205688
online_mind2web,783ce6a3499fa7cf25bc12f8f0ecbbbb,1.3303256034851074,-0.04184170439839363,1.1058599948883057,0.7394862771034241
online_mind2web,fa9adb815b85d259f943d81874a052e5,1.3294717073440552,-0.03160320222377777,1.1483371257781982,0.6699379682540894
online_mind2web,c1d6ea6f2196d25782cc3646ff3090db,1.3279215097427368,-0.04257645085453987,1.2091355323791504,0.5489689111709595
online_mind2web,1bc154377120ec15b18dbabdba49c741,1.3272656202316284,-0.03301486745476723,1.2848864793777466,0.3327171206474304
online_mind2web,0a54069a0ef542e571d1fee7f39c93d5,1.3270732164382935,-0.07779818028211594,1.1819391250610352,0.6034427881240845
online_mind2web,f389398d2eeb29e5571e00439c57eb76,1.325027585029602,-0.03322562202811241,1.2836647033691406,0.3284858167171478
online_mind2web,6b5be1764692d1dc8f17dc4375b2daa8,1.3248754739761353,0.034047335386276245,1.041866421699524,0.8184188008308411
online_mind2web,c073ac1bcf40f84c599affc97edbc396,1.3217161893844604,-0.049714043736457825,1.202412724494934,0.5487597584724426
online_mind2web,52efbab520734ef9bf7c09ba0f62cdc8,1.3199372291564941,0.013328520581126213,1.0547765493392944,0.7935242652893066
online_mind2web,c801d1c951f59297f526bab84fa86c6e,1.31934654712677,-0.030092839151620865,1.2778451442718506,0.3283093273639679
online_mind2web,f2be37a9a60fbc25b6b11cf622d17352_110325,1.318610668182373,-0.023057546466588974,1.2507686614990234,0.4175069332122803
online_mind2web,c8c1ff115879b3afd14280beb1559b13,1.3180097341537476,-0.02994683012366295,1.2763994932174683,0.32856348156929016
online_mind2web,64b76158720a69e4a5c31a55d54928bf,1.3177989721298218,-0.027661683037877083,1.203852891921997,0.5360338687896729
online_mind2web,ec78d3a635e417bc2a80d03ca93d7165,1.317082405090332,-0.015725398436188698,1.2025237083435059,0.5372548699378967
online_mind2web,47186fac8e7c7277af01144644eb4e0b,1.317076563835144,-0.034120164811611176,1.159399151802063,0.6248874664306641
online_mind2web,64345c365f544375357c7b67917f08a0_110325,1.316710352897644,-0.026306157931685448,1.1648404598236084,0.6138997077941895
online_mind2web,75146b7b67388b9244e0f21a1527c022,1.3165249824523926,-0.03868619352579117,1.1778427362442017,0.5881534814834595
online_mind2web,c577a14301a725e09ccd269a3e0b271e_110325,1.314294457435608,-0.0255331601947546,1.2446626424789429,0.4221195578575134
online_mind2web,367d843c640637745e8fafa741cca13b,1.3140449523925781,-0.011344731785356998,1.2020761966705322,0.5307797193527222
online_mind2web,96afb3c51146b0c2a9c55f039a5ea6d6,1.312503457069397,-0.031039727851748466,1.2720552682876587,0.3233276605606079
online_mind2web,824eb7bb0ef1ce40bfd49c12182d9428,1.3113582134246826,-0.02826910838484764,1.2670179605484009,0.33812105655670166
online_mind2web,199be0b54a436daee74247971fc684ee,1.311293601989746,-0.031662289053201675,1.1886039972305298,0.5538154244422913
online_mind2web,fcf4952d2a1d80ea505c555c3c3b54e7,1.3095759153366089,-0.02668326161801815,1.2168755531311035,0.4839453399181366
online_mind2web,48c73f3f53e2611c4a1052457c1033db,1.308182716369629,5.266379230306484e-05,1.1700137853622437,0.5851579904556274
online_mind2web,0632e496d37badee0350dad358f047c5,1.3070777654647827,0.012740309350192547,1.0486664772033691,0.7802249193191528
online_mind2web,2e4e21cf1449c6894b17d571c47b77ea,1.3070451021194458,-0.09239134192466736,1.1477670669555664,0.6252979636192322
online_mind2web,f05e87c5b92d9869e08806103c1c15a1,1.3065171241760254,0.0038074913900345564,1.1715863943099976,0.5782493948936462
online_mind2web,6db4a0e346976f2729ba9afcd3208941,1.3050832748413086,-0.06432801485061646,1.0988309383392334,0.7041398286819458
online_mind2web,dd44c665cec1e9c929a4c5f074e7844a_110325,1.3048591613769531,0.014382673427462578,1.1602128744125366,0.5971295237541199
online_mind2web,816851ff92ff0219acf4364dcc2c4692,1.3026851415634155,-0.016259009018540382,1.132559061050415,0.6436603665351868
online_mind2web,644a856c3897665e475e0dce50bf217d,1.3019131422042847,-0.0027800851967185736,1.0962852239608765,0.7022368311882019
online_mind2web,b1ce968a361e1088ce8d2ade6c2c9af0,1.300620436668396,0.08845207840204239,1.0948944091796875,0.702011227607727
online_mind2web,85b284c18d7e78c9b5a9e074e7aa3b98,1.3005369901657104,-0.04724801331758499,1.2025233507156372,0.495311975479126
online_mind2web,853afd530c72f4b00ffc32ae854efaf8,1.300386905670166,0.05128305032849312,1.0794947147369385,0.7250497937202454
online_mind2web,733f1d8bf79d5bc2240c5357f928ffff,1.3002949953079224,-0.032746948301792145,1.2618058919906616,0.3140270709991455
online_mind2web,c7c07ec10c668625a21ba64165d719bb,1.2996704578399658,0.01168963685631752,1.1406478881835938,0.6229491829872131
online_mind2web,9586827ad04ee2362f4f0076bf0f0468,1.2985899448394775,0.028590282425284386,1.0493319034576416,0.765008807182312
online_mind2web,f2be37a9a60fbc25b6b11cf622d17352,1.2980363368988037,-0.026974719017744064,1.2558531761169434,0.32822415232658386
online_mind2web,a13e4231a3d6a7000c622c56448d97ba,1.2977643013000488,-0.027888940647244453,1.2587614059448242,0.3157717287540436
online_mind2web,16200f51d63f0a47a58fa17acd49e368,1.2972842454910278,0.020626729354262352,1.0296884775161743,0.7891058921813965
online_mind2web,239a29bde438fe44fe17fe1390ef1634,1.2967522144317627,-0.029785845428705215,1.2577686309814453,0.3155698776245117
online_mind2web,5e4e89c9b6fdaee7a41aca5601b82e04,1.294563889503479,0.033310070633888245,1.0549081563949585,0.7503762245178223
online_mind2web,662ae0f2d3ac851dbcdd245f908277e3,1.2928872108459473,-0.015164674259722233,1.102571725845337,0.675198495388031
online_mind2web,afcebfed28bea091d58f49ea6cb8194b,1.2913594245910645,-0.024250667542219162,1.200000286102295,0.4770834445953369
online_mind2web,a8b9edd598561d2de901864d5f40fe67,1.2904245853424072,-0.009519138373434544,1.0831159353256226,0.7014667391777039
online_mind2web,07bdc595306729a028ba06cc7451a80a,1.290324330329895,-0.000573391851503402,1.0912132263183594,0.6886149644851685
online_mind2web,eb323dc584156d0eb3a2b90bb8c4b791_110325,1.289629340171814,-0.03930908814072609,1.1400349140167236,0.6028798818588257
online_mind2web,3443e9c3151fef19a3c3a45eb2c13640,1.288509488105774,-0.07671073079109192,1.193688154220581,0.4851447343826294
online_mind2web,c43a7dccf5c44f7b45a821e712dd1970,1.287376880645752,-0.029461832717061043,1.2503442764282227,0.306558758020401
online_mind2web,1ab384fb3a791edfb410213cc6b82151,1.2865766286849976,-0.026597291231155396,1.2443935871124268,0.3267477750778198
online_mind2web,e43cbc8a0bf9e999884928d11006f894_110325,1.2862120866775513,-0.027458833530545235,1.1358568668365479,0.6034655570983887
online_mind2web,4e801ba102dfaf22c7cf7a126b107609,1.2862094640731812,0.007923903875052929,1.0940680503845215,0.6762763857841492
online_mind2web,7e1047f4803237f319c004f7a7f6bccb,1.2859104871749878,-0.03955327719449997,1.2480363845825195,0.3097916841506958
online_mind2web,bbbc243b4f18a7a897f0bc84e11d293f,1.2851618528366089,0.04246538132429123,1.0337188243865967,0.7635878920555115
online_mind2web,a172a5d9ffaf5ef02bd550ec4fe24e6d,1.2844499349594116,0.060674939304590225,1.0286589860916138,0.769202470779419
online_mind2web,9c04b71bb8db6cf8e743b2290cbc8797,1.283528208732605,0.03584339842200279,1.0718635320663452,0.7060830593109131
online_mind2web,180ed2ec377ef3a4af9035a21522091a,1.2833296060562134,-0.0045688762329518795,1.0863251686096191,0.6832514405250549
online_mind2web,c8d7f2aa7eb5dd074c48c9f76f8659ad,1.2828867435455322,0.06270972639322281,0.9996722936630249,0.8040235042572021
online_mind2web,b962927dfe03bf2274a54381127ed433,1.2828487157821655,-0.01049626711755991,1.126479983329773,0.6137946248054504
online_mind2web,0b838cd54f826c59c71f600c56b89a11,1.2823169231414795,-0.0314750112593174,1.2453763484954834,0.3055724799633026
online_mind2web,34992feb69eb8e788faa06868b365c49,1.2820065021514893,0.01147792860865593,1.0826586484909058,0.686579167842865
online_mind2web,415bf9da6f3db3a735ecbba3b0c76c15,1.2818729877471924,-0.009588692337274551,1.1956000328063965,0.46231886744499207
online_mind2web,502e864440283214e0180645015f568b_110325,1.2811450958251953,-0.0033188979141414165,1.09598708152771,0.6634343266487122
online_mind2web,eb2db4b769c145dbe6ba4f74f3e0de98,1.279907464981079,-0.02293194644153118,1.1917387247085571,0.4668208956718445
online_mind2web,a96fca87a17d792644e736d1d10d3cbe,1.279270887374878,0.057801369577646255,1.0746653079986572,0.6939945816993713
online_mind2web,b7258ee05d75e6c50673a59914db412e,1.2786188125610352,-0.022394295781850815,1.1843652725219727,0.4818141758441925
online_mind2web,62f1626ce249c31098854f8b38bdd6cf_110325,1.2779775857925415,-0.021840019151568413,1.2157790660858154,0.3938373327255249
online_mind2web,d9d8b7d84a3f8d057e368254fe8d65e2,1.2773312330245972,-0.0011453747283667326,1.1085608005523682,0.63456130027771
online_mind2web,8f2611047de227a2ca8bda13f6e2e5fb,1.2771377563476562,-0.024463782086968422,1.1820430755615234,0.48358553647994995
online_mind2web,1b867afecf072cb877ebfa4069263746,1.2765755653381348,-0.026716625317931175,1.0794333219528198,0.6815195083618164
online_mind2web,e3ab665e01e7632ce33ac1aeca14aff6,1.2758527994155884,-0.01816953718662262,1.0897969007492065,0.6634327173233032
online_mind2web,87f4c5128e36cdb9366a138a7b61bb00,1.2754709720611572,-0.030345702543854713,1.109034776687622,0.6299747228622437
online_mind2web,d71be72aa25c3eab8eea47a0e60382e2,1.2747994661331177,0.08534622192382812,1.089604377746582,0.6617220044136047
online_mind2web,71f8de1834599fba443f40dbbfab8edd,1.2741186618804932,-0.00017692544497549534,1.0484577417373657,0.7239577174186707
online_mind2web,f00e7accfb4a5e09680bdb326e6274ad,1.273500680923462,0.034242793917655945,0.9336937665939331,0.8660368919372559
online_mind2web,fe33894188d20d7469f37a9fd855e7ff_110325,1.2733949422836304,-0.005249498877674341,1.034453272819519,0.7425909042358398
online_mind2web,11abb668c751dd56bb41f296a8bb3a13,1.2713614702224731,0.06675901263952255,1.0497740507125854,0.7171711325645447
online_mind2web,c39d6c245f8243993e707d54d2f4acec,1.2705252170562744,-0.015283473767340183,1.1155542135238647,0.608089804649353
online_mind2web,d1807551297ac60ecaaabbd2a2ed301a,1.2701836824417114,-0.007899239659309387,1.0968950986862183,0.6404591202735901
online_mind2web,207e933d1bba815bcb58664b5d82c085,1.2698633670806885,-0.060024261474609375,1.1321607828140259,0.5751217007637024
online_mind2web,2218042362d8fae73756eb309848c2b2,1.2698049545288086,-0.04048355296254158,1.161341667175293,0.513507604598999
online_mind2web,7562d9b4e4829a44245aafce2e1f62db,1.26958429813385,-0.045307643711566925,1.136390209197998,0.5660932660102844
online_mind2web,e7301bb694871429bf2eb36c3a72186c_110325,1.268674612045288,-0.02119547501206398,1.2069480419158936,0.3909113109111786
online_mind2web,33bd2cdcea4fcc42a09a8a1e4e5841c6_110325,1.268281102180481,-0.02048332989215851,1.2059766054153442,0.39262890815734863
online_mind2web,d730f4ff450da1bd60a836163736ef6a_110325,1.2681180238723755,-0.021770423278212547,1.2071082592010498,0.38860392570495605
online_mind2web,0b2623e9fa5cea997f76490bcbc5220f,1.2679510116577148,0.04150203987956047,1.1050795316696167,0.6216903924942017
online_mind2web,c577a14301a725e09ccd269a3e0b271e,1.2678134441375732,-0.008406917564570904,1.155004620552063,0.5227957963943481
online_mind2web,816851ff92ff0219acf4364dcc2c4692_110325,1.2677695751190186,-0.022648848593235016,1.2074018716812134,0.3865494132041931
online_mind2web,9c97bab9c2abfb90a426cbe9addae8d0,1.2675284147262573,-0.02762456238269806,1.0891304016113281,0.6484006643295288
online_mind2web,d730f4ff450da1bd60a836163736ef6a,1.266997218132019,-0.012857448309659958,1.174154281616211,0.4760710597038269
online_mind2web,9c97bab9c2abfb90a426cbe9addae8d0_110325,1.266963005065918,-0.02161812223494053,1.205296516418457,0.39045554399490356
online_mind2web,a0a18ca6a3529f3e97c771aadd42d3a0_110325,1.2668683528900146,-0.019980575889348984,1.2045824527740479,0.39234739542007446
online_mind2web,2d5a7f95f951a26838289dfd629ae850_110325,1.2657757997512817,-0.01982254534959793,1.2036634683609009,0.39164119958877563
online_mind2web,199be0b54a436daee74247971fc684ee_110325,1.2656621932983398,-0.0020531078334897757,1.085337519645691,0.6511092782020569
online_mind2web,7680a920359cb1a508fbddb001b98167,1.2654967308044434,-0.031616173684597015,1.0613545179367065,0.6892086863517761
online_mind2web,301f267f421b93045874726183e8f722,1.2654712200164795,-0.03960217162966728,1.1577775478363037,0.5108509063720703
online_mind2web,0a0fa834ce41b5297c6474293383759d_110325,1.265451431274414,0.010982092469930649,1.1276243925094604,0.5743086338043213
online_mind2web,636b07af4dd97c1793733db1fd1b90b8_110325,1.265317678451538,-0.02095489762723446,1.203992247581482,0.3891417384147644
online_mind2web,5916018d1cad999881018cac1216a692,1.264923334121704,0.03113403357565403,1.0299204587936401,0.7343668341636658
online_mind2web,78baf9dbe7c3532f7d7ef4cc22a7f065,1.2644060850143433,-0.0315534770488739,1.1332299709320068,0.5608140826225281
online_mind2web,05483c50cc9b04c8ac44c574758fb2bd,1.2642848491668701,-0.037980854511260986,1.0982857942581177,0.6262463927268982
online_mind2web,9ed3827266b3b804f485859c3d00401e,1.264083981513977,-0.016393449157476425,1.1531022787094116,0.5179414749145508
online_mind2web,330cd04c773ac498f51afa4665461ec8,1.2637513875961304,-0.013745063915848732,1.1101419925689697,0.6038646101951599
online_mind2web,d392e154c1c6ffbb26e2331c3afafc67,1.262634038925171,0.01471673883497715,1.0578162670135498,0.6893978118896484
online_mind2web,78f397336b6fd1cbba0127db7a8cd502,1.2620749473571777,0.06851892173290253,1.0648211240768433,0.6774872541427612
online_mind2web,515f2e5811cfdd5e0e669e40f17886d8,1.2597590684890747,0.003896793583407998,1.0683356523513794,0.6675716042518616
online_mind2web,824eb7bb0ef1ce40bfd49c12182d9428_110325,1.2593481540679932,-0.020038746297359467,1.1990246772766113,0.3850942552089691
online_mind2web,c00437fd76a7a83b57f3dc4e5dbc41f8,1.2587368488311768,-0.04091757908463478,1.1249158382415771,0.5647855401039124
online_mind2web,cf757a775fa1224acfc7998489e199a8,1.2584174871444702,-0.0034538141917437315,1.100208044052124,0.6108658313751221
online_mind2web,aa4b5cb7114fcc138ade82b4b9716d24,1.255679726600647,-0.0021006346214562654,1.0716784000396729,0.6543980240821838
online_mind2web,fe33894188d20d7469f37a9fd855e7ff,1.2555187940597534,-0.03200570121407509,1.0994631052017212,0.606224536895752
online_mind2web,d1970c16271496cbbe166ecbecc0a1d8,1.2554000616073608,-0.037442129105329514,1.1268017292022705,0.5534863471984863
online_mind2web,3adeea7627f4343069f38adae40f73d0_110325,1.2539963722229004,0.0250190868973732,0.8906453847885132,0.8827558159828186
online_mind2web,9bb63ad0e38d5691a618932a8b31c05a,1.2538840770721436,0.0012536433059722185,1.0746228694915771,0.6460734605789185
online_mind2web,d1807551297ac60ecaaabbd2a2ed301a_110325,1.2534387111663818,-0.026769613847136497,1.0621134042739868,0.6656001210212708
online_mind2web,bf3b311cc8dce16d3de844f4b5875dfd,1.2530461549758911,0.04548919200897217,1.0165901184082031,0.7325770854949951
online_mind2web,a5c87cc1c94a090c9a8dc2c8b6a125d0,1.2525993585586548,0.0006917201681062579,1.1230907440185547,0.5546820163726807
online_mind2web,0e42c3a73f2aece1f854e0ba55b7c8b0,1.2514010667800903,-0.03470106050372124,1.1387934684753418,0.5188004970550537
online_mind2web,26784156ae9859a0dd6c5920eb106f91,1.2509149312973022,0.03714841231703758,1.0136682987213135,0.732983410358429
online_mind2web,bb314cb80f0f8489135cbf59074d11e2,1.2507954835891724,0.03902553766965866,1.0678614377975464,0.651276707649231
online_mind2web,f2097f92a10d42a842c14179f422311e,1.2490733861923218,-0.028317108750343323,1.025437831878662,0.7132051587104797
online_mind2web,0a0fa834ce41b5297c6474293383759d,1.247970700263977,0.007078002206981182,1.0920259952545166,0.6040779948234558
online_mind2web,fb7b4f784cfde003e2548fdf4e8d6b4f,1.246198058128357,-0.022601621225476265,1.019052267074585,0.7173159718513489
online_mind2web,db1ffb5e60578597d1c3aa3c389ac7b1,1.2461555004119873,-0.03156157582998276,1.1164718866348267,0.5535287857055664
online_mind2web,3c1ffc3f494e423b3c434c79e35da8f3_110325,1.2458043098449707,0.027286425232887268,0.883533239364624,0.8782923221588135
online_mind2web,c3307a70bb12ebf56cc9ec926b368f15,1.2450565099716187,-0.0031697810627520084,0.9830811619758606,0.7640138864517212
online_mind2web,ba2a469af584f16da93ce6a7430cf7e5,1.2441275119781494,-0.005473361350595951,1.1515846252441406,0.47085678577423096
online_mind2web,4e0f5561a76478da87995dee00b09572,1.2437729835510254,0.04818802326917648,0.9992901086807251,0.7405340075492859
online_mind2web,753f372c189d3b306623cb0c65b50320,1.2433667182922363,-0.013739804737269878,1.1411640644073486,0.49366527795791626
online_mind2web,6b2cfae0ef25c73d1224b6ab74cb8b63,1.2422125339508057,0.05104072764515877,1.076796054840088,0.6193562746047974
online_mind2web,79f0bd7df6e685f30f20025cc6755c0a_110325,1.2419447898864746,0.006724433973431587,1.1094255447387695,0.5582131147384644
online_mind2web,2dd41b1d0e8f389d0683f4a4627abfe6,1.2407310009002686,0.06785014271736145,1.0509394407272339,0.6594995260238647
online_mind2web,29b7372d5a3884a2ba831af2d117af3c,1.2394605875015259,0.018912531435489655,1.0291589498519897,0.6907202005386353
online_mind2web,95cad96f2e43f3c0d8efad1331c77c8c,1.239359736442566,0.04053669422864914,0.9327395558357239,0.8160940408706665
online_mind2web,255bf27c43fd3f9254d6b81a5f36d3a9,1.2371869087219238,-0.037376921623945236,1.1157675981521606,0.5345034599304199
online_mind2web,2c8ef01a92c71ba9ef2e59bb17eea2b3,1.2367565631866455,0.029235927388072014,1.0976513624191284,0.5698493719100952
online_mind2web,9f1cba613830ca1c6a58f9498c06e679_110325,1.2362854480743408,0.008558166213333607,1.1006178855895996,0.5630647540092468
online_mind2web,1c3b747ae12ccee895745f82e3f2ef8a,1.2345740795135498,-0.015306941233575344,1.1032869815826416,0.5540135502815247
online_mind2web,5dec0e6620849459f29e6465982c597e,1.2334134578704834,-0.024997107684612274,1.1306873559951782,0.492803156375885
online_mind2web,4d3157aab34b54e5f0c4b965dfe930f3,1.2323776483535767,-0.059368278831243515,1.074959397315979,0.6026749014854431
online_mind2web,64345c365f544375357c7b67917f08a0,1.2319488525390625,-0.004298605490475893,1.123561978340149,0.5052785873413086
online_mind2web,1fc28d91d25ccd1c6ba268101326a654,1.231169581413269,0.030859921127557755,0.9023191928863525,0.8376147747039795
online_mind2web,79f0bd7df6e685f30f20025cc6755c0a,1.2308425903320312,-0.04601377993822098,1.1416622400283813,0.4599790871143341
online_mind2web,e7301bb694871429bf2eb36c3a72186c,1.2303463220596313,-0.017860176041722298,1.1417793035507202,0.45835787057876587
online_mind2web,23204728192da9f73197a613d9681c18,1.2289156913757324,0.056186407804489136,1.0009852647781372,0.7129250168800354
online_mind2web,bb5d90e6f2fbc0ae146f7c1998c2b4a1,1.2284315824508667,-0.015413157641887665,1.0960934162139893,0.5546382069587708
online_mind2web,d02d236836924919f35f2438d9ed2374,1.2275689840316772,-0.012082069180905819,1.0914885997772217,0.5617635846138
online_mind2web,ef289e34a2f59a707cb07e2a6229ff03,1.2273905277252197,-0.028975609689950943,1.1450539827346802,0.44197171926498413
online_mind2web,43a1ca251f11c6b0bdd0379766cc49e6,1.2273017168045044,-0.03194098919630051,1.1133840084075928,0.516377329826355
online_mind2web,9f1cba613830ca1c6a58f9498c06e679,1.2267895936965942,0.029706047847867012,1.006604790687561,0.7012556195259094
online_mind2web,60cbbbd58eb9d28b053aef945f464228,1.2258596420288086,0.0379587821662426,0.9982203245162964,0.7115392684936523
online_mind2web,bc2ce7f206045dd2d322e5695a947219,1.225725531578064,0.05141999572515488,0.9990004301071167,0.7102121114730835
online_mind2web,b64f938af842f6a1b4489d0e49a785a7,1.2251509428024292,-0.018201526254415512,1.144680380821228,0.4366939067840576
online_mind2web,e7f6cca9a8875f98fee3b711ead3a444_110325,1.224838137626648,0.027973070740699768,0.8638819456100464,0.8682951927185059
online_mind2web,b3f8bd9198d9d157e0848109563c4b23,1.2246015071868896,-0.0375349186360836,1.1407966613769531,0.4452323317527771
online_mind2web,47b93b9e649eadeb8d96a6e3df715c2d,1.224185824394226,0.031639404594898224,0.9708250761032104,0.745741069316864
online_mind2web,47bfe8a7e0e4e7efc837287b407fbe90,1.2227267026901245,-0.012961304746568203,1.0999290943145752,0.5340567827224731
online_mind2web,864244b6969e0f8733b0eb1ca06cd51f,1.2223079204559326,0.09143859148025513,1.003501057624817,0.6978697776794434
online_mind2web,d5c34bf39eb6096ae5d439325cde4d32,1.222030758857727,0.06778044253587723,0.7451554536819458,0.9685568809509277
online_mind2web,f707d765bca668830745d20807d7bee6,1.2213444709777832,0.031522057950496674,1.0685534477233887,0.5915029048919678
online_mind2web,4f903626f632586fe4728d6664947bab,1.2196422815322876,-0.03610314428806305,1.1020183563232422,0.5225734710693359
online_mind2web,dd44c665cec1e9c929a4c5f074e7844a,1.2190359830856323,-0.012868066318333149,1.0994642972946167,0.5265234708786011
online_mind2web,da8f3823a827c7d3a492f383808e7912,1.2189953327178955,-0.027098463848233223,1.07654869556427,0.5718325972557068
online_mind2web,123e8c2fc453f55fadd1d0b9aaf94df4,1.2161593437194824,0.044910918921232224,1.055897831916809,0.6034262180328369
online_mind2web,cad62d2be0c53f08a416457486b3db23,1.2152093648910522,0.001744814682751894,1.0510687828063965,0.6099082827568054
online_mind2web,c09721cc937d4dcfb391a0bc2c574b28,1.21458101272583,-0.029141748324036598,1.0285146236419678,0.6460376381874084
online_mind2web,c181f903ec1107b850032c17cad88393,1.2140730619430542,-0.005031029228121042,1.0755211114883423,0.5632297396659851
online_mind2web,20a460a8fe1971b84411c5b1e6ac4186,1.2140445709228516,0.05670687556266785,0.9283515214920044,0.782347559928894
online_mind2web,6ca20f1da01edeb49a7a42c816d8c6fe,1.2133586406707764,0.052350375801324844,1.0054798126220703,0.6791536211967468
online_mind2web,871e7771cecb989972f138ecc373107b,1.2124303579330444,0.08056453615427017,0.9420176148414612,0.7632760405540466
online_mind2web,d8e2a81fa621ce4737e5ea85671b630e_110325,1.2118642330169678,-0.02829115465283394,1.0737099647521973,0.5619269609451294
online_mind2web,561693d6eec7bbfba3fefe9e4b26decb,1.2112390995025635,0.0499030202627182,0.8533959984779358,0.8595437407493591
online_mind2web,f27b393bbd2082f92b566270c4b74fe6,1.209751009941101,-0.02059510350227356,1.0945645570755005,0.5151950120925903
online_mind2web,b4aa7315e31dfcdc52baf7771be260c9,1.207772970199585,-0.00827027764171362,1.0277435779571533,0.6343964338302612
online_mind2web,046138801a05ddf56ad94e8672942496,1.2077399492263794,0.0038647842593491077,1.035678505897522,0.6212936639785767
online_mind2web,3ec0f6138d37fadcb989347a6088ec45,1.2065479755401611,0.01715591363608837,0.9745052456855774,0.711405336856842
online_mind2web,50d91eabde542906937ab4c5b6f8f23a,1.2062592506408691,-0.027163714170455933,1.0551321506500244,0.5846002697944641
online_mind2web,f158345f8489e0d1d91e28768c39bca1,1.205676794052124,-0.014995497651398182,1.0856105089187622,0.5245057344436646
online_mind2web,461ab9b0c7b20ac5f912704480979c65,1.205174207687378,-0.03980719670653343,1.0191316604614258,0.6432849168777466
online_mind2web,271b36efd4346721b5542488ff997042,1.2043424844741821,-0.009299435652792454,1.0470714569091797,0.5950480103492737
online_mind2web,636b07af4dd97c1793733db1fd1b90b8,1.2027591466903687,-0.0021045065950602293,1.1175024509429932,0.4447672367095947
online_mind2web,56f8890a837c49f7df766b9c981646f3,1.2024757862091064,0.0082723218947649,0.9643286466598511,0.7183442115783691
online_mind2web,84ef883a37af638c3bcf7561f28ce80a,1.2014888525009155,-0.01041930541396141,1.1030752658843994,0.4762355089187622
online_mind2web,5c00e9561eae94789443f405525a5869,1.2010769844055176,0.07687999308109283,0.9862350821495056,0.685511589050293
online_mind2web,627f7a18d85f29a687234f1ade4585c2,1.2007814645767212,-0.012429756112396717,0.9983304738998413,0.6672424077987671
online_mind2web,e4e097222d13a2560db6f6892612dab6,1.1985152959823608,-0.03372613713145256,1.0533844232559204,0.5716818571090698
online_mind2web,0170ca95038b05fa58d463fe627ac605,1.196873426437378,0.006305452436208725,0.983434796333313,0.6821744441986084
online_mind2web,c6c9dc6079677cef594cec2fa6b16602,1.1967693567276,-0.00968843698501587,1.1006144285202026,0.4700051546096802
online_mind2web,8f2611047de227a2ca8bda13f6e2e5fb_110325,1.1963601112365723,0.0157698355615139,1.0654592514038086,0.5441269278526306
online_mind2web,b6d10e9bd19b4009a02dea0e98f4e1ae,1.1960384845733643,0.040398143231868744,0.8938838839530945,0.7946569323539734
online_mind2web,b922508886ded315c9835457a6eb43ea,1.1951171159744263,0.055335402488708496,1.0313177108764648,0.6038944721221924
online_mind2web,65c4030f22fb6eb101acfee4825f1318,1.1944595575332642,0.047342196106910706,0.9947329163551331,0.6612414121627808
online_mind2web,512fd4deab099b8dc0dcfc0ec48a3c63,1.1931473016738892,-0.009925367310643196,1.0529597997665405,0.5611382722854614
online_mind2web,7b182a5087347d494b48a29dbc0f1d3e,1.1930296421051025,-0.01989358477294445,1.0240644216537476,0.6120553612709045
online_mind2web,2c8ef01a92c71ba9ef2e59bb17eea2b3_110325,1.1928300857543945,0.0418887734413147,0.976226270198822,0.6854385137557983
online_mind2web,2d5a7f95f951a26838289dfd629ae850,1.190800428390503,0.005052903201431036,1.0082905292510986,0.6335265636444092
online_mind2web,690d7b4a285fdb1e9dabf973bf46ae4d,1.1899837255477905,0.005683752708137035,1.0196431875228882,0.6135056018829346
online_mind2web,fd787623166785d84093565bf945fd24,1.1890919208526611,0.06261133402585983,0.8778615593910217,0.80205899477005
online_mind2web,a48e2f1ee8d87eaeea56fe5e730427e6,1.1884154081344604,-0.026005921885371208,1.1118698120117188,0.4196149706840515
online_mind2web,608c595eec271fa5dc03506923519994,1.187050461769104,-0.005843102931976318,0.9915893077850342,0.6525636911392212
online_mind2web,38203be65401943aea2179c4c680059a,1.1863924264907837,0.07499277591705322,0.9955664277076721,0.645270824432373
online_mind2web,3dca7cbe7d086619d837ff9f5312cebc_110325,1.1861904859542847,0.005377930589020252,0.9634974598884583,0.6918963193893433
online_mind2web,3c1ffc3f494e423b3c434c79e35da8f3,1.1858112812042236,-0.0012386823073029518,1.0282692909240723,0.590601921081543
online_mind2web,a69d2934fe54fef165490a5a2d95bf38,1.1846014261245728,-0.03395834192633629,1.016128420829773,0.6089035868644714
online_mind2web,eb323dc584156d0eb3a2b90bb8c4b791,1.1834731101989746,-0.011918422766029835,1.1027088165283203,0.4296996295452118
online_mind2web,a0a18ca6a3529f3e97c771aadd42d3a0,1.1822690963745117,0.011274680495262146,1.081880807876587,0.476753830909729
online_mind2web,005be9dd91c95669d6ddde9ae667125c,1.182212471961975,0.00911425705999136,1.0407648086547852,0.5607450008392334
online_mind2web,1df24ec81137386d6476bcf343a79012,1.1817750930786133,-0.0044602095149457455,1.0350022315979004,0.5704057812690735
online_mind2web,b7258ee05d75e6c50673a59914db412e_110325,1.1811105012893677,0.007367376238107681,1.0550203323364258,0.5309934616088867
online_mind2web,dcd26e662a616d373ddd339747c6ce5b,1.1809827089309692,-0.027777377516031265,1.0268809795379639,0.5832971334457397
online_mind2web,07ec4a12cba8090e2dc524d558ac7675,1.1805884838104248,0.08187485486268997,0.8263422250747681,0.8431771397590637
online_mind2web,2fc51dd3febd447f0fdcdabca8d944ce_110325,1.1805106401443481,0.015105631202459335,1.0121561288833618,0.6075732707977295
online_mind2web,34ccd15a8ea8fd3895af83f5ccf62369,1.1797785758972168,0.08958061784505844,0.8656917810440063,0.8015329837799072
online_mind2web,c521933dad9c0ef9f1dfa2f38b8e4405,1.1795518398284912,0.047477882355451584,0.8998603224754333,0.7626231908798218
online_mind2web,c0fa2c0e622971955cabf5bcf7b777e8,1.179274082183838,0.08916927874088287,0.9368932247161865,0.7161833047866821
online_mind2web,9d09bc948462db032bac98968b11b008,1.1785998344421387,0.04998142272233963,0.9621378779411316,0.6807264089584351
online_mind2web,c94551d2b18f9ad0ab31b0bd98ca42e3,1.1762595176696777,0.029113996773958206,1.0370577573776245,0.5550655126571655
online_mind2web,73d08420706ae205a9c5be28b6d4e80f,1.1750414371490479,-0.0060322037898004055,0.9697574377059937,0.6635457277297974
online_mind2web,547f5729c59d5d12a457a3ebb74c31c6,1.1746174097061157,-0.03166975453495979,1.0153274536132812,0.590623676776886
online_mind2web,33bd2cdcea4fcc42a09a8a1e4e5841c6,1.1743202209472656,-0.010495970956981182,1.0898631811141968,0.4372941851615906
online_mind2web,8f80e64e44e1fada018997b2fe869683_110325,1.1740238666534424,0.004171684850007296,0.9552618861198425,0.682500422000885
online_mind2web,11857213ca01510f12813740afd59918_110325,1.1714204549789429,0.02813917025923729,1.0088474750518799,0.5953591465950012
online_mind2web,ce616721ce9aeda69890fbccb29677a6,1.169244647026062,0.08618445694446564,0.9551090598106384,0.6744626760482788
online_mind2web,59b7b990b4828bc305ab0d7ed6071b55,1.168874979019165,-0.030423177406191826,1.0758674144744873,0.45692235231399536
online_mind2web,26810ed9c123a62992e3eed31db3c5ee,1.1667968034744263,0.04961918666958809,0.8706122636795044,0.7768197655677795
online_mind2web,92a3d4236f167af4afdc08876a902ba6,1.1637687683105469,0.06582684069871902,0.8155441284179688,0.8302081823348999
online_mind2web,9b5dfe54a1c14c5c6336bae7374c3bb5,1.162584662437439,0.022628601640462875,1.001873254776001,0.5897907614707947
online_mind2web,070c907d34a4ce71dfdbea38f9c5d4d8,1.1603269577026367,0.00011266834917478263,1.0058038234710693,0.5785475373268127
online_mind2web,9af05e392cf3f5a8ff17aa764ba5bda6,1.1599193811416626,-0.023279936984181404,1.0874170064926147,0.40365469455718994
online_mind2web,bd1e3770b7181f6fce9c35e18caa9785,1.1587141752243042,0.07235347479581833,0.9784036874771118,0.6207614541053772
online_mind2web,e43cbc8a0bf9e999884928d11006f894,1.1582003831863403,-0.004504576791077852,1.0608078241348267,0.46488162875175476
online_mind2web,5d542a7ec1fa142ba73cc87d970caf39,1.158007025718689,-0.016755759716033936,1.0670191049575806,0.4499448835849762
online_mind2web,0059adc6b12a3822305deb68929b2de8,1.1572155952453613,0.053495392203330994,0.8917942047119141,0.7374626398086548
online_mind2web,d4fb78b7e74508cd3b33f01cf9200997,1.1570532321929932,-0.04416262358427048,1.0094635486602783,0.5654694437980652
online_mind2web,b2f4fde2fce122a93c7b578086cb0585,1.1553484201431274,-0.028695333749055862,1.0824917554855347,0.403783917427063
online_mind2web,29526b17a32485742b5ab63507e99417,1.1548494100570679,0.0724942684173584,0.8435913324356079,0.7886892557144165
online_mind2web,3dca7cbe7d086619d837ff9f5312cebc,1.154539942741394,-0.013231538236141205,1.072778344154358,0.42674240469932556
online_mind2web,6174e5ddd40cfbdc33ee1502f40bac39,1.1527137756347656,-0.00993663165718317,0.9916049838066101,0.5877658724784851
online_mind2web,e9f4dfc67e0e6aa37f05f7cc5aa7428c,1.1508698463439941,-0.023715974763035774,1.0480221509933472,0.4755534529685974
online_mind2web,aafd1fddea1558466ac6133934d35156,1.1504873037338257,0.009240289218723774,1.0084203481674194,0.5538135170936584
online_mind2web,8103786e0e5976ebf961bd062d5f39cd,1.148637294769287,0.024881241843104362,0.9768876433372498,0.6042004823684692
online_mind2web,1ab384fb3a791edfb410213cc6b82151_110325,1.1475740671157837,-0.01908457837998867,1.0167373418807983,0.532138466835022
online_mind2web,b7a9a6b5d451164c09bbd27b670bc2ae,1.1474616527557373,0.007596470415592194,0.9547713994979858,0.6364588737487793
online_mind2web,d8e2a81fa621ce4737e5ea85671b630e,1.144991159439087,-0.04243490472435951,1.0304019451141357,0.4992762804031372
online_mind2web,a11ecdff735b51372d536c866011af6f,1.1408724784851074,0.05294652283191681,0.8658371567726135,0.7429105043411255
online_mind2web,bfa2de159be6978acf2702be31a2eeeb,1.1401177644729614,0.046211954206228256,0.9446171522140503,0.6384097337722778
online_mind2web,26a0e5c21c145dd8448aa92f35bec5ea,1.1381149291992188,0.024827048182487488,0.9123830795288086,0.680340051651001
online_mind2web,c3a333968fc3c43d7f2688f425a0d633,1.137341022491455,-0.011363590136170387,1.0381799936294556,0.4644641578197479
online_mind2web,1223b07536a87e0170ff87cbbebd1d3c,1.1355881690979004,0.020315786823630333,0.991934597492218,0.5528348684310913
online_mind2web,4091bdd3fa64a5b0d912bc08eaf9c824,1.134412169456482,0.024667706340551376,0.8914289474487305,0.701602041721344
online_mind2web,84f806c7fc15576673915f195efa72df,1.1341084241867065,-0.027603991329669952,1.0658303499221802,0.38756632804870605
online_mind2web,7abdceee212151f187ee1a1744c57606,1.1288899183273315,-0.013937468640506268,0.9313217401504517,0.6379908323287964
online_mind2web,8fdec8eeffd3491e6526cc78c028120b,1.1274081468582153,0.06928416341543198,0.8919339179992676,0.6895672678947449
online_mind2web,4639a54f3ab549864fd8d60b7398b1e1,1.1272526979446411,-0.04064584895968437,0.9986055493354797,0.5229583978652954
online_mind2web,9829f3087ab1f9c8eba6b6dd2b831d25,1.1264108419418335,0.007328734267503023,1.0273710489273071,0.4618551433086395
online_mind2web,c03ee2be3d73556ab789c0ad1cbd3451,1.1253219842910767,-0.015400571748614311,1.038796067237854,0.4327266812324524
online_mind2web,905cb53061c33aa2d77e485fe1fca516,1.1247988939285278,-0.0174852441996336,1.0151145458221436,0.48447391390800476
online_mind2web,3ae28b3c440efe87dc700480b78ac608,1.1234841346740723,-0.0006851752987131476,0.9725484251976013,0.5624644756317139
online_mind2web,323bd85e3559655d89e5496b951a25e8,1.122943639755249,0.019311439245939255,0.8994365334510803,0.6723217368125916
online_mind2web,15be05973fba714e490cd9c884e4f072,1.1153966188430786,0.006518189329653978,0.9379465579986572,0.6036271452903748
online_mind2web,82eb3bfedd78456a0230b389f4e7a938,1.1150496006011963,0.12462422996759415,0.910018801689148,0.6443613171577454
online_mind2web,4e3f6a538cc1f7321cfc50260db9545d,1.1128145456314087,0.03177005425095558,0.8817628622055054,0.6788596510887146
online_mind2web,987bad7c6d4726d64232a8a1c3386888,1.1123594045639038,0.046352725476026535,0.9808062314987183,0.5247500538825989
online_mind2web,75a1b5dcd2c28508a971d98d51fe5767,1.1121941804885864,0.06044912338256836,0.88749098777771,0.6703251004219055
online_mind2web,3ef64f34eae59c9fac7ee9a4f18b4a0c,1.1112223863601685,0.06849194318056107,0.9023206233978271,0.648561954498291
online_mind2web,6ebde509dca8f15c0fa1bd74f071e8d6,1.1089469194412231,0.014414750039577484,0.9567751288414001,0.5606643557548523
online_mind2web,a7a73c8fa75441fc76df9746c327bdd6,1.103072166442871,0.013650978915393353,0.9436613917350769,0.5712016224861145
online_mind2web,11857213ca01510f12813740afd59918,1.101205587387085,-0.012625932693481445,1.0317209959030151,0.3849746584892273
online_mind2web,8f80e64e44e1fada018997b2fe869683,1.0995911359786987,0.011976834386587143,0.9376419186592102,0.5743938088417053
online_mind2web,5e1b8254c123c80178cc28e0afdb14f0,1.0993115901947021,0.035598672926425934,0.9278051257133484,0.5896299481391907
online_mind2web,8ea6c3a2ea3f59150619935261a76d19,1.0972905158996582,0.028849586844444275,0.8922327756881714,0.6387230753898621
online_mind2web,e4e19e04286f644d747d8c5a79d17fac,1.0842164754867554,0.12641233205795288,0.752548336982727,0.7805103659629822
online_mind2web,828c2d98616a9478d5864d847d5a1b28,1.0710147619247437,0.007172971963882446,0.9158834218978882,0.5551848411560059
online_mind2web,cfafe3771369d1d261e9f7ecd44c296d,1.0703473091125488,-0.0609770193696022,0.9372396469116211,0.516938328742981
online_mind2web,3adeea7627f4343069f38adae40f73d0,1.0700336694717407,0.0245298333466053,0.9332143068313599,0.5235294103622437
online_mind2web,62c8d970b3d13891f355911e5a8f4030,1.0655251741409302,0.06464206427335739,0.9399003386497498,0.5019274950027466
online_mind2web,c2153fc053112e89c2f103869c4d6890,1.064185619354248,0.06565578281879425,0.789130687713623,0.713977575302124
online_mind2web,2532fd402d3c741b79894e6ff2269f53,1.0562795400619507,0.0369429849088192,0.8043302297592163,0.6846745014190674
online_mind2web,9ef1a8972f375db59c0e6329e11b7939,1.051025152206421,0.015602873638272285,0.9050700664520264,0.5343238711357117
online_mind2web,d9a8689393effeed75ea0866e44e1def,1.0460257530212402,-0.028613798320293427,0.8777771592140198,0.5689262747764587
online_mind2web,b320c68bffc1f3c7f2a8dc9d5478fb27,1.042292594909668,0.04840405285358429,0.8482245802879333,0.6057136058807373
online_mind2web,246d654fab7c31d9651007e39e75f74f,1.0042760372161865,0.02370295859873295,0.8657548427581787,0.5089586973190308
scicode,16,2.78120493888855,0.0976647436618805,2.4446818828582764,1.3261339664459229
scicode,15,2.745750904083252,0.01853141188621521,2.449705123901367,1.2401984930038452
scicode,68,2.718229293823242,-0.01919027790427208,2.541862964630127,0.9631733894348145
scicode,63,2.7169747352600098,-0.01910264790058136,2.540835380554199,0.9623450040817261
scicode,9,2.712414026260376,-0.019497854635119438,2.538729429244995,0.955009400844574
scicode,62,2.712249517440796,-0.018750209361314774,2.5362892150878906,0.9610069990158081
scicode,71,2.71173095703125,-0.01912239007651806,2.5362274646759033,0.9597059488296509
scicode,73,2.711642265319824,-0.019131921231746674,2.5372390747070312,0.95677649974823
scicode,79,2.7113640308380127,-0.01866522617638111,2.535412311553955,0.9608218669891357
scicode,17,2.7113265991210938,-0.019188033416867256,2.536846160888672,0.9569242000579834
scicode,50,2.7112839221954346,-0.019048353657126427,2.5364325046539307,0.957898736000061
scicode,26,2.7112276554107666,-0.01892826333642006,2.536132574081421,0.9585338234901428
scicode,27,2.7109732627868652,-0.01864231750369072,2.5349278450012207,0.9609977602958679
scicode,46,2.710925579071045,-0.019128328189253807,2.53644061088562,0.9568631052970886
scicode,41,2.7108943462371826,-0.01907404698431492,2.5360348224639893,0.9578489065170288
scicode,61,2.7108895778656006,-0.018940089270472527,2.535872220993042,0.9582661390304565
scicode,66,2.710817575454712,-0.018851283937692642,2.535496950149536,0.959055483341217
scicode,64,2.710798978805542,-0.019222617149353027,2.5357859134674072,0.958238422870636
scicode,11,2.7107412815093994,-0.01897057704627514,2.535773992538452,0.9581068754196167
scicode,31,2.7107365131378174,-0.018939347937703133,2.535496711730957,0.9588266015052795
scicode,40,2.7107009887695312,-0.018816404044628143,2.535322904586792,0.9591856002807617
scicode,60,2.710653305053711,-0.01904376596212387,2.5360107421875,0.9572311639785767
scicode,80,2.7105226516723633,-0.018880048766732216,2.5349440574645996,0.9596828818321228
scicode,33,2.7105109691619873,-0.018721703439950943,2.534883499145508,0.9598098993301392
scicode,45,2.7104713916778564,-0.0188305601477623,2.534987688064575,0.9594231247901917
scicode,28,2.710432291030884,-0.018854456022381783,2.535099506378174,0.9590166807174683
scicode,21,2.7104272842407227,-0.018655039370059967,2.534621000289917,0.9602667689323425
scicode,43,2.71035099029541,-0.01880694553256035,2.5348968505859375,0.959322988986969
scicode,5,2.710350751876831,-0.01885800063610077,2.534987211227417,0.9590829610824585
scicode,34,2.710348606109619,-0.01874736323952675,2.534865617752075,0.9593987464904785
scicode,32,2.710277557373047,-0.018696514889597893,2.534446954727173,0.9603036642074585
scicode,24,2.710233211517334,-0.01873738504946232,2.534087896347046,0.9611260294914246
scicode,65,2.710162401199341,-0.018735650926828384,2.534428119659424,0.9600285887718201
scicode,35,2.7101471424102783,-0.018671022728085518,2.5345852375030518,0.9595702886581421
scicode,55,2.7100915908813477,-0.018697872757911682,2.5337038040161133,0.9617390036582947
scicode,18,2.7100512981414795,-0.018672462552785873,2.534127950668335,0.9605069160461426
scicode,76,2.7099881172180176,-0.018785761669278145,2.534365653991699,0.9597012996673584
scicode,52,2.7099711894989014,-0.018559304997324944,2.5337040424346924,0.961398720741272
scicode,58,2.709897994995117,-0.01860165037214756,2.533978223800659,0.9604690670967102
scicode,72,2.709878921508789,-0.018372079357504845,2.5330986976623535,0.9627332091331482
scicode,77,2.709862470626831,-0.018510015681385994,2.533156633377075,0.9625345468521118
scicode,37,2.7098495960235596,-0.01870669052004814,2.5341267585754395,0.9599409103393555
scicode,2,2.709845542907715,-0.018844421952962875,2.534393072128296,0.9592261910438538
scicode,59,2.709836006164551,-0.018525991588830948,2.5336806774139404,0.9610795378684998
scicode,22,2.709818124771118,-0.018759388476610184,2.5338850021362305,0.9604899287223816
scicode,42,2.7098019123077393,-0.01875736005604267,2.5337939262390137,0.9606846570968628
scicode,54,2.7097954750061035,-0.018540535122156143,2.53362774848938,0.961104691028595
scicode,75,2.709780693054199,-0.018928520381450653,2.534226655960083,0.9594821333885193
scicode,67,2.7097558975219727,-0.018629489466547966,2.5337729454040527,0.9606101512908936
scicode,13,2.7096500396728516,-0.0184581708163023,2.532827854156494,0.9628012180328369
scicode,57,2.7095658779144287,-0.01856192946434021,2.533332109451294,0.9612365365028381
scicode,69,2.709559917449951,-0.018454764038324356,2.5333075523376465,0.9612841606140137
scicode,12,2.709498643875122,-0.018601898103952408,2.5333950519561768,0.960881233215332
scicode,23,2.7090888023376465,-0.018685543909668922,2.533614158630371,0.9591461420059204
scicode,39,2.7082901000976562,-0.018635157495737076,2.5328707695007324,0.9588541388511658
scicode,48,2.7043347358703613,-0.01960456743836403,2.5310068130493164,0.9525916576385498
scicode,53,2.7011609077453613,0.052344195544719696,2.3211019039154053,1.381577491760254
scicode,30,2.671297788619995,0.04428010806441307,2.372619867324829,1.2273982763290405
scicode,8,2.657155990600586,0.01090698316693306,2.3495516777038574,1.2410016059875488
scicode,74,2.651052474975586,0.17394012212753296,2.2230277061462402,1.4443778991699219
scicode,36,2.623927593231201,0.04184279218316078,2.2912650108337402,1.2787107229232788
scicode,14,2.622835159301758,0.012190047651529312,2.340465784072876,1.1838433742523193
scicode,25,2.6008784770965576,0.08325144648551941,2.2474377155303955,1.3090428113937378
scicode,56,2.5755367279052734,0.07874034345149994,2.227792978286743,1.2924116849899292
scicode,20,2.471207857131958,0.07635343074798584,2.1209943294525146,1.268168330192566
scienceagentbench,101,2.4427998065948486,-0.05519191548228264,2.197866201400757,1.066140055656433
scienceagentbench,19,2.333636999130249,-0.07324660569429398,2.00966739654541,1.1862120628356934
scienceagentbench,38,2.3285112380981445,-0.07696334272623062,2.0202388763427734,1.1578428745269775
scienceagentbench,23,2.3281309604644775,0.003293372457846999,2.015596628189087,1.1651455163955688
scienceagentbench,94,2.3181378841400146,0.029976321384310722,1.8786646127700806,1.3580803871154785
scienceagentbench,24,2.3051838874816895,-0.033775269985198975,2.078219413757324,0.997435450553894
scienceagentbench,47,2.3003172874450684,-0.040972281247377396,2.074021816253662,0.9949336051940918
scienceagentbench,39,2.2775373458862305,-0.05988188832998276,1.965483546257019,1.1506739854812622
scienceagentbench,83,2.2584760189056396,-0.0031510365661233664,1.967737078666687,1.1084784269332886
scienceagentbench,11,2.257922887802124,0.11358796060085297,1.9458166360855103,1.1454315185546875
scienceagentbench,52,2.246656656265259,0.03070462867617607,2.0186963081359863,0.9860687851905823
scienceagentbench,84,2.2429134845733643,-0.029148872941732407,1.9692853689193726,1.0735810995101929
scienceagentbench,41,2.2390782833099365,0.1595078855752945,1.9549111127853394,1.0916931629180908
scienceagentbench,88,2.2323403358459473,-0.04553011432290077,1.9530692100524902,1.081140160560608
scienceagentbench,77,2.2286863327026367,-0.025619642809033394,1.993951439857483,0.9955905675888062
scienceagentbench,99,2.2227559089660645,-0.06475067138671875,1.926444411277771,1.108807921409607
scienceagentbench,98,2.221082925796509,-0.04250643029808998,1.9874645471572876,0.9915615320205688
scienceagentbench,63,2.2191643714904785,-0.03311881422996521,2.003018379211426,0.9553049802780151
scienceagentbench,49,2.217081308364868,-0.055817630141973495,1.9464094638824463,1.06157386302948
scienceagentbench,95,2.207412004470825,-0.022299926728010178,2.0648927688598633,0.7803112268447876
scienceagentbench,33,2.206751823425293,-0.06045476347208023,1.952965497970581,1.0274624824523926
scienceagentbench,15,2.205798625946045,-0.02218807302415371,2.0634307861328125,0.7796157598495483
scienceagentbench,87,2.2056198120117188,-0.022121649235486984,2.0630929470062256,0.7800037264823914
scienceagentbench,60,2.204866647720337,-0.022767143324017525,2.0633440017700195,0.7772058248519897
scienceagentbench,59,2.2042593955993652,-0.022152038291096687,2.0620851516723633,0.7788225412368774
scienceagentbench,32,2.2038819789886475,-0.022483326494693756,2.0621337890625,0.7776249647140503
scienceagentbench,18,2.2035486698150635,0.10642234981060028,1.9057163000106812,1.1062875986099243
scienceagentbench,22,2.2031779289245605,-0.02232363633811474,2.061491012573242,0.7773340940475464
scienceagentbench,34,2.202974557876587,-0.022025443613529205,2.0612282752990723,0.7774543166160583
scienceagentbench,21,2.2015140056610107,-0.02149471826851368,2.0589590072631836,0.7793277502059937
scienceagentbench,28,2.2013590335845947,-0.09617336094379425,1.914473056793213,1.086634635925293
scienceagentbench,69,2.2011988162994385,0.0011584608582779765,1.8575987815856934,1.1809329986572266
scienceagentbench,3,2.200648784637451,-0.04507669061422348,1.850775957107544,1.190581202507019
scienceagentbench,72,2.2002787590026855,-0.023391200229525566,2.0622806549072266,0.7669584155082703
scienceagentbench,2,2.2001142501831055,-0.02209109626710415,2.0586013793945312,0.7763136029243469
scienceagentbench,43,2.1999497413635254,-0.022022029384970665,2.058809518814087,0.775295078754425
scienceagentbench,5,2.198599100112915,-0.022194573655724525,2.058342456817627,0.7726993560791016
scienceagentbench,62,2.198451519012451,-0.022197537124156952,2.057842493057251,0.773610532283783
scienceagentbench,74,2.198439121246338,-0.02180165797472,2.057378053665161,0.7748098373413086
scienceagentbench,8,2.1981711387634277,-0.02179037593305111,2.0574026107788086,0.7739839553833008
scienceagentbench,29,2.1981215476989746,-0.022437283769249916,2.0590152740478516,0.7695414423942566
scienceagentbench,12,2.1974449157714844,-0.021884804591536522,2.056814193725586,0.7734852433204651
scienceagentbench,36,2.1970183849334717,-0.021458175033330917,2.0556211471557617,0.775442898273468
scienceagentbench,67,2.1968557834625244,-0.021878287196159363,2.0563061237335205,0.773162841796875
scienceagentbench,1,2.1961171627044678,-0.021427150815725327,2.055025100708008,0.7744687795639038
scienceagentbench,75,2.196078300476074,-0.014210684224963188,1.9837197065353394,0.9421336650848389
scienceagentbench,37,2.195952892303467,-0.02161717601120472,2.0554394721984863,0.7729019522666931
scienceagentbench,44,2.1958980560302734,-0.021518461406230927,2.0549299716949463,0.774100124835968
scienceagentbench,64,2.1955976486206055,-0.021458148956298828,2.0548391342163086,0.7734888792037964
scienceagentbench,26,2.1954846382141113,-0.021249869838356972,2.054276704788208,0.7746607661247253
scienceagentbench,55,2.195457696914673,-0.025889869779348373,1.9439035654067993,1.0204280614852905
scienceagentbench,65,2.195361614227295,-0.021480800583958626,2.054255962371826,0.7743675708770752
scienceagentbench,78,2.195335865020752,-0.021470926702022552,2.0544326305389404,0.7738254070281982
scienceagentbench,61,2.195070266723633,-0.02166663110256195,2.0545589923858643,0.7727357745170593
scienceagentbench,68,2.1949057579040527,-0.021256783977150917,2.053154945373535,0.7759937047958374
scienceagentbench,31,2.1948585510253906,-0.021469958126544952,2.0538909435272217,0.7739092707633972
scienceagentbench,102,2.192793607711792,0.012432504445314407,1.9687353372573853,0.9656212329864502
scienceagentbench,92,2.1927807331085205,-0.025216834619641304,1.9818124771118164,0.9384596347808838
scienceagentbench,82,2.1915817260742188,-0.007494864985346794,1.8944061994552612,1.1019327640533447
scienceagentbench,9,2.190988779067993,-0.02181023173034191,2.0516417026519775,0.7688940167427063
scienceagentbench,35,2.185481071472168,-0.033297665417194366,1.9745913743972778,0.9366518259048462
scienceagentbench,30,2.1851155757904053,-0.02191784605383873,2.046489953994751,0.7659039497375488
scienceagentbench,27,2.1829917430877686,0.051226478070020676,1.9146267175674438,1.0486454963684082
scienceagentbench,10,2.1806857585906982,-0.022877337411046028,2.0418426990509033,0.7656816244125366
scienceagentbench,14,2.1745336055755615,0.022229397669434547,1.8887321949005127,1.0776304006576538
scienceagentbench,50,2.1724696159362793,0.03889213874936104,1.9132415056228638,1.0291411876678467
scienceagentbench,56,2.1701736450195312,-0.03307095542550087,1.9604512453079224,0.9307442307472229
scienceagentbench,66,2.167734384536743,0.06925886869430542,1.9044804573059082,1.0353872776031494
scienceagentbench,25,2.16668963432312,-0.023560568690299988,1.9585155248641968,0.9266937375068665
scienceagentbench,79,2.1666548252105713,0.1421475112438202,1.8698766231536865,1.0945113897323608
scienceagentbench,89,2.154677391052246,-0.03324798122048378,1.9286190271377563,0.9607620239257812
scienceagentbench,100,2.1540701389312744,0.007688085548579693,1.8831678628921509,1.045799970626831
scienceagentbench,70,2.1514875888824463,-0.03842932730913162,1.9454030990600586,0.9188611507415771
scienceagentbench,51,2.1491951942443848,-0.06436758488416672,1.8790223598480225,1.0432230234146118
scienceagentbench,48,2.145838499069214,0.014535525813698769,1.904073715209961,0.9895079135894775
scienceagentbench,91,2.1438844203948975,-0.028805118054151535,1.9088919162750244,0.9758951663970947
scienceagentbench,7,2.1411356925964355,-0.029744429513812065,1.9184119701385498,0.9508721232414246
scienceagentbench,71,2.1373512744903564,0.06497498601675034,1.8867453336715698,1.0042223930358887
scienceagentbench,46,2.136138677597046,0.07027991116046906,1.8530786037445068,1.06263267993927
scienceagentbench,53,2.135704755783081,0.007533042225986719,1.7851506471633911,1.1723787784576416
scienceagentbench,81,2.129218101501465,-0.004729348234832287,1.8723397254943848,1.0138607025146484
scienceagentbench,20,2.1218535900115967,0.10136845707893372,1.843921422958374,1.0498650074005127
scienceagentbench,40,2.113250255584717,0.1680825799703598,1.8430711030960083,1.0338835716247559
scienceagentbench,54,2.101898193359375,0.034692954272031784,1.8756438493728638,0.9486496448516846
scienceagentbench,57,2.0974323749542236,0.16851796209812164,1.7652077674865723,1.1328126192092896
scienceagentbench,16,2.097287654876709,0.06605101376771927,1.8368936777114868,1.0121450424194336
scienceagentbench,42,2.0866947174072266,-0.02780698612332344,1.8888218402862549,0.8869311213493347
scienceagentbench,73,2.0846962928771973,0.021941496059298515,1.7711296081542969,1.0995718240737915
scienceagentbench,97,2.0768160820007324,-0.03332052752375603,1.852334976196289,0.9391592741012573
scienceagentbench,80,2.074894428253174,0.06369097530841827,1.7442032098770142,1.1238069534301758
scienceagentbench,13,2.0726420879364014,-0.012451952323317528,1.8099559545516968,1.0099033117294312
scienceagentbench,4,2.0574514865875244,-0.01924985460937023,1.8245997428894043,0.9507590532302856
scienceagentbench,93,2.049854278564453,-0.03284503519535065,1.8381787538528442,0.9071942567825317
scienceagentbench,86,2.0455708503723145,0.056152261793613434,1.8309855461120605,0.9120593667030334
scienceagentbench,58,2.037405490875244,0.09681807458400726,1.814926028251648,0.9257779717445374
scienceagentbench,85,2.027724504470825,0.05834568664431572,1.8546205759048462,0.8197858333587646
scienceagentbench,96,2.025233745574951,0.03972036391496658,1.7361998558044434,1.042680025100708
scienceagentbench,17,2.002002000808716,0.04367196932435036,1.7633968591690063,0.947862446308136
scienceagentbench,76,1.9969291687011719,0.01885322853922844,1.7136223316192627,1.0252923965454102
scienceagentbench,45,1.9889826774597168,0.1344689428806305,1.6730389595031738,1.0756360292434692
scienceagentbench,6,1.9862803220748901,0.06275364011526108,1.7627863883972168,0.9153652191162109
scienceagentbench,90,1.8994730710983276,0.1257515549659729,1.637992262840271,0.961758553981781
swebench_verified_mini,sphinx-doc__sphinx-9698,3.3030920028686523,0.05502473935484886,2.808356523513794,1.7388361692428589
swebench_verified_mini,sphinx-doc__sphinx-9367,3.2855288982391357,0.01319897547364235,2.7914323806762695,1.7328028678894043
swebench_verified_mini,django__django-11885,3.2699296474456787,-0.08625733107328415,3.000332832336426,1.3001704216003418
swebench_verified_mini,sphinx-doc__sphinx-9230,3.243361473083496,0.0013467465760186315,2.8439488410949707,1.559278130531311
swebench_verified_mini,sphinx-doc__sphinx-10435,3.2420191764831543,-0.07909184694290161,2.951850414276123,1.340622067451477
swebench_verified_mini,django__django-12304,3.2292568683624268,-0.023415783420205116,2.834538459777832,1.5470914840698242
swebench_verified_mini,sphinx-doc__sphinx-8721,3.226264476776123,0.02117820270359516,2.7586889266967773,1.6728475093841553
swebench_verified_mini,django__django-12308,3.224374532699585,-0.049018993973731995,2.8902907371520996,1.4292690753936768
swebench_verified_mini,django__django-11999,3.2115471363067627,0.05281680449843407,2.743645668029785,1.6692640781402588
swebench_verified_mini,django__django-11880,3.2105629444122314,0.07575064897537231,2.678410768508911,1.770262598991394
swebench_verified_mini,sphinx-doc__sphinx-8551,3.204360246658325,-0.006419402081519365,2.8498408794403076,1.4650360345840454
swebench_verified_mini,django__django-12708,3.2036283016204834,0.007690712809562683,2.765472888946533,1.617217779159546
swebench_verified_mini,sphinx-doc__sphinx-9229,3.2014474868774414,-0.06657102704048157,2.9981746673583984,1.1225929260253906
swebench_verified_mini,sphinx-doc__sphinx-8548,3.188488245010376,-0.0722271278500557,2.887138843536377,1.3531028032302856
swebench_verified_mini,sphinx-doc__sphinx-9461,3.1876463890075684,-0.09125855565071106,2.9017550945281982,1.3194340467453003
swebench_verified_mini,django__django-12262,3.168684720993042,0.10887698829174042,2.7183282375335693,1.6282676458358765
swebench_verified_mini,sphinx-doc__sphinx-7748,3.160125732421875,-0.059949636459350586,2.966413974761963,1.0893950462341309
swebench_verified_mini,sphinx-doc__sphinx-10673,3.158583641052246,-0.007953057996928692,2.79557728767395,1.4701697826385498
swebench_verified_mini,django__django-9296,3.157264471054077,0.08163464814424515,2.5668420791625977,1.8383797407150269
swebench_verified_mini,sphinx-doc__sphinx-10466,3.1527206897735596,-0.028620462864637375,2.7050373554229736,1.6193889379501343
swebench_verified_mini,django__django-11964,3.151933193206787,-0.06029136851429939,2.806053638458252,1.4355298280715942
swebench_verified_mini,django__django-11951,3.1507339477539062,0.07498820126056671,2.6596524715423584,1.689192771911621
swebench_verified_mini,sphinx-doc__sphinx-7757,3.1433751583099365,-0.013244850561022758,2.745532989501953,1.5306389331817627
swebench_verified_mini,sphinx-doc__sphinx-7985,3.14259672164917,-0.05440962687134743,2.9523134231567383,1.0769219398498535
swebench_verified_mini,sphinx-doc__sphinx-8056,3.1394922733306885,-0.05592064931988716,2.9509024620056152,1.0717213153839111
swebench_verified_mini,django__django-12406,3.136767625808716,-0.054410990327596664,2.9486794471740723,1.0698601007461548
swebench_verified_mini,sphinx-doc__sphinx-7590,3.135850429534912,-0.05482107773423195,2.9470601081848145,1.071631669998169
swebench_verified_mini,django__django-12774,3.1350135803222656,0.06139196828007698,2.727571964263916,1.5455294847488403
swebench_verified_mini,django__django-12209,3.132859468460083,0.0425368994474411,2.6981019973754883,1.592185616493225
swebench_verified_mini,sphinx-doc__sphinx-10323,3.129254102706909,-0.015839731320738792,2.7559762001037598,1.482169508934021
swebench_verified_mini,django__django-12155,3.1206438541412354,0.05328924581408501,2.6539571285247803,1.641624093055725
swebench_verified_mini,django__django-12050,3.1163458824157715,0.05092247948050499,2.6135408878326416,1.6973555088043213
swebench_verified_mini,django__django-12713,3.101480007171631,0.0056156921200454235,2.6375980377197266,1.6316416263580322
swebench_verified_mini,sphinx-doc__sphinx-9281,3.0952672958374023,0.04676232486963272,2.7210853099823,1.4752535820007324
swebench_verified_mini,sphinx-doc__sphinx-11510,3.0917258262634277,-0.04937262088060379,2.8447508811950684,1.2108514308929443
swebench_verified_mini,django__django-12325,3.0913121700286865,-0.030767235904932022,2.7827186584472656,1.3463610410690308
swebench_verified_mini,sphinx-doc__sphinx-8035,3.0896432399749756,0.020970545709133148,2.7135210037231445,1.4773961305618286
swebench_verified_mini,sphinx-doc__sphinx-8475,3.085186243057251,0.014464872889220715,2.661520004272461,1.560347557067871
swebench_verified_mini,sphinx-doc__sphinx-9320,3.0798027515411377,0.06458691507577896,2.6414952278137207,1.5835682153701782
swebench_verified_mini,django__django-12273,3.0707221031188965,-0.051208220422267914,2.819169521331787,1.217216968536377
swebench_verified_mini,django__django-11790,3.069898843765259,0.053699374198913574,2.7003014087677,1.460359811782837
swebench_verified_mini,django__django-12193,3.069530725479126,0.022712625563144684,2.727328300476074,1.4084385633468628
swebench_verified_mini,django__django-12039,3.058828592300415,0.07068522274494171,2.6696603298187256,1.4930998086929321
swebench_verified_mini,django__django-12276,3.0583598613739014,0.11772798001766205,2.579820394515991,1.6425868272781372
swebench_verified_mini,django__django-11848,3.051541328430176,0.032268375158309937,2.6827430725097656,1.4542332887649536
swebench_verified_mini,django__django-11815,3.051406145095825,0.04516344144940376,2.638478994369507,1.5328105688095093
swebench_verified_mini,sphinx-doc__sphinx-8265,3.0246047973632812,-0.06091652810573578,2.7375755310058594,1.286046028137207
swebench_verified_mini,sphinx-doc__sphinx-8638,3.02152681350708,-0.03254169598221779,2.713578939437866,1.3289520740509033
swebench_verified_mini,sphinx-doc__sphinx-8269,2.9929826259613037,0.03822687640786171,2.566627025604248,1.5396006107330322
swebench_verified_mini,django__django-12143,2.928083896636963,0.016004512086510658,2.47375226020813,1.566596508026123
taubench_airline,5,1.6671172380447388,0.08398918062448502,1.4476473331451416,0.8267993330955505
taubench_airline,20,1.656287670135498,-0.02467106282711029,1.4167033433914185,0.8580446243286133
taubench_airline,4,1.656180500984192,0.058980487287044525,1.4128867387771606,0.8641093373298645
taubench_airline,31,1.6395635604858398,0.042750462889671326,1.4328533411026,0.7969315648078918
taubench_airline,44,1.634626865386963,-0.05523127689957619,1.4038797616958618,0.8373331427574158
taubench_airline,29,1.6334692239761353,-0.031151162460446358,1.3982620239257812,0.8444436192512512
taubench_airline,40,1.632674217224121,0.008819025941193104,1.4092488288879395,0.8244045972824097
taubench_airline,41,1.6096863746643066,0.028250940144062042,1.3543956279754639,0.869886577129364
taubench_airline,10,1.6071897745132446,-0.0651528388261795,1.4227620363235474,0.7475341558456421
taubench_airline,33,1.6025829315185547,0.03897808492183685,1.4231337308883667,0.7368597388267517
taubench_airline,25,1.5910717248916626,-0.04794490709900856,1.5412092208862305,0.39520013332366943
taubench_airline,26,1.585044503211975,-0.01108675915747881,1.396066427230835,0.7505761384963989
taubench_airline,12,1.5821127891540527,0.02706291154026985,1.2732785940170288,0.939064621925354
taubench_airline,22,1.5796993970870972,0.0046761673875153065,1.4194329977035522,0.6932966709136963
taubench_airline,3,1.5624672174453735,-0.018793340772390366,1.3853719234466553,0.7225293517112732
taubench_airline,9,1.5553865432739258,-0.05337897688150406,1.5097837448120117,0.37387242913246155
taubench_airline,1,1.545292854309082,0.02645467221736908,1.2869946956634521,0.8553214073181152
taubench_airline,14,1.5399384498596191,0.03226514160633087,1.3102744817733765,0.8090680241584778
taubench_airline,11,1.5395981073379517,-0.02724529802799225,1.3295352458953857,0.7763364911079407
taubench_airline,39,1.5303223133087158,0.07922591269016266,1.3313380479812622,0.7546026706695557
taubench_airline,2,1.5196459293365479,-0.05482248589396477,1.424338698387146,0.5297011137008667
taubench_airline,45,1.5193344354629517,-0.045853063464164734,1.3781092166900635,0.6396811604499817
taubench_airline,47,1.5152814388275146,0.017810208722949028,1.3224685192108154,0.7396993041038513
taubench_airline,30,1.5088077783584595,-0.09513754397630692,1.2967063188552856,0.7713972330093384
taubench_airline,38,1.5051589012145996,-0.0795588567852974,1.2178316116333008,0.8845278024673462
taubench_airline,19,1.5045735836029053,-0.03586820885539055,1.419149398803711,0.499756783246994
taubench_airline,0,1.5041431188583374,0.04101990535855293,1.2880282402038574,0.7768075466156006
taubench_airline,23,1.4985816478729248,-0.013551182113587856,1.3711674213409424,0.6046874523162842
taubench_airline,7,1.4944769144058228,0.09107405692338943,1.2619121074676514,0.8006492853164673
taubench_airline,36,1.4923391342163086,-0.12252482026815414,1.232362985610962,0.8416398763656616
taubench_airline,42,1.4907028675079346,-0.007715451531112194,1.1650997400283813,0.9299126863479614
taubench_airline,34,1.4858617782592773,-0.013743751682341099,1.2982299327850342,0.7227616310119629
taubench_airline,24,1.47690749168396,0.06458110362291336,1.2505955696105957,0.7856631875038147
taubench_airline,48,1.4758259057998657,0.042216863483190536,1.2473288774490356,0.788817286491394
taubench_airline,16,1.4745417833328247,-0.06641728430986404,1.2908575534820557,0.7127134203910828
taubench_airline,21,1.471714973449707,-0.0012739216908812523,1.2664629220962524,0.7496776580810547
taubench_airline,8,1.471330165863037,-0.023986436426639557,1.3353642225265503,0.6177499890327454
taubench_airline,18,1.469024896621704,-0.008482697419822216,1.196283221244812,0.8526080846786499
taubench_airline,32,1.467839241027832,0.047313474118709564,1.3262323141098022,0.6290149688720703
taubench_airline,15,1.4650787115097046,-0.05805390328168869,1.2804725170135498,0.7119309902191162
taubench_airline,37,1.4618245363235474,0.008408366702497005,1.2364393472671509,0.7798388004302979
taubench_airline,13,1.4607280492782593,0.057606521993875504,1.2441799640655518,0.7653384208679199
taubench_airline,28,1.4555633068084717,-0.001049976097419858,1.3087984323501587,0.6369545459747314
taubench_airline,35,1.4353218078613281,0.0008581110159866512,1.1932704448699951,0.7976555824279785
taubench_airline,17,1.42075777053833,-0.041410285979509354,1.255110502243042,0.6657705307006836
taubench_airline,49,1.405652403831482,0.0242929570376873,1.1504762172698975,0.8076280951499939
taubench_airline,27,1.399677038192749,0.009121593087911606,1.2365810871124268,0.6557157039642334
taubench_airline,43,1.3903087377548218,0.20752644538879395,1.1543890237808228,0.7748189568519592
taubench_airline,6,1.348649501800537,0.05974321812391281,1.1560331583023071,0.6945810317993164
taubench_airline,46,1.31272554397583,0.11189723014831543,1.1643786430358887,0.6061936616897583
usaco,922_gold_dishwashing,1.537923812866211,-5.4068332246970385e-05,1.514614462852478,0.2667449116706848
usaco,96_bronze_escaping_the_farm,1.5379199981689453,-5.197673090151511e-05,1.5145996809005737,0.26680636405944824
usaco,123_bronze_wrong_directions,1.5379191637039185,-5.8208501286571845e-05,1.5146068334579468,0.2667616009712219
usaco,964_bronze_where_am_i?,1.5379173755645752,-5.442427936941385e-05,1.5146085023880005,0.26674091815948486
usaco,1132_bronze_acowdemia_ii,1.537911295890808,-5.003139085602015e-05,1.5146028995513916,0.2667383551597595
usaco,412_bronze_reordering_the_cows,1.5379102230072021,-4.9130627303384244e-05,1.5145962238311768,0.26676979660987854
usaco,259_bronze_cow_race,1.5379077196121216,-5.189073635847308e-05,1.5145858526229858,0.2668144106864929
usaco,997_platinum_non-decreasing_subsequences,1.537905216217041,-5.342293661669828e-05,1.5145889520645142,0.26678261160850525
usaco,111_gold_bovine_alliance,1.5379040241241455,-5.4881016694707796e-05,1.5145928859710693,0.26675301790237427
usaco,863_gold_teamwork,1.5379037857055664,-5.440085078589618e-05,1.5145858526229858,0.26679134368896484
usaco,108_silver_mountain_climbing,1.5379023551940918,-4.919326602248475e-05,1.5145775079727173,0.26683029532432556
usaco,856_bronze_the_bucket_list,1.5379009246826172,-5.1884799177059904e-05,1.5145872831344604,0.2667669951915741
usaco,376_bronze_ski_course_design,1.5379003286361694,-5.1331924623809755e-05,1.5145847797393799,0.26677820086479187
usaco,133_bronze_unlocking_blocks,1.5379000902175903,-4.919473212794401e-05,1.51457941532135,0.26680710911750793
usaco,812_silver_teleportation,1.5378994941711426,-5.21254914929159e-05,1.514578104019165,0.2668108642101288
usaco,916_bronze_the_great_revegetation,1.5378994941711426,-4.947829802404158e-05,1.5145764350891113,0.26682037115097046
usaco,283_silver_fuel_economy,1.5378981828689575,-4.9430742365075275e-05,1.5145787000656128,0.2668001055717468
usaco,347_gold_line_of_sight,1.5378975868225098,-4.783182521350682e-05,1.5145727396011353,0.26683053374290466
usaco,194_gold_concurrently_balanced_strings,1.5378974676132202,-5.119294655742124e-05,1.514574646949768,0.2668193280696869
usaco,92_gold_binary_sudoku,1.5378957986831665,-4.844367504119873e-05,1.5145784616470337,0.26678749918937683
usaco,87_bronze_cow_beauty_pageant_(bronze_level),1.537895679473877,-5.03438786836341e-05,1.5145699977874756,0.26683518290519714
usaco,815_gold_taming_the_herd,1.537894606590271,-4.888551848125644e-05,1.5145734548568726,0.26680922508239746
usaco,1085_bronze_just_stalling,1.537893533706665,-4.813980558537878e-05,1.514567255973816,0.2668377757072449
usaco,785_bronze_out_of_place,1.537893533706665,-4.7726316552143544e-05,1.5145775079727173,0.2667796015739441
usaco,993_gold_time_is_mooney,1.537893295288086,-5.033209527027793e-05,1.5145622491836548,0.26686540246009827
usaco,1142_platinum_balanced_subsets,1.5378930568695068,-5.0882186769740656e-05,1.5145679712295532,0.2668309807777405
usaco,1038_silver_social_distancing,1.5378906726837158,-5.128825796418823e-05,1.5145657062530518,0.2668305039405823
usaco,1299_bronze_hungry_cow,1.537889838218689,-5.0321432354394346e-05,1.5145608186721802,0.26685312390327454
usaco,760_bronze_the_bovine_shuffle,1.537889838218689,-5.010127279092558e-05,1.5145667791366577,0.266819566488266
usaco,786_silver_lifeguards,1.5378886461257935,-4.936802724841982e-05,1.5145610570907593,0.2668444812297821
usaco,340_bronze_combination_lock,1.5378884077072144,-5.288563625072129e-05,1.5145646333694458,0.2668232023715973
usaco,794_platinum_sprinklers,1.537887692451477,-4.89975354867056e-05,1.5145599842071533,0.26684603095054626
usaco,1137_gold_united_cows_of_farmer_john,1.5378867387771606,-4.937072662869468e-05,1.5145562887191772,0.2668612003326416
usaco,228_silver_party_invitations,1.5378865003585815,-4.839193934458308e-05,1.5145610570907593,0.26683253049850464
usaco,545_bronze_moocryption,1.537886142730713,-5.060788680566475e-05,1.5145556926727295,0.266861230134964
usaco,791_gold_stamp_painting,1.537886142730713,-4.787681973539293e-05,1.5145481824874878,0.2669036388397217
usaco,1208_silver_email_filing,1.5378859043121338,-5.1811945013469085e-05,1.5145548582077026,0.26686426997184753
usaco,893_bronze_guess_the_animal,1.5378859043121338,-4.3581843783613294e-05,1.5145364999771118,0.2669684588909149
usaco,1303_silver_cow-libi,1.5378857851028442,-4.676496246247552e-05,1.5145518779754639,0.2668803334236145
usaco,837_gold_out_of_sorts,1.5378856658935547,-4.624810753739439e-05,1.514555811882019,0.2668576240539551
usaco,1017_gold_timeline,1.5378848314285278,-4.8130292270798236e-05,1.5145524740219116,0.2668721079826355
usaco,969_gold_milk_pumping,1.5378843545913696,-4.5140877773519605e-05,1.514552116394043,0.26687148213386536
usaco,1180_bronze_non-transitive_dice,1.5378832817077637,-4.9806800234364346e-05,1.5145527124404907,0.26686108112335205
usaco,646_gold_closing_the_farm,1.5378824472427368,-5.019595118938014e-05,1.514553189277649,0.2668535113334656
usaco,944_silver_fence_planning,1.5378824472427368,-4.894709127256647e-05,1.5145576000213623,0.2668285071849823
usaco,788_silver_mootube,1.5378819704055786,-4.8722256906330585e-05,1.5145574808120728,0.2668271064758301
usaco,127_gold_large_banner,1.5378817319869995,-4.915769386570901e-05,1.5145577192306519,0.2668241262435913
usaco,891_bronze_shell_game,1.5378817319869995,-4.7103803808568045e-05,1.5145540237426758,0.26684531569480896
usaco,950_platinum_valleys,1.5378817319869995,-4.601536420523189e-05,1.5145440101623535,0.2669019103050232
usaco,547_bronze_trapped_in_the_haybales_(bronze),1.5378814935684204,-4.928965790895745e-05,1.514554738998413,0.2668391466140747
usaco,857_bronze_back_and_forth,1.5378806591033936,-4.872206409345381e-05,1.514549732208252,0.26686328649520874
usaco,554_gold_trapped_in_the_haybales_(gold),1.5378804206848145,-4.728348721982911e-05,1.5145502090454102,0.2668595314025879
usaco,1037_bronze_cowntact_tracing,1.5378799438476562,-5.092442370369099e-05,1.5145479440689087,0.26686927676200867
usaco,126_silver_landscaping,1.5378799438476562,-4.925730172544718e-05,1.5145492553710938,0.2668619751930237
usaco,641_bronze_field_reduction,1.5378799438476562,-4.883562360191718e-05,1.5145537853240967,0.266836017370224
usaco,787_silver_rental_service,1.5378799438476562,-5.0349404773442075e-05,1.514542579650879,0.26690003275871277
usaco,1067_gold_square_pasture,1.5378791093826294,-4.874106161878444e-05,1.5145481824874878,0.26686325669288635
usaco,1109_bronze_clockwise_fence,1.537878394126892,-4.9856262194225565e-05,1.5145418643951416,0.26689526438713074
usaco,267_gold_necklace,1.537878155708313,-4.744594116345979e-05,1.5145431756973267,0.2668861746788025
usaco,860_silver_mooyo_mooyo,1.5378780364990234,-4.803539195563644e-05,1.5145444869995117,0.26687803864479065
usaco,1063_silver_rectangular_pasture,1.5378777980804443,-4.71131170343142e-05,1.5145474672317505,0.2668592929840088
usaco,1013_bronze_swapity_swap,1.5378774404525757,-4.7953377361409366e-05,1.5145429372787476,0.26688289642333984
usaco,415_silver_watering_the_fields,1.5378772020339966,-4.6715173084521666e-05,1.5145455598831177,0.26686716079711914
usaco,835_silver_lemonade_line,1.537877082824707,-4.762127355206758e-05,1.5145426988601685,0.2668822407722473
usaco,86_bronze_moo_sick,1.537877082824707,-4.8572750529274344e-05,1.514549970626831,0.26684141159057617
usaco,137_gold_tied_down,1.537876844406128,-4.8973113734973595e-05,1.514544129371643,0.2668732702732086
usaco,1090_gold_telephone,1.5378766059875488,-5.0676953833317384e-05,1.5145447254180908,0.2668682336807251
usaco,1301_bronze_watching_mooloo,1.5378762483596802,-4.81768547615502e-05,1.5145446062088013,0.2668668031692505
usaco,1059_bronze_do_you_know_your_abcs?,1.537876009941101,-4.738788993563503e-05,1.514544129371643,0.26686838269233704
usaco,397_silver_auto-complete,1.537876009941101,-4.516300396062434e-05,1.514541506767273,0.2668836712837219
usaco,1259_gold_strongest_friendship_group,1.5378758907318115,-4.9971971748163924e-05,1.5145444869995117,0.26686567068099976
usaco,809_bronze_taming_the_herd,1.5378758907318115,-4.740763324662112e-05,1.5145303010940552,0.26694628596305847
usaco,1260_platinum_breakdown,1.537875771522522,-4.9255442718276754e-05,1.5145468711853027,0.26685139536857605
usaco,136_silver_running_laps,1.5378755331039429,-4.910117422696203e-05,1.514549970626831,0.26683223247528076
usaco,430_bronze_odometer,1.5378751754760742,-4.9394515372114256e-05,1.5145355463027954,0.266912043094635
usaco,1155_bronze_lonely_photo,1.5378750562667847,-4.751242158818059e-05,1.5145453214645386,0.2668561339378357
usaco,761_bronze_milk_measurement,1.5378749370574951,-4.649231777875684e-05,1.5145436525344849,0.26686498522758484
usaco,1131_bronze_acowdemia_i,1.5378748178482056,-4.801811883226037e-05,1.5145385265350342,0.26689276099205017
usaco,644_silver_closing_the_farm,1.5378748178482056,-4.7001456550788134e-05,1.5145419836044312,0.26687368750572205
usaco,118_gold_cow_coupons,1.5378743410110474,-5.01372960570734e-05,1.5145450830459595,0.2668529748916626
usaco,365_gold_optimal_milking,1.5378742218017578,-4.616784644895233e-05,1.5145398378372192,0.2668820321559906
usaco,125_silver_flowerpot,1.5378739833831787,-5.0346203352091834e-05,1.5145480632781982,0.266834557056427
usaco,434_silver_dueling_gpss,1.5378738641738892,-4.8762849473860115e-05,1.51453697681427,0.2668963372707367
usaco,648_platinum_262144,1.5378737449645996,-4.86008902953472e-05,1.5145397186279297,0.2668799161911011
usaco,1014_silver_swapity_swapity_swap,1.53787362575531,-4.356540375738405e-05,1.5145341157913208,0.2669111490249634
usaco,966_silver_moobuzz,1.53787362575531,-4.9180074711330235e-05,1.514544129371643,0.26685455441474915
usaco,1086_silver_dance_mooves,1.5378735065460205,-4.703833474195562e-05,1.5145392417907715,0.26688119769096375
usaco,1302_silver_bakery,1.5378735065460205,-4.7574892960255966e-05,1.5145392417907715,0.26688143610954285
usaco,1113_gold_stone_game,1.537873387336731,-4.777285357704386e-05,1.514535903930664,0.26690012216567993
usaco,1115_gold_count_the_cows,1.5378732681274414,-4.693699156632647e-05,1.5145351886749268,0.26690301299095154
usaco,115_silver_overplanting_(silver),1.5378731489181519,-4.828919190913439e-05,1.514540433883667,0.2668724060058594
usaco,939_bronze_bucket_brigade,1.5378731489181519,-5.0065664254361764e-05,1.5145372152328491,0.2668905556201935
usaco,762_silver_my_cow_ate_my_homework,1.5378730297088623,-4.8928130127023906e-05,1.5145432949066162,0.2668560743331909
usaco,1251_bronze_cow_college,1.5378729104995728,-4.9350270273862407e-05,1.514532446861267,0.2669171094894409
usaco,432_bronze_decorating_the_pastures,1.5378729104995728,-4.598883242579177e-05,1.514539122581482,0.26687902212142944
usaco,90_silver_tile_exchanging,1.5378729104995728,-4.554200131678954e-05,1.5145331621170044,0.266912579536438
usaco,1018_gold_help_yourself,1.5378726720809937,-4.8422629333799705e-05,1.5145368576049805,0.2668903172016144
usaco,225_bronze_liars_and_truth_tellers,1.537872552871704,-4.8526115278946236e-05,1.5145422220230103,0.2668594717979431
usaco,1206_silver_redistributing_gifts,1.5378724336624146,-4.498462294577621e-05,1.5145355463027954,0.26689663529396057
usaco,808_bronze_hoofball,1.5378724336624146,-4.683000224758871e-05,1.5145343542099,0.266903281211853
usaco,965_bronze_livestock_lineup,1.5378724336624146,-4.664407606469467e-05,1.514533281326294,0.2669091820716858
usaco,431_bronze_fair_photography,1.537872314453125,-5.062779746367596e-05,1.5145378112792969,0.2668832242488861
usaco,281_bronze_haywire,1.5378718376159668,-4.740581789519638e-05,1.5145357847213745,0.2668915092945099
usaco,548_bronze_palindromic_paths_(bronze),1.5378717184066772,-4.6440512960543856e-05,1.514534592628479,0.2668972909450531
usaco,546_bronze_bessie_gets_even,1.5378715991973877,-4.527792043518275e-05,1.5145305395126343,0.2669200897216797
usaco,379_silver_bessie_slows_down,1.5378714799880981,-4.8028032324509695e-05,1.5145349502563477,0.26689428091049194
usaco,1138_gold_portals,1.5378713607788086,-4.4275268010096624e-05,1.514530897140503,0.26691657304763794
usaco,229_gold_cow_lineup,1.5378713607788086,-4.866739618591964e-05,1.5145384073257446,0.26687419414520264
usaco,1333_platinum_good_bitstrings,1.53787100315094,-4.834245191887021e-05,1.514538288116455,0.26687225699424744
usaco,865_platinum_sort_it_out,1.5378708839416504,-4.7197783715091646e-05,1.5145317316055298,0.266909122467041
usaco,924_platinum_cow_dating,1.5378708839416504,-4.485218960326165e-05,1.5145334005355835,0.26689985394477844
usaco,963_bronze_cow_gymnastics,1.5378708839416504,-4.907703259959817e-05,1.5145273208618164,0.2669346332550049
usaco,99_silver_umbrellas_for_cows,1.5378708839416504,-4.816486034542322e-05,1.5145390033721924,0.2668679356575012
usaco,1088_silver_spaced_out,1.5378704071044922,-4.612293196259998e-05,1.5145344734191895,0.26689085364341736
usaco,1161_gold_paired_up,1.5378702878952026,-4.833045386476442e-05,1.5145372152328491,0.26687440276145935
usaco,553_gold_palindromic_paths,1.5378702878952026,-4.8858018999453634e-05,1.5145350694656372,0.2668866515159607
usaco,189_bronze_horseshoes,1.537870168685913,-4.924794484395534e-05,1.5145374536514282,0.2668724060058594
usaco,918_silver_sleepy_cow_herding,1.5378700494766235,-4.717089541372843e-05,1.5145329236984253,0.2668975591659546
usaco,278_bronze_bovine_ballet,1.5378698110580444,-4.7530225856462494e-05,1.5145320892333984,0.26690101623535156
usaco,987_bronze_word_processor,1.5378692150115967,-4.345817069406621e-05,1.5145280361175537,0.2669207751750946
usaco,260_bronze_breed_proximity,1.5378690958023071,-4.497510235523805e-05,1.514532446861267,0.2668949365615845
usaco,358_bronze_record_keeping,1.5378690958023071,-4.714944225270301e-05,1.5145301818847656,0.26690778136253357
usaco,101_gold_simplifying_the_farm,1.537868857383728,-5.1083159632980824e-05,1.5145461559295654,0.2668161392211914
usaco,840_platinum_out_of_sorts,1.5378684997558594,-4.7614023060305044e-05,1.5145343542099,0.26688045263290405
usaco,132_bronze_islands,1.5378682613372803,-4.869186523137614e-05,1.514533281326294,0.2668847143650055
usaco,945_gold_snakes,1.5378680229187012,-4.5549433707492426e-05,1.5145291090011597,0.26690709590911865
usaco,813_gold_snow_boots,1.5378679037094116,-4.9104368372354656e-05,1.514534592628479,0.2668755054473877
usaco,1039_silver_cereal,1.537867784500122,-5.0042297516483814e-05,1.514538049697876,0.2668553590774536
usaco,344_silver_crowded_cows,1.5378673076629639,-4.743589670397341e-05,1.5145303010940552,0.26689714193344116
usaco,894_silver_grass_planting,1.5378673076629639,-4.6623408707091585e-05,1.514530897140503,0.26689326763153076
usaco,187_bronze_find_the_cow!,1.5378669500350952,-4.836190419155173e-05,1.5145304203033447,0.26689380407333374
usaco,549_silver_bessie_goes_moo,1.5378669500350952,-4.7179997636703774e-05,1.5145310163497925,0.2668904960155487
usaco,864_platinum_balance_beam,1.5378669500350952,-4.440428892849013e-05,1.5145323276519775,0.26688265800476074
usaco,1212_platinum_paint_by_rectangles,1.5378667116165161,-4.9783247959567234e-05,1.5145355463027954,0.2668629288673401
usaco,380_silver_cross_country_skiing,1.5378667116165161,-4.9917016440303996e-05,1.514527440071106,0.2669095993041992
usaco,417_silver_mooo_moo,1.5378665924072266,-4.980815720045939e-05,1.5145341157913208,0.2668706178665161
usaco,413_bronze_the_lazy_cow,1.5378663539886475,-4.849286415264942e-05,1.5145304203033447,0.26689013838768005
usaco,1064_silver_stuck_in_a_rut,1.537866234779358,-4.5384815166471526e-05,1.5145303010940552,0.2668907344341278
usaco,117_silver_relocation,1.537866234779358,-4.71595922135748e-05,1.5145306587219238,0.2668886184692383
usaco,280_bronze_photo,1.537866234779358,-4.680718848248944e-05,1.5145190954208374,0.2669539153575897
usaco,192_silver_balanced_cow_breeds,1.5378658771514893,-4.7214933147188276e-05,1.5145305395126343,0.2668873071670532
usaco,244_silver_perimeter,1.5378658771514893,-4.8289544793078676e-05,1.5145299434661865,0.26689088344573975
usaco,736_bronze_bovine_genomics,1.5378658771514893,-4.694426024798304e-05,1.5145137310028076,0.26698246598243713
usaco,190_silver_clumsy_cows,1.5378655195236206,-4.719193384516984e-05,1.5145244598388672,0.26691970229148865
usaco,766_gold_barn_painting,1.5378655195236206,-4.514276224654168e-05,1.514522910118103,0.26692819595336914
usaco,1230_silver_visits,1.537865400314331,-4.8784138925839216e-05,1.5145395994186401,0.26683294773101807
usaco,642_silver_field_reduction,1.537865400314331,-4.768251892528497e-05,1.5145235061645508,0.2669239640235901
usaco,1133_bronze_acowdemia_iii,1.537865161895752,-4.452017674339004e-05,1.5145307779312134,0.26688146591186523
usaco,917_bronze_measuring_traffic,1.5378649234771729,-4.755187183036469e-05,1.5145260095596313,0.26690709590911865
usaco,643_silver_diamond_collector,1.5378648042678833,-4.870258999289945e-05,1.5145208835601807,0.26693567633628845
usaco,1111_silver_year_of_the_cow,1.5378646850585938,-4.6927627408877015e-05,1.5145255327224731,0.2669089436531067
usaco,941_bronze_cow_evolution,1.5378645658493042,-4.721272853203118e-05,1.5145272016525269,0.2668982148170471
usaco,947_gold_balancing_inversions,1.5378644466400146,-4.816516229766421e-05,1.5145283937454224,0.266891211271286
usaco,639_bronze_diamond_collector,1.5378639698028564,-4.964521576766856e-05,1.5145268440246582,0.2668969929218292
usaco,1277_bronze_moo_operations,1.537863850593567,-5.052259439253248e-05,1.5145312547683716,0.26687154173851013
usaco,121_bronze_times_17,1.53786301612854,-4.674723822972737e-05,1.5145245790481567,0.26690447330474854
usaco,818_platinum_cow_gymnasts,1.5378628969192505,-4.758342038257979e-05,1.5145161151885986,0.2669517993927002
usaco,897_gold_cow_poetry,1.5378628969192505,-4.762886601383798e-05,1.5145281553268433,0.26688307523727417
usaco,1231_silver_subset_equality,1.5378621816635132,-4.49389626737684e-05,1.5145251750946045,0.2668958902359009
usaco,400_gold_roadblock,1.5378618240356445,-4.817370790988207e-05,1.5145260095596313,0.26688918471336365
usaco,737_bronze_modern_art,1.5378611087799072,-4.813624400412664e-05,1.5145263671875,0.2668837308883667
usaco,1157_bronze_walking_home,1.5378608703613281,-4.824124334845692e-05,1.5145177841186523,0.2669309675693512
usaco,1016_silver_clock_tree,1.5378607511520386,-4.624337452696636e-05,1.5145231485366821,0.2668996751308441
usaco,1012_bronze_mad_scientist,1.5378605127334595,-4.672275827033445e-05,1.5145161151885986,0.26693788170814514
usaco,1062_silver_cowntagion,1.5378605127334595,-4.7596509830327705e-05,1.514520287513733,0.2669145464897156
usaco,1021_platinum_equilateral_triangles,1.53786039352417,-4.502409865381196e-05,1.5145152807235718,0.2669421434402466
usaco,1112_silver_just_green_enough,1.53786039352417,-4.9742619012249634e-05,1.5145286321640015,0.2668663561344147
usaco,398_silver_roadblock,1.53786039352417,-4.528473436948843e-05,1.5145114660263062,0.26696348190307617
usaco,866_platinum_the_cow_gathering,1.53786039352417,-4.779437949764542e-05,1.5145153999328613,0.26694098114967346
usaco,861_gold_fine_dining,1.5378602743148804,-4.842475027544424e-05,1.5145244598388672,0.26688912510871887
usaco,735_bronze_the_lost_cow,1.5378601551055908,-4.605509457178414e-05,1.5145199298858643,0.2669143080711365
usaco,915_bronze_sleepy_cow_herding,1.5378600358963013,-4.683646693592891e-05,1.5145163536071777,0.26693394780158997
usaco,242_bronze_cow_crossings,1.5378599166870117,-4.571936005959287e-05,1.514519453048706,0.2669159471988678
usaco,1136_silver_acowdemia,1.5378597974777222,-4.4474360038293526e-05,1.514520525932312,0.2669087052345276
usaco,1188_platinum_minimizing_haybales,1.537859559059143,-4.4928248826181516e-05,1.5145221948623657,0.26689815521240234
usaco,1209_gold_redistributing_gifts,1.537859320640564,-4.574616104946472e-05,1.5145124197006226,0.26695215702056885
usaco,84_bronze_contest_timing,1.5378590822219849,-4.608776725945063e-05,1.5145145654678345,0.2669386863708496
usaco,1181_bronze_drought,1.5378589630126953,-4.7642402932979167e-05,1.5145201683044434,0.26690611243247986
usaco,1060_bronze_daisy_chains,1.5378588438034058,-4.8240373871522024e-05,1.5145237445831299,0.26688486337661743
usaco,1205_bronze_blocks,1.537858486175537,-4.7730467485962436e-05,1.5145128965377808,0.2669447660446167
usaco,433_silver_fair_photography,1.537858009338379,-4.841022746404633e-05,1.5145238637924194,0.26687949895858765
usaco,401_gold_cow_decathlon,1.5378578901290894,-4.5773209421895444e-05,1.514514684677124,0.26693084836006165
usaco,191_silver_distant_pastures,1.5378574132919312,-4.684844316216186e-05,1.5145163536071777,0.26691824197769165
usaco,1203_bronze_sleeping_in_class,1.5378572940826416,-4.6478828153340146e-05,1.5145188570022583,0.26690369844436646
usaco,342_bronze_farmer_john_has_no_large_brown_cow,1.5378570556640625,-4.862754576606676e-05,1.5145165920257568,0.26691532135009766
usaco,436_gold_fair_photography,1.5378570556640625,-4.502713636611588e-05,1.5145295858383179,0.26684173941612244
usaco,784_bronze_lifeguards,1.5378570556640625,-4.9829217459773645e-05,1.5145257711410522,0.26686325669288635
usaco,1262_platinum_palindromes,1.537856936454773,-4.548837023321539e-05,1.514522910118103,0.2668788433074951
usaco,925_platinum_moorio_kart,1.5378568172454834,-4.508903293753974e-05,1.51450777053833,0.26696404814720154
usaco,892_bronze_sleepy_cow_sorting,1.5378566980361938,-4.5582735765492544e-05,1.5145059823989868,0.2669731080532074
usaco,130_bronze_cows_in_a_row,1.5378564596176147,-4.613340206560679e-05,1.5145200490951538,0.26689261198043823
usaco,131_bronze_three_lines,1.5378564596176147,-4.487191836233251e-05,1.5145176649093628,0.26690563559532166
usaco,1015_silver_triangles,1.5378559827804565,-4.692839866038412e-05,1.5145211219787598,0.26688405871391296
usaco,362_silver_vacation_planning,1.537855863571167,-4.7830639232415706e-05,1.5145124197006226,0.26693195104599
usaco,106_silver_delivery_route,1.5378553867340088,-4.702861770056188e-05,1.5145115852355957,0.2669343948364258
usaco,394_bronze_mirror_field,1.5378549098968506,-4.8323196097044274e-05,1.514528751373291,0.26683464646339417
usaco,550_silver_trapped_in_the_haybales_(silver),1.5378544330596924,-4.827311204280704e-05,1.51451575756073,0.26690563559532166
usaco,1300_bronze_stamp_grid,1.5378540754318237,-4.602937769959681e-05,1.5145081281661987,0.2669461667537689
usaco,640_bronze_bull_in_a_china_shop,1.5378539562225342,-4.30127365689259e-05,1.514512062072754,0.2669234573841095
usaco,989_bronze_race,1.5378539562225342,-4.644199361791834e-05,1.5145156383514404,0.2669028341770172
usaco,1279_silver_following_directions,1.5378538370132446,-4.567215364659205e-05,1.5145115852355957,0.26692572236061096
usaco,120_gold_nearby_cows,1.5378535985946655,-4.872442877967842e-05,1.5145177841186523,0.26688912510871887
usaco,1087_silver_no_time_to_paint,1.537853479385376,-4.6390727220568806e-05,1.51451575756073,0.2668994665145874
usaco,343_silver_farmer_john_has_no_large_brown_cow,1.537853479385376,-4.862254354520701e-05,1.5145188570022583,0.26688170433044434
usaco,205_bronze_meet_and_greet,1.5378531217575073,-4.536511187325232e-05,1.5145118236541748,0.26691973209381104
usaco,832_bronze_milking_order,1.5378527641296387,-4.7273828386096284e-05,1.5145078897476196,0.2669403851032257
usaco,738_silver_paired_up,1.5378525257110596,-4.8587884521111846e-05,1.5145138502120972,0.26690441370010376
usaco,105_bronze_grazing_patterns,1.5378522872924805,-4.6681063395226374e-05,1.5145026445388794,0.266966849565506
usaco,1281_gold_find_and_replace,1.5378518104553223,-4.6278611989691854e-05,1.5145047903060913,0.26695218682289124
usaco,381_silver_recording_the_moolympics,1.5378516912460327,-4.796301800524816e-05,1.5145103931427002,0.26691970229148865
usaco,991_silver_loan_repayment,1.537851333618164,-4.5700529881287366e-05,1.514507532119751,0.26693376898765564
usaco,114_bronze_moo,1.537851095199585,-4.443209036253393e-05,1.5145035982131958,0.26695454120635986
usaco,243_bronze_perimeter,1.5378509759902954,-4.29027495556511e-05,1.5145111083984375,0.26691126823425293
usaco,247_gold_partitioning_the_farm,1.5378509759902954,-4.526582415564917e-05,1.5145114660263062,0.26690924167633057
usaco,988_bronze_photoshoot,1.5378508567810059,-4.5070191845297813e-05,1.514503836631775,0.2669519782066345
usaco,210_silver_milk_routing,1.5378507375717163,-4.620639811037108e-05,1.5145092010498047,0.2669208347797394
usaco,89_silver_cow_lineup,1.5378506183624268,-4.610536416294053e-05,1.5145103931427002,0.2669132947921753
usaco,361_silver_milk_scheduling,1.537850260734558,-4.829305180464871e-05,1.5145140886306763,0.26689088344573975
usaco,1326_silver_milk_sum,1.5378501415252686,-4.6045843191677704e-05,1.5145076513290405,0.26692652702331543
usaco,1330_gold_pareidolia,1.5378499031066895,-4.733595415018499e-05,1.514505386352539,0.2669376730918884
usaco,1328_silver_pareidolia,1.5378497838974,-4.6503071644110605e-05,1.5145059823989868,0.2669335901737213
usaco,896_silver_mountain_view,1.5378497838974,-4.5461285480996594e-05,1.5145057439804077,0.2669350504875183
usaco,942_silver_left_out,1.5378497838974,-4.509940481511876e-05,1.5145026445388794,0.26695236563682556
usaco,1040_silver_the_moo_particle,1.5378496646881104,-4.743037425214425e-05,1.5145176649093628,0.2668664753437042
usaco,1011_bronze_triangles,1.5378493070602417,-4.335633275331929e-05,1.5144989490509033,0.2669704556465149
usaco,741_gold_bovine_genomics,1.5378490686416626,-4.3130894482601434e-05,1.5144962072372437,0.266985148191452
usaco,263_silver_farm_painting,1.5378485918045044,-4.376042488729581e-05,1.5145028829574585,0.2669442594051361
usaco,1164_platinum_tickets,1.5378482341766357,-4.553696999209933e-05,1.5145050287246704,0.26693037152290344
usaco,88_silver_cow_beauty_pageant_(silver_level),1.5378481149673462,-4.737786730402149e-05,1.5145072937011719,0.2669162452220917
usaco,1069_platinum_spaceship,1.537847876548767,-4.66984165541362e-05,1.5145072937011719,0.26691463589668274
usaco,789_gold_mootube,1.537847876548767,-4.519819776760414e-05,1.51450514793396,0.26692795753479004
usaco,831_bronze_team_tic_tac_toe,1.5378477573394775,-4.4230720959603786e-05,1.5145021677017212,0.26694321632385254
usaco,1068_platinum_sleeping_cows,1.537847638130188,-4.5136301196180284e-05,1.5145059823989868,0.2669209837913513
usaco,230_gold_island_travels,1.537847638130188,-4.8956688260659575e-05,1.5145081281661987,0.26690933108329773
usaco,1036_bronze_social_distancing_ii,1.5378469228744507,-4.3225747504038736e-05,1.5144942998886108,0.2669837772846222
usaco,241_bronze_message_relay,1.5378466844558716,-4.668031397159211e-05,1.5145097970962524,0.26689413189888
usaco,811_silver_snow_boots,1.5378466844558716,-4.644346336135641e-05,1.514498233795166,0.26695942878723145
usaco,1179_bronze_herdle,1.537846565246582,-4.745881233247928e-05,1.5145103931427002,0.2668897807598114
usaco,1035_bronze_social_distancing_i,1.5378464460372925,-4.700967110693455e-05,1.5145058631896973,0.2669147551059723
usaco,226_silver_painting_the_fence,1.5378459692001343,-4.604872810887173e-05,1.5144933462142944,0.26698294281959534
usaco,94_bronze_hay_bales,1.5378458499908447,-4.38402894360479e-05,1.514504313468933,0.2669200897216797
usaco,1229_bronze_alchemy,1.5378453731536865,-4.6276909415610135e-05,1.5145045518875122,0.26691606640815735
usaco,246_silver_milk_scheduling,1.537845253944397,-4.6558849135180935e-05,1.5145092010498047,0.26688945293426514
usaco,206_bronze_scrambled_letters,1.5378451347351074,-4.478478876990266e-05,1.5144988298416138,0.2669476866722107
usaco,767_gold_haybale_feast,1.5378451347351074,-4.395545329316519e-05,1.5144920349121094,0.26698577404022217
usaco,103_bronze_gifts,1.5378446578979492,-4.5274860895005986e-05,1.5145034790039062,0.26691845059394836
usaco,107_silver_bale_share,1.537844181060791,-4.576769424602389e-05,1.514499545097351,0.26693812012672424
usaco,1327_silver_field_day,1.5378438234329224,-4.7331894165836275e-05,1.514506459236145,0.2668963372707367
usaco,377_bronze_bessie_slows_down,1.5378438234329224,-4.3487911170814186e-05,1.5145022869110107,0.2669205069541931
usaco,1227_bronze_photoshoot,1.5378437042236328,-4.653163705370389e-05,1.5145012140274048,0.2669256925582886
usaco,855_bronze_mixing_milk,1.5378437042236328,-4.7250770876416937e-05,1.5145118236541748,0.26686549186706543
usaco,940_bronze_milk_factory,1.5378429889678955,-4.4976310164202005e-05,1.5144885778427124,0.2669930160045624
usaco,1114_gold_modern_art_3,1.537842869758606,-4.30469517596066e-05,1.5144954919815063,0.2669530510902405
usaco,360_bronze_wormholes,1.5378425121307373,-4.317487764637917e-05,1.5144895315170288,0.2669851779937744
usaco,395_bronze_auto-complete,1.5378425121307373,-4.549890581984073e-05,1.5144985914230347,0.2669338583946228
usaco,834_silver_out_of_sorts,1.5378423929214478,-4.732749948743731e-05,1.5145008563995361,0.26692017912864685
usaco,112_bronze_rope_folding,1.537841796875,-4.1865292587317526e-05,1.5144933462142944,0.26695966720581055
usaco,1139_gold_permutation,1.537841796875,-4.485610770643689e-05,1.5144938230514526,0.26695653796195984
usaco,248_gold_taxi,1.537841796875,-4.311007069190964e-05,1.5144788026809692,0.2670416235923767
usaco,396_bronze_secret_code,1.537841796875,-4.337454083724879e-05,1.5144938230514526,0.2669566571712494
usaco,862_gold_cowpatibility,1.5378416776657104,-4.588001684169285e-05,1.514496922492981,0.26693859696388245
usaco,91_gold_above_the_median,1.5378413200378418,-4.218886897433549e-05,1.5144941806793213,0.2669520080089569
usaco,759_bronze_blocked_billboard,1.537840485572815,-4.658038596971892e-05,1.5144970417022705,0.2669309675693512
usaco,1325_bronze_rotate_and_shift,1.5378395318984985,-4.504646494751796e-05,1.5144885778427124,0.2669735252857208
usaco,647_gold_248,1.537839412689209,-4.4298620196059346e-05,1.5144916772842407,0.26695510745048523
usaco,1255_silver_circular_barn,1.5378389358520508,-4.661337879952043e-05,1.5144989490509033,0.26691100001335144
usaco,810_silver_rest_stops,1.5378389358520508,-4.521930532064289e-05,1.5144904851913452,0.2669592499732971
usaco,1275_bronze_leaders,1.5378384590148926,-4.432750938576646e-05,1.5144929885864258,0.2669420540332794
usaco,188_bronze_typo,1.537838339805603,-4.492580774240196e-05,1.5144994258880615,0.26690518856048584
usaco,898_gold_sleepy_cow_sorting,1.5378382205963135,-4.279823406250216e-05,1.5144875049591064,0.2669721841812134
usaco,1183_silver_cow_frisbee,1.5378373861312866,-4.580127642839216e-05,1.51449716091156,0.2669126093387604
usaco,209_silver_wifi_setup,1.5378371477127075,-4.4427728425944224e-05,1.5144896507263184,0.2669530510902405
usaco,346_gold_empty_stalls,1.537837028503418,-4.511578299570829e-05,1.5144901275634766,0.26694995164871216
usaco,359_bronze_cow_baseball,1.5378363132476807,-4.553225517156534e-05,1.514488697052002,0.26695457100868225
usaco,249_gold_route_design,1.5378358364105225,-4.439986514626071e-05,1.5144940614700317,0.26692086458206177
usaco,1108_bronze_comfortable_cows,1.5378355979919434,-4.542596798273735e-05,1.514482021331787,0.26698780059814453
usaco,262_silver_poker_hands,1.5378354787826538,-4.6009641664568335e-05,1.5144850015640259,0.2669697105884552
usaco,1232_silver_cow_operations,1.5378352403640747,-4.410256224218756e-05,1.514483094215393,0.26697948575019836
usaco,193_gold_balanced_cow_breeds,1.5378352403640747,-4.514799002208747e-05,1.5144944190979004,0.2669159471988678
usaco,1156_bronze_air_cownditioning,1.5378351211547852,-4.2724761442514136e-05,1.5144801139831543,0.266995906829834
usaco,1276_bronze_air_cownditioning_ii,1.5378351211547852,-4.404784340295009e-05,1.5144875049591064,0.2669540345668793
usaco,1228_bronze_counting_liars,1.537834644317627,-4.378993617137894e-05,1.5144823789596558,0.2669806182384491
usaco,919_silver_painting_the_barn,1.5378345251083374,-4.5656386646442115e-05,1.5144879817962646,0.2669484615325928
usaco,98_silver_roadblock,1.5378334522247314,-4.377731238491833e-05,1.5144970417022705,0.2668900787830353
usaco,1204_bronze_photoshoot_2,1.5378329753875732,-4.4008498662151396e-05,1.514488697052002,0.2669353187084198
usaco,345_silver_pogo-cow,1.5378329753875732,-4.3036499846493825e-05,1.5144752264022827,0.2670115530490875
usaco,1160_silver_convoluted_intervals,1.5378327369689941,-4.6747361921006814e-05,1.5144952535629272,0.26689645648002625
usaco,1257_gold_bribing_friends,1.5378327369689941,-4.444131991476752e-05,1.5144795179367065,0.2669854164123535
usaco,128_gold_haybale_restacking,1.5378310680389404,-4.374516356620006e-05,1.5144684314727783,0.2670391798019409
usaco,261_bronze_breed_assignment,1.5378309488296509,-4.339960651122965e-05,1.5144788026809692,0.26697951555252075
usaco,223_bronze_mirrors,1.5378305912017822,-4.516328408499248e-05,1.514477014541626,0.2669874131679535
usaco,104_bronze_haybale_stacking,1.537830114364624,-4.228499892633408e-05,1.5144710540771484,0.2670183777809143
usaco,341_bronze_goldilocks_and_the_n_cows,1.5378295183181763,-4.4404074287740514e-05,1.5144795179367065,0.26696711778640747
usaco,739_silver_bovine_genomics,1.5378276109695435,-4.357939906185493e-05,1.5144743919372559,0.2669855058193207
usaco,1083_bronze_uddered_but_not_herd,1.537827491760254,-4.518204877967946e-05,1.514481782913208,0.2669423818588257
usaco,783_bronze_blocked_billboard_ii,1.5378267765045166,-4.38452152593527e-05,1.5144740343093872,0.2669825553894043
usaco,764_silver_the_bovine_shuffle,1.5378265380859375,-4.576691208058037e-05,1.5144833326339722,0.2669280171394348
usaco,833_bronze_family_tree,1.5378249883651733,-4.1650513594504446e-05,1.5144729614257812,0.2669781446456909
usaco,763_silver_milk_measurement,1.5378247499465942,-4.7018816985655576e-05,1.5144866704940796,0.2668985426425934
usaco,378_bronze_balanced_teams,1.5378203392028809,-4.516685294220224e-05,1.5144731998443604,0.26695016026496887
usaco,839_gold_talent_show,1.5378196239471436,-4.631785850506276e-05,1.514474630355835,0.2669375240802765
usaco,134_silver_unlocking_blocks_(silver),1.5378189086914062,-4.4691842049360275e-05,1.5144681930541992,0.2669702470302582
usaco,967_silver_meetings,1.5378172397613525,-4.5640888856723905e-05,1.5144672393798828,0.2669658064842224
usaco,1278_silver_find_and_replace,1.5378139019012451,-4.2881601984845474e-05,1.5144569873809814,0.26700475811958313
usaco,93_gold_cow_steeplechase,1.5378117561340332,-4.223670839564875e-05,1.5144522190093994,0.2670195698738098
usaco,990_silver_berry_picking,1.5378053188323975,-4.52288004453294e-05,1.514459252357483,0.266943097114563
usaco,1182_silver_searching_for_soulmates,1.537803053855896,-4.2484920413699e-05,1.514444351196289,0.2670140266418457
