benchmark,task_id,discrimination,easiness,a0,a1
assistantbench,4e615af6f0348597b4133cc1ec5418bb3f35328e3d95e23a275027cee97b5e09,1.0108076333999634,-0.7909918427467346,0.7367613911628723,0.6920366883277893
assistantbench,2ddae3b7a208e3c25f14d82d7a1faaaa1832fbf950b4dac345e755c4c361f294,1.0099960565567017,-0.7927904725074768,0.7372921109199524,0.690284252166748
assistantbench,4dbedc5e1a0205e14b7ff3ba89bce3060dab15d0ada3b7e1351a6f2aa8287aec,1.0099411010742188,-0.7778590321540833,0.7393053770065308,0.6880468130111694
assistantbench,2aa5dd83fbcd0dce9a3dd4592106e5b5edf738008d932e357d477bba80e59ccf,1.0098543167114258,-0.786390483379364,0.7352649569511414,0.6922363638877869
assistantbench,e2dc3a6b10b762e8aba7fa4d4e70f757f6d04dcbc8b56c48fc53fd9928d31d07,1.0070065259933472,-0.7869828343391418,0.736462414264679,0.6867934465408325
assistantbench,557e78eceec08ca8b0da5f9fdaca6e1c7ec6140a8ce600983ee716327dab005e,1.0067880153656006,-0.7806898951530457,0.7351731657981873,0.6878535747528076
assistantbench,748899d9d70c09beb3bd48ac8a3658bdcfd2f9114fe6dc4c4b8d2f9541ef4607,1.0060303211212158,-0.7850277423858643,0.7362306118011475,0.6856103539466858
assistantbench,9baaa267c95f9d8b75741ee9169c50563d297cfa592c20deaffd30dbc5984c74,1.0058271884918213,-0.7884063124656677,0.7347805500030518,0.6868667006492615
assistantbench,0ec4371851b96837b0a81b3dd3df401415061bb532fbafeb4609f3337c358508,1.0057975053787231,-0.7921082973480225,0.73753821849823,0.6838611364364624
assistantbench,a9074997e698f912b9e751779ea19c1e92fa148404e90e0ae997acea3f9559b0,1.0055327415466309,-0.7818551659584045,0.7329309582710266,0.6884099245071411
assistantbench,f88066d274e265edd6cd9d61cd80a41accb3a14baf2297652fdd05cdf716d455,1.004317283630371,-0.791710376739502,0.7339200973510742,0.6855760812759399
assistantbench,efc0f3a47e9ed2ecdbcc037c2093865fe6e39f4d413a5d1ccdc7357160a4606b,1.003922462463379,-0.7883154153823853,0.7364099025726318,0.682320237159729
assistantbench,9e31099fffa6a3891c94934fd4fc2f3f522d51c1904ff3561f3a10e4bf245821,1.0037199258804321,-0.7861121296882629,0.7331380248069763,0.6855380535125732
assistantbench,291b53e665b4dd4365cde995042db4a6f6fecef3fe3a6f4482f23d61bd673918,1.0032471418380737,-0.7983629703521729,0.7317876219749451,0.6862883567810059
assistantbench,8ad84bd6fe38481ba49e7ad1f6fbd43219a999074e5c6fc940003281f55ec65b,1.0028988122940063,-0.7849489450454712,0.7347897291183472,0.6825613379478455
assistantbench,fb9ba3ab6a13d0adc677f993e90d54914a5cdf211305a1bba6bf16ec4ccb9b7c,1.0021356344223022,-0.79209965467453,0.7347568869590759,0.6814749836921692
assistantbench,797f7a5b65ca28b7e7156e7db1e9f117bd4a021de0cd512bfdbb0be897d89eab,1.001425862312317,-0.7926754355430603,0.7291356921195984,0.6864510178565979
assistantbench,cca4776df3c73e7f9430a2e624aafad056b14322a0b7ca6c0c22b7e7f3f0890a,1.00138521194458,-0.7881811261177063,0.732700765132904,0.6825847625732422
assistantbench,b36ef2d8f2643b80e74a44ce3403f674ecb2aed7fd36afeaa289061a59feef92,1.0008294582366943,-0.7823694944381714,0.7285429835319519,0.6862103939056396
assistantbench,e6bc98089608217e45b6956a46518fe3cce64a799b3ac43c6974c449ae14c408,1.0003033876419067,-0.7887596487998962,0.7289145588874817,0.6850476264953613
assistantbench,929b45f34805280d77c61d1e093e3d4e551d77ddb6ecd73552b12b1af286388d,0.999330997467041,-0.789939820766449,0.7310444712638855,0.681348979473114
assistantbench,9bdca8677af1e25cb7b0c7992dc62670c3e58e4afcd5ae60bcaa2483556bba00,0.9977268576622009,-0.7985191345214844,0.7287359833717346,0.6814709901809692
assistantbench,c7afe00869f98cf363fd83677ac41757ed5e57f03eacc3d1304feb0a92084bd1,0.9338175654411316,-0.7047541737556458,0.6785627603530884,0.6415355205535889
assistantbench,6b06d186921b8b390c65aebd0d16f09f60a47d2f1288ebe36953f734e84c0a3c,0.9129121899604797,-0.7087947726249695,0.669293999671936,0.6208496689796448
assistantbench,ccec2229ced20a4b0cb4897e3a99120a3017ea030903e01c9bda6b13d40b0b14,0.912312924861908,-0.7124471664428711,0.6718516945838928,0.6171954274177551
assistantbench,6e3be83d1949fa52cba03fb1ce4b5b3bf7e37a83fd7d67694b10b2e439d90cf8,0.9047863483428955,-0.7129582166671753,0.6548182964324951,0.6243807673454285
assistantbench,99da66d8af02491f98b98c56b26c709e773b5a2ad945fb280375951ba600de09,0.8244033455848694,-0.638701856136322,0.6067914366722107,0.5580726265907288
assistantbench,6f224e7730ed027cbac73aebb1aea7f954053082041b02b19f4ff126a0a8a208,0.8192929625511169,-0.6397026181221008,0.5715002417564392,0.5870505571365356
assistantbench,52f7224e9c79431e7926afe317782711a0028750693e7456cde22ef6f4bd8bd5,0.7988868951797485,-0.5600616931915283,0.5712023377418518,0.5585231781005859
assistantbench,3af8028c2a59e28ca88baff0e6d91f2a9f170c5ef91003f1c8406755a2760ad4,0.7673085927963257,-0.5546458959579468,0.5423251390457153,0.5428130030632019
assistantbench,57d9dc6935e8a40b02e7f8ec81768fe70e68a0c05f6866927c9fda38db38a486,0.6720641851425171,-0.5107030868530273,0.5106895565986633,0.4368826150894165
assistantbench,55f4258484c5b398956133128a50462a767da211f8f72aa5ac5bbffb9bcbba1a,0.5583916902542114,-0.36686208844184875,0.4257349669933319,0.3613184094429016
assistantbench,8fa42360185068216f2919935148d4e1ad28ddc18da0abd0f4bb0b6b6f84b127,0.3305760324001312,-0.2214265763759613,0.23529087007045746,0.23220406472682953
colbench_backend_programming,806,0.6525847911834717,-0.25737830996513367,0.46247848868370056,0.46041345596313477
colbench_backend_programming,370,0.6431899070739746,-0.2546693980693817,0.4498503804206848,0.45970410108566284
colbench_backend_programming,750,0.6424081921577454,-0.255626916885376,0.4531733989715576,0.4553264379501343
colbench_backend_programming,288,0.6416629552841187,0.2581663429737091,-0.45337337255477905,-0.45407480001449585
colbench_backend_programming,964,0.6411439180374146,-0.25355544686317444,0.4507763087749481,0.455923467874527
colbench_backend_programming,704,0.6403399705886841,-0.2568930685520172,0.45188644528388977,0.4536892771720886
colbench_backend_programming,188,0.6395453214645386,-0.25416624546051025,0.4531213343143463,0.4513305425643921
colbench_backend_programming,654,0.6395419239997864,-0.25755029916763306,0.4545525014400482,0.449884295463562
colbench_backend_programming,621,0.6386409401893616,-0.253243088722229,0.45277681946754456,0.4503946900367737
colbench_backend_programming,586,0.6384637951850891,-0.25555920600891113,0.448684960603714,0.4542222023010254
colbench_backend_programming,897,0.6380612254142761,-0.2531203031539917,0.4522833228111267,0.4500688314437866
colbench_backend_programming,92,0.6380077004432678,0.2526136636734009,-0.45169156789779663,-0.4505869448184967
colbench_backend_programming,609,0.6373263001441956,-0.25254812836647034,0.45165956020355225,0.4496537148952484
colbench_backend_programming,948,0.6372979879379272,-0.2545129954814911,0.4518832564353943,0.4493887722492218
colbench_backend_programming,971,0.637179434299469,0.2575293481349945,-0.44979339838027954,-0.4513131082057953
colbench_backend_programming,198,0.6368050575256348,0.2516593933105469,-0.4501039981842041,-0.4504742920398712
colbench_backend_programming,97,0.6367478370666504,0.25279611349105835,-0.4537055790424347,-0.44676515460014343
colbench_backend_programming,336,0.6367273330688477,-0.24711687862873077,0.44794508814811707,0.4525117576122284
colbench_backend_programming,836,0.6367234587669373,-0.2525799870491028,0.4482317268848419,0.45222240686416626
colbench_backend_programming,342,0.636683464050293,0.2513597011566162,-0.4495706260204315,-0.45083487033843994
colbench_backend_programming,818,0.6365736126899719,-0.25001806020736694,0.4500185251235962,0.45023253560066223
colbench_backend_programming,827,0.6365207433700562,-0.2534871995449066,0.44947391748428345,0.4507015347480774
colbench_backend_programming,70,0.6360552310943604,0.2508079409599304,-0.4499136805534363,-0.44960424304008484
colbench_backend_programming,945,0.6355751156806946,0.25018545985221863,-0.45017075538635254,-0.44866693019866943
colbench_backend_programming,482,0.6355200409889221,-0.2530708312988281,0.45048126578330994,0.448277086019516
colbench_backend_programming,104,0.6354953050613403,-0.2511492073535919,0.4484599828720093,0.4502643346786499
colbench_backend_programming,11,0.6352805495262146,-0.2499636858701706,0.4480764865875244,0.4503430426120758
colbench_backend_programming,26,0.6352108120918274,0.25115513801574707,-0.4462486803531647,-0.45205631852149963
colbench_backend_programming,505,0.6351000666618347,-0.2510160505771637,0.4457317292690277,0.45241057872772217
colbench_backend_programming,263,0.6350839138031006,-0.2559627890586853,0.45119497179985046,0.4469392001628876
colbench_backend_programming,998,0.6350040435791016,-0.25276583433151245,0.45114418864250183,0.44687700271606445
colbench_backend_programming,753,0.6349161267280579,0.2524147927761078,-0.4500834345817566,-0.4478207230567932
colbench_backend_programming,46,0.6349047422409058,0.25789421796798706,-0.45131632685661316,-0.4465620219707489
colbench_backend_programming,597,0.6348241567611694,0.2556435465812683,-0.45159390568733215,-0.44616663455963135
colbench_backend_programming,222,0.6348193883895874,-0.2492574006319046,0.4495668113231659,0.44820234179496765
colbench_backend_programming,892,0.6347841620445251,-0.25380605459213257,0.4504317343235016,0.4472831189632416
colbench_backend_programming,960,0.6345961689949036,-0.2519203722476959,0.44853919744491577,0.4489152133464813
colbench_backend_programming,786,0.6345711946487427,-0.25051674246788025,0.4492031931877136,0.44821545481681824
colbench_backend_programming,6,0.6345674395561218,-0.2515065670013428,0.45358511805534363,0.4437752068042755
colbench_backend_programming,225,0.6345105171203613,-0.2553868591785431,0.4474037289619446,0.4499260485172272
colbench_backend_programming,18,0.6344704627990723,-0.2525234818458557,0.4492589235305786,0.4480169713497162
colbench_backend_programming,544,0.6343792080879211,-0.25313615798950195,0.4506256580352783,0.4465125799179077
colbench_backend_programming,886,0.6343468427658081,-0.24981637299060822,0.4480011463165283,0.4491001069545746
colbench_backend_programming,712,0.6343151330947876,0.25219908356666565,-0.4453014135360718,-0.4517326056957245
colbench_backend_programming,640,0.6340386271476746,-0.25243106484413147,0.44852519035339355,0.4481407403945923
colbench_backend_programming,106,0.6339304447174072,-0.24919432401657104,0.4456053674221039,0.4508920907974243
colbench_backend_programming,742,0.6338974833488464,-0.2544180750846863,0.4499704837799072,0.446489155292511
colbench_backend_programming,575,0.6338575482368469,-0.250309556722641,0.4481297731399536,0.44828009605407715
colbench_backend_programming,159,0.6338257789611816,-0.253645122051239,0.45057737827301025,0.44577476382255554
colbench_backend_programming,616,0.6337887048721313,-0.25445660948753357,0.45026329159736633,0.4460392892360687
colbench_backend_programming,23,0.6337782740592957,-0.25113677978515625,0.4481358826160431,0.44816192984580994
colbench_backend_programming,931,0.6335283517837524,-0.24747128784656525,0.44753023982048035,0.4484137296676636
colbench_backend_programming,208,0.6335251927375793,-0.2497408539056778,0.44720420241355896,0.44873443245887756
colbench_backend_programming,305,0.6335028409957886,-0.2506740093231201,0.44912126660346985,0.44678398966789246
colbench_backend_programming,901,0.6334271430969238,0.24759173393249512,-0.44690966606140137,-0.4488894045352936
colbench_backend_programming,277,0.6334213018417358,0.25097033381462097,-0.4477706849575043,-0.4480222761631012
colbench_backend_programming,820,0.6333960890769958,-0.2540219724178314,0.4532017111778259,0.44249165058135986
colbench_backend_programming,828,0.6333435773849487,-0.2487202137708664,0.44664597511291504,0.4490338861942291
colbench_backend_programming,877,0.6333150267601013,0.2499571591615677,-0.44715625047683716,-0.44848549365997314
colbench_backend_programming,779,0.6332828998565674,-0.2513448894023895,0.44744622707366943,0.44815078377723694
colbench_backend_programming,463,0.6332524418830872,-0.25264790654182434,0.44820868968963623,0.4473450779914856
colbench_backend_programming,142,0.6332359910011292,0.25018540024757385,-0.4464518129825592,-0.44907528162002563
colbench_backend_programming,310,0.6331042051315308,-0.2518801987171173,0.4466180205345154,0.44872403144836426
colbench_backend_programming,266,0.6330891847610474,-0.25365686416625977,0.44764789938926697,0.4476753771305084
colbench_backend_programming,197,0.6330593228340149,-0.24914595484733582,0.4458843469619751,0.44938984513282776
colbench_backend_programming,96,0.6330416798591614,-0.25455242395401,0.4464492201805115,0.4488038420677185
colbench_backend_programming,409,0.6330256462097168,0.25825291872024536,-0.44468262791633606,-0.4505317211151123
colbench_backend_programming,34,0.6330151557922363,-0.24998976290225983,0.4469704031944275,0.4482472836971283
colbench_backend_programming,472,0.6328632831573486,-0.2506714165210724,0.44921767711639404,0.4457795321941376
colbench_backend_programming,29,0.6328023672103882,-0.25302332639694214,0.4473576247692108,0.44756007194519043
colbench_backend_programming,552,0.632709801197052,-0.25081866979599,0.4472380578517914,0.4475487172603607
colbench_backend_programming,784,0.6326286792755127,-0.25399696826934814,0.4469456970691681,0.4477260112762451
colbench_backend_programming,153,0.6326170563697815,-0.2480013072490692,0.4464162588119507,0.4482375383377075
colbench_backend_programming,675,0.632473349571228,-0.2513589560985565,0.4477178752422333,0.4467339813709259
colbench_backend_programming,551,0.6324658989906311,-0.25043731927871704,0.44619035720825195,0.4482491612434387
colbench_backend_programming,105,0.6324446797370911,-0.25172868371009827,0.44687965512275696,0.44753196835517883
colbench_backend_programming,843,0.6323768496513367,-0.2512737512588501,0.44671547412872314,0.44760003685951233
colbench_backend_programming,420,0.632350742816925,-0.25127923488616943,0.44736963510513306,0.44690921902656555
colbench_backend_programming,229,0.6322709321975708,-0.251772940158844,0.4463522434234619,0.4478127360343933
colbench_backend_programming,27,0.6322479844093323,-0.24733132123947144,0.44545790553092957,0.448669970035553
colbench_backend_programming,648,0.6322475075721741,-0.2520810067653656,0.45125412940979004,0.44283929467201233
colbench_backend_programming,457,0.6322197318077087,0.2524970769882202,-0.4475735127925873,-0.44651955366134644
colbench_backend_programming,231,0.6321815252304077,-0.24797341227531433,0.4458249509334564,0.44821158051490784
colbench_backend_programming,975,0.6320842504501343,-0.2475854754447937,0.4437350034713745,0.4501441419124603
colbench_backend_programming,573,0.6320807933807373,0.25816839933395386,-0.45054635405540466,-0.44332170486450195
colbench_backend_programming,688,0.6320783495903015,-0.2491345852613449,0.44591134786605835,0.44798001646995544
colbench_backend_programming,957,0.6320132613182068,-0.2523225247859955,0.44535234570503235,0.44844403862953186
colbench_backend_programming,141,0.6319842338562012,-0.25148749351501465,0.448496550321579,0.4452582597732544
colbench_backend_programming,444,0.6319815516471863,-0.2512120008468628,0.4460981488227844,0.4476573169231415
colbench_backend_programming,943,0.6319116353988647,-0.2488749921321869,0.4447944164276123,0.44885432720184326
colbench_backend_programming,741,0.6319006085395813,-0.25297558307647705,0.44610998034477234,0.4475313127040863
colbench_backend_programming,313,0.6318986415863037,-0.25140997767448425,0.44796574115753174,0.4456709027290344
colbench_backend_programming,119,0.6318777799606323,-0.2493036836385727,0.4447498917579651,0.4488507807254791
colbench_backend_programming,306,0.6318663358688354,-0.24907654523849487,0.446199506521225,0.44739365577697754
colbench_backend_programming,402,0.631817102432251,-0.2538827061653137,0.4483119547367096,0.44520696997642517
colbench_backend_programming,831,0.6318041682243347,0.2512320280075073,-0.4473058879375458,-0.4461994767189026
colbench_backend_programming,94,0.631786584854126,-0.2491670548915863,0.4442194998264313,0.4492475390434265
colbench_backend_programming,556,0.6316996812820435,0.2520352005958557,-0.44967955350875854,-0.44365835189819336
colbench_backend_programming,410,0.6316735744476318,-0.24874749779701233,0.4452407658100128,0.448076069355011
colbench_backend_programming,533,0.6315639615058899,-0.25006043910980225,0.44704681634902954,0.4461190104484558
colbench_backend_programming,978,0.6314202547073364,-0.24962083995342255,0.44582733511924744,0.44713476300239563
colbench_backend_programming,497,0.6313826441764832,0.2549554705619812,-0.44699981808662415,-0.44590941071510315
colbench_backend_programming,590,0.6313461661338806,-0.25549355149269104,0.4500676393508911,0.44276073575019836
colbench_backend_programming,696,0.6313255429267883,-0.2582804262638092,0.4469754993915558,0.4458529055118561
colbench_backend_programming,700,0.6313150525093079,0.2483554631471634,-0.444926381111145,-0.4478830397129059
colbench_backend_programming,581,0.6312990784645081,0.2502499520778656,-0.44538426399230957,-0.4474051594734192
colbench_backend_programming,102,0.6312969923019409,-0.25327157974243164,0.4443966746330261,0.4483832120895386
colbench_backend_programming,72,0.6312584280967712,-0.2494831532239914,0.44813913106918335,0.4445880353450775
colbench_backend_programming,490,0.631217896938324,-0.25038495659828186,0.44595736265182495,0.4467191994190216
colbench_backend_programming,536,0.6311324834823608,-0.25351864099502563,0.44552817940711975,0.44702669978141785
colbench_backend_programming,634,0.6311129331588745,-0.2527468204498291,0.4446084499359131,0.44791391491889954
colbench_backend_programming,661,0.6311027407646179,-0.2520985007286072,0.4452916979789734,0.4472202956676483
colbench_backend_programming,15,0.6310942769050598,-0.2505418360233307,0.4420097768306732,0.45045235753059387
colbench_backend_programming,539,0.6310383081436157,-0.24974599480628967,0.4453008472919464,0.4471202492713928
colbench_backend_programming,963,0.6310378909111023,-0.25106844305992126,0.44451385736465454,0.44790205359458923
colbench_backend_programming,226,0.6310361623764038,0.24804185330867767,-0.44545021653175354,-0.4469684064388275
colbench_backend_programming,209,0.6310060024261475,-0.25151342153549194,0.44411569833755493,0.44825196266174316
colbench_backend_programming,16,0.6309475302696228,-0.25226205587387085,0.4460754990577698,0.4462190270423889
colbench_backend_programming,631,0.6309332847595215,-0.25313448905944824,0.44287097454071045,0.44937968254089355
colbench_backend_programming,167,0.6309226155281067,0.24879074096679688,-0.445009708404541,-0.44724681973457336
colbench_backend_programming,347,0.6309038996696472,-0.24870246648788452,0.4462811052799225,0.4459516406059265
colbench_backend_programming,797,0.6308858394622803,-0.25148025155067444,0.44462570548057556,0.44757670164108276
colbench_backend_programming,12,0.630845844745636,-0.2502441704273224,0.44718116521835327,0.4449668526649475
colbench_backend_programming,885,0.630838930606842,-0.25039681792259216,0.4453429877758026,0.4467967748641968
colbench_backend_programming,411,0.6308016180992126,-0.24633103609085083,0.44521450996398926,0.44687220454216003
colbench_backend_programming,162,0.6307942867279053,-0.251130610704422,0.4450812041759491,0.4469945430755615
colbench_backend_programming,946,0.6307772994041443,-0.2484496384859085,0.44507184624671936,0.44697996973991394
colbench_backend_programming,352,0.6307114958763123,-0.24859671294689178,0.4466220736503601,0.44533771276474
colbench_backend_programming,890,0.6306800246238708,0.2509539723396301,-0.4459817409515381,-0.445934534072876
colbench_backend_programming,307,0.6306593418121338,-0.2561030685901642,0.4521600604057312,0.43963906168937683
colbench_backend_programming,720,0.630587637424469,-0.2487943023443222,0.4486102759838104,0.4431586265563965
colbench_backend_programming,493,0.6305482387542725,-0.24804918467998505,0.44322362542152405,0.448490709066391
colbench_backend_programming,626,0.6305385231971741,-0.24713468551635742,0.4450679421424866,0.4466468393802643
colbench_backend_programming,408,0.6305371522903442,-0.25371935963630676,0.4439694285392761,0.44773682951927185
colbench_backend_programming,112,0.6305283904075623,0.25305914878845215,-0.4480052888393402,-0.44368600845336914
colbench_backend_programming,562,0.6305067539215088,-0.2492130994796753,0.44581711292266846,0.445854127407074
colbench_backend_programming,465,0.6304881572723389,-0.24899768829345703,0.4475672245025635,0.44407081604003906
colbench_backend_programming,724,0.6303719282150269,-0.2501314878463745,0.44568464159965515,0.4457959234714508
colbench_backend_programming,547,0.6303407549858093,0.2478794902563095,-0.4447382390499115,-0.44669604301452637
colbench_backend_programming,51,0.6303280591964722,-0.24809980392456055,0.4445667266845703,0.44684886932373047
colbench_backend_programming,697,0.6303149461746216,-0.2562994062900543,0.444611132144928,0.44678613543510437
colbench_backend_programming,150,0.6301666498184204,-0.24755921959877014,0.4451993703842163,0.44599050283432007
colbench_backend_programming,42,0.6301474571228027,0.24739347398281097,-0.4451690912246704,-0.44599366188049316
colbench_backend_programming,659,0.6301450729370117,-0.24899156391620636,0.44439175724983215,0.4467647969722748
colbench_backend_programming,219,0.6300934553146362,-0.2507055997848511,0.443602055311203,0.44747626781463623
colbench_backend_programming,891,0.6300778388977051,-0.2509557604789734,0.4431080222129822,0.4479435086250305
colbench_backend_programming,406,0.6300367712974548,-0.24878346920013428,0.4457148015499115,0.4452916979789734
colbench_backend_programming,50,0.6300297975540161,0.2578310966491699,-0.4462050795555115,-0.44479048252105713
colbench_backend_programming,276,0.6299937963485718,-0.2517489790916443,0.4474526345729828,0.4434843063354492
colbench_backend_programming,633,0.6299780607223511,-0.24788561463356018,0.44408518075942993,0.44683408737182617
colbench_backend_programming,894,0.6299694776535034,-0.2506020963191986,0.44442319869995117,0.44648581743240356
colbench_backend_programming,511,0.6299047470092773,-0.24864354729652405,0.4395714998245239,0.45117273926734924
colbench_backend_programming,811,0.6298878788948059,0.24827930331230164,-0.44506949186325073,-0.44572627544403076
colbench_backend_programming,913,0.6298699975013733,-0.2576025426387787,0.438405841588974,0.4522571265697479
colbench_backend_programming,765,0.6298679113388062,-0.24697276949882507,0.4464157819747925,0.4443495273590088
colbench_backend_programming,808,0.629776120185852,-0.24761655926704407,0.443012535572052,0.4476134777069092
colbench_backend_programming,962,0.6297510862350464,-0.25122934579849243,0.44779515266418457,0.4427933394908905
colbench_backend_programming,332,0.629745364189148,-0.25034838914871216,0.4462333917617798,0.44435903429985046
colbench_backend_programming,146,0.6297261714935303,-0.24836209416389465,0.4430915117263794,0.44746503233909607
colbench_backend_programming,279,0.6296001672744751,-0.25236332416534424,0.4403935372829437,0.44994428753852844
colbench_backend_programming,451,0.6295973658561707,0.2518085837364197,-0.44921278953552246,-0.4411357045173645
colbench_backend_programming,256,0.6295477151870728,0.2508012354373932,-0.44492849707603455,-0.4453863203525543
colbench_backend_programming,871,0.6295369863510132,-0.24729414284229279,0.44443345069885254,0.4458651542663574
colbench_backend_programming,996,0.6295039057731628,-0.2513962984085083,0.44787314534187317,0.44236278533935547
colbench_backend_programming,360,0.6294858455657959,-0.2540009915828705,0.4447777569293976,0.4454493522644043
colbench_backend_programming,7,0.6294535994529724,0.24828244745731354,-0.44233813881874084,-0.4478267431259155
colbench_backend_programming,917,0.6294474005699158,0.24814890325069427,-0.4450662434101105,-0.4451068043708801
colbench_backend_programming,912,0.6294340491294861,-0.25175046920776367,0.44706884026527405,0.44307637214660645
colbench_backend_programming,322,0.6294257640838623,0.24854864180088043,-0.4444848299026489,-0.44565680623054504
colbench_backend_programming,241,0.6293925046920776,-0.2496979981660843,0.441909521818161,0.4481638967990875
colbench_backend_programming,210,0.6293257474899292,0.24993813037872314,-0.4440305531024933,-0.445968359708786
colbench_backend_programming,436,0.6292554140090942,-0.24998199939727783,0.4430902302265167,0.4468035399913788
colbench_backend_programming,456,0.6291733384132385,-0.24981504678726196,0.4450662434101105,0.4447191655635834
colbench_backend_programming,976,0.629172146320343,-0.24951572716236115,0.4463655352592468,0.44341331720352173
colbench_backend_programming,989,0.6291592717170715,-0.2511291205883026,0.44333526492118835,0.4464249312877655
colbench_backend_programming,206,0.6291552186012268,0.24700982868671417,-0.44402921199798584,-0.44572901725769043
colbench_backend_programming,796,0.6290650367736816,-0.2499188631772995,0.4408135414123535,0.4487830698490143
colbench_backend_programming,942,0.6290223598480225,-0.2486763596534729,0.44479668140411377,0.44477522373199463
colbench_backend_programming,425,0.6290048360824585,0.24765464663505554,-0.4433499574661255,-0.4461926221847534
colbench_backend_programming,75,0.6289073824882507,0.24795344471931458,-0.44447287917137146,-0.4449363946914673
colbench_backend_programming,829,0.6288344860076904,0.2493235170841217,-0.4444442689418793,-0.44486191868782043
colbench_backend_programming,930,0.628787636756897,-0.24862425029277802,0.4419794976711273,0.44724491238594055
colbench_backend_programming,382,0.6287747621536255,-0.24944263696670532,0.44449087977409363,0.44473084807395935
colbench_backend_programming,928,0.628670871257782,-0.2503276467323303,0.44630080461502075,0.44276702404022217
colbench_backend_programming,878,0.6286354064941406,-0.24874579906463623,0.4444582462310791,0.4445664882659912
colbench_backend_programming,809,0.6285829544067383,-0.2515566349029541,0.44131776690483093,0.4476105570793152
colbench_backend_programming,520,0.6285181641578674,-0.25110915303230286,0.446142315864563,0.4427099823951721
colbench_backend_programming,932,0.6284940242767334,0.24965965747833252,-0.44640615582466125,-0.4424096345901489
colbench_backend_programming,160,0.6284798979759216,0.24900473654270172,-0.4438263773918152,-0.44497767090797424
colbench_backend_programming,968,0.6284483075141907,0.2480335384607315,-0.4412400424480438,-0.44749802350997925
colbench_backend_programming,71,0.6284250020980835,-0.24713608622550964,0.44471484422683716,0.4440120458602905
colbench_backend_programming,214,0.6283640265464783,-0.2475232034921646,0.4376267194747925,0.4509148597717285
colbench_backend_programming,129,0.6283130049705505,-0.24808351695537567,0.4455781579017639,0.4429868459701538
colbench_backend_programming,242,0.6282449960708618,-0.24824872612953186,0.4423340857028961,0.4461304247379303
colbench_backend_programming,369,0.628161609172821,-0.24701803922653198,0.4432309865951538,0.445121705532074
colbench_backend_programming,343,0.6281581521034241,-0.2472277134656906,0.4443363845348358,0.4440133273601532
colbench_backend_programming,69,0.6281405687332153,-0.2535460591316223,0.4456729590892792,0.4426468312740326
colbench_backend_programming,662,0.6281353831291199,-0.24878311157226562,0.4428742229938507,0.4454396367073059
colbench_backend_programming,651,0.6281053423881531,-0.25160473585128784,0.44270649552345276,0.4455639719963074
colbench_backend_programming,542,0.6280826330184937,-0.2480904757976532,0.4425426721572876,0.4456947147846222
colbench_backend_programming,56,0.6280617713928223,-0.25000545382499695,0.4487694799900055,0.439394474029541
colbench_backend_programming,203,0.6280073523521423,-0.25301098823547363,0.4445289373397827,0.4436071515083313
colbench_backend_programming,938,0.6279884576797485,-0.25156617164611816,0.44504880905151367,0.4430587589740753
colbench_backend_programming,394,0.6279621124267578,-0.24830397963523865,0.4424242675304413,0.4456424117088318
colbench_backend_programming,833,0.627936065196991,0.25050410628318787,-0.4430592656135559,-0.444974422454834
colbench_backend_programming,264,0.6279107332229614,-0.25185367465019226,0.44517964124679565,0.4428171217441559
colbench_backend_programming,470,0.6278979778289795,-0.2509716749191284,0.4447886347770691,0.4431917369365692
colbench_backend_programming,570,0.6278918981552124,-0.24819715321063995,0.44278088212013245,0.44518911838531494
colbench_backend_programming,669,0.6278736591339111,-0.2585965394973755,0.449631929397583,0.43824249505996704
colbench_backend_programming,240,0.62784343957901,0.24600255489349365,-0.44314301013946533,-0.4447602331638336
colbench_backend_programming,339,0.6278247237205505,-0.24945883452892303,0.4446124732494354,0.44326475262641907
colbench_backend_programming,58,0.6278234124183655,-0.24678635597229004,0.44219309091567993,0.44567644596099854
colbench_backend_programming,682,0.6278025507926941,0.2465435266494751,-0.44277286529541016,-0.4450709819793701
colbench_backend_programming,867,0.627798318862915,-0.24638532102108002,0.443448543548584,0.4443918466567993
colbench_backend_programming,122,0.6277592778205872,-0.2492457926273346,0.4435783922672272,0.4442070722579956
colbench_backend_programming,245,0.6277533173561096,-0.25439566373825073,0.44738683104515076,0.44036269187927246
colbench_backend_programming,152,0.627740740776062,-0.24551302194595337,0.4425983130931854,0.4451574981212616
colbench_backend_programming,308,0.6276625394821167,-0.249690443277359,0.4424133002758026,0.4452311098575592
colbench_backend_programming,535,0.627662181854248,-0.24775142967700958,0.44269654154777527,0.4449490010738373
colbench_backend_programming,64,0.6275995373725891,0.24825575947761536,-0.4429657757282257,-0.4445924460887909
colbench_backend_programming,132,0.6275994181632996,-0.24697083234786987,0.44402557611465454,0.44353392720222473
colbench_backend_programming,397,0.6275749802589417,0.24946986138820648,-0.4427410662174225,-0.4447816014289856
colbench_backend_programming,882,0.6275620460510254,-0.251278817653656,0.4414745569229126,0.44602054357528687
colbench_backend_programming,610,0.6275414228439331,-0.24933166801929474,0.4438092112541199,0.4436683654785156
colbench_backend_programming,172,0.6275386214256287,-0.24748414754867554,0.4440201222896576,0.4434533417224884
colbench_backend_programming,554,0.627420961856842,-0.24748146533966064,0.4426085352897644,0.44469621777534485
colbench_backend_programming,966,0.6273993253707886,-0.25591328740119934,0.4499724209308624,0.4372124671936035
colbench_backend_programming,710,0.6273676753044128,0.24939703941345215,-0.4407786726951599,-0.44643518328666687
colbench_backend_programming,424,0.6273521780967712,-0.24979868531227112,0.4436597228050232,0.4435501992702484
colbench_backend_programming,80,0.6273106336593628,-0.24789011478424072,0.44237950444221497,0.4447684586048126
colbench_backend_programming,910,0.6272487640380859,-0.24860285222530365,0.4461102783679962,0.4409383237361908
colbench_backend_programming,911,0.6271847486495972,0.24820777773857117,-0.44168534874916077,-0.4452805817127228
colbench_backend_programming,299,0.6271727681159973,-0.2502579092979431,0.4452410042285919,0.44170820713043213
colbench_backend_programming,970,0.6271702647209167,-0.24716900289058685,0.4427272379398346,0.44422420859336853
colbench_backend_programming,485,0.6271690130233765,-0.2466917186975479,0.44256553053855896,0.44438356161117554
colbench_backend_programming,790,0.6271637678146362,0.24895714223384857,-0.44270262122154236,-0.4442395269870758
colbench_backend_programming,632,0.6270933151245117,-0.24984875321388245,0.43814343214035034,0.44863834977149963
colbench_backend_programming,666,0.6270486116409302,-0.24960796535015106,0.4429487884044647,0.4438314437866211
colbench_backend_programming,494,0.6270343661308289,-0.2500646114349365,0.44309258460998535,0.4436677098274231
colbench_backend_programming,191,0.6270259022712708,-0.25393667817115784,0.44080081582069397,0.44593286514282227
colbench_backend_programming,969,0.6270011067390442,-0.2536381483078003,0.4485493004322052,0.438102662563324
colbench_backend_programming,620,0.6269912123680115,-0.25212571024894714,0.446125864982605,0.440556138753891
colbench_backend_programming,98,0.6269760131835938,-0.24908947944641113,0.44305840134620667,0.4436194598674774
colbench_backend_programming,239,0.6269550323486328,0.251138299703598,-0.44160041213035583,-0.4450411796569824
colbench_backend_programming,875,0.6268890500068665,-0.25234779715538025,0.4463048577308655,0.4402293264865875
colbench_backend_programming,3,0.6268559098243713,-0.2517845034599304,0.4446909725666046,0.44181251525878906
colbench_backend_programming,529,0.6267898678779602,-0.24726241827011108,0.4417378902435303,0.44467201828956604
colbench_backend_programming,109,0.6267852783203125,0.24658314883708954,-0.4438227117061615,-0.44258469343185425
colbench_backend_programming,719,0.6267109513282776,-0.24553431570529938,0.44148460030555725,0.4448122978210449
colbench_backend_programming,646,0.6266860961914062,0.2504003047943115,-0.4433650076389313,-0.4429028332233429
colbench_backend_programming,88,0.6266084909439087,-0.24623002111911774,0.4444843828678131,0.44166937470436096
colbench_backend_programming,817,0.6266027688980103,-0.24475717544555664,0.4420906901359558,0.44405728578567505
colbench_backend_programming,449,0.6265922784805298,-0.25005897879600525,0.445776104927063,0.4403424859046936
colbench_backend_programming,25,0.6265775561332703,-0.2510969340801239,0.447788804769516,0.4382745623588562
colbench_backend_programming,293,0.6265217661857605,0.24923770129680634,-0.44218140840530396,-0.44385257363319397
colbench_backend_programming,351,0.6264869570732117,-0.248893141746521,0.4418275058269501,0.4441557824611664
colbench_backend_programming,994,0.6264453530311584,-0.24816742539405823,0.4423137903213501,0.4436127543449402
colbench_backend_programming,121,0.6264424324035645,-0.25275206565856934,0.4448697865009308,0.4410453736782074
colbench_backend_programming,125,0.626402735710144,-0.24910776317119598,0.4380190968513489,0.44779425859451294
colbench_backend_programming,41,0.6263817548751831,-0.24874193966388702,0.4460541605949402,0.43976104259490967
colbench_backend_programming,335,0.6263626217842102,-0.2502385079860687,0.443046897649765,0.4427635967731476
colbench_backend_programming,270,0.6263404488563538,0.2473771721124649,-0.4427810609340668,-0.4429980218410492
colbench_backend_programming,600,0.6263106465339661,-0.24995481967926025,0.44077685475349426,0.44495031237602234
colbench_backend_programming,461,0.6263095140457153,-0.24660110473632812,0.44346511363983154,0.4422694742679596
colbench_backend_programming,4,0.6262209415435791,-0.24927730858325958,0.4404718577861786,0.4451260268688202
colbench_backend_programming,373,0.6262146234512329,0.25194090604782104,-0.4452194273471832,-0.4403684735298157
colbench_backend_programming,980,0.6261942982673645,-0.24731095135211945,0.442390114068985,0.44318196177482605
colbench_backend_programming,680,0.626171350479126,0.24665920436382294,-0.44111278653144836,-0.44442105293273926
colbench_backend_programming,57,0.6261367797851562,-0.24601320922374725,0.440048485994339,0.4454263150691986
colbench_backend_programming,184,0.626133918762207,-0.2492595911026001,0.44115737080574036,0.4443240463733673
colbench_backend_programming,543,0.6261214017868042,0.2552352845668793,-0.4451528489589691,-0.440303236246109
colbench_backend_programming,247,0.6261171102523804,-0.24574974179267883,0.4395647943019867,0.44587600231170654
colbench_backend_programming,967,0.6260533928871155,-0.24689841270446777,0.44180479645729065,0.4435666799545288
colbench_backend_programming,832,0.6260387897491455,-0.24516046047210693,0.44045490026474,0.44488659501075745
colbench_backend_programming,388,0.625939667224884,-0.24372848868370056,0.4417951703071594,0.44341573119163513
colbench_backend_programming,615,0.6259371042251587,-0.24778403341770172,0.444104939699173,0.441098690032959
colbench_backend_programming,642,0.6259278655052185,-0.24851441383361816,0.44372618198394775,0.4414665997028351
colbench_backend_programming,522,0.6259244084358215,0.24407953023910522,-0.44193142652511597,-0.4432583749294281
colbench_backend_programming,789,0.6259064078330994,-0.24634434282779694,0.44053706526756287,0.44461891055107117
colbench_backend_programming,694,0.625864565372467,-0.2566559910774231,0.44043782353401184,0.4446582496166229
colbench_backend_programming,476,0.6258211731910706,-0.25179874897003174,0.44172853231430054,0.44331488013267517
colbench_backend_programming,178,0.6257970333099365,-0.24624282121658325,0.440190851688385,0.444807767868042
colbench_backend_programming,681,0.625762403011322,0.2488885372877121,-0.4411483108997345,-0.4438094198703766
colbench_backend_programming,689,0.625750720500946,0.25192779302597046,-0.4444659650325775,-0.4404701888561249
colbench_backend_programming,974,0.6257354021072388,-0.24527086317539215,0.44020310044288635,0.444708913564682
colbench_backend_programming,133,0.6256918907165527,-0.2470218986272812,0.44100743532180786,0.44384995102882385
colbench_backend_programming,9,0.6256822347640991,-0.24810248613357544,0.4429594874382019,0.44188812375068665
colbench_backend_programming,576,0.6256314516067505,0.24749130010604858,-0.44082581996917725,-0.44394513964653015
colbench_backend_programming,749,0.6255914568901062,-0.248114675283432,0.4408012330532074,0.4439132511615753
colbench_backend_programming,761,0.6255792379379272,0.24922539293766022,-0.44268089532852173,-0.4420214891433716
colbench_backend_programming,641,0.6255019307136536,-0.24993793666362762,0.44287437200546265,0.44171813130378723
colbench_backend_programming,43,0.6254740953445435,0.2543651759624481,-0.4479208290576935,-0.43656018376350403
colbench_backend_programming,513,0.6254673600196838,-0.2538057863712311,0.44462838768959045,0.4399034082889557
colbench_backend_programming,323,0.6254534125328064,0.24745576083660126,-0.4441961348056793,-0.44032007455825806
colbench_backend_programming,814,0.6254284977912903,0.24828492105007172,-0.4430035948753357,-0.44148457050323486
colbench_backend_programming,248,0.6253824234008789,-0.2497687190771103,0.44581183791160583,0.4385829567909241
colbench_backend_programming,328,0.6253812313079834,0.24574200809001923,-0.4411930441856384,-0.44322723150253296
colbench_backend_programming,267,0.6253713369369507,0.2558336853981018,-0.4427642226219177,-0.44164368510246277
colbench_backend_programming,524,0.6253641247749329,-0.25066813826560974,0.44604119658470154,0.4383235573768616
colbench_backend_programming,518,0.6253252029418945,-0.24951012432575226,0.443302720785141,0.44103774428367615
colbench_backend_programming,466,0.6253173351287842,-0.250333696603775,0.44806787371635437,0.4361845552921295
colbench_backend_programming,907,0.6252961754798889,-0.25112494826316833,0.4448743462562561,0.43941113352775574
colbench_backend_programming,954,0.6252721548080444,-0.24705742299556732,0.44161996245384216,0.4426478147506714
colbench_backend_programming,83,0.6252456903457642,0.24626636505126953,-0.4419938027858734,-0.44223710894584656
colbench_backend_programming,848,0.6251498460769653,-0.2459716945886612,0.44170844554901123,0.4423867166042328
colbench_backend_programming,390,0.625141978263855,-0.24932801723480225,0.44295549392700195,0.44112685322761536
colbench_backend_programming,887,0.6251391172409058,-0.2461806684732437,0.4425443112850189,0.4415353536605835
colbench_backend_programming,157,0.6251212358474731,-0.24630692601203918,0.44149282574653625,0.44256147742271423
colbench_backend_programming,760,0.6251059770584106,-0.2491580843925476,0.44243529438972473,0.44159767031669617
colbench_backend_programming,496,0.6250947713851929,-0.24998879432678223,0.4397236704826355,0.4442821145057678
colbench_backend_programming,28,0.6250852942466736,-0.24973097443580627,0.44220423698425293,0.4417997896671295
colbench_backend_programming,924,0.6250418424606323,-0.24742229282855988,0.440580278635025,0.44335806369781494
colbench_backend_programming,385,0.6250019669532776,-0.24833360314369202,0.4417291581630707,0.44215700030326843
colbench_backend_programming,60,0.6249872446060181,-0.24715740978717804,0.44146016240119934,0.4424048066139221
colbench_backend_programming,130,0.6249221563339233,0.24851374328136444,-0.44061580300331116,-0.443153977394104
colbench_backend_programming,685,0.6248919367790222,-0.24854008853435516,0.4435310959815979,0.4401932656764984
colbench_backend_programming,333,0.6248764991760254,-0.2499338537454605,0.44234225153923035,0.4413660168647766
colbench_backend_programming,934,0.6248615980148315,0.24341322481632233,-0.44240036606788635,-0.44128671288490295
colbench_backend_programming,177,0.6248302459716797,-0.2490684688091278,0.4402659237384796,0.4433720111846924
colbench_backend_programming,224,0.6248208284378052,-0.24995236098766327,0.44460809230804443,0.43900418281555176
colbench_backend_programming,207,0.624790370464325,-0.2473880648612976,0.44065728783607483,0.4429268538951874
colbench_backend_programming,330,0.6247305274009705,0.24740616977214813,-0.43901681900024414,-0.44446876645088196
colbench_backend_programming,427,0.6245882511138916,-0.24917744100093842,0.4427565932273865,0.4405417740345001
colbench_backend_programming,723,0.6245445609092712,-0.25110429525375366,0.44051623344421387,0.4427204132080078
colbench_backend_programming,785,0.6244939565658569,-0.2507683038711548,0.44108742475509644,0.4420798420906067
colbench_backend_programming,941,0.6244649291038513,-0.24660342931747437,0.4401867687702179,0.44293567538261414
colbench_backend_programming,880,0.624419629573822,-0.24571485817432404,0.4396769404411316,0.4433779716491699
colbench_backend_programming,747,0.624396800994873,-0.24626204371452332,0.43829479813575745,0.4447123408317566
colbench_backend_programming,727,0.6243811845779419,-0.24735918641090393,0.44068506360054016,0.4423217475414276
colbench_backend_programming,606,0.6243667006492615,-0.24634607136249542,0.44056442379951477,0.44242149591445923
colbench_backend_programming,319,0.6243175268173218,0.24887371063232422,-0.44009825587272644,-0.4428158700466156
colbench_backend_programming,367,0.6242663264274597,-0.24915814399719238,0.4417436122894287,0.4411020874977112
colbench_backend_programming,116,0.6242640614509583,-0.24751456081867218,0.43924784660339355,0.4435841739177704
colbench_backend_programming,199,0.6242263317108154,-0.2490716278553009,0.4435318410396576,0.4392470717430115
colbench_backend_programming,895,0.6241639256477356,-0.24542392790317535,0.4414140582084656,0.4412870407104492
colbench_backend_programming,243,0.6241516470909119,0.24739353358745575,-0.44066354632377625,-0.44201916456222534
colbench_backend_programming,111,0.6241506338119507,-0.24807053804397583,0.4369029402732849,0.4457351863384247
colbench_backend_programming,462,0.6241188049316406,-0.2500334680080414,0.4390278458595276,0.44359758496284485
colbench_backend_programming,79,0.624083936214447,-0.25042369961738586,0.44033578038215637,0.4422501027584076
colbench_backend_programming,144,0.6240780353546143,-0.25163400173187256,0.4437047243118286,0.43886157870292664
colbench_backend_programming,795,0.6240673065185547,-0.24302347004413605,0.43954238295555115,0.4430152177810669
colbench_backend_programming,555,0.6240548491477966,-0.24813580513000488,0.4437039792537689,0.4388294219970703
colbench_backend_programming,997,0.6240027546882629,-0.24746692180633545,0.44021791219711304,0.44225287437438965
colbench_backend_programming,110,0.6239814758300781,-0.2490960955619812,0.4393995702266693,0.4430360496044159
colbench_backend_programming,31,0.6239514946937561,-0.24705134332180023,0.43962565064430237,0.44276943802833557
colbench_backend_programming,357,0.6239304542541504,-0.24922263622283936,0.43867698311805725,0.4436797499656677
colbench_backend_programming,706,0.6238555312156677,0.2459934651851654,-0.4417945444583893,-0.4404694139957428
colbench_backend_programming,185,0.6238217949867249,-0.2488173246383667,0.44153183698654175,0.4406850039958954
colbench_backend_programming,303,0.6237775683403015,-0.24676239490509033,0.44004884362220764,0.44210344552993774
colbench_backend_programming,958,0.6237577199935913,-0.24733377993106842,0.4389382302761078,0.4431782364845276
colbench_backend_programming,193,0.623697817325592,0.2542884349822998,-0.44374072551727295,-0.438284307718277
colbench_backend_programming,766,0.6236939430236816,0.2485608160495758,-0.4389585256576538,-0.4430682957172394
colbench_backend_programming,686,0.6236605048179626,-0.24842438101768494,0.43844905495643616,0.4435254633426666
colbench_backend_programming,62,0.6236351728439331,-0.24809621274471283,0.43912777304649353,0.4428178071975708
colbench_backend_programming,59,0.6236214637756348,-0.256244033575058,0.4360077381134033,0.4458710253238678
colbench_backend_programming,711,0.6235284805297852,0.24659675359725952,-0.43952813744544983,-0.4422700107097626
colbench_backend_programming,419,0.6235178709030151,-0.24509109556674957,0.43946975469589233,0.4423130750656128
colbench_backend_programming,378,0.6235068440437317,-0.24781033396720886,0.4429108500480652,0.43885165452957153
colbench_backend_programming,617,0.623485803604126,-0.2524607181549072,0.4425196945667267,0.4392162263393402
colbench_backend_programming,273,0.6234856247901917,-0.25226396322250366,0.441345751285553,0.4403955638408661
colbench_backend_programming,909,0.6234676837921143,-0.2470913976430893,0.44129565358161926,0.4404204189777374
colbench_backend_programming,253,0.6234589219093323,-0.24660657346248627,0.4400867819786072,0.44161590933799744
colbench_backend_programming,745,0.6233058571815491,-0.24866949021816254,0.4414076805114746,0.44007888436317444
colbench_backend_programming,442,0.6233027577400208,0.25096404552459717,-0.4409869909286499,-0.4404961168766022
colbench_backend_programming,528,0.6232557892799377,0.24802781641483307,-0.4432521164417267,-0.4381498694419861
colbench_backend_programming,446,0.6232094168663025,0.2476150542497635,-0.4383908212184906,-0.4429486393928528
colbench_backend_programming,78,0.6231424808502197,-0.24577566981315613,0.4407999515533447,0.4404565691947937
colbench_backend_programming,973,0.623127281665802,-0.24827052652835846,0.44096609950065613,0.4402686655521393
colbench_backend_programming,746,0.6230902075767517,-0.2483617514371872,0.44190987944602966,0.4392688274383545
colbench_backend_programming,480,0.6230773329734802,0.250657320022583,-0.44342684745788574,-0.43771907687187195
colbench_backend_programming,955,0.623063862323761,-0.24816875159740448,0.4406006932258606,0.44054463505744934
colbench_backend_programming,230,0.6230445504188538,-0.2463179975748062,0.4379672706127167,0.4431355893611908
colbench_backend_programming,859,0.6230208873748779,-0.24610979855060577,0.4413111209869385,0.4397720992565155
colbench_backend_programming,48,0.6229721903800964,-0.251293808221817,0.43787598609924316,0.4431241452693939
colbench_backend_programming,275,0.6229079365730286,-0.2437036633491516,0.43927961587905884,0.44164207577705383
colbench_backend_programming,988,0.6228834986686707,-0.2520580291748047,0.44116026163101196,0.43972885608673096
colbench_backend_programming,251,0.6227443218231201,-0.24742846190929413,0.4399472177028656,0.44074589014053345
colbench_backend_programming,855,0.6226150393486023,-0.24744433164596558,0.4375038743019104,0.44298964738845825
colbench_backend_programming,400,0.6225931644439697,-0.24452729523181915,0.4386598467826843,0.44181421399116516
colbench_backend_programming,839,0.6224932074546814,-0.2443154752254486,0.4404304027557373,0.4399077594280243
colbench_backend_programming,393,0.6224344372749329,-0.24732424318790436,0.4397316575050354,0.440523236989975
colbench_backend_programming,478,0.6224035024642944,0.24476474523544312,-0.43825361132621765,-0.4419500529766083
colbench_backend_programming,196,0.62239009141922,0.24517212808132172,-0.43952882289886475,-0.44066300988197327
colbench_backend_programming,134,0.6223310828208923,-0.2488197237253189,0.4339081645011902,0.44611620903015137
colbench_backend_programming,469,0.6223257184028625,-0.25270649790763855,0.444291353225708,0.43576887249946594
colbench_backend_programming,687,0.622307300567627,-0.24387496709823608,0.43805941939353943,0.4420071840286255
colbench_backend_programming,329,0.6222581267356873,0.24601881206035614,-0.43958497047424316,-0.4404205083847046
colbench_backend_programming,311,0.6221982836723328,-0.24804724752902985,0.43443989753723145,0.4454129636287689
colbench_backend_programming,933,0.6221659183502197,-0.24490126967430115,0.43994343280792236,0.4399320185184479
colbench_backend_programming,756,0.6220783591270447,0.24666202068328857,-0.43925923109054565,-0.44049158692359924
colbench_backend_programming,842,0.6220767498016357,-0.244495689868927,0.43832892179489136,0.44141504168510437
colbench_backend_programming,793,0.6220604181289673,-0.2457052320241928,0.4378242492675781,0.4418925940990448
colbench_backend_programming,972,0.62203449010849,-0.2462427318096161,0.43960845470428467,0.44008100032806396
colbench_backend_programming,202,0.622022807598114,-0.24263782799243927,0.43885359168052673,0.44081729650497437
colbench_backend_programming,445,0.6218910217285156,-0.24583961069583893,0.43996551632881165,0.43952110409736633
colbench_backend_programming,334,0.6218743324279785,-0.24829347431659698,0.4381667375564575,0.44129085540771484
colbench_backend_programming,234,0.6218621134757996,0.24578312039375305,-0.4353712201118469,-0.4440319538116455
colbench_backend_programming,956,0.6218515038490295,0.2491571307182312,-0.4387117922306061,-0.4407167434692383
colbench_backend_programming,2,0.621827244758606,-0.2468111366033554,0.43969717621803284,0.43969935178756714
colbench_backend_programming,495,0.6217950582504272,-0.246622696518898,0.43914884328842163,0.4402015209197998
colbench_backend_programming,8,0.6217721104621887,-0.24731603264808655,0.437063604593277,0.4422397017478943
colbench_backend_programming,721,0.6217080950737,0.24974200129508972,-0.4440189003944397,-0.43516451120376587
colbench_backend_programming,218,0.6216321587562561,-0.24659955501556396,0.43982309103012085,0.4392973482608795
colbench_backend_programming,327,0.6216312050819397,-0.24538540840148926,0.4408113360404968,0.4383043646812439
colbench_backend_programming,530,0.6215043067932129,0.24654820561408997,-0.4375631511211395,-0.4413684010505676
colbench_backend_programming,194,0.6214494705200195,-0.24470631778240204,0.4367992877960205,0.4420473277568817
colbench_backend_programming,773,0.6214214563369751,-0.24520297348499298,0.4383903741836548,0.4404298663139343
colbench_backend_programming,249,0.6213666200637817,0.25047430396080017,-0.43468210101127625,-0.44401347637176514
colbench_backend_programming,54,0.6213279366493225,-0.24715475738048553,0.4385782778263092,0.4401107430458069
colbench_backend_programming,849,0.6213139295578003,-0.24530640244483948,0.4365706443786621,0.44208264350891113
colbench_backend_programming,205,0.6212856769561768,-0.2490745335817337,0.43805795907974243,0.440569132566452
colbench_backend_programming,919,0.6212602853775024,-0.24915963411331177,0.44041264057159424,0.43817925453186035
colbench_backend_programming,423,0.6211167573928833,-0.24388037621974945,0.4373861849308014,0.4409981071949005
colbench_backend_programming,113,0.6211139559745789,-0.2464599311351776,0.4394841194152832,0.43890348076820374
colbench_backend_programming,147,0.6210862398147583,-0.24980482459068298,0.43639978766441345,0.44193142652511597
colbench_backend_programming,873,0.6209372282028198,-0.2458445280790329,0.4375050961971283,0.44062721729278564
colbench_backend_programming,717,0.6209147572517395,-0.24702708423137665,0.44037219882011414,0.4377298951148987
colbench_backend_programming,126,0.620868444442749,0.2418394535779953,-0.4367164373397827,-0.44131216406822205
colbench_backend_programming,546,0.6207942962646484,0.2487247735261917,-0.4389140009880066,-0.43902167677879333
colbench_backend_programming,77,0.6207858324050903,-0.25195029377937317,0.43895241618156433,0.4389713406562805
colbench_backend_programming,999,0.6207685470581055,-0.25054290890693665,0.4387655258178711,0.4391337037086487
colbench_backend_programming,981,0.6207016706466675,-0.245612233877182,0.4387276768684387,0.4390769898891449
colbench_backend_programming,491,0.6205712556838989,-0.24739804863929749,0.43941545486450195,0.4382040202617645
colbench_backend_programming,898,0.6204593181610107,-0.24936477839946747,0.43896448612213135,0.438497394323349
colbench_backend_programming,128,0.6204161643981934,-0.2478635609149933,0.43476951122283936,0.44259652495384216
colbench_backend_programming,803,0.6204127669334412,-0.24804295599460602,0.4376755952835083,0.43971821665763855
colbench_backend_programming,216,0.6203782558441162,-0.25271615386009216,0.4445713758468628,0.43269553780555725
colbench_backend_programming,101,0.6203078031539917,-0.2453199326992035,0.43816500902175903,0.43908220529556274
colbench_backend_programming,893,0.6201521158218384,-0.24653983116149902,0.43793943524360657,0.4390873312950134
colbench_backend_programming,353,0.6200950741767883,0.24810509383678436,-0.4342295825481415,-0.4426766037940979
colbench_backend_programming,673,0.6196584105491638,-0.2493186742067337,0.4358378052711487,0.4404792785644531
colbench_backend_programming,296,0.619533360004425,-0.2476019263267517,0.4344724118709564,0.4416506886482239
colbench_backend_programming,589,0.6195148825645447,-0.24871611595153809,0.43761977553367615,0.4385061264038086
colbench_backend_programming,517,0.6194884777069092,-0.2489052265882492,0.434157133102417,0.4418976902961731
colbench_backend_programming,0,0.6192562580108643,-0.24751923978328705,0.43992239236831665,0.43582868576049805
colbench_backend_programming,374,0.6191191673278809,-0.250843346118927,0.44465288519859314,0.4308043122291565
colbench_backend_programming,653,0.6190173029899597,-0.2484292834997177,0.4388125538825989,0.43660733103752136
colbench_backend_programming,304,0.6187616586685181,-0.24648144841194153,0.43510228395462036,0.4399454593658447
colbench_backend_programming,587,0.6180504560470581,-0.24397578835487366,0.43699830770492554,0.4370570182800293
colbench_backend_programming,257,0.6177155375480652,-0.24342197179794312,0.43616586923599243,0.4374149441719055
colbench_backend_programming,738,0.439592182636261,0.18430037796497345,-0.2681666314601898,-0.3483216464519501
colbench_backend_programming,364,0.43753939867019653,-0.1802091747522354,0.26010966300964355,0.35182905197143555
colbench_backend_programming,450,0.4370735287666321,0.19038017094135284,-0.26822131872177124,-0.34509506821632385
colbench_backend_programming,845,0.43659335374832153,-0.18233078718185425,0.26184335350990295,0.3493591248989105
colbench_backend_programming,238,0.4355306029319763,-0.18729551136493683,0.35584595799446106,0.25111860036849976
colbench_backend_programming,775,0.4354211688041687,-0.18931272625923157,0.3555935323238373,0.2512863874435425
colbench_backend_programming,922,0.43431201577186584,0.1781519502401352,-0.26625871658325195,-0.3431227207183838
colbench_backend_programming,321,0.4342983067035675,-0.18579956889152527,0.35692986845970154,0.2474188357591629
colbench_backend_programming,371,0.4332030117511749,-0.18902358412742615,0.27849674224853516,0.3318198323249817
colbench_backend_programming,148,0.4317641258239746,0.1920279562473297,-0.30960938334465027,-0.30093568563461304
colbench_backend_programming,740,0.4315817654132843,0.185637965798378,-0.30845725536346436,-0.30185580253601074
colbench_backend_programming,173,0.4313037395477295,0.17999108135700226,-0.2590673863887787,-0.34482893347740173
colbench_backend_programming,326,0.43114200234413147,-0.17697405815124512,0.2584664821624756,0.3450775444507599
colbench_backend_programming,507,0.43100863695144653,-0.1831848919391632,0.25220581889152527,0.349514901638031
colbench_backend_programming,244,0.4309256374835968,-0.1780949831008911,0.25487926602363586,0.34746721386909485
colbench_backend_programming,821,0.43044793605804443,0.18414601683616638,-0.2556098401546478,-0.34633660316467285
colbench_backend_programming,492,0.43027856945991516,0.1788773238658905,-0.259645015001297,-0.34310948848724365
colbench_backend_programming,474,0.4301995038986206,-0.18230581283569336,0.27232083678245544,0.33303597569465637
colbench_backend_programming,588,0.4301559627056122,0.17468780279159546,-0.2573656737804413,-0.34466949105262756
colbench_backend_programming,1,0.430151104927063,0.17878785729408264,-0.25988179445266724,-0.34277021884918213
colbench_backend_programming,379,0.43013736605644226,-0.18778856098651886,0.3235296607017517,0.283454954624176
colbench_backend_programming,674,0.4300614297389984,-0.1824524849653244,0.2751708924770355,0.33050537109375
colbench_backend_programming,607,0.4300169050693512,-0.18643738329410553,0.3071637749671936,0.3009401261806488
colbench_backend_programming,272,0.4299696683883667,-0.18025028705596924,0.25953641533851624,0.3428042531013489
colbench_backend_programming,638,0.4298422336578369,0.17205622792243958,-0.25231224298477173,-0.34799841046333313
colbench_backend_programming,619,0.4295155704021454,-0.18642108142375946,0.3477786183357239,0.25205880403518677
colbench_backend_programming,625,0.4294244945049286,-0.18139608204364777,0.3122243881225586,0.2948242425918579
colbench_backend_programming,55,0.4293409585952759,0.17921648919582367,-0.25726625323295593,-0.343726247549057
colbench_backend_programming,30,0.42929285764694214,-0.18392826616764069,0.35217607021331787,0.2454880177974701
colbench_backend_programming,526,0.42920514941215515,-0.18715736269950867,0.3506941795349121,0.24744831025600433
colbench_backend_programming,201,0.4291134476661682,0.18771904706954956,-0.3081684708595276,-0.29861438274383545
colbench_backend_programming,986,0.4286959767341614,-0.181437686085701,0.2532089948654175,0.3459269404411316
colbench_backend_programming,468,0.4286416471004486,-0.18605178594589233,0.3176003396511078,0.28786054253578186
colbench_backend_programming,212,0.4286246597766876,0.17846819758415222,-0.25822505354881287,-0.3421095311641693
colbench_backend_programming,735,0.42822086811065674,-0.1839802861213684,0.2641845643520355,0.3370157778263092
colbench_backend_programming,991,0.4280146062374115,-0.18910235166549683,0.35057157278060913,0.24555261433124542
colbench_backend_programming,730,0.4278333783149719,0.18442723155021667,-0.2644411325454712,-0.3363216817378998
colbench_backend_programming,995,0.4275107979774475,0.18990865349769592,-0.307395875453949,-0.29710814356803894
colbench_backend_programming,337,0.42751049995422363,-0.1856917142868042,0.3487006425857544,0.2473319172859192
colbench_backend_programming,269,0.42697423696517944,0.1818908452987671,-0.3105649948120117,-0.2930126190185547
colbench_backend_programming,271,0.4268651008605957,0.18406441807746887,-0.3074828088283539,-0.2960880398750305
colbench_backend_programming,868,0.4264123737812042,0.1714324951171875,-0.2554006576538086,-0.3414645195007324
colbench_backend_programming,734,0.42617014050483704,0.18094396591186523,-0.2545415759086609,-0.3418034017086029
colbench_backend_programming,780,0.4261326193809509,-0.18005496263504028,0.2706291675567627,0.32916387915611267
colbench_backend_programming,331,0.4260450601577759,0.1752827912569046,-0.24766995012760162,-0.34666121006011963
colbench_backend_programming,365,0.4258539080619812,-0.18379652500152588,0.3155398368835449,0.28598281741142273
colbench_backend_programming,854,0.4254876971244812,-0.18671570718288422,0.34484395384788513,0.24924369156360626
colbench_backend_programming,165,0.42529749870300293,-0.1838265359401703,0.3475053012371063,0.24518978595733643
colbench_backend_programming,38,0.42516809701919556,-0.17702579498291016,0.3125546872615814,0.28823164105415344
colbench_backend_programming,350,0.4250454008579254,-0.1791694015264511,0.31726953387260437,0.28284913301467896
colbench_backend_programming,841,0.4248236417770386,0.18162058293819427,-0.3095501959323883,-0.29095324873924255
colbench_backend_programming,840,0.42463305592536926,0.18347060680389404,-0.3015936613082886,-0.29892224073410034
colbench_backend_programming,399,0.4245079755783081,-0.17866946756839752,0.31263694167137146,0.287167489528656
colbench_backend_programming,794,0.4244953691959381,-0.18381889164447784,0.34682899713516235,0.24475693702697754
colbench_backend_programming,869,0.4244377613067627,0.18248949944972992,-0.34739163517951965,-0.2438574582338333
colbench_backend_programming,778,0.42409807443618774,0.18612025678157806,-0.30711257457733154,-0.29247400164604187
colbench_backend_programming,708,0.42386552691459656,-0.1805465817451477,0.2711133360862732,0.3258213400840759
colbench_backend_programming,341,0.4237636625766754,0.190212219953537,-0.3101232349872589,-0.2887892425060272
colbench_backend_programming,655,0.42364415526390076,-0.19210493564605713,0.34428077936172485,0.24687065184116364
colbench_backend_programming,920,0.4236333668231964,-0.1761433482170105,0.2504887580871582,0.3416439890861511
colbench_backend_programming,914,0.4236231744289398,-0.17640668153762817,0.2699447572231293,0.32647576928138733
colbench_backend_programming,605,0.42335331439971924,0.18880829215049744,-0.3029429614543915,-0.2957255244255066
colbench_backend_programming,268,0.42327001690864563,0.18726268410682678,-0.3071410357952118,-0.29124194383621216
colbench_backend_programming,320,0.42294642329216003,-0.18547143042087555,0.3183068633079529,0.2785038650035858
colbench_backend_programming,73,0.42280063033103943,0.183022603392601,-0.3045201003551483,-0.2933051288127899
colbench_backend_programming,979,0.4227363169193268,-0.18788066506385803,0.304478257894516,0.29325583577156067
colbench_backend_programming,145,0.4226536154747009,0.18288256227970123,-0.3034859597682953,-0.2941637933254242
colbench_backend_programming,186,0.422426700592041,0.18486972153186798,-0.302624374628067,-0.2947249710559845
colbench_backend_programming,190,0.4221170246601105,0.1776605248451233,-0.25149205327033997,-0.3390199542045593
colbench_backend_programming,935,0.4221160113811493,0.17671705782413483,-0.2560710608959198,-0.3355734348297119
colbench_backend_programming,475,0.4220772683620453,0.1851925253868103,-0.34336206316947937,-0.24546223878860474
colbench_backend_programming,255,0.4217269718647003,0.19158081710338593,-0.2983322739601135,-0.2980796992778778
colbench_backend_programming,584,0.42154553532600403,-0.18103575706481934,0.31147003173828125,0.2840546667575836
colbench_backend_programming,82,0.4213661849498749,-0.18174971640110016,0.34438610076904297,0.24279141426086426
colbench_backend_programming,812,0.42126789689064026,0.18565812706947327,-0.3017440140247345,-0.2939680218696594
colbench_backend_programming,583,0.4206849932670593,-0.18647180497646332,0.34437012672424316,0.24163003265857697
colbench_backend_programming,375,0.42026349902153015,-0.18625538051128387,0.2710872292518616,0.3211434483528137
colbench_backend_programming,292,0.4202479422092438,-0.1813940405845642,0.3122951090335846,0.28121185302734375
colbench_backend_programming,366,0.4201827943325043,-0.1883159875869751,0.30101606249809265,0.29316020011901855
colbench_backend_programming,835,0.4198624789714813,-0.18052782118320465,0.3400430381298065,0.24628283083438873
colbench_backend_programming,541,0.41971448063850403,-0.17223601043224335,0.26519376039505005,0.3253191113471985
colbench_backend_programming,564,0.41949090361595154,-0.18000967800617218,0.2670455276966095,0.32351091504096985
colbench_backend_programming,870,0.41926559805870056,0.18555419147014618,-0.30386561155319214,-0.2888759970664978
colbench_backend_programming,200,0.41925713419914246,-0.18976756930351257,0.34910154342651367,0.23217377066612244
colbench_backend_programming,876,0.41924548149108887,0.18498893082141876,-0.3098302185535431,-0.28243938088417053
colbench_backend_programming,19,0.41923877596855164,0.1844032108783722,-0.2999747693538666,-0.29287591576576233
colbench_backend_programming,921,0.4188488721847534,-0.1841152161359787,0.26465559005737305,0.32464101910591125
colbench_backend_programming,135,0.41875767707824707,-0.18163885176181793,0.2700578272342682,0.32004183530807495
colbench_backend_programming,657,0.4187510311603546,0.19172388315200806,-0.29245442152023315,-0.29970458149909973
colbench_backend_programming,722,0.41871199011802673,0.18494661152362823,-0.3031741678714752,-0.2887994945049286
colbench_backend_programming,844,0.4185153543949127,-0.19068695604801178,0.2882492244243622,0.30342623591423035
colbench_backend_programming,289,0.41850829124450684,-0.18551886081695557,0.3154720664024353,0.2750028371810913
colbench_backend_programming,171,0.41850683093070984,0.18774902820587158,-0.30444470047950745,-0.2871609032154083
colbench_backend_programming,671,0.4183990955352783,-0.17762213945388794,0.31094056367874146,0.27995315194129944
colbench_backend_programming,952,0.41836246848106384,-0.18108177185058594,0.2652342617511749,0.32353970408439636
colbench_backend_programming,863,0.41801097989082336,-0.18786469101905823,0.2989445626735687,0.29217344522476196
colbench_backend_programming,624,0.41783520579338074,-0.18599766492843628,0.34522008895874023,0.23539189994335175
colbench_backend_programming,568,0.417813241481781,0.184116929769516,-0.302400141954422,-0.2883089780807495
colbench_backend_programming,471,0.4176257252693176,-0.19418646395206451,0.31175947189331055,0.2778799533843994
colbench_backend_programming,751,0.4173038899898529,0.17942765355110168,-0.30487918853759766,-0.2849407196044922
colbench_backend_programming,297,0.41710910201072693,0.19603459537029266,-0.314609169960022,-0.2738632261753082
colbench_backend_programming,684,0.4170781970024109,-0.19431349635124207,0.314704567193985,0.2737065255641937
colbench_backend_programming,316,0.4169010519981384,-0.19788594543933868,0.32117000222206116,0.26581257581710815
colbench_backend_programming,764,0.41679611802101135,0.18591979146003723,-0.3018916845321655,-0.2873680889606476
colbench_backend_programming,5,0.41636279225349426,-0.19489338994026184,0.2809653580188751,0.3072725832462311
colbench_backend_programming,762,0.416239857673645,-0.18447619676589966,0.31003040075302124,0.2777350842952728
colbench_backend_programming,703,0.41568127274513245,-0.19167910516262054,0.28554803133010864,0.30208149552345276
colbench_backend_programming,404,0.415608674287796,-0.1789695769548416,0.2672766149044037,0.3182668387889862
colbench_backend_programming,695,0.4153362214565277,-0.18905848264694214,0.29383984208106995,0.29353421926498413
colbench_backend_programming,282,0.415315717458725,-0.19197939336299896,0.28328952193260193,0.30370083451271057
colbench_backend_programming,777,0.41528192162513733,-0.20071451365947723,0.2827266752719879,0.30417874455451965
colbench_backend_programming,557,0.41523081064224243,-0.17836129665374756,0.30944499373435974,0.27687618136405945
colbench_backend_programming,601,0.4151030480861664,0.19917553663253784,-0.3157181739807129,-0.2695043087005615
colbench_backend_programming,598,0.4150850176811218,-0.1822015345096588,0.30827808380126953,0.27795717120170593
colbench_backend_programming,691,0.4149777889251709,-0.1969098448753357,0.31515777111053467,0.2699669301509857
colbench_backend_programming,123,0.41495281457901,-0.19622549414634705,0.3139701783657074,0.2713089883327484
colbench_backend_programming,940,0.41487228870391846,-0.1806187778711319,0.27360573410987854,0.31186363101005554
colbench_backend_programming,443,0.4145852029323578,0.17242750525474548,-0.30800607800483704,-0.27751243114471436
colbench_backend_programming,889,0.4145298898220062,-0.19077980518341064,0.28345707058906555,0.3024683892726898
colbench_backend_programming,283,0.41443997621536255,0.19268789887428284,-0.3117452561855316,-0.27308496832847595
colbench_backend_programming,115,0.41428518295288086,0.1795264035463333,-0.34021833539009094,-0.23639728128910065
colbench_backend_programming,286,0.4141041040420532,0.19055905938148499,-0.2801676392555237,-0.3049398362636566
colbench_backend_programming,67,0.4140816032886505,-0.18882161378860474,0.3044818043708801,0.2806321680545807
colbench_backend_programming,572,0.41403186321258545,-0.1996718794107437,0.27503442764282227,0.3094809353351593
colbench_backend_programming,699,0.41357243061065674,0.17736469209194183,-0.3365459740161896,-0.24037252366542816
colbench_backend_programming,531,0.4135197401046753,0.17485268414020538,-0.26247528195381165,-0.3195391893386841
colbench_backend_programming,211,0.4134347438812256,-0.19391827285289764,0.3126181960105896,0.27055156230926514
colbench_backend_programming,87,0.41338998079299927,0.18595367670059204,-0.29961952567100525,-0.284814715385437
colbench_backend_programming,421,0.4133666455745697,-0.19257459044456482,0.2875998914241791,0.29691457748413086
colbench_backend_programming,459,0.41328567266464233,-0.18871885538101196,0.2925705015659332,0.2919033169746399
colbench_backend_programming,577,0.41299566626548767,-0.19694557785987854,0.3127651512622833,0.2697097957134247
colbench_backend_programming,851,0.4129794239997864,-0.18890273571014404,0.2859348952770233,0.29798194766044617
colbench_backend_programming,460,0.4128418564796448,-0.1995803266763687,0.31352677941322327,0.26858770847320557
colbench_backend_programming,508,0.41279488801956177,0.17777526378631592,-0.26171475648880005,-0.31922563910484314
colbench_backend_programming,705,0.41275665163993835,-0.1846684366464615,0.2845630645751953,0.2989848256111145
colbench_backend_programming,318,0.4126338064670563,-0.18971629440784454,0.27620652318000793,0.3065560460090637
colbench_backend_programming,354,0.4126074016094208,0.1761932075023651,-0.29455605149269104,-0.28893184661865234
colbench_backend_programming,824,0.41258594393730164,-0.198354110121727,0.31692636013031006,0.26416823267936707
colbench_backend_programming,376,0.41222673654556274,-0.17890091240406036,0.3094276487827301,0.27237001061439514
colbench_backend_programming,166,0.4121759235858917,-0.179045170545578,0.34067267179489136,0.23201538622379303
colbench_backend_programming,481,0.4121222496032715,-0.19201523065567017,0.2821805477142334,0.30036458373069763
colbench_backend_programming,389,0.41209203004837036,0.18063020706176758,-0.29158660769462585,-0.29119938611984253
colbench_backend_programming,100,0.4118272364139557,-0.19661478698253632,0.3126663565635681,0.2680325210094452
colbench_backend_programming,386,0.4118269085884094,0.19546964764595032,-0.3031078577041626,-0.27879568934440613
colbench_backend_programming,748,0.4116750955581665,0.1890110820531845,-0.2812235653400421,-0.3006487786769867
colbench_backend_programming,744,0.41155558824539185,0.19338706135749817,-0.3138064444065094,-0.26627713441848755
colbench_backend_programming,690,0.4114696681499481,-0.17776621878147125,0.2969547510147095,0.28482481837272644
colbench_backend_programming,418,0.4113920331001282,-0.19721561670303345,0.31270360946655273,0.2673197388648987
colbench_backend_programming,815,0.4113743007183075,-0.1778806746006012,0.30914902687072754,0.27139583230018616
colbench_backend_programming,220,0.41126200556755066,-0.1989869326353073,0.2723422050476074,0.3081657886505127
colbench_backend_programming,33,0.4112328588962555,0.19377337396144867,-0.28499874472618103,-0.2964594066143036
colbench_backend_programming,594,0.41121381521224976,-0.17981155216693878,0.309372216463089,0.2708978056907654
colbench_backend_programming,623,0.4111279845237732,-0.1742841601371765,0.2593575716018677,0.31899821758270264
colbench_backend_programming,387,0.410910964012146,-0.19955818355083466,0.27751559019088745,0.30303946137428284
colbench_backend_programming,426,0.41063591837882996,-0.20111523568630219,0.31413349509239197,0.2644655406475067
colbench_backend_programming,103,0.4106253981590271,-0.18996566534042358,0.326898992061615,0.24849602580070496
colbench_backend_programming,896,0.4098888337612152,-0.1857149302959442,0.28085049986839294,0.2985495924949646
colbench_backend_programming,707,0.40982338786125183,-0.19164352118968964,0.2791111469268799,0.30008694529533386
colbench_backend_programming,927,0.4097374677658081,-0.19420938193798065,0.3117915093898773,0.26583990454673767
colbench_backend_programming,413,0.40919432044029236,-0.20031829178333282,0.3100462555885315,0.26704177260398865
colbench_backend_programming,521,0.4090183675289154,-0.19379086792469025,0.275511234998703,0.30230712890625
colbench_backend_programming,856,0.4088709354400635,-0.1983690857887268,0.27277660369873047,0.3045789897441864
colbench_backend_programming,961,0.40850910544395447,-0.1772872656583786,0.30260521173477173,0.27442628145217896
colbench_backend_programming,358,0.4084304869174957,0.190736785531044,-0.30841976404190063,-0.2677549421787262
colbench_backend_programming,683,0.40826377272605896,0.18811972439289093,-0.2804291844367981,-0.29671329259872437
colbench_backend_programming,44,0.40765732526779175,0.1966267079114914,-0.3137413561344147,-0.2602899372577667
colbench_backend_programming,380,0.40756458044052124,-0.20520281791687012,0.2742728590965271,0.30146855115890503
colbench_backend_programming,569,0.40755096077919006,-0.19978557527065277,0.2770046889781952,0.29894179105758667
colbench_backend_programming,823,0.40674617886543274,0.1795005202293396,-0.29436591267585754,-0.28069764375686646
colbench_backend_programming,532,0.4063778817653656,-0.1746544986963272,0.29159530997276306,0.2830462157726288
colbench_backend_programming,862,0.4056221544742584,-0.19622346758842468,0.26926544308662415,0.30335694551467896
colbench_backend_programming,537,0.4054006338119507,0.1998337209224701,-0.2757912576198578,-0.2971343994140625
colbench_backend_programming,692,0.4050905704498291,-0.19802580773830414,0.31066858768463135,0.2599680721759796
colbench_backend_programming,262,0.4046890139579773,-0.19472277164459229,0.2682904601097107,0.30297431349754333
colbench_backend_programming,223,0.404507577419281,-0.1929835081100464,0.26535290479660034,0.3053100109100342
colbench_backend_programming,395,0.40440240502357483,-0.202710822224617,0.27568989992141724,0.2958654761314392
colbench_backend_programming,221,0.4043736159801483,-0.195485457777977,0.3110916316509247,0.25834086537361145
colbench_backend_programming,432,0.40427127480506897,0.19566522538661957,-0.26411521434783936,-0.3060693144798279
colbench_backend_programming,501,0.40395060181617737,-0.19956167042255402,0.2595324218273163,0.30954647064208984
colbench_backend_programming,187,0.4039430022239685,0.19247271120548248,-0.3081015646457672,-0.261234313249588
colbench_backend_programming,428,0.403338760137558,0.1914297342300415,-0.2995198965072632,-0.27012956142425537
colbench_backend_programming,905,0.4032215178012848,-0.18675781786441803,0.27627286314964294,0.29370206594467163
colbench_backend_programming,826,0.40297365188598633,-0.19143496453762054,0.30421608686447144,0.2642732262611389
colbench_backend_programming,477,0.40241992473602295,-0.19580121338367462,0.3097887635231018,0.25685155391693115
colbench_backend_programming,120,0.4023056626319885,-0.19884367287158966,0.2674392759799957,0.3005429804325104
colbench_backend_programming,592,0.40229544043540955,0.17254866659641266,-0.23914551734924316,-0.3234981298446655
colbench_backend_programming,846,0.40213197469711304,-0.19125911593437195,0.2636661231517792,0.303628534078598
colbench_backend_programming,949,0.40197035670280457,-0.18912726640701294,0.30311456322669983,0.26401084661483765
colbench_backend_programming,595,0.40194112062454224,-0.20162133872509003,0.2685723602771759,0.2990410327911377
colbench_backend_programming,853,0.4012199938297272,-0.19369016587734222,0.2637929320335388,0.3023090660572052
colbench_backend_programming,164,0.4010885953903198,-0.19831794500350952,0.275704562664032,0.2913057804107666
colbench_backend_programming,908,0.40102487802505493,-0.1958516389131546,0.2571614384651184,0.30771568417549133
colbench_backend_programming,729,0.4006842374801636,-0.18808197975158691,0.27629151940345764,0.29019105434417725
colbench_backend_programming,983,0.40033620595932007,0.1963590681552887,-0.30236345529556274,-0.2623840868473053
colbench_backend_programming,915,0.3995014727115631,0.19327476620674133,-0.3050057888031006,-0.2580172121524811
colbench_backend_programming,656,0.3991319239139557,-0.19214634597301483,0.26959651708602905,0.2943195700645447
colbench_backend_programming,235,0.39906975626945496,-0.19549059867858887,0.2627979516983032,0.3003230094909668
colbench_backend_programming,181,0.398998498916626,-0.1867227405309677,0.3049798905849457,0.257268488407135
colbench_backend_programming,937,0.39896219968795776,-0.18519213795661926,0.26234135031700134,0.3005791902542114
colbench_backend_programming,916,0.39866212010383606,-0.19534941017627716,0.2621448338031769,0.30035239458084106
colbench_backend_programming,884,0.3983907997608185,-0.17764423787593842,0.27011704444885254,0.29283443093299866
colbench_backend_programming,612,0.3965756893157959,-0.19229887425899506,0.29742586612701416,0.26231685280799866
colbench_backend_programming,372,0.3959085941314697,-0.16442334651947021,0.289791077375412,0.2697494328022003
colbench_backend_programming,435,0.3956557810306549,-0.18761573731899261,0.30348092317581177,0.2538558840751648
colbench_backend_programming,525,0.39557546377182007,-0.18007680773735046,0.2664952278137207,0.2923358380794525
colbench_backend_programming,344,0.3950209319591522,-0.19164341688156128,0.2606774568557739,0.29679757356643677
colbench_backend_programming,39,0.39461156725883484,-0.1942274123430252,0.2641836702823639,0.29313012957572937
colbench_backend_programming,771,0.39350080490112305,-0.17953184247016907,0.2739306390285492,0.2824975848197937
colbench_backend_programming,781,0.39059582352638245,0.18145878612995148,-0.27771201729774475,-0.274665504693985
colbench_backend_programming,315,0.3878559470176697,-0.15975423157215118,0.2834617793560028,0.264729380607605
colbench_backend_programming,127,0.38216373324394226,0.18488465249538422,-0.2557763159275055,-0.28394997119903564
colbench_backend_programming,136,0.2916525602340698,0.11542849987745285,-0.1272834688425064,-0.2624121606349945
colbench_backend_programming,429,0.2883768379688263,-0.1210470050573349,0.2553213834762573,0.13406038284301758
colbench_backend_programming,611,0.28563234210014343,0.12405523657798767,-0.14081606268882751,-0.24850888550281525
colbench_backend_programming,591,0.2848201096057892,0.1140749454498291,-0.14084754884243011,-0.24755699932575226
colbench_backend_programming,545,0.2835744023323059,-0.13836325705051422,0.2623441815376282,0.10765670984983444
colbench_backend_programming,396,0.282589852809906,-0.11980252712965012,0.25807031989097595,0.11513788253068924
colbench_backend_programming,415,0.2813810706138611,0.11580196022987366,-0.15947656333446503,-0.2318243384361267
colbench_backend_programming,647,0.28127148747444153,-0.11821486800909042,0.25082844495773315,0.1272742599248886
colbench_backend_programming,805,0.28072071075439453,-0.11677996814250946,0.21095798909664154,0.1852048635482788
colbench_backend_programming,317,0.2802619934082031,0.1251426339149475,-0.24620795249938965,-0.1338971108198166
colbench_backend_programming,176,0.279992938041687,-0.1339060515165329,0.2576074004173279,0.10970170795917511
colbench_backend_programming,865,0.27993810176849365,0.12324248254299164,-0.19673891365528107,-0.19914603233337402
colbench_backend_programming,585,0.2796361446380615,-0.11519965529441833,0.24961963295936584,0.12604130804538727
colbench_backend_programming,258,0.27922141551971436,0.1164550855755806,-0.15905167162418365,-0.22949327528476715
colbench_backend_programming,486,0.27876123785972595,-0.12063909322023392,0.24325646460056305,0.13614006340503693
colbench_backend_programming,65,0.27859193086624146,0.11152692884206772,-0.15228013694286346,-0.23329000174999237
colbench_backend_programming,678,0.2780623435974121,-0.1145615354180336,0.24780327081680298,0.12614361941814423
colbench_backend_programming,53,0.2769137918949127,0.11448097229003906,-0.1584402620792389,-0.22710773348808289
colbench_backend_programming,574,0.2758435904979706,-0.11251909285783768,0.245353102684021,0.12606163322925568
colbench_backend_programming,578,0.2757313847541809,0.11801428347826004,-0.2011534720659256,-0.1885870397090912
colbench_backend_programming,985,0.27522653341293335,0.12142005562782288,-0.172313392162323,-0.21461066603660583
colbench_backend_programming,830,0.2750870883464813,0.11629336327314377,-0.1441498100757599,-0.234294131398201
colbench_backend_programming,593,0.2750591039657593,0.10864342749118805,-0.1542486995458603,-0.22773857414722443
colbench_backend_programming,527,0.27429521083831787,0.11431382596492767,-0.15517613291740417,-0.22618183493614197
colbench_backend_programming,66,0.273166298866272,0.11906670033931732,-0.2358109951019287,-0.1378876268863678
colbench_backend_programming,630,0.2731287479400635,0.12172788381576538,-0.1356862485408783,-0.23704124987125397
colbench_backend_programming,549,0.2724268436431885,0.11311507225036621,-0.1508651077747345,-0.22683937847614288
colbench_backend_programming,250,0.27174171805381775,0.11782146990299225,-0.128317728638649,-0.2395372986793518
colbench_backend_programming,464,0.27167725563049316,0.12494493275880814,-0.13916464149951935,-0.23332753777503967
colbench_backend_programming,213,0.2716634273529053,-0.11844462901353836,0.21395167708396912,0.1674087941646576
colbench_backend_programming,506,0.27140477299690247,0.1088147759437561,-0.16824010014533997,-0.21296906471252441
colbench_backend_programming,487,0.27092862129211426,-0.10893815755844116,0.16701273620128632,0.2133285403251648
colbench_backend_programming,182,0.2706390917301178,0.12119608372449875,-0.13505977392196655,-0.23453012108802795
colbench_backend_programming,236,0.27056315541267395,-0.12654823064804077,0.14931315183639526,0.2256324589252472
colbench_backend_programming,788,0.270261287689209,-0.09856554120779037,0.15226589143276215,0.22328515350818634
colbench_backend_programming,902,0.2702139616012573,0.11731738597154617,-0.13487543165683746,-0.23414568603038788
colbench_backend_programming,888,0.26986098289489746,-0.11499041318893433,0.21175672113895416,0.1672843098640442
colbench_backend_programming,798,0.2695170044898987,0.1269071251153946,-0.17449723184108734,-0.20540237426757812
colbench_backend_programming,91,0.2694808840751648,0.1118938997387886,-0.15068647265434265,-0.2234133780002594
colbench_backend_programming,801,0.2692853808403015,-0.11117519438266754,0.17488574981689453,0.20476718246936798
colbench_backend_programming,22,0.2690095007419586,-0.11867812275886536,0.21134540438652039,0.16643083095550537
colbench_backend_programming,412,0.26885417103767395,-0.11707302182912827,0.21218334138393402,0.16510845720767975
colbench_backend_programming,757,0.26857462525367737,-0.11919714510440826,0.19847482442855835,0.18094217777252197
colbench_backend_programming,217,0.26812827587127686,-0.1159067451953888,0.21072381734848022,0.16579577326774597
colbench_backend_programming,467,0.268049955368042,-0.13387799263000488,0.24362489581108093,0.11179307848215103
colbench_backend_programming,837,0.26793333888053894,0.11866141855716705,-0.13633382320404053,-0.23065419495105743
colbench_backend_programming,68,0.2679039239883423,-0.11036086827516556,0.2085300087928772,0.1681896299123764
colbench_backend_programming,52,0.26760897040367126,-0.12942877411842346,0.24725110828876495,0.1023789718747139
colbench_backend_programming,759,0.2675839066505432,0.11361715942621231,-0.1505434662103653,-0.22121891379356384
colbench_backend_programming,664,0.26693663001060486,0.12156712263822556,-0.13848945498466492,-0.22820129990577698
colbench_backend_programming,228,0.26686856150627136,0.12186650931835175,-0.19302484393119812,-0.184283047914505
colbench_backend_programming,776,0.2668464183807373,0.12944723665714264,-0.20940953493118286,-0.1653924435377121
colbench_backend_programming,713,0.26678791642189026,-0.1260368376970291,0.14589689671993256,0.22336043417453766
colbench_backend_programming,550,0.26676055788993835,0.11966891586780548,-0.23797036707401276,-0.12054583430290222
colbench_backend_programming,944,0.2664720416069031,0.13245491683483124,-0.2109883576631546,-0.162761390209198
colbench_backend_programming,169,0.2664099335670471,0.1329452246427536,-0.21079222857952118,-0.1629137247800827
colbench_backend_programming,650,0.2663940489292145,-0.11603453010320663,0.20757265388965607,0.16697122156620026
colbench_backend_programming,356,0.2659270763397217,0.11482539772987366,-0.2073872983455658,-0.16645635664463043
colbench_backend_programming,663,0.265129029750824,0.12111945450305939,-0.12183252722024918,-0.2354787439107895
colbench_backend_programming,725,0.265123188495636,-0.12536770105361938,0.24695466458797455,0.09645573049783707
colbench_backend_programming,233,0.26496177911758423,0.11984418332576752,-0.1573776751756668,-0.21315960586071014
colbench_backend_programming,787,0.2649456560611725,0.1400342881679535,-0.212248757481575,-0.15857701003551483
colbench_backend_programming,363,0.26487240195274353,-0.11292888969182968,0.12669169902801514,0.23260825872421265
colbench_backend_programming,488,0.26472488045692444,-0.11245272308588028,0.20798693597316742,0.16377025842666626
colbench_backend_programming,800,0.26449042558670044,0.10431520640850067,-0.14372819662094116,-0.2220301777124405
colbench_backend_programming,767,0.26423341035842896,0.10777945071458817,-0.14828777313232422,-0.21870078146457672
colbench_backend_programming,582,0.26406624913215637,-0.1313905268907547,0.18397200107574463,0.18943414092063904
colbench_backend_programming,509,0.2640504837036133,0.12256936728954315,-0.11949305981397629,-0.2354656457901001
colbench_backend_programming,990,0.26357680559158325,-0.13518041372299194,0.20938274264335632,0.16009873151779175
colbench_backend_programming,195,0.26328495144844055,-0.10796944051980972,0.17635506391525269,0.1954938769340515
colbench_backend_programming,560,0.2627415955066681,-0.11617117375135422,0.1431306153535843,0.22033333778381348
colbench_backend_programming,649,0.26271364092826843,0.13563945889472961,-0.21222922205924988,-0.15484574437141418
colbench_backend_programming,398,0.262532114982605,-0.11500472575426102,0.20730242133140564,0.16108636558055878
colbench_backend_programming,636,0.26247864961624146,-0.11376527696847916,0.21189522743225098,0.15490463376045227
colbench_backend_programming,346,0.26044216752052307,-0.11039132624864578,0.20235575735569,0.1639581173658371
colbench_backend_programming,936,0.2602927088737488,-0.11743046343326569,0.23261961340904236,0.11679212749004364
colbench_backend_programming,349,0.26001423597335815,0.11833900213241577,-0.1676388531923294,-0.19875767827033997
colbench_backend_programming,603,0.25998538732528687,-0.13232222199440002,0.20937733352184296,0.15412181615829468
colbench_backend_programming,500,0.2598618268966675,0.13115347921848297,-0.1737567037343979,-0.19322726130485535
colbench_backend_programming,284,0.2597329318523407,-0.11791040003299713,0.20290018618106842,0.1621502935886383
colbench_backend_programming,799,0.25967544317245483,-0.1127510815858841,0.16191096603870392,0.20301765203475952
colbench_backend_programming,807,0.2595091760158539,-0.11002331972122192,0.1959226429462433,0.17017441987991333
colbench_backend_programming,639,0.259393572807312,-0.10793861001729965,0.20122916996479034,0.16368214786052704
colbench_backend_programming,733,0.2593727707862854,-0.12427069246768951,0.2138131856918335,0.14682695269584656
colbench_backend_programming,736,0.2580835223197937,-0.13262002170085907,0.21348729729652405,0.14501820504665375
colbench_backend_programming,179,0.2577707767486572,0.13000625371932983,-0.161119282245636,-0.20121218264102936
colbench_backend_programming,489,0.25773823261260986,0.1229858547449112,-0.1605840027332306,-0.20159807801246643
colbench_backend_programming,215,0.25737226009368896,0.12743636965751648,-0.18127866089344025,-0.18269789218902588
colbench_backend_programming,246,0.2573654055595398,-0.12162050604820251,0.20900866389274597,0.1501743495464325
colbench_backend_programming,514,0.25697290897369385,-0.12459032237529755,0.1965009719133377,0.16559724509716034
colbench_backend_programming,852,0.25676268339157104,0.1328464299440384,-0.208811417222023,-0.1494150608778
colbench_backend_programming,743,0.25672489404678345,-0.12512819468975067,0.17834250628948212,0.1846662312746048
colbench_backend_programming,422,0.2566510736942291,-0.13405656814575195,0.1647990345954895,0.19675123691558838
colbench_backend_programming,693,0.2564930021762848,-0.10605292022228241,0.1700340211391449,0.19203408062458038
colbench_backend_programming,553,0.25599074363708496,0.11318901181221008,-0.1569417417049408,-0.20223884284496307
colbench_backend_programming,448,0.2559446692466736,-0.12416733801364899,0.21352742612361908,0.1411159634590149
colbench_backend_programming,900,0.2557179927825928,-0.13030318915843964,0.1752605438232422,0.1862134039402008
colbench_backend_programming,534,0.25530123710632324,0.11971969157457352,-0.1686633974313736,-0.19165433943271637
colbench_backend_programming,314,0.25494369864463806,-0.12639003992080688,0.17655834555625916,0.1839115023612976
colbench_backend_programming,437,0.2547524571418762,0.1355014592409134,-0.1719786524772644,-0.18794190883636475
colbench_backend_programming,455,0.25390174984931946,-0.1306467354297638,0.18016910552978516,0.17889997363090515
colbench_backend_programming,726,0.2538546323776245,0.12439803779125214,-0.17787761986255646,-0.18111246824264526
colbench_backend_programming,667,0.25306835770606995,-0.1150236427783966,0.1785711944103241,0.17932070791721344
colbench_backend_programming,290,0.25240063667297363,0.12266404926776886,-0.17706286907196045,-0.179874449968338
colbench_backend_programming,405,0.2523886561393738,-0.12695711851119995,0.1819228082895279,0.1749403327703476
colbench_backend_programming,359,0.25232183933258057,-0.1256857067346573,0.21964560449123383,0.12418584525585175
colbench_backend_programming,174,0.25214752554893494,0.1306430697441101,-0.20309266448020935,-0.14943811297416687
colbench_backend_programming,473,0.25209999084472656,-0.12323146313428879,0.18849098682403564,0.16740834712982178
colbench_backend_programming,24,0.2520615756511688,-0.1332138031721115,0.18685875833034515,0.1691710501909256
colbench_backend_programming,204,0.2517850995063782,0.12100895494222641,-0.17889927327632904,-0.17717444896697998
colbench_backend_programming,131,0.2517798840999603,-0.1270340085029602,0.17569361627101898,0.1803465038537979
colbench_backend_programming,381,0.2514593303203583,0.11003575474023819,-0.15698789060115814,-0.19643472135066986
colbench_backend_programming,93,0.25081300735473633,0.10638336837291718,-0.14611606299877167,-0.2038559764623642
colbench_backend_programming,298,0.25076714158058167,-0.12805847823619843,0.17950564622879028,0.17510531842708588
colbench_backend_programming,604,0.25065866112709045,-0.11971940100193024,0.1595965176820755,0.1932840496301651
colbench_backend_programming,95,0.25059589743614197,-0.13013188540935516,0.21083904802799225,0.13544443249702454
colbench_backend_programming,32,0.25018325448036194,-0.1292341947555542,0.20520852506160736,0.14311224222183228
colbench_backend_programming,558,0.2501629889011383,-0.13772127032279968,0.1526544988155365,0.19818708300590515
colbench_backend_programming,361,0.24983227252960205,0.13261078298091888,-0.1884128600358963,-0.16406328976154327
colbench_backend_programming,417,0.2495718151330948,-0.12738877534866333,0.20469620823860168,0.14277797937393188
colbench_backend_programming,977,0.2483469545841217,-0.13991113007068634,0.15143181383609772,0.19683651626110077
colbench_backend_programming,904,0.24818721413612366,-0.1198340579867363,0.12605324387550354,0.2137930691242218
colbench_backend_programming,392,0.2478664666414261,-0.1321929693222046,0.19087433815002441,0.15812897682189941
colbench_backend_programming,618,0.24781475961208344,0.11602485924959183,-0.17449535429477692,-0.17596454918384552
colbench_backend_programming,950,0.24663686752319336,-0.11436822265386581,0.21185433864593506,0.12628336250782013
colbench_backend_programming,677,0.24627898633480072,-0.09823863208293915,0.15183311700820923,0.19390730559825897
colbench_backend_programming,883,0.2459937036037445,-0.12955601513385773,0.19069606065750122,0.1553959995508194
colbench_backend_programming,559,0.2457132190465927,0.13603635132312775,-0.1717209666967392,-0.17574666440486908
colbench_backend_programming,325,0.24521178007125854,-0.14649996161460876,0.17751146852970123,0.16917002201080322
colbench_backend_programming,368,0.2449028193950653,-0.12080053985118866,0.17120055854320526,0.17512212693691254
colbench_backend_programming,635,0.24472865462303162,-0.11418250948190689,0.20993712544441223,0.12577170133590698
colbench_backend_programming,565,0.24468903243541718,0.14023134112358093,-0.1472623348236084,-0.195413738489151
colbench_backend_programming,447,0.2443322092294693,-0.1363813430070877,0.14669786393642426,0.19539183378219604
colbench_backend_programming,183,0.2439327985048294,-0.14055632054805756,0.17384791374206543,0.17111434042453766
colbench_backend_programming,596,0.24318698048591614,-0.11705254763364792,0.16631026566028595,0.17742830514907837
colbench_backend_programming,858,0.2418850213289261,-0.13013361394405365,0.18701329827308655,0.1534092128276825
colbench_backend_programming,670,0.24035052955150604,-0.12017315626144409,0.19753730297088623,0.13692110776901245
colbench_backend_programming,861,0.23997803032398224,-0.14508217573165894,0.184077650308609,0.1539638638496399
colbench_backend_programming,49,0.23996376991271973,0.12965837121009827,-0.16310790181159973,-0.17600688338279724
colbench_backend_programming,252,0.23452959954738617,0.11091475188732147,-0.18192058801651,-0.1480170041322708
colbench_backend_programming,274,0.2337905615568161,0.11504170298576355,-0.1485162079334259,-0.18055737018585205
colbench_backend_programming,783,0.23375067114830017,-0.1445431262254715,0.17601382732391357,0.1538132131099701
colbench_backend_programming,89,0.23025797307491302,-0.12968656420707703,0.14131686091423035,0.18179185688495636
colbench_backend_programming,479,0.22717119753360748,-0.13370966911315918,0.16616792976856232,0.1549031138420105
colbench_backend_programming,548,0.22705301642417908,0.12773270905017853,-0.17568546533584595,-0.14383214712142944
colbench_backend_programming,822,0.22644053399562836,-0.13800862431526184,0.16436535120010376,0.15575410425662994
colbench_backend_programming,754,0.17820647358894348,0.061827562749385834,-0.009758527390658855,-0.17793908715248108
colbench_backend_programming,731,0.17281681299209595,-0.06339003890752792,0.17271846532821655,0.005829629488289356
colbench_backend_programming,441,0.17255859076976776,0.04896600544452667,-0.041694849729537964,-0.16744552552700043
colbench_backend_programming,992,0.16949282586574554,-0.05797629803419113,-0.0008126893080770969,0.16949087381362915
colbench_backend_programming,768,0.16734522581100464,0.0552290678024292,-0.16414692997932434,-0.03256082534790039
colbench_backend_programming,984,0.16447769105434418,-0.06255925446748734,0.16446207463741302,-0.0022661960683763027
colbench_backend_programming,90,0.16445933282375336,0.050091344863176346,-0.04175184667110443,-0.15907122194766998
colbench_backend_programming,483,0.16233600676059723,0.04584295302629471,-0.02246924862265587,-0.16077348589897156
colbench_backend_programming,929,0.16145747900009155,-0.06348273158073425,0.16118371486663818,0.009398256428539753
colbench_backend_programming,676,0.15810011327266693,0.04038169980049133,-0.009630529209971428,-0.15780653059482574
colbench_backend_programming,672,0.15805508196353912,0.045347053557634354,-0.036943212151527405,-0.15367695689201355
colbench_backend_programming,498,0.1573297381401062,-0.05162404477596283,0.15682323276996613,-0.01261429488658905
colbench_backend_programming,982,0.1566268503665924,0.06645601242780685,-0.07244117558002472,-0.13886773586273193
colbench_backend_programming,987,0.1541900783777237,0.052345067262649536,-0.13673408329486847,-0.07126268744468689
colbench_backend_programming,613,0.15375924110412598,0.039460401982069016,-0.023826416581869125,-0.1519019603729248
colbench_backend_programming,519,0.1529150903224945,-0.05471104010939598,0.1343480944633484,0.07303158938884735
colbench_backend_programming,503,0.15262825787067413,0.051251888275146484,-0.12759536504745483,-0.08375444263219833
colbench_backend_programming,874,0.15151387453079224,-0.053797051310539246,0.1399255096912384,0.05811458081007004
colbench_backend_programming,925,0.1505523920059204,-0.061173077672719955,0.14956161379814148,0.017243679612874985
colbench_backend_programming,40,0.1496889889240265,-0.05347374081611633,0.04542091488838196,0.14263145625591278
colbench_backend_programming,10,0.14960318803787231,-0.052196867763996124,0.13761571049690247,0.05867732688784599
colbench_backend_programming,816,0.14952102303504944,0.05583503097295761,-0.12919065356254578,-0.07527489215135574
colbench_backend_programming,170,0.14934632182121277,-0.049705907702445984,0.1374245285987854,0.058470696210861206
colbench_backend_programming,440,0.14898164570331573,0.07131253927946091,-0.018107572570443153,-0.14787714183330536
colbench_backend_programming,571,0.14890557527542114,-0.057424839586019516,0.14481252431869507,0.0346728153526783
colbench_backend_programming,804,0.1485084593296051,-0.07496591657400131,0.14803364872932434,0.011866072192788124
colbench_backend_programming,752,0.1482134610414505,0.0516444630920887,-0.052880313247442245,-0.13845902681350708
colbench_backend_programming,872,0.14809803664684296,0.05458619445562363,-0.054962459951639175,-0.13752147555351257
colbench_backend_programming,391,0.14714336395263672,-0.06827866286039352,0.1416628509759903,0.039784517139196396
colbench_backend_programming,107,0.14685754477977753,-0.04731115698814392,0.1333218514919281,0.06158265471458435
colbench_backend_programming,383,0.14652281999588013,-0.050130926072597504,0.13415443897247314,0.058919623494148254
colbench_backend_programming,114,0.1461944878101349,0.055841799825429916,-0.05105507746338844,-0.1369898021221161
colbench_backend_programming,947,0.14569532871246338,0.06629333645105362,-0.027135556563735008,-0.14314605295658112
colbench_backend_programming,834,0.145551398396492,0.04820651933550835,-0.13446471095085144,-0.05571760982275009
colbench_backend_programming,499,0.14539232850074768,0.05594340339303017,-0.12780845165252686,-0.06931036710739136
colbench_backend_programming,84,0.14514857530593872,0.06389989703893661,-0.1451483815908432,0.00023856753250584006
colbench_backend_programming,37,0.14453478157520294,0.0502573698759079,-0.08157612383365631,-0.11931318789720535
colbench_backend_programming,652,0.14449526369571686,0.07095450907945633,-0.14359420537948608,-0.0161117110401392
colbench_backend_programming,899,0.14440369606018066,-0.07246898114681244,0.1415451318025589,0.02859024703502655
colbench_backend_programming,338,0.14438258111476898,-0.06690530478954315,0.1319633275270462,0.058583345264196396
colbench_backend_programming,340,0.14416493475437164,0.055997010320425034,-0.061055317521095276,-0.1305977702140808
colbench_backend_programming,278,0.14304035902023315,-0.05274293199181557,0.13991469144821167,0.02973928488790989
colbench_backend_programming,47,0.14227542281150818,-0.06784727424383163,0.1396385133266449,0.02726498618721962
colbench_backend_programming,118,0.14164692163467407,-0.06469214707612991,0.1371152549982071,0.0355423241853714
colbench_backend_programming,819,0.14142289757728577,-0.04572958126664162,0.05428732931613922,0.1305883675813675
colbench_backend_programming,737,0.14112894237041473,-0.07817654311656952,0.04127077758312225,0.1349596232175827
colbench_backend_programming,792,0.14103500545024872,0.06733208149671555,-0.13305141031742096,-0.046778127551078796
colbench_backend_programming,280,0.14084883034229279,0.05728292092680931,-0.07198026776313782,-0.12106706202030182
colbench_backend_programming,453,0.1407388150691986,0.05272480845451355,-0.1217096596956253,-0.07066946476697922
colbench_backend_programming,701,0.14070484042167664,0.049248311668634415,-0.043830182403326035,-0.1337040215730667
colbench_backend_programming,755,0.14064642786979675,-0.06578455120325089,0.14021173119544983,0.011049291118979454
colbench_backend_programming,728,0.1404942274093628,-0.0661742314696312,0.13502222299575806,0.038828179240226746
colbench_backend_programming,965,0.14037451148033142,0.05191782861948013,-0.04976927116513252,-0.13125556707382202
colbench_backend_programming,355,0.14022891223430634,0.0628962367773056,-0.13341626524925232,-0.04317697882652283
colbench_backend_programming,81,0.14020347595214844,0.044181376695632935,-0.12694770097732544,-0.0595087856054306
colbench_backend_programming,850,0.14003810286521912,-0.0634884163737297,0.1348188817501068,0.03787530958652496
colbench_backend_programming,698,0.1396310180425644,0.04896097257733345,-0.08617245405912399,-0.10986869037151337
colbench_backend_programming,716,0.13944734632968903,0.05825899541378021,-0.052267007529735565,-0.12928155064582825
colbench_backend_programming,377,0.1377469003200531,0.06066064536571503,-0.05706966668367386,-0.12536850571632385
colbench_backend_programming,702,0.13742496073246002,0.06224604696035385,-0.1328769475221634,-0.03506186231970787
colbench_backend_programming,155,0.13741424679756165,-0.08503011614084244,0.1322874277830124,0.03718481957912445
colbench_backend_programming,774,0.13738524913787842,0.057950329035520554,-0.05114481970667839,-0.1275104433298111
colbench_backend_programming,903,0.13730236887931824,-0.060555022209882736,0.1287873387336731,0.04760002717375755
colbench_backend_programming,458,0.13596637547016144,-0.07529548555612564,0.07427336275577545,0.11388731747865677
colbench_backend_programming,763,0.13527509570121765,-0.04257962852716446,0.12445154041051865,0.053020428866147995
colbench_backend_programming,345,0.13482604920864105,0.05078490450978279,-0.05323639139533043,-0.12387070059776306
colbench_backend_programming,510,0.1345691829919815,0.05519278720021248,-0.042844850569963455,-0.1275663822889328
colbench_backend_programming,149,0.13388609886169434,0.056537412106990814,-0.06077808514237404,-0.11929590255022049
colbench_backend_programming,36,0.13385869562625885,-0.058859147131443024,0.12800978124141693,0.03913623467087746
colbench_backend_programming,158,0.13373474776744843,-0.03798026591539383,0.12041140347719193,0.0581899993121624
colbench_backend_programming,13,0.13360637426376343,-0.056771449744701385,0.06035830080509186,0.11919538676738739
colbench_backend_programming,384,0.13351666927337646,-0.07586390525102615,0.1188056468963623,0.060925524681806564
colbench_backend_programming,504,0.13301613926887512,0.05440666526556015,-0.028223128989338875,-0.12998749315738678
colbench_backend_programming,434,0.1327773928642273,-0.058250170201063156,0.09990857541561127,0.08745349198579788
colbench_backend_programming,63,0.13254791498184204,-0.08337003737688065,0.11777280271053314,0.06081544980406761
colbench_backend_programming,622,0.1323251724243164,-0.04332505911588669,0.060094356536865234,0.11789240688085556
colbench_backend_programming,879,0.13201890885829926,-0.051030561327934265,0.06921423226594925,0.11242055147886276
colbench_backend_programming,714,0.13180820643901825,0.060272466391325,-0.0752713605761528,-0.1082017794251442
colbench_backend_programming,180,0.13180367648601532,-0.06838420033454895,0.05128732696175575,0.12141589820384979
colbench_backend_programming,608,0.1317129284143448,-0.049455560743808746,0.07027073949575424,0.11140161752700806
colbench_backend_programming,918,0.13134150207042694,0.05980105698108673,-0.12000228464603424,-0.05338578671216965
colbench_backend_programming,881,0.13125208020210266,-0.06091010943055153,0.12695565819740295,0.03330720588564873
colbench_backend_programming,454,0.13120201230049133,-0.055823348462581635,0.10130369663238525,0.08337582647800446
colbench_backend_programming,348,0.1307615339756012,-0.041820358484983444,0.08477338403463364,0.09955928474664688
colbench_backend_programming,629,0.13038389384746552,0.06486065685749054,-0.06043092533946037,-0.11553382128477097
colbench_backend_programming,312,0.12957333028316498,0.0636591911315918,-0.0747508630156517,-0.1058373972773552
colbench_backend_programming,261,0.12934182584285736,0.050471723079681396,-0.0834999829530716,-0.09877783805131912
colbench_backend_programming,715,0.12930558621883392,0.05467432737350464,-0.09071079641580582,-0.0921492651104927
colbench_backend_programming,602,0.12822291254997253,-0.0652574971318245,0.028981447219848633,0.12490472197532654
colbench_backend_programming,847,0.12810282409191132,-0.05756498873233795,0.05915603041648865,0.1136261373758316
colbench_backend_programming,813,0.1272793412208557,0.049039170145988464,-0.03936874121427536,-0.12103773653507233
colbench_backend_programming,523,0.12724840641021729,-0.06831080466508865,0.02626156620681286,0.12450898438692093
colbench_backend_programming,452,0.12722890079021454,-0.06762859225273132,0.11731858551502228,0.049229495227336884
colbench_backend_programming,154,0.12558427453041077,0.06530351936817169,-0.08114033937454224,-0.09585225582122803
colbench_backend_programming,665,0.12470817565917969,-0.06420253217220306,0.049693334847688675,0.1143796443939209
colbench_backend_programming,993,0.12420637160539627,-0.07013735175132751,0.04133451357483864,0.11712677031755447
colbench_backend_programming,302,0.12414161115884781,-0.048281341791152954,0.08974906802177429,0.08576855808496475
colbench_backend_programming,438,0.12403541803359985,-0.05714688077569008,0.1013675406575203,0.07148011773824692
colbench_backend_programming,643,0.1235174760222435,0.05866396054625511,-0.08436013758182526,-0.0902215838432312
colbench_backend_programming,291,0.12338550388813019,-0.06904338300228119,0.07303547114133835,0.09944748878479004
colbench_backend_programming,265,0.12338119745254517,-0.06213158369064331,0.05708395317196846,0.10938163101673126
colbench_backend_programming,959,0.12288137525320053,-0.07272647321224213,0.07983814179897308,0.09341146796941757
colbench_backend_programming,414,0.12261027842760086,0.056761130690574646,-0.10752096027135849,-0.058928124606609344
colbench_backend_programming,579,0.12242750078439713,0.08568122237920761,-0.09696132689714432,-0.07474619150161743
colbench_backend_programming,825,0.12222985178232193,0.06276093423366547,-0.08092092722654343,-0.09160753339529037
colbench_backend_programming,20,0.12222065776586533,-0.06640315800905228,0.08859144896268845,0.08419883996248245
colbench_backend_programming,403,0.12202583998441696,-0.062399350106716156,0.11559578031301498,0.039088618010282516
colbench_backend_programming,926,0.12161260843276978,-0.055234842002391815,0.0554434098303318,0.10823887586593628
colbench_backend_programming,838,0.12157637625932693,-0.06200786307454109,0.09103094786405563,0.0805864930152893
colbench_backend_programming,660,0.12092358618974686,0.06208917498588562,-0.056431062519550323,-0.10694881528615952
colbench_backend_programming,614,0.11987701058387756,-0.07126331329345703,0.07362869381904602,0.09460081160068512
colbench_backend_programming,439,0.11968787014484406,0.07762925326824188,-0.06750055402517319,-0.09883755445480347
colbench_backend_programming,580,0.11866351217031479,-0.06250759959220886,0.09183516353368759,0.07514873892068863
colbench_backend_programming,769,0.11746613681316376,-0.07115725427865982,0.057266589254140854,0.1025613471865654
colbench_backend_programming,259,0.11662022769451141,-0.05268389731645584,0.046696003526449203,0.10686328262090683
colbench_backend_programming,758,0.11612584441900253,0.0707249790430069,-0.060159582644701004,-0.0993279218673706
colbench_backend_programming,137,0.11571083962917328,-0.06318582594394684,0.10419108718633652,0.05033105984330177
colbench_backend_programming,430,0.11470124870538712,-0.07261693477630615,0.06247515603899956,0.09619371592998505
colbench_backend_programming,561,0.1136384978890419,-0.06833589822053909,0.09928616881370544,0.05528078228235245
colbench_backend_programming,540,0.11264611035585403,0.07139310240745544,-0.09444185346364975,-0.06139937415719032
colbench_backend_programming,953,0.11191775649785995,0.07822231948375702,-0.06592030823230743,-0.09044389426708221
colbench_backend_programming,484,0.11189938336610794,-0.07562065124511719,0.05288078263401985,0.09861589968204498
colbench_backend_programming,175,0.11077652871608734,-0.0706341490149498,0.05877281725406647,0.0938999205827713
colbench_backend_programming,138,0.1107189729809761,0.05668944492936134,-0.07454231381416321,-0.08186656981706619
colbench_backend_programming,99,0.10937605053186417,-0.09287124127149582,0.06622017174959183,0.08705176413059235
colbench_backend_programming,637,0.10882597416639328,-0.07264768332242966,0.09267003834247589,0.05705573409795761
colbench_backend_programming,628,0.10809732228517532,0.07856772094964981,-0.08310547471046448,-0.06912676990032196
colbench_backend_programming,732,0.10538078844547272,-0.08923174440860748,0.0787302628159523,0.070047527551651
colbench_backend_programming,627,0.10271377116441727,0.0779888778924942,-0.08846255391836166,-0.052196696400642395
colbench_backend_programming,192,0.10228678584098816,-0.07652255147695541,0.08043280243873596,0.06319138407707214
colbench_backend_programming,86,0.10125032067298889,-0.014290389604866505,0.06656316667795181,-0.07629529386758804
colbench_backend_programming,227,0.10083816200494766,0.017936518415808678,-0.07487037032842636,0.06754821538925171
colbench_backend_programming,108,0.0978088453412056,-0.010741326957941055,0.05979616567492485,-0.07740147411823273
colbench_backend_programming,76,0.09536459296941757,-0.019842205569148064,0.07068538665771484,-0.0640154778957367
colbench_backend_programming,287,0.09200122207403183,-0.018961124122142792,0.06746281683444977,-0.06255391985177994
colbench_backend_programming,718,0.0915074571967125,-0.08491741865873337,0.06577032804489136,0.06362293660640717
colbench_backend_programming,599,0.091398224234581,0.01777247153222561,-0.05348235368728638,0.07411661744117737
colbench_backend_programming,163,0.0907466933131218,-0.00944855809211731,0.05833869427442551,-0.06950941681861877
colbench_backend_programming,739,0.08957824110984802,-0.023733798414468765,0.05640231817960739,-0.0695919543504715
colbench_backend_programming,407,0.08956770598888397,-0.010915592312812805,0.0625404417514801,-0.06411760300397873
colbench_backend_programming,951,0.08756927400827408,-0.0032672095112502575,0.06913018226623535,-0.05375310406088829
colbench_backend_programming,644,0.0873408317565918,0.001902558607980609,0.06256961077451706,-0.06093820184469223
colbench_backend_programming,538,0.08566134423017502,0.0165086816996336,-0.05178772285580635,0.06823413819074631
colbench_backend_programming,512,0.08503672480583191,-0.008394845761358738,0.054260581731796265,-0.0654754489660263
colbench_backend_programming,709,0.08337611705064774,0.005203444045037031,0.06119932979345322,-0.056623488664627075
colbench_backend_programming,21,0.08307817578315735,-0.002163324737921357,0.07340031862258911,-0.038914989680051804
colbench_backend_programming,658,0.08188391476869583,0.005096488632261753,0.06304246932268143,-0.052255354821681976
colbench_backend_programming,61,0.08161291480064392,0.006591262295842171,0.0578923299908638,-0.05752518028020859
colbench_backend_programming,516,0.08156675845384598,0.003333495231345296,0.06275356560945511,-0.052106864750385284
colbench_backend_programming,810,0.08073808252811432,-0.01707358844578266,0.05139799043536186,-0.06226462870836258
colbench_backend_programming,362,0.07865501195192337,-0.0077592856250703335,0.06430651992559433,-0.04529109224677086
colbench_backend_programming,151,0.07793678343296051,0.0022616114001721144,0.06670523434877396,-0.04030575975775719
colbench_backend_programming,285,0.076225645840168,-8.677755249664187e-05,0.061071135103702545,-0.04561430960893631
colbench_backend_programming,254,0.07487861067056656,0.00883312989026308,0.04723680391907692,-0.058098968118429184
colbench_backend_programming,295,0.07191559672355652,-0.025359299033880234,0.03758012503385544,-0.06131547689437866
colbench_backend_programming,35,0.07067180424928665,-0.0036448012106120586,-0.05520542711019516,0.04412328824400902
colbench_backend_programming,802,0.07027874141931534,0.013723309151828289,-0.023575209081172943,0.06620657444000244
colbench_backend_programming,401,0.06732774525880814,0.01613461971282959,0.057689934968948364,-0.03471162170171738
colbench_backend_programming,324,0.06543613970279694,0.020982863381505013,-0.028963221237063408,0.05867725610733032
colbench_backend_programming,864,0.06295619904994965,0.015592234209179878,0.0452115423977375,-0.043810952454805374
colbench_backend_programming,433,0.05770376697182655,-0.0010710593778640032,0.037219710648059845,-0.04409555345773697
colbench_backend_programming,857,0.05546942353248596,0.003848608583211899,-0.042751070111989975,0.035344064235687256
colbench_backend_programming,237,0.05544417351484299,0.014830397441983223,0.033257801085710526,-0.044361863285303116
colbench_backend_programming,515,0.05536439269781113,0.005797536112368107,-0.03322646766901016,0.04428564012050629
colbench_backend_programming,791,0.05460049584507942,0.009007951244711876,0.035483699291944504,-0.04149844869971275
colbench_backend_programming,431,0.0527072511613369,-0.0009392328793182969,-0.04084122180938721,0.03331739455461502
colbench_backend_programming,923,0.05149894580245018,0.0022561943624168634,-0.04204420745372772,0.029739299789071083
colbench_backend_programming,566,0.05133035033941269,-0.016972389072179794,-0.0423739068210125,0.02896992675960064
colbench_backend_programming,563,0.04968835040926933,0.00863621011376381,0.04643398895859718,-0.017686625942587852
colbench_backend_programming,14,0.04911908879876137,-0.008427063003182411,0.029365697875618935,-0.03937436640262604
colbench_backend_programming,860,0.04732189327478409,-0.0061788312159478664,0.0385296531021595,-0.02747412398457527
colbench_backend_programming,85,0.045746367424726486,-0.0013466943055391312,0.028972845524549484,-0.03540204092860222
colbench_backend_programming,294,0.04420449212193489,0.0071029821410775185,0.03170691430568695,-0.030801115557551384
colbench_backend_programming,140,0.04227966070175171,0.022581050172448158,0.03448612242937088,-0.024459701031446457
colbench_backend_programming,772,0.04209112375974655,0.007565673440694809,0.036666374653577805,-0.020669778808951378
colbench_backend_programming,232,0.0392138808965683,-0.015016898512840271,0.018163559958338737,-0.03475360944867134
colbench_backend_programming,74,0.03884338214993477,-0.010605188086628914,0.018091175705194473,-0.0343732126057148
colbench_backend_programming,139,0.03847869858145714,-0.0183869656175375,-0.03706805408000946,0.010323256254196167
colbench_backend_programming,281,0.03812152147293091,0.019148601219058037,0.025733917951583862,-0.028125004842877388
colbench_backend_programming,300,0.036813654005527496,-0.0009122349438257515,-0.029030704870820045,0.022637654095888138
colbench_backend_programming,309,0.03435404226183891,0.009066489525139332,0.025532465428113937,-0.022984633222222328
colbench_backend_programming,117,0.03389273211359978,-0.0038066860288381577,0.03359534591436386,-0.004479966592043638
colbench_backend_programming,416,0.03174865245819092,0.01311409380286932,0.020882174372673035,-0.023914676159620285
colbench_backend_programming,168,0.031070787459611893,0.0006764010759070516,0.023349957540631294,-0.020498128607869148
colbench_backend_programming,939,0.030353505164384842,0.018860509619116783,0.018395131453871727,-0.024144448339939117
colbench_backend_programming,124,0.026682404801249504,0.01103316992521286,0.023575160652399063,-0.012496497482061386
colbench_backend_programming,567,0.024584222584962845,0.00706056784838438,0.019422931596636772,-0.015070955269038677
colbench_backend_programming,17,0.024400709196925163,0.00803173054009676,0.020805371925234795,-0.01274876855313778
colbench_backend_programming,189,0.022773781791329384,-0.0025167602580040693,-0.022471066564321518,0.0037008458748459816
colbench_backend_programming,782,0.02125248685479164,-0.010182894766330719,0.012481661513447762,-0.017201056703925133
colbench_backend_programming,770,0.019372083246707916,0.0037295480724424124,0.016202803701162338,-0.010618227533996105
colbench_backend_programming,156,0.017878493294119835,0.012299408204853535,0.01635586842894554,-0.007219838909804821
colbench_backend_programming,301,0.017804963514208794,-0.011779503896832466,-0.0052381171844899654,0.01701701618731022
colbench_backend_programming,668,0.017449406906962395,-0.0013675306690856814,-0.015244793146848679,-0.00848987977951765
colbench_backend_programming,502,0.017275186255574226,-0.013795084320008755,-0.012857944704592228,0.011537127196788788
colbench_backend_programming,260,0.015401851385831833,-0.005629341583698988,-0.014735079370439053,0.004482685588300228
colbench_backend_programming,161,0.014982381835579872,-0.009080234915018082,-0.014745517633855343,-0.0026535799261182547
colbench_backend_programming,866,0.01429888978600502,0.022879542782902718,0.0040299552492797375,0.013719245791435242
colbench_backend_programming,45,0.01285971887409687,-0.00389215350151062,-0.011809196323156357,-0.0050907013937830925
colbench_backend_programming,679,0.010648678988218307,-0.011661339551210403,-0.008720078505575657,0.0061118402518332005
colbench_backend_programming,143,0.007958179339766502,-0.005094883032143116,0.006686647888273001,-0.004315245896577835
colbench_backend_programming,906,0.006747162435203791,-0.00848342850804329,-0.006473560351878405,0.0019018981838598847
colbench_backend_programming,645,0.0036574352998286486,0.0002912541385740042,0.003428140887990594,0.0012746305437758565
corebench_hard,capsule-5136217,1.3810538053512573,-0.9661545157432556,0.9587202072143555,-0.9940650463104248
corebench_hard,capsule-2804717,1.3503180742263794,-0.7389032244682312,0.9748066067695618,-0.9344040155410767
corebench_hard,capsule-8807709,1.3012906312942505,-0.8018262982368469,0.8980904221534729,-0.9416957497596741
corebench_hard,capsule-3418007,1.2935391664505005,-0.8209273219108582,0.8841294646263123,-0.9442237615585327
corebench_hard,capsule-1394704,1.2883497476577759,-0.9211240410804749,0.8987228870391846,-0.9231155514717102
corebench_hard,capsule-2708693,1.2731856107711792,-0.6923981308937073,0.9204980731010437,-0.8795934915542603
corebench_hard,capsule-4299879,1.2378058433532715,-0.9297806620597839,0.823494017124176,-0.9241325855255127
corebench_hard,capsule-2816027,1.2374279499053955,-0.3086043894290924,0.8965901732444763,-0.8528504371643066
corebench_hard,capsule-9832712,1.236221432685852,-0.8212175965309143,0.8876894116401672,-0.8603782653808594
corebench_hard,capsule-3449234,1.2357107400894165,-1.0987125635147095,0.8677326440811157,-0.8797847628593445
corebench_hard,capsule-4252248,1.2307672500610352,-1.1073774099349976,0.8637057542800903,-0.8768125772476196
corebench_hard,capsule-7716865,1.2225943803787231,-1.1117464303970337,0.8461160063743591,-0.8825105428695679
corebench_hard,capsule-9911222,1.187636375427246,-0.995230495929718,0.8267935514450073,-0.8525800108909607
corebench_hard,capsule-9054015,1.1800179481506348,-0.6583407521247864,0.8182780146598816,-0.8502138257026672
corebench_hard,capsule-9137200,1.1782041788101196,-0.37948912382125854,0.8405585289001465,-0.8256067037582397
corebench_hard,capsule-2345790,1.1586835384368896,-0.7866208553314209,0.7492985725402832,-0.8837982416152954
corebench_hard,capsule-7186268,1.1533818244934082,-0.5506619215011597,0.8354883193969727,-0.7951408624649048
corebench_hard,capsule-1624349,1.149156093597412,-0.3393627405166626,0.7627953290939331,-0.8594784140586853
corebench_hard,capsule-3262218,1.1438668966293335,-0.39612752199172974,0.7682034969329834,-0.8475227952003479
corebench_hard,capsule-3821950,1.1052862405776978,-1.1858783960342407,0.7612571120262146,-0.8013397455215454
corebench_hard,capsule-4671827,1.096381664276123,-0.36400407552719116,0.8102394342422485,-0.7386236786842346
corebench_hard,capsule-8536428,1.0941598415374756,-1.1707607507705688,0.7507188320159912,-0.7959942817687988
corebench_hard,capsule-9660931,1.0827783346176147,-1.1849899291992188,0.7474476099014282,-0.783409833908081
corebench_hard,capsule-4933686,1.0726193189620972,-0.9664617776870728,0.7489208579063416,-0.7678735852241516
corebench_hard,capsule-9240688,1.0642650127410889,-0.8545305132865906,0.7446249127388,-0.7603905200958252
corebench_hard,capsule-5507257,0.9988825917243958,-1.1348121166229248,0.697167694568634,-0.7153486013412476
corebench_hard,capsule-3301293,0.9963122010231018,-0.1470378190279007,0.736303985118866,-0.6711888313293457
corebench_hard,capsule-4728591,0.8958956003189087,-0.2656516432762146,0.6418377757072449,-0.6250385046005249
corebench_hard,capsule-6049678,0.842289388179779,0.18555325269699097,0.6018486618995667,-0.5892619490623474
corebench_hard,capsule-8234136,0.8391300439834595,-0.9117645621299744,0.6288540363311768,-0.5555914640426636
corebench_hard,capsule-3639589,0.7515624165534973,-0.3170921504497528,0.4459418058395386,-0.6049644947052002
corebench_hard,capsule-1900704,0.7115402221679688,-0.46988996863365173,0.4083763062953949,-0.5826819539070129
corebench_hard,capsule-3593259,0.5929469466209412,0.13511277735233307,0.48492690920829773,-0.34122127294540405
corebench_hard,capsule-9670283,0.5700377821922302,0.08430816233158112,0.43664711713790894,-0.3664456009864807
corebench_hard,capsule-0504157,0.5504658818244934,-0.34689754247665405,0.453687459230423,-0.31173762679100037
corebench_hard,capsule-3849634,0.5480589270591736,0.24098287522792816,0.4672803282737732,-0.28638726472854614
corebench_hard,capsule-0851068,0.5149364471435547,0.3241666555404663,0.447485089302063,-0.254787415266037
corebench_hard,capsule-1724988,0.49086788296699524,0.1453215628862381,0.3390130400657654,-0.3549949824810028
corebench_hard,capsule-9052293,0.46809715032577515,0.4222843050956726,0.39859411120414734,-0.24543362855911255
corebench_hard,capsule-6003668,0.4110885262489319,0.004840516019612551,0.37950217723846436,-0.15802490711212158
corebench_hard,capsule-9641396,0.3577074408531189,0.2856561243534088,0.34205105900764465,-0.10466945171356201
corebench_hard,capsule-0921079,0.22563743591308594,0.38438206911087036,0.22523261606693268,0.013509816490113735
corebench_hard,capsule-1175539,0.2064812183380127,0.5053758025169373,0.20571137964725494,-0.01781361550092697
corebench_hard,capsule-4180912,0.16707877814769745,0.4256933629512787,0.15459378063678741,-0.06337255984544754
corebench_hard,capsule-2414499,0.08001627027988434,0.4810865521430969,0.0196837205439806,0.07755742967128754
gaia,5a0c1adf-205e-4841-a666-7c3ef95def9d,1.1635676622390747,0.2450438290834427,-0.10855110734701157,1.158493161201477
gaia,076c8171-9b3b-49b9-a477-244d2a532826,1.0585944652557373,0.4845244884490967,-0.4700838029384613,0.9484953880310059
gaia,dc28cf18-6431-458b-83ef-64b3ce566c10,1.0546408891677856,0.8989934921264648,-0.9974600076675415,0.3425508737564087
gaia,e142056d-56ab-4352-b091-b56054bd1359,1.04947829246521,-0.8794153332710266,0.9916253089904785,-0.34363362193107605
gaia,c526d8d6-5987-4da9-b24c-83466fa172f3,1.047750473022461,-0.8896298408508301,0.9901999235153198,-0.34246930480003357
gaia,ded28325-3447-4c56-860f-e497d6fb3577,1.0471631288528442,-0.9048612117767334,0.9901471734046936,-0.3408215045928955
gaia,3f57289b-8c60-48be-bd80-01f8099ca449,1.0463757514953613,0.24204128980636597,-0.09062864631414413,1.0424436330795288
gaia,8f80e01c-1296-4371-9486-bb3d68651a60,1.0430607795715332,-0.8992242813110352,0.9871647953987122,-0.3368699550628662
gaia,8d46b8d6-b38a-47ff-ac74-cda14cf2d19b,1.0390726327896118,-0.7308920621871948,0.826596736907959,-0.6296107172966003
gaia,73c1b9fe-ee1d-4cf4-96ca-35c08f97b054,1.0368602275848389,0.21492931246757507,0.0191551074385643,1.0366833209991455
gaia,edd4d4f2-1a58-45c4-b038-67337af4e029,1.026157021522522,0.2623741328716278,-0.2563340961933136,0.9936251640319824
gaia,72c06643-a2fa-4186-aa5c-9ec33ae9b445,1.0134621858596802,-0.8050510287284851,0.952001690864563,-0.34756049513816833
gaia,32102e3e-d12a-4209-9163-7b3a104efe5d,1.0029195547103882,0.2633303105831146,-0.20679770410060883,0.9813675880432129
gaia,11af4e1a-5f45-467d-9aeb-46f4bb0bf034,0.9973069429397583,0.8330097198486328,-0.9068557024002075,0.4150106906890869
gaia,d700d50d-c707-4dca-90dc-4528cddd0c80,0.9917497038841248,0.6099984645843506,-0.693194568157196,0.7092592716217041
gaia,56db2318-640f-477a-a82f-bc93ad13e882,0.9871880412101746,0.36636289954185486,-0.15646597743034363,0.9747095108032227
gaia,d1af70ea-a9a4-421a-b9cc-94b5e02f1788,0.9757677912712097,-0.36803877353668213,0.47525426745414734,0.8522066473960876
gaia,7cc4acfa-63fd-4acc-a1a1-e8e529e0a97f,0.9751818180084229,0.5661083459854126,-0.5784294605255127,0.7851108312606812
gaia,cabe07ed-9eca-40ea-8ead-410ef5e83f91,0.9562519788742065,-0.050005946308374405,0.13578401505947113,0.9465624690055847
gaia,9318445f-fe6a-4e1b-acbf-c68228c9906a,0.9557608366012573,-0.7516036629676819,0.9395067691802979,-0.17551590502262115
gaia,5d0080cb-90d7-4712-bc33-848150e917d3,0.951603353023529,0.28406769037246704,-0.22591474652290344,0.924397885799408
gaia,f918266a-b3e0-4914-865d-4faa564f1aef,0.9472122192382812,0.33584854006767273,-0.28185510635375977,0.904305636882782
gaia,dd3c7503-f62a-4bd0-9f67-1b63b94194cc,0.9396671652793884,0.8301834464073181,-0.8506373167037964,0.3992374539375305
gaia,0a65cb96-cb6e-4a6a-8aae-c1084f613456,0.9361346960067749,0.2920680046081543,-0.1814703345298767,0.918377161026001
gaia,0512426f-4d28-49f0-be77-06d05daec096,0.9199999570846558,-0.26677584648132324,0.47559767961502075,0.7875320911407471
gaia,df6561b2-7ee5-4540-baab-5095f742716a,0.9192838072776794,-0.7640810608863831,0.9007682800292969,-0.18357346951961517
gaia,7d4a7d1d-cac6-44a8-96e8-ea9584a70825,0.9105956554412842,-0.004913092125207186,0.06909254193305969,0.9079706072807312
gaia,0ff53813-3367-4f43-bcbd-3fd725c1bf4b,0.9041765928268433,-0.017272792756557465,0.023238083347678185,0.9038779139518738
gaia,6359a0b1-8f7b-499b-9336-840f9ab90688,0.903864324092865,-0.7692859768867493,0.8858670592308044,-0.17947207391262054
gaia,cca530fc-4052-43b2-b130-b30968d8aa44,0.887865424156189,-0.762541651725769,0.8697338700294495,-0.1785162091255188
gaia,54612da3-fd56-4941-80f4-5eb82330de25,0.8844314217567444,0.33569976687431335,-0.28855863213539124,0.8360339999198914
gaia,9b54f9d9-35ee-4a14-b62f-d130ea00317f,0.8784093260765076,-0.27321308851242065,0.30572277307510376,0.8234904408454895
gaia,7a4a336d-dcfa-45a0-b014-824c7619e8de,0.8633298277854919,-0.7299344539642334,0.8626101016998291,0.03524632006883621
gaia,7bd855d8-463d-4ed5-93ca-5fe35145f733,0.8625807762145996,0.22497113049030304,-0.15395964682102203,0.8487296104431152
gaia,0bb3b44a-ede5-4db5-a520-4e844b0079c5,0.8599348664283752,-0.5121206045150757,0.5502508878707886,0.6608418822288513
gaia,da52d699-e8d2-4dc5-9191-a2199e0b6a9b,0.8573543429374695,-0.05563395842909813,-0.07691070437431335,0.8538976311683655
gaia,27d5d136-8563-469e-92bf-fd103c28b57c,0.8528031706809998,0.7726816534996033,-0.8298657536506653,0.1964588463306427
gaia,3da89939-209c-4086-8520-7eb734e6b4ef,0.851418137550354,-0.6007221341133118,0.8429747819900513,0.11960910260677338
gaia,f46b4380-207e-4434-820b-f32ce04ae2a4,0.8486132025718689,0.06906820088624954,-0.026498164981603622,0.8481994271278381
gaia,3627a8be-a77f-41bb-b807-7e1bd4c0ebdf,0.8476929664611816,0.5035103559494019,-0.5064490437507629,0.6797740459442139
gaia,0e9e85b8-52b9-4de4-b402-5f635ab9631f,0.8432125449180603,-0.7336584329605103,0.8389196395874023,0.08497770130634308
gaia,0b260a57-3f3a-4405-9f29-6d7a1012dbfb,0.8399142026901245,-0.24704256653785706,0.46332618594169617,0.7005603313446045
gaia,16d825ff-1623-4176-a5b5-42e0f5c2b0ac,0.8392782807350159,-0.13574263453483582,0.4088706970214844,0.7329480051994324
gaia,a0068077-79f4-461a-adfe-75c1a4148545,0.8302514553070068,-0.09628062695264816,0.16112729907035828,0.8144663572311401
gaia,50ec8903-b81f-4257-9450-1085afd2c319,0.8261381983757019,0.5169203281402588,-0.48393136262893677,0.6695630550384521
gaia,cca70ce6-1952-45d2-acd4-80c903b0bc49,0.8209412097930908,-0.6959933638572693,0.8089575171470642,-0.13975757360458374
gaia,5f982798-16b9-4051-ab57-cfc7ebdb2a91,0.8180962800979614,-0.633222758769989,0.8153459429740906,-0.06702572852373123
gaia,c714ab3a-da30-4603-bacd-d008800188b9,0.8142419457435608,0.7136297821998596,-0.6754277944564819,0.45473870635032654
gaia,bfcd99e1-0690-4b53-a85c-0174a8629083,0.8084366321563721,-0.23178055882453918,0.3394254446029663,0.7337303161621094
gaia,4d0aa727-86b1-406b-9b33-f870dd14a4a5,0.8075686097145081,0.35792043805122375,-0.43229734897613525,0.6821187734603882
gaia,e4e91f1c-1dcd-439e-9fdd-cb976f5293fd,0.8061612248420715,-0.2026573270559311,0.2278631031513214,0.7732880115509033
gaia,46719c30-f4c3-4cad-be07-d5cb21eee6bb,0.8043506145477295,-0.58419269323349,0.7580975890159607,0.26882684230804443
gaia,2d83110e-a098-4ebb-9987-066c06fa42d0,0.7966524958610535,0.7898393273353577,-0.7400340437889099,0.2949657738208771
gaia,ebbc1f13-d24d-40df-9068-adcf735b4240,0.796048641204834,-0.5918867588043213,0.6027601957321167,0.5199746489524841
gaia,1dcc160f-c187-48c2-b68e-319bd4354f3d,0.794815719127655,-0.5018901824951172,0.6685051918029785,0.42992180585861206
gaia,cffe0e32-c9a6-4c52-9877-78ceb4aaa9fb,0.7917269468307495,0.007886474952101707,0.04950764402747154,0.7901775240898132
gaia,544b7f0c-173a-4377-8d56-57b36eb26ddf,0.7914679050445557,0.5559410452842712,-0.6185713410377502,0.4937519133090973
gaia,e8cb5b03-41e0-4086-99e5-f6806cd97211,0.7871308922767639,-0.08126231282949448,0.16986729204654694,0.7685831785202026
gaia,f0f46385-fc03-4599-b5d3-f56496c3e69f,0.7859614491462708,0.6317988634109497,-0.6450925469398499,0.4489888548851013
gaia,624cbf11-6a41-4692-af9c-36b3e5ca3130,0.7797891497612,-0.5293082594871521,0.7696895599365234,0.1250961869955063
gaia,6f37996b-2ac7-44b0-8e68-6d28256631b4,0.7786735892295837,0.7120369672775269,-0.7447293996810913,0.22739984095096588
gaia,ecbc4f94-95a3-4cc7-b255-6741a458a625,0.7783474326133728,-0.5812034010887146,0.7210067510604858,0.2932131886482239
gaia,dc22a632-937f-4e6a-b72f-ba0ff3f5ff97,0.7757989168167114,-0.4656086266040802,0.4594513177871704,0.6251147985458374
gaia,d5141ca5-e7a0-469f-bf3e-e773507c86e2,0.7754315137863159,-0.49663498997688293,0.5349370837211609,0.5613700747489929
gaia,a1e91b78-d3d8-4675-bb8d-62741b4b68a6,0.7733393907546997,0.26733720302581787,-0.34849974513053894,0.6903634667396545
gaia,7673d772-ef80-4f0f-a602-1bf4485c9b43,0.76771080493927,-0.8069639205932617,0.759048581123352,-0.11500058323144913
gaia,305ac316-eef6-4446-960a-92d80d542f82,0.7654464840888977,0.05201229825615883,-0.09343940019607544,0.7597219347953796
gaia,65638e28-7f37-4fa7-b7b9-8c19bb609879,0.7578902244567871,-0.09551360458135605,0.13589593768119812,0.7456070184707642
gaia,0a3cd321-3e76-4622-911b-0fda2e5d6b1a,0.7506912350654602,-0.36459940671920776,0.4818907082080841,0.5756028890609741
gaia,b2c257e0-3ad7-4f05-b8e3-d9da973be36e,0.7494096755981445,-0.6464694738388062,0.6835617423057556,-0.3071777820587158
gaia,5188369a-3bbe-43d8-8b94-11558f909a08,0.7471221089363098,0.38667061924934387,-0.2004934698343277,0.7197179198265076
gaia,853c8244-429e-46ca-89f2-addf40dfb2bd,0.7408236265182495,-0.6278979778289795,0.7289640307426453,0.1320267915725708
gaia,b816bfce-3d80-4913-a07d-69b752ce6377,0.737729012966156,0.17766158282756805,0.08836983889341354,0.7324171662330627
gaia,65afbc8a-89ca-4ad5-8d62-355bb401f61d,0.7370871305465698,-0.5366328954696655,0.6456274390220642,0.3556157648563385
gaia,e961a717-6b25-4175-8a68-874d28190ee4,0.7364104986190796,0.4893505573272705,-0.3348708748817444,0.6558672785758972
gaia,72e110e7-464c-453c-a309-90a95aed6538,0.7358535528182983,-0.230791836977005,0.45509669184684753,0.5782451629638672
gaia,65da0822-a48a-4a68-bbad-8ed1b835a834,0.7315295338630676,0.009186934679746628,0.013294984586536884,0.7314087152481079
gaia,42576abe-0deb-4869-8c63-225c2d75a95a,0.7270567417144775,0.4143751263618469,-0.326221764087677,0.6497621536254883
gaia,114d5fd0-e2ae-4b6d-a65a-870da2d19c08,0.7254682183265686,-0.3295375406742096,0.376463919878006,0.6201443672180176
gaia,872bfbb1-9ccf-49f6-8c5f-aa22818ccd66,0.7244386672973633,-0.472249299287796,0.6323797702789307,0.3534221649169922
gaia,ad2b4d70-9314-4fe6-bfbe-894a45f6055f,0.7220315933227539,-0.6070535778999329,0.6860764622688293,0.22500823438167572
gaia,5cfb274c-0207-4aa7-9575-6ac0bd95d9b2,0.7200284600257874,0.43745478987693787,-0.5360050201416016,0.4807697832584381
gaia,8b3379c0-0981-4f5b-8407-6444610cb212,0.7167551517486572,-0.33719897270202637,0.6108466982841492,0.3749723732471466
gaia,87c610df-bef7-4932-b950-1d83ef4e282b,0.7134684920310974,0.10222647339105606,-0.011313634924590588,0.7133787870407104
gaia,a0c07678-e491-4bbc-8f0b-07405144218f,0.7064414024353027,-0.2297963947057724,0.4084320366382599,0.5764049887657166
gaia,4fc2f1ae-8625-45b5-ab34-ad4433bc21f8,0.7051841020584106,0.22146068513393402,-0.4426247775554657,0.5489699244499207
gaia,e1fc63a2-da7a-432f-be78-7c4a95598703,0.6992506980895996,0.06657783687114716,-0.01778784580528736,0.6990244388580322
gaia,8e867cd7-cff9-4e6c-867a-ff5ddc2550be,0.6981520652770996,-0.230402410030365,0.24426236748695374,0.6540276408195496
gaia,99c9cc74-fdc8-46c6-8f8d-3ce2d3bfeea3,0.6918060779571533,-0.363616406917572,0.4289213716983795,0.5427910089492798
gaia,b9763138-c053-4832-9f55-86200cb1f99c,0.691581666469574,0.006742067635059357,-0.03139577433466911,0.6908686757087708
gaia,bda648d7-d618-4883-88f4-3466eabd860e,0.6906490921974182,0.3966395854949951,-0.41854193806648254,0.5493804216384888
gaia,0383a3ee-47a7-41a4-b493-519bdefe0488,0.6791625618934631,-0.2805735468864441,0.3237321078777313,0.5970421433448792
gaia,851e570a-e3de-4d84-bcfa-cc85578baa59,0.6790458559989929,-0.5212351679801941,0.640183687210083,0.22642458975315094
gaia,2dfc4c37-fec1-4518-84a7-10095d30ad75,0.6779947876930237,-0.5957503318786621,0.655851423740387,-0.17186002433300018
gaia,b4cc024b-3f5e-480e-b96a-6656493255b5,0.6777971386909485,-0.08050023764371872,0.2988479733467102,0.6083574891090393
gaia,05407167-39ec-4d3a-a234-73a9120c325d,0.6729236841201782,-0.21720223128795624,0.31118908524513245,0.5966470241546631
gaia,a7feb290-76bb-4cb7-8800-7edaf7954f2f,0.667910635471344,-0.5314770340919495,0.6591911911964417,-0.10757136344909668
gaia,b7f857e4-d8aa-4387-af2a-0e844df5b9d8,0.6635335683822632,0.46193933486938477,-0.4831516742706299,0.4547980725765228
gaia,676e5e31-a554-4acc-9286-b60d90a92d26,0.6634578108787537,-0.33170467615127563,0.5113462805747986,0.4227306842803955
gaia,de9887f5-ead8-4727-876f-5a4078f8598c,0.6623484492301941,-0.16389815509319305,0.27932021021842957,0.6005711555480957
gaia,08cae58d-4084-4616-b6dd-dd6534e4825b,0.6579284071922302,-0.3335529565811157,0.38226768374443054,0.5354822278022766
gaia,1f975693-876d-457b-a649-393859e79bf3,0.6576457023620605,-0.49161890149116516,0.5806990265846252,0.3086851239204407
gaia,9e1fc53b-46ff-49a1-9d05-9e6faac34cc5,0.6560496091842651,-0.3538706302642822,0.3279374837875366,0.5682060122489929
gaia,7619a514-5fa8-43ef-9143-83b66a43d7a4,0.655259907245636,-0.4777399003505707,0.5918325781822205,0.28124678134918213
gaia,384d0dd8-e8a4-4cfe-963c-d37f256e7662,0.654636025428772,-0.4079437553882599,0.5825932621955872,0.29855218529701233
gaia,935e2cff-ae78-4218-b3f5-115589b19dae,0.6485181450843811,0.002254782011732459,-0.2116517275571823,0.613008439540863
gaia,a56f1527-3abf-41d6-91f8-7296d6336c3f,0.6329877972602844,-0.07968409359455109,-0.08193343132734299,0.627662718296051
gaia,5b2a14e8-6e59-479c-80e3-4696e8980152,0.6327755451202393,-0.4128061830997467,0.3357032239437103,0.5363844037055969
gaia,48eb8242-1099-4c26-95d4-ef22b002457a,0.6306983828544617,-0.60750412940979,0.5940597057342529,-0.21183371543884277
gaia,f2feb6a4-363c-4c09-a804-0db564eafd68,0.6281864047050476,-0.31242308020591736,0.3727847635746002,0.5056180953979492
gaia,bec74516-02fc-48dc-b202-55e78d0e17cf,0.618033230304718,-0.5408983826637268,0.6101543307304382,-0.09837041050195694
gaia,67e8878b-5cef-4375-804e-e6291fdbe78a,0.6170570850372314,-0.08414669334888458,-0.08922142535448074,0.6105726957321167
gaia,d0633230-7067-47a9-9dbf-ee11e0a2cdd6,0.6131452322006226,-0.5671933889389038,0.6118891835212708,0.039225999265909195
gaia,366e2f2b-8632-4ef2-81eb-bc3877489217,0.6060858368873596,-0.36874374747276306,0.25484904646873474,0.5499017834663391
gaia,04a04a9b-226c-43fd-b319-d5e89743676f,0.6047681570053101,-0.0521157942712307,0.17651744186878204,0.57843416929245
gaia,d8152ad6-e4d5-4c12-8bb7-8d57dc10c6de,0.6043997406959534,-0.18416491150856018,0.34102141857147217,0.49900245666503906
gaia,4d51c4bf-4b0e-4f3d-897b-3f6687a7d9f2,0.6043933629989624,-0.22694692015647888,0.19799286127090454,0.571043074131012
gaia,2b3ef98c-cc05-450b-a719-711aee40ac65,0.5963680148124695,-0.40325966477394104,0.42885974049568176,0.4144081473350525
gaia,50f58759-7bd6-406f-9b0d-5692beb2a926,0.5928283333778381,-0.45850110054016113,0.5753478407859802,0.14289960265159607
gaia,cf106601-ab4f-4af9-b045-5295fe67b37d,0.5912816524505615,0.3699316382408142,-0.2945849299430847,0.5126730799674988
gaia,983bba7c-c092-455f-b6c9-7857003d48fc,0.5903072357177734,-0.2907792329788208,0.398036390542984,0.43592390418052673
gaia,b415aba4-4b68-4fc6-9b89-2c812e55a3e1,0.5872771739959717,-0.4675442576408386,0.5560999512672424,0.1888049840927124
gaia,023e9d44-96ae-4eed-b912-244ee8c3b994,0.5866687297821045,-0.19986099004745483,0.1306575983762741,0.5719342827796936
gaia,4b6bb5f7-f634-410e-815d-e673ab7f8632,0.5801464915275574,-0.20640389621257782,0.42643260955810547,0.3933512270450592
gaia,c8b7e059-c60d-472e-ad64-3b04ae1166dc,0.5667611956596375,-0.5250837802886963,0.5417225360870361,0.16659821569919586
gaia,9d191bce-651d-4746-be2d-7ef8ecadb9c2,0.5633847713470459,0.40013837814331055,-0.5458962917327881,0.13928274810314178
gaia,71345b0a-9c7d-4b50-b2bf-937ec5879845,0.5610600113868713,-0.06459903717041016,0.12258550524711609,0.5475044846534729
gaia,f3917a3d-1d17-4ee2-90c5-683b072218fe,0.5595987439155579,-0.045863498002290726,0.1902455985546112,0.5262673497200012
gaia,08c0b6e9-1b43-4c2e-ae55-4e3fce2c2715,0.5582325458526611,-0.2765100598335266,0.09940958023071289,0.5493098497390747
gaia,42d4198c-5895-4f0a-b0c0-424a66465d83,0.5488007664680481,-0.6191431283950806,0.5485376715660095,-0.01699221506714821
gaia,8131e2c0-0083-4265-9ce7-78c2d568425d,0.5447890758514404,-0.3202064633369446,0.4329659938812256,0.33065932989120483
gaia,e2d69698-bc99-4e85-9880-67eaccd66e6c,0.543728768825531,-0.04450235143303871,-0.01619325391948223,0.543487548828125
gaia,17b5a6a3-bc87-42e8-b0fb-6ab0781ef2cc,0.5423290133476257,0.08109267055988312,-0.09484854340553284,0.5339705348014832
gaia,20194330-9976-4043-8632-f8485c6c71b2,0.5402006506919861,-0.5245645046234131,0.5383760333061218,0.044361721724271774
gaia,7dd30055-0198-452e-8c25-f73dbe27dcb8,0.5176922678947449,-0.4986889064311981,0.47312068939208984,0.21014787256717682
gaia,3ff6b7a9-a5bd-4412-ad92-0cd0d45c0fee,0.5017490983009338,0.3971514105796814,-0.2619289457798004,0.42795488238334656
gaia,708b99c5-e4a7-49cb-a5cf-933c8d46470d,0.5011840462684631,-0.30331891775131226,0.1706532984972,0.4712355136871338
gaia,0bdb7c40-671d-4ad1-9ce3-986b159c0ddc,0.493766725063324,-0.17330557107925415,0.1151328906416893,0.48015621304512024
gaia,56137764-b4e0-45b8-9c52-1866420c3df5,0.4906889498233795,0.40832552313804626,-0.20261143147945404,0.4469051957130432
gaia,08f3a05f-5947-4089-a4c4-d4bcfaa6b7a0,0.48136016726493835,0.30384209752082825,-0.2808730900287628,0.3909193277359009
gaia,a26649c6-1cb2-470a-871e-6910c64c3e53,0.4795236885547638,0.24357809126377106,-0.335871160030365,0.34224778413772583
gaia,3cef3a44-215e-4aed-8e3b-b1e3f08063b7,0.4748353958129883,0.1984696388244629,-0.15821482241153717,0.4477016031742096
gaia,ad37a656-079a-49f9-a493-7b739c9167d1,0.46539023518562317,0.5259888768196106,-0.44994688034057617,0.11889440566301346
gaia,7b5377b0-3f38-4103-8ad2-90fe89864c04,0.4431345760822296,0.30454492568969727,-0.338669091463089,0.28578224778175354
gaia,9f41b083-683e-4dcf-9185-ccfeaa88fa45,0.44299232959747314,-0.20786656439304352,0.20231154561042786,0.3940967321395874
gaia,23dd907f-1261-4488-b21c-e9185af91d5e,0.42806294560432434,-0.09532074630260468,0.15345025062561035,0.3996134400367737
gaia,e0c10771-d627-4fd7-9694-05348e54ee36,0.42174220085144043,0.03423924371600151,-0.057582106441259384,0.41779273748397827
gaia,e9a2c537-8232-4c3f-85b0-b52de6bcba99,0.4209491014480591,-0.481944739818573,0.4209196865558624,0.004978721030056477
gaia,33d8ea3b-6c6b-4ff1-803d-7e270dea8a57,0.4138629138469696,0.4737081527709961,-0.29495030641555786,0.290321946144104
gaia,c61d22de-5f6c-4958-a7f6-5e9707bd3466,0.40042197704315186,-0.00017791663412936032,0.026368137449026108,0.3995528519153595
gaia,a3fbeb63-0e8c-4a11-bff6-0e3b484c3e9c,0.39955249428749084,-0.037976205348968506,-0.03373761475086212,0.398125559091568
gaia,c365c1c7-a3db-4d5e-a9a1-66f56eae7865,0.39786025881767273,-0.38741403818130493,0.3918038606643677,-0.06915570795536041
gaia,14569e28-c88c-43e4-8c32-097d35b9a67d,0.37376806139945984,-0.32740721106529236,0.34650930762290955,-0.14012087881565094
gaia,00d579ea-0889-4fd9-a771-2c8d79835c8d,0.35385802388191223,-0.11043334752321243,0.2012629359960556,0.2910476326942444
gaia,2a649bb1-795f-4a01-b3be-9a01868dae73,0.35257238149642944,0.0799846425652504,0.027615878731012344,0.35148918628692627
gaia,840bfca7-4f7b-481a-8794-c560c340185d,0.34189751744270325,0.08683709800243378,-0.1117028072476387,0.32313525676727295
gaia,db4fd70a-2d37-40ea-873f-9433dc5e301f,0.3243097960948944,-0.5056899189949036,0.32267582416534424,-0.03251378610730171
gaia,389793a7-ca17-4e82-81cb-2b3a2391b4b9,0.2943618893623352,0.20328807830810547,-0.07979417592287064,0.2833404541015625
gaia,4b650a35-8529-4695-89ed-8dc7a500a498,0.2630762755870819,0.07873844355344772,0.02631082385778427,0.2617572844028473
gaia,6b078778-0b90-464d-83f6-59511c811b01,0.2315407395362854,-0.3581055700778961,0.191680908203125,0.1298828125
gaia,50ad0280-0819-4bd9-b275-5de32d3b5bcb,0.18404258787631989,-0.25276926159858704,0.13014452159404755,0.13013100624084473
gaia,ed58682d-bc52-4baa-9eb0-4eb81e1edacc,0.17884257435798645,0.1430317908525467,-0.09135107696056366,0.1537519097328186
gaia,e29834fd-413a-455c-a33e-c3915b07401c,0.15276801586151123,-0.21217486262321472,0.10781799256801605,-0.10822822153568268
gaia,c3a79cfe-8206-451f-aca8-3fec8ebe51d3,0.14980930089950562,-0.21988080441951752,0.1157296895980835,-0.09512867033481598
gaia,ec09fa32-d03f-4bf8-84b0-1f16922c3ae4,0.08379020541906357,-0.09259585291147232,0.07789678871631622,-0.030868906527757645
online_mind2web,59912927c1fddee6ded8a49986896bc2,1.096236228942871,-0.6342148780822754,0.7245863676071167,0.8226229548454285
online_mind2web,c8c1ff115879b3afd14280beb1559b13,1.0939923524856567,-0.6335424184799194,0.7206400036811829,0.8231022357940674
online_mind2web,92160852a6bbbc165cee4e14ab0b1d59,1.0938236713409424,-0.6255906224250793,0.7307888865470886,0.8138782978057861
online_mind2web,733f1d8bf79d5bc2240c5357f928ffff,1.0934455394744873,-0.6279506087303162,0.7119953632354736,0.829870879650116
online_mind2web,b3a7da968de13bbdcaed12ffe4993df6,1.0919415950775146,-0.6343185305595398,0.7355877161026001,0.8069989681243896
online_mind2web,c801d1c951f59297f526bab84fa86c6e,1.0915995836257935,-0.6235412955284119,0.7256708145141602,0.8154701590538025
online_mind2web,7fff82864f21ddeccf4104a220892824,1.0911223888397217,-0.626858115196228,0.7219122052192688,0.8181631565093994
online_mind2web,7e1047f4803237f319c004f7a7f6bccb,1.0907022953033447,-0.6285830140113831,0.7206326723098755,0.8187308311462402
online_mind2web,96afb3c51146b0c2a9c55f039a5ea6d6,1.0906530618667603,-0.6349688768386841,0.7247391939163208,0.8150320053100586
online_mind2web,1bc154377120ec15b18dbabdba49c741,1.089902639389038,-0.6371994018554688,0.7216439843177795,0.8167727589607239
online_mind2web,949dc965a6c23a95663b3bc2ca2c3a8a,1.0895313024520874,-0.6303343176841736,0.7156696915626526,0.8215201497077942
online_mind2web,239a29bde438fe44fe17fe1390ef1634,1.08699631690979,-0.6280843019485474,0.7266753315925598,0.8083959817886353
online_mind2web,f389398d2eeb29e5571e00439c57eb76,1.0862659215927124,-0.6301500797271729,0.720363438129425,0.8130499124526978
online_mind2web,a13e4231a3d6a7000c622c56448d97ba,1.0850664377212524,-0.6369199156761169,0.7230225205421448,0.8090782761573792
online_mind2web,0b838cd54f826c59c71f600c56b89a11,1.0849674940109253,-0.6416085958480835,0.7180481553077698,0.8133642673492432
online_mind2web,c43a7dccf5c44f7b45a821e712dd1970,1.0847471952438354,-0.636833131313324,0.717116117477417,0.8138924241065979
online_mind2web,d5c34bf39eb6096ae5d439325cde4d32,1.0847129821777344,0.6337907314300537,-0.7195535898208618,-0.8116925358772278
online_mind2web,9d090a15c214eb070d9caa8a034d03c1,1.0826313495635986,-0.6299653649330139,0.7219799757003784,0.8067438006401062
online_mind2web,824eb7bb0ef1ce40bfd49c12182d9428,1.0522255897521973,-0.5910263061523438,0.7110275030136108,0.7756407260894775
online_mind2web,f2be37a9a60fbc25b6b11cf622d17352,1.0445533990859985,-0.5978979468345642,0.7052457332611084,0.7705324292182922
online_mind2web,1ab384fb3a791edfb410213cc6b82151,1.042738437652588,-0.6038034558296204,0.706211268901825,0.7671825885772705
online_mind2web,afcebfed28bea091d58f49ea6cb8194b,1.0256876945495605,-0.5473302006721497,0.6955074667930603,0.7538598775863647
online_mind2web,8244409b2c82043f966cad05f9afe132,1.0219895839691162,-0.5488616228103638,0.702993631362915,0.7417969107627869
online_mind2web,7e6993f2c5cd72c44809024f0bc85dc1,1.0209356546401978,-0.5572960376739502,0.7111341953277588,0.7325282692909241
online_mind2web,84f806c7fc15576673915f195efa72df,1.015519618988037,-0.5503859519958496,0.7212995290756226,0.7148476243019104
online_mind2web,b2f4fde2fce122a93c7b578086cb0585,0.9991732239723206,-0.557080864906311,0.6785764694213867,0.733403742313385
online_mind2web,561693d6eec7bbfba3fefe9e4b26decb,0.9944269061088562,0.5557219386100769,-0.6719977855682373,-0.7330101728439331
online_mind2web,ef289e34a2f59a707cb07e2a6229ff03,0.9934479594230652,-0.5700022578239441,0.6796051263809204,0.724621057510376
online_mind2web,47e314cc452c540524ffb7cf520285a3,0.9873129725456238,-0.5627824068069458,0.6547375917434692,0.7389895915985107
online_mind2web,85b284c18d7e78c9b5a9e074e7aa3b98,0.9843626022338867,-0.5659781098365784,0.653965950012207,0.7357296943664551
online_mind2web,a48e2f1ee8d87eaeea56fe5e730427e6,0.9815682172775269,-0.5793706178665161,0.693326473236084,0.6948198080062866
online_mind2web,07ec4a12cba8090e2dc524d558ac7675,0.9813836812973022,0.5739923119544983,-0.5998298525810242,-0.7767355442047119
online_mind2web,fcf4952d2a1d80ea505c555c3c3b54e7,0.9772393703460693,-0.5749000906944275,0.7083198428153992,0.6732605695724487
online_mind2web,ba2a469af584f16da93ce6a7430cf7e5,0.9746346473693848,-0.5828257203102112,0.6100606918334961,0.7600911855697632
online_mind2web,b64f938af842f6a1b4489d0e49a785a7,0.9732611775398254,-0.5735275149345398,0.6033459901809692,0.7636825442314148
online_mind2web,eb2db4b769c145dbe6ba4f74f3e0de98,0.9722144603729248,-0.5760647654533386,0.6024373769760132,0.763066291809082
online_mind2web,3dca7cbe7d086619d837ff9f5312cebc,0.9701046943664551,-0.5248417258262634,0.695746898651123,0.6760469079017639
online_mind2web,92a3d4236f167af4afdc08876a902ba6,0.9697222113609314,0.5726343393325806,-0.6308121681213379,-0.7365033030509949
online_mind2web,415bf9da6f3db3a735ecbba3b0c76c15,0.9660981893539429,-0.5689497590065002,0.6248738169670105,0.7368028163909912
online_mind2web,8ae510355d978424f490798f900bfa2c,0.9622345566749573,-0.5848466753959656,0.6169700622558594,0.7384058833122253
online_mind2web,b3f8bd9198d9d157e0848109563c4b23,0.9571985602378845,-0.586848258972168,0.6630795001983643,0.690329372882843
online_mind2web,7c09c2c7c87cf6bb1138701eb54284ea,0.9506555795669556,-0.5780670046806335,0.6476113796234131,0.695949375629425
online_mind2web,fc53ddd3421411a41c1020a3fdc84ec4,0.94863361120224,-0.4851882755756378,0.6673105359077454,0.6742420196533203
online_mind2web,3443e9c3151fef19a3c3a45eb2c13640,0.9486212730407715,-0.5868679881095886,0.621611475944519,0.7165762186050415
online_mind2web,e4e19e04286f644d747d8c5a79d17fac,0.9452266097068787,0.6016380190849304,-0.6096735000610352,-0.7223237156867981
online_mind2web,9af05e392cf3f5a8ff17aa764ba5bda6,0.9442446827888489,-0.5947805643081665,0.6684373021125793,0.6669254302978516
online_mind2web,8f2611047de227a2ca8bda13f6e2e5fb,0.9385104775428772,-0.5347372889518738,0.7024294137954712,0.6224105358123779
online_mind2web,79f0bd7df6e685f30f20025cc6755c0a,0.9337337613105774,-0.5292397141456604,0.5871768593788147,0.7260041832923889
online_mind2web,11857213ca01510f12813740afd59918,0.9304191470146179,-0.5315715670585632,0.6338694095611572,0.681094229221344
online_mind2web,157f4a79d55e8fa3fd55ba772ba40fbc,0.9302511215209961,-0.49009156227111816,0.662651538848877,0.6528859734535217
online_mind2web,b7258ee05d75e6c50673a59914db412e,0.9297253489494324,-0.5456851124763489,0.5907462239265442,0.7179192304611206
online_mind2web,eb323dc584156d0eb3a2b90bb8c4b791,0.9251488447189331,-0.5404372811317444,0.5765460729598999,0.7235295176506042
online_mind2web,0e5536aaad9d3462b06cf725e6ed535a,0.9232028126716614,-0.4908166527748108,0.6429487466812134,0.6625105738639832
online_mind2web,84ef883a37af638c3bcf7561f28ce80a,0.9195578694343567,-0.4914240837097168,0.6993503570556641,0.5970726609230042
online_mind2web,2fc51dd3febd447f0fdcdabca8d944ce,0.9150086641311646,-0.5383421778678894,0.6051576137542725,0.6863126754760742
online_mind2web,5d542a7ec1fa142ba73cc87d970caf39,0.9121248126029968,-0.5010651350021362,0.6500325798988342,0.6398665904998779
online_mind2web,636b07af4dd97c1793733db1fd1b90b8,0.9103732705116272,-0.5426849722862244,0.5865658521652222,0.6962183713912964
online_mind2web,e7301bb694871429bf2eb36c3a72186c,0.9101471900939941,-0.5466572046279907,0.5906895399093628,0.6924260258674622
online_mind2web,9ed3827266b3b804f485859c3d00401e,0.9057136178016663,-0.5035769939422607,0.6334877610206604,0.6473101377487183
online_mind2web,ec78d3a635e417bc2a80d03ca93d7165,0.9025625586509705,-0.4949550926685333,0.6110020875930786,0.6643008589744568
online_mind2web,d730f4ff450da1bd60a836163736ef6a,0.9022064208984375,-0.5495828986167908,0.5917770266532898,0.6810112595558167
online_mind2web,34ccd15a8ea8fd3895af83f5ccf62369,0.8967035412788391,0.5091526508331299,-0.6122522950172424,-0.6551521420478821
online_mind2web,753f372c189d3b306623cb0c65b50320,0.8953359127044678,-0.49902716279029846,0.6111688613891602,0.6542928218841553
online_mind2web,33bd2cdcea4fcc42a09a8a1e4e5841c6,0.8944584131240845,-0.5411605834960938,0.5768393874168396,0.6836023330688477
online_mind2web,c073ac1bcf40f84c599affc97edbc396,0.8935389518737793,-0.5060779452323914,0.6748592853546143,0.5856422185897827
online_mind2web,fd787623166785d84093565bf945fd24,0.8907862305641174,0.5186321139335632,-0.5458272695541382,-0.7039692401885986
online_mind2web,29526b17a32485742b5ab63507e99417,0.888992190361023,0.5252645015716553,-0.5961241722106934,-0.6595021486282349
online_mind2web,367d843c640637745e8fafa741cca13b,0.8825920224189758,-0.5082218050956726,0.5913686752319336,0.655173122882843
online_mind2web,c6c9dc6079677cef594cec2fa6b16602,0.8819485306739807,-0.5077255964279175,0.6230793595314026,0.6241837739944458
online_mind2web,f00e7accfb4a5e09680bdb326e6274ad,0.8816762566566467,0.5039942264556885,-0.6455336809158325,-0.6005325317382812
online_mind2web,64b76158720a69e4a5c31a55d54928bf,0.8766221404075623,-0.5204058289527893,0.49285972118377686,0.724952220916748
online_mind2web,b99c02965196d51e80ac7539e33f335b,0.8690730333328247,-0.42035946249961853,0.6385924220085144,0.5894807577133179
online_mind2web,c03ee2be3d73556ab789c0ad1cbd3451,0.8592574596405029,-0.525334358215332,0.5531120300292969,0.6575639843940735
online_mind2web,1fc28d91d25ccd1c6ba268101326a654,0.8592332601547241,0.5351573824882507,-0.5150993466377258,-0.6877168416976929
online_mind2web,199be0b54a436daee74247971fc684ee,0.853097140789032,-0.4716632664203644,0.6087461113929749,0.5976645350456238
online_mind2web,a0a18ca6a3529f3e97c771aadd42d3a0,0.8523889183998108,-0.46857303380966187,0.5265197157859802,0.6703311800956726
online_mind2web,5dec0e6620849459f29e6465982c597e,0.8516367673873901,-0.5014124512672424,0.5764340162277222,0.626904308795929
online_mind2web,0e42c3a73f2aece1f854e0ba55b7c8b0,0.8491448163986206,-0.5259873270988464,0.5554633140563965,0.6422674059867859
online_mind2web,59b7b990b4828bc305ab0d7ed6071b55,0.847764790058136,-0.5311620235443115,0.48384764790534973,0.6961297392845154
online_mind2web,2218042362d8fae73756eb309848c2b2,0.8424819111824036,-0.5483534932136536,0.5239105224609375,0.6597678065299988
online_mind2web,301f267f421b93045874726183e8f722,0.8397334814071655,-0.5413140654563904,0.5471605658531189,0.6369988918304443
online_mind2web,c1d6ea6f2196d25782cc3646ff3090db,0.8336801528930664,-0.5412053465843201,0.4780973494052887,0.6829681396484375
online_mind2web,64345c365f544375357c7b67917f08a0,0.8319148421287537,-0.48975035548210144,0.5802996158599854,0.5960995554924011
online_mind2web,e43cbc8a0bf9e999884928d11006f894,0.8273194432258606,-0.4749211072921753,0.5242001414299011,0.6400560140609741
online_mind2web,e7f6cca9a8875f98fee3b711ead3a444,0.824298620223999,0.48431429266929626,-0.5809825658798218,-0.5847456455230713
online_mind2web,bb518416a786fdb9b9bbf0c78515595e,0.8178191184997559,-0.4685487151145935,0.5781906843185425,0.5783802270889282
online_mind2web,f27b393bbd2082f92b566270c4b74fe6,0.8073354959487915,-0.46775534749031067,0.61167311668396,0.526921808719635
online_mind2web,c3a333968fc3c43d7f2688f425a0d633,0.8038638830184937,-0.464266836643219,0.5422971248626709,0.5933893918991089
online_mind2web,c577a14301a725e09ccd269a3e0b271e,0.7997854351997375,-0.49741029739379883,0.4708583652973175,0.6464899182319641
online_mind2web,95cad96f2e43f3c0d8efad1331c77c8c,0.7952613830566406,0.46802935004234314,-0.4489128291606903,-0.6564434170722961
online_mind2web,e9f4dfc67e0e6aa37f05f7cc5aa7428c,0.7878972291946411,-0.46921980381011963,0.4976503252983093,0.6108405590057373
online_mind2web,48c73f3f53e2611c4a1052457c1033db,0.7858936786651611,-0.388577938079834,0.58858722448349,0.5207628607749939
online_mind2web,d8e2a81fa621ce4737e5ea85671b630e,0.7787290215492249,-0.40151774883270264,0.5446781516075134,0.5565469861030579
online_mind2web,9829f3087ab1f9c8eba6b6dd2b831d25,0.7761628031730652,-0.4723159372806549,0.5516700744628906,0.5459751486778259
online_mind2web,255bf27c43fd3f9254d6b81a5f36d3a9,0.7693144083023071,-0.4822532832622528,0.5566625595092773,0.5310098528862
online_mind2web,99daaed9a83c266341d28aa40067d376,0.7634609341621399,-0.49186819791793823,0.42365285754203796,0.6351305842399597
online_mind2web,4464a8421f8bc8786524a499258dfad3,0.7633565068244934,-0.4864117205142975,0.45309653878211975,0.614342451095581
online_mind2web,26810ed9c123a62992e3eed31db3c5ee,0.7557424902915955,0.4866136610507965,-0.5268139243125916,-0.5418614745140076
online_mind2web,c2153fc053112e89c2f103869c4d6890,0.7531776428222656,0.4914756417274475,-0.47978508472442627,-0.5805884003639221
online_mind2web,905cb53061c33aa2d77e485fe1fca516,0.7527092099189758,-0.4252200424671173,0.6155318021774292,0.4332340657711029
online_mind2web,43a1ca251f11c6b0bdd0379766cc49e6,0.7480083107948303,-0.5000242590904236,0.4034239947795868,0.6298932433128357
online_mind2web,7072d09436972a5d5fe7476e3e9f1559,0.7402056455612183,-0.42860305309295654,0.4405568242073059,0.5948227047920227
online_mind2web,d1970c16271496cbbe166ecbecc0a1d8,0.7397406697273254,-0.40079787373542786,0.4926011562347412,0.5518698692321777
online_mind2web,f05e87c5b92d9869e08806103c1c15a1,0.7380383610725403,-0.39892491698265076,0.513383150100708,0.5302248001098633
online_mind2web,1c3b747ae12ccee895745f82e3f2ef8a,0.7359364032745361,-0.4333840608596802,0.5751165151596069,0.4591768682003021
online_mind2web,c521933dad9c0ef9f1dfa2f38b8e4405,0.7344717383384705,0.40266409516334534,-0.4929347634315491,-0.5444850921630859
online_mind2web,4f903626f632586fe4728d6664947bab,0.7271504402160645,-0.49425992369651794,0.42039233446121216,0.5933111310005188
online_mind2web,b6d10e9bd19b4009a02dea0e98f4e1ae,0.722326397895813,0.5068878531455994,-0.4306260049343109,-0.5799282193183899
online_mind2web,0a54069a0ef542e571d1fee7f39c93d5,0.7105733752250671,-0.4106719493865967,0.522104024887085,0.48199784755706787
online_mind2web,dd44c665cec1e9c929a4c5f074e7844a,0.7104844450950623,-0.44631412625312805,0.389359712600708,0.5942955017089844
online_mind2web,ade4c09ad3fdb1607209750924cd232f,0.7046897411346436,0.4364457130432129,-0.4091353714466095,-0.5737559199333191
online_mind2web,75146b7b67388b9244e0f21a1527c022,0.7041625380516052,-0.4362580478191376,0.5157030820846558,0.47947388887405396
online_mind2web,28e7574e7bd6d14f36d2988a5ef2bd23,0.7018459439277649,-0.4243329167366028,0.44560831785202026,0.5422369837760925
online_mind2web,9d46ccb915eff39ee1ae1e7328f5f20d,0.7017197012901306,-0.42044347524642944,0.4607164263725281,0.5292928218841553
online_mind2web,a5c87cc1c94a090c9a8dc2c8b6a125d0,0.6981722116470337,-0.4330964684486389,0.45301565527915955,0.5312449932098389
online_mind2web,78baf9dbe7c3532f7d7ef4cc22a7f065,0.6972994804382324,-0.43018755316734314,0.4569522440433502,0.5267078876495361
online_mind2web,ba01ea557b73f864c35ebba0dd6f3cb2,0.6894312500953674,-0.34840068221092224,0.4682652950286865,0.5060069561004639
online_mind2web,47bfe8a7e0e4e7efc837287b407fbe90,0.6876832246780396,-0.4368877708911896,0.42195338010787964,0.5430133938789368
online_mind2web,c00437fd76a7a83b57f3dc4e5dbc41f8,0.6841233372688293,-0.438392698764801,0.45574063062667847,0.5102207660675049
online_mind2web,20a460a8fe1971b84411c5b1e6ac4186,0.6745544075965881,0.4530240595340729,-0.46572378277778625,-0.48798054456710815
online_mind2web,207e933d1bba815bcb58664b5d82c085,0.6731310486793518,-0.4480917751789093,0.46269339323043823,0.4888969361782074
online_mind2web,a11ecdff735b51372d536c866011af6f,0.6723126769065857,0.47210177779197693,-0.3023582994937897,-0.6004863381385803
online_mind2web,f158345f8489e0d1d91e28768c39bca1,0.6632388830184937,-0.46886295080184937,0.4196537733078003,0.5135918259620667
online_mind2web,db1ffb5e60578597d1c3aa3c389ac7b1,0.6605371832847595,-0.47705405950546265,0.30482780933380127,0.5859943628311157
online_mind2web,39c388cdc468688c8139cc2bb5157c13,0.6450557112693787,-0.38885045051574707,0.4171179234981537,0.4920462369918823
online_mind2web,7562d9b4e4829a44245aafce2e1f62db,0.6357572078704834,-0.47637128829956055,0.3902190327644348,0.5019127130508423
online_mind2web,c181f903ec1107b850032c17cad88393,0.6144741177558899,-0.31047323346138,0.44670364260673523,0.4219410717487335
online_mind2web,bb5d90e6f2fbc0ae146f7c1998c2b4a1,0.6047078967094421,-0.4084659814834595,0.3631792366504669,0.483500212430954
online_mind2web,2c8ef01a92c71ba9ef2e59bb17eea2b3,0.6013909578323364,-0.33893901109695435,0.380024254322052,0.4661036729812622
online_mind2web,1aeca99e6a60b0e3aefb3ef212bdce79,0.5955202579498291,-0.31758081912994385,0.3733825087547302,0.4639287292957306
online_mind2web,0059adc6b12a3822305deb68929b2de8,0.5944982171058655,0.4176061749458313,-0.34540531039237976,-0.48386290669441223
online_mind2web,fe33894188d20d7469f37a9fd855e7ff,0.5874327421188354,-0.2582157254219055,0.5323018431663513,0.24845924973487854
online_mind2web,871e7771cecb989972f138ecc373107b,0.5774803757667542,0.43087393045425415,-0.3186272978782654,-0.48162251710891724
online_mind2web,b962927dfe03bf2274a54381127ed433,0.5771401524543762,-0.26455754041671753,0.4231449365615845,0.3924781382083893
online_mind2web,c8d7f2aa7eb5dd074c48c9f76f8659ad,0.5748506784439087,0.39555469155311584,-0.37086203694343567,-0.43922048807144165
online_mind2web,47186fac8e7c7277af01144644eb4e0b,0.571366548538208,-0.3631134331226349,0.2954603433609009,0.48904287815093994
online_mind2web,2532fd402d3c741b79894e6ff2269f53,0.5659559965133667,0.415938138961792,-0.3213018774986267,-0.46590912342071533
online_mind2web,d02d236836924919f35f2438d9ed2374,0.5652536153793335,-0.44554612040519714,0.2775353193283081,0.4924284517765045
online_mind2web,cf757a775fa1224acfc7998489e199a8,0.560313880443573,-0.1958637684583664,0.4774375557899475,0.2932661771774292
online_mind2web,7211af65d266402f99499053924262e9,0.5563994646072388,-0.4310895800590515,0.33311644196510315,0.44566109776496887
online_mind2web,c7c07ec10c668625a21ba64165d719bb,0.5510565042495728,-0.2376280277967453,0.3944445848464966,0.38480743765830994
online_mind2web,330cd04c773ac498f51afa4665461ec8,0.5437291264533997,-0.31742462515830994,0.47273752093315125,0.2686273157596588
online_mind2web,6b5be1764692d1dc8f17dc4375b2daa8,0.5437229871749878,0.35013511776924133,-0.3788817226886749,-0.3899785876274109
online_mind2web,e4e097222d13a2560db6f6892612dab6,0.5410175323486328,-0.3468872904777527,0.40950268507003784,0.3535640835762024
online_mind2web,27fa3ac20745d3d35e89fae157f63069,0.5407209396362305,-0.2782747149467468,0.4344008266925812,0.3219861388206482
online_mind2web,1df24ec81137386d6476bcf343a79012,0.5402836799621582,-0.21791686117649078,0.4750969111919403,0.2572730481624603
online_mind2web,01abae9608f2d8752a83e08f136f720c,0.5375379323959351,-0.2852638065814972,0.40470966696739197,0.3537755608558655
online_mind2web,512fd4deab099b8dc0dcfc0ec48a3c63,0.5345643162727356,-0.2824317514896393,0.3553462028503418,0.39935964345932007
online_mind2web,62c8d970b3d13891f355911e5a8f4030,0.5323922038078308,-0.18592172861099243,0.43513476848602295,0.3067559599876404
online_mind2web,2207bb4f21786690cfed20b37253fb8b,0.5293999314308167,0.44379186630249023,-0.25545772910118103,-0.4636869728565216
online_mind2web,da8f3823a827c7d3a492f383808e7912,0.5180436968803406,-0.3792438507080078,0.2792441248893738,0.4363393187522888
online_mind2web,75a1b5dcd2c28508a971d98d51fe5767,0.513314425945282,0.234409898519516,-0.4472303092479706,-0.2519459128379822
online_mind2web,4091bdd3fa64a5b0d912bc08eaf9c824,0.513014018535614,0.30343446135520935,-0.422031432390213,-0.2916724681854248
online_mind2web,2e4e21cf1449c6894b17d571c47b77ea,0.5124010443687439,-0.3655734956264496,0.3491798937320709,0.3750043511390686
online_mind2web,005be9dd91c95669d6ddde9ae667125c,0.5032785534858704,-0.3032165467739105,0.29361963272094727,0.4087502658367157
online_mind2web,4639a54f3ab549864fd8d60b7398b1e1,0.5014280080795288,-0.37537717819213867,0.33471617102622986,0.37335655093193054
online_mind2web,c94551d2b18f9ad0ab31b0bd98ca42e3,0.49999499320983887,-0.28452828526496887,0.3088932931423187,0.39316654205322266
online_mind2web,987bad7c6d4726d64232a8a1c3386888,0.4991035461425781,-0.22201114892959595,0.3621615767478943,0.3434288203716278
online_mind2web,0b2623e9fa5cea997f76490bcbc5220f,0.4898000955581665,-0.17625762522220612,0.42341578006744385,0.24621780216693878
online_mind2web,1223b07536a87e0170ff87cbbebd1d3c,0.48451465368270874,-0.1641068458557129,0.3815965950489044,0.2985606789588928
online_mind2web,c3307a70bb12ebf56cc9ec926b368f15,0.4833739399909973,0.3374279737472534,-0.29992836713790894,-0.3790690302848816
online_mind2web,16200f51d63f0a47a58fa17acd49e368,0.48283571004867554,0.33026450872421265,-0.39613112807273865,-0.2760624289512634
online_mind2web,f707d765bca668830745d20807d7bee6,0.48061177134513855,-0.25887879729270935,0.35157498717308044,0.32769298553466797
online_mind2web,47b93b9e649eadeb8d96a6e3df715c2d,0.47847840189933777,0.3302574157714844,-0.3788336217403412,-0.2922784090042114
online_mind2web,c39d6c245f8243993e707d54d2f4acec,0.47690102458000183,-0.32056090235710144,0.32723942399024963,0.3469134569168091
online_mind2web,b69eb4de621e9e265676daac44938f3f,0.47085753083229065,-0.3367649018764496,0.29429343342781067,0.3675570487976074
online_mind2web,aafd1fddea1558466ac6133934d35156,0.4677914083003998,-0.2488715499639511,0.33033478260040283,0.3312215805053711
online_mind2web,0a0fa834ce41b5297c6474293383759d,0.4598168432712555,-0.30815887451171875,0.29068294167518616,0.35627931356430054
online_mind2web,50d91eabde542906937ab4c5b6f8f23a,0.4597199857234955,-0.2705308496952057,0.35473865270614624,0.29240885376930237
online_mind2web,0632e496d37badee0350dad358f047c5,0.44538405537605286,0.1942417323589325,-0.34414005279541016,-0.28272706270217896
online_mind2web,9bb63ad0e38d5691a618932a8b31c05a,0.4446665346622467,-0.04231869429349899,0.4396381676197052,0.06668293476104736
online_mind2web,c698ff3fc0f6cbce39947c597ab5749b,0.4438067376613617,0.3708895146846771,-0.21481585502624512,-0.3883536756038666
online_mind2web,87f4c5128e36cdb9366a138a7b61bb00,0.44293010234832764,-0.2526971697807312,0.3503841459751129,0.2709576189517975
online_mind2web,52efbab520734ef9bf7c09ba0f62cdc8,0.4427189230918884,0.2782631516456604,-0.3637380003929138,-0.25237810611724854
online_mind2web,4d3157aab34b54e5f0c4b965dfe930f3,0.44205906987190247,-0.27728044986724854,0.31225594878196716,0.31290963292121887
online_mind2web,8fdec8eeffd3491e6526cc78c028120b,0.43911874294281006,0.34454184770584106,-0.2343577742576599,-0.3713511824607849
online_mind2web,3c1ffc3f494e423b3c434c79e35da8f3,0.42464953660964966,-0.23255543410778046,0.3891146779060364,0.1700499951839447
online_mind2web,a172a5d9ffaf5ef02bd550ec4fe24e6d,0.4199199676513672,0.2875770628452301,-0.21101176738739014,-0.363052099943161
online_mind2web,0b51b4fa0295ae80ccd176ebdad6fff6,0.4193729758262634,-0.29293909668922424,0.26210933923721313,0.3273719251155853
online_mind2web,c577a14301a725e09ccd269a3e0b271e_110325,0.4187951385974884,-0.3008352518081665,0.2543996572494507,0.33267128467559814
online_mind2web,33bd2cdcea4fcc42a09a8a1e4e5841c6_110325,0.41858434677124023,-0.30147597193717957,0.25248849391937256,0.3338598906993866
online_mind2web,2d5a7f95f951a26838289dfd629ae850_110325,0.4168001115322113,-0.2995813488960266,0.252887487411499,0.33131593465805054
online_mind2web,d730f4ff450da1bd60a836163736ef6a_110325,0.41657909750938416,-0.3045746386051178,0.25114706158638,0.332360178232193
online_mind2web,d7c955b47af68e01766fa86d0bee08a7,0.41641324758529663,-0.2156984955072403,0.2771947383880615,0.3107459843158722
online_mind2web,cfafe3771369d1d261e9f7ecd44c296d,0.41611653566360474,-0.29460978507995605,0.24389390647411346,0.33714795112609863
online_mind2web,f2be37a9a60fbc25b6b11cf622d17352_110325,0.4157019257545471,-0.3027825951576233,0.2503725588321686,0.33184584975242615
online_mind2web,e7f6cca9a8875f98fee3b711ead3a444_110325,0.4154837727546692,0.2990548312664032,-0.25132840871810913,-0.3308486044406891
online_mind2web,9c97bab9c2abfb90a426cbe9addae8d0_110325,0.41225072741508484,-0.30045899748802185,0.24774648249149323,0.3295031785964966
online_mind2web,c0fa2c0e622971955cabf5bcf7b777e8,0.4120074212551117,0.3754445016384125,-0.24221830070018768,-0.3332872688770294
online_mind2web,62f1626ce249c31098854f8b38bdd6cf_110325,0.4111599922180176,-0.2993788421154022,0.24776318669319153,0.32812488079071045
online_mind2web,636b07af4dd97c1793733db1fd1b90b8_110325,0.410126268863678,-0.2968083620071411,0.2473365217447281,0.32715165615081787
online_mind2web,4c572a627b53b0f9a734ab37f21819b8,0.4097480773925781,-0.14189037680625916,0.30085229873657227,0.27817508578300476
online_mind2web,3ae28b3c440efe87dc700480b78ac608,0.4096001386642456,-0.19285184144973755,0.39184051752090454,0.11930333077907562
online_mind2web,816851ff92ff0219acf4364dcc2c4692_110325,0.40940141677856445,-0.29666265845298767,0.24580077826976776,0.32740113139152527
online_mind2web,824eb7bb0ef1ce40bfd49c12182d9428_110325,0.4053246080875397,-0.2969730794429779,0.24324551224708557,0.3242216110229492
online_mind2web,3c1ffc3f494e423b3c434c79e35da8f3_110325,0.40530499815940857,0.29290276765823364,-0.2433793991804123,-0.32409659028053284
online_mind2web,a0a18ca6a3529f3e97c771aadd42d3a0_110325,0.40511223673820496,-0.2948996424674988,0.2433595508337021,0.323870450258255
online_mind2web,d1807551297ac60ecaaabbd2a2ed301a,0.4048207402229309,-0.22938941419124603,0.16563169658184052,0.3693859577178955
online_mind2web,26a0e5c21c145dd8448aa92f35bec5ea,0.40459123253822327,0.22366216778755188,-0.30360081791877747,-0.26743337512016296
online_mind2web,e7301bb694871429bf2eb36c3a72186c_110325,0.40406668186187744,-0.2935657501220703,0.2431829571723938,0.3226947784423828
online_mind2web,3adeea7627f4343069f38adae40f73d0_110325,0.4024199843406677,0.2938213348388672,-0.2420063614845276,-0.3215194642543793
online_mind2web,123e8c2fc453f55fadd1d0b9aaf94df4,0.3979169428348541,-0.1417001634836197,0.29706519842147827,0.26474544405937195
online_mind2web,d4fb78b7e74508cd3b33f01cf9200997,0.3877457082271576,-0.3301416337490082,0.1805623322725296,0.3431384265422821
online_mind2web,d9d8b7d84a3f8d057e368254fe8d65e2,0.38736987113952637,-0.2444692850112915,0.23120936751365662,0.31080159544944763
online_mind2web,fa9adb815b85d259f943d81874a052e5,0.37776613235473633,-0.15808245539665222,0.2426571398973465,0.2895250916481018
online_mind2web,816851ff92ff0219acf4364dcc2c4692,0.3759874105453491,-0.29927900433540344,0.22392036020755768,0.30203676223754883
online_mind2web,56f8890a837c49f7df766b9c981646f3,0.37483468651771545,0.2495366930961609,-0.28296759724617004,-0.24582594633102417
online_mind2web,4e3f6a538cc1f7321cfc50260db9545d,0.3698614537715912,0.3682020902633667,-0.07656501978635788,-0.3618498146533966
online_mind2web,bf3b311cc8dce16d3de844f4b5875dfd,0.36570093035697937,0.20078222453594208,-0.34555965662002563,-0.1196899563074112
online_mind2web,4e0f5561a76478da87995dee00b09572,0.3634745478630066,0.2578641474246979,-0.21139121055603027,-0.2956814467906952
online_mind2web,3ec0f6138d37fadcb989347a6088ec45,0.3620460331439972,0.1749459058046341,-0.28000307083129883,-0.22951164841651917
online_mind2web,9586827ad04ee2362f4f0076bf0f0468,0.35638657212257385,0.24513126909732819,-0.2692298889160156,-0.23350942134857178
online_mind2web,070c907d34a4ce71dfdbea38f9c5d4d8,0.34848108887672424,-0.17164109647274017,0.2511342763900757,0.2416001707315445
online_mind2web,05483c50cc9b04c8ac44c574758fb2bd,0.34579265117645264,-0.26718980073928833,0.22074125707149506,0.26616883277893066
online_mind2web,9c97bab9c2abfb90a426cbe9addae8d0,0.3383447825908661,-0.2008105367422104,0.061984989792108536,0.33261847496032715
online_mind2web,cad62d2be0c53f08a416457486b3db23,0.33796456456184387,-0.2228821963071823,0.3066965341567993,0.14197634160518646
online_mind2web,be9e7dca1222714571ef3d7d59d2a41c,0.33777621388435364,-0.2247384488582611,0.08546087145805359,0.32678619027137756
online_mind2web,6174e5ddd40cfbdc33ee1502f40bac39,0.3327506184577942,-0.13072538375854492,0.28462961316108704,0.17236287891864777
online_mind2web,63d6866fc000fcb1f153e07604bd1395,0.33253008127212524,-0.1933300793170929,0.27523118257522583,0.18661201000213623
online_mind2web,271b36efd4346721b5542488ff997042,0.3304459750652313,-0.2801390290260315,0.20681506395339966,0.257724791765213
online_mind2web,6b2cfae0ef25c73d1224b6ab74cb8b63,0.3299615979194641,-0.19393695890903473,0.23434080183506012,0.2322908639907837
online_mind2web,323bd85e3559655d89e5496b951a25e8,0.3293278217315674,0.2840726375579834,-0.1701829433441162,-0.2819478213787079
online_mind2web,dcd26e662a616d373ddd339747c6ce5b,0.32725071907043457,-0.2972729802131653,0.13701458275318146,0.29718688130378723
online_mind2web,502e864440283214e0180645015f568b,0.32048770785331726,-0.2322576493024826,0.19226780533790588,0.2564087510108948
online_mind2web,690d7b4a285fdb1e9dabf973bf46ae4d,0.32033491134643555,-0.14179420471191406,0.22449611127376556,0.2285081297159195
online_mind2web,3adeea7627f4343069f38adae40f73d0,0.30517199635505676,-0.26724469661712646,0.12598444521427155,0.27795299887657166
online_mind2web,354b4ddf048815f8fd4163d0d7e1aaa3,0.3031345009803772,0.23361895978450775,-0.16803738474845886,-0.25229737162590027
online_mind2web,e3ab665e01e7632ce33ac1aeca14aff6,0.30155056715011597,-0.07725711911916733,0.247721329331398,0.17195025086402893
online_mind2web,6ebde509dca8f15c0fa1bd74f071e8d6,0.2944866418838501,-0.17667840421199799,0.27382659912109375,0.10835768282413483
online_mind2web,9b5dfe54a1c14c5c6336bae7374c3bb5,0.29362890124320984,-0.1427587866783142,0.16443698108196259,0.24326615035533905
online_mind2web,5916018d1cad999881018cac1216a692,0.2932615578174591,0.17686185240745544,-0.1942526251077652,-0.2197003960609436
online_mind2web,b922508886ded315c9835457a6eb43ea,0.2924656569957733,-0.15509270131587982,0.14674821496009827,0.2529844343662262
online_mind2web,3084bc225219fcb73dc1cb0f97276c1c,0.286345899105072,-0.2442646622657776,0.13860289752483368,0.2505657970905304
online_mind2web,662ae0f2d3ac851dbcdd245f908277e3,0.2837332487106323,-0.04597681760787964,0.26247960329055786,0.10774511843919754
online_mind2web,bbbc243b4f18a7a897f0bc84e11d293f,0.2807266116142273,0.31710925698280334,-0.17958581447601318,-0.21576926112174988
online_mind2web,547f5729c59d5d12a457a3ebb74c31c6,0.2794486880302429,-0.2354603260755539,0.1802586168050766,0.2135378122329712
online_mind2web,8ea6c3a2ea3f59150619935261a76d19,0.2763221263885498,0.1874881237745285,-0.145931214094162,-0.23464442789554596
online_mind2web,3ef64f34eae59c9fac7ee9a4f18b4a0c,0.2701922059059143,0.28994137048721313,-0.04141013324260712,-0.26700007915496826
online_mind2web,23204728192da9f73197a613d9681c18,0.2690075933933258,0.1875396966934204,-0.25493761897087097,-0.08585972338914871
online_mind2web,8689af4d33ce00bf2cdd8987d3bbfd86,0.268786758184433,-0.11597704142332077,0.13506543636322021,0.23238687217235565
online_mind2web,64345c365f544375357c7b67917f08a0_110325,0.2661546468734741,-0.14052672684192657,0.17769931256771088,0.19814454019069672
online_mind2web,60cbbbd58eb9d28b053aef945f464228,0.25899702310562134,0.20140793919563293,-0.24467390775680542,-0.08493604511022568
online_mind2web,f27c0a7b8b0bb33d37698dff227fc8d7,0.25418564677238464,0.14129915833473206,-0.2209702730178833,-0.12562833726406097
online_mind2web,bc2ce7f206045dd2d322e5695a947219,0.24916818737983704,0.20442429184913635,-0.1983615756034851,-0.15078948438167572
online_mind2web,62f1626ce249c31098854f8b38bdd6cf,0.24172258377075195,-0.08015361428260803,0.19984278082847595,0.13598774373531342
online_mind2web,07bdc595306729a028ba06cc7451a80a,0.24037335813045502,-0.0266471728682518,0.23994231224060059,0.014388950541615486
online_mind2web,9d09bc948462db032bac98968b11b008,0.2382182627916336,0.21743729710578918,-0.06375759094953537,-0.2295275777578354
online_mind2web,180ed2ec377ef3a4af9035a21522091a,0.23549626767635345,-0.0010442864149808884,0.21918299794197083,0.08612377196550369
online_mind2web,3f312ae3efc3c3e90ababe050dd4e7ae,0.2343655228614807,0.19060711562633514,0.09075368940830231,-0.2160809189081192
online_mind2web,26784156ae9859a0dd6c5920eb106f91,0.2300582379102707,0.26789429783821106,-0.1221383810043335,-0.19495899975299835
online_mind2web,7b182a5087347d494b48a29dbc0f1d3e,0.22904323041439056,-0.14834368228912354,0.2002926617860794,0.11110197007656097
online_mind2web,d71be72aa25c3eab8eea47a0e60382e2,0.22792330384254456,-0.06288482248783112,0.14777925610542297,0.17352327704429626
online_mind2web,82eb3bfedd78456a0230b389f4e7a938,0.2242436558008194,0.2114235758781433,-0.07016231119632721,-0.21298466622829437
online_mind2web,2c20d87a046fadcb6ff07ee877bfbf37,0.2219681739807129,0.1515190154314041,0.19263601303100586,-0.11027798801660538
online_mind2web,c09721cc937d4dcfb391a0bc2c574b28,0.22075939178466797,-0.006638164632022381,0.21502673625946045,0.04998210072517395
online_mind2web,5e4e89c9b6fdaee7a41aca5601b82e04,0.2201763093471527,0.22341997921466827,-0.19131842255592346,-0.10897187888622284
online_mind2web,046138801a05ddf56ad94e8672942496,0.21215035021305084,-0.1830821931362152,0.18927434086799622,0.09582795202732086
online_mind2web,9f1cba613830ca1c6a58f9498c06e679,0.2086128145456314,0.13520614802837372,-0.044766418635845184,-0.20375297963619232
online_mind2web,b320c68bffc1f3c7f2a8dc9d5478fb27,0.20834699273109436,0.20184391736984253,-0.13517864048480988,-0.15854085981845856
online_mind2web,bb314cb80f0f8489135cbf59074d11e2,0.20784762501716614,-0.13047559559345245,-0.002214652020484209,0.2078358232975006
online_mind2web,eb323dc584156d0eb3a2b90bb8c4b791_110325,0.2045556604862213,-0.15873970091342926,0.13641457259655,0.1524273008108139
online_mind2web,8f2611047de227a2ca8bda13f6e2e5fb_110325,0.20326146483421326,-0.15304577350616455,0.13830216228961945,0.14895547926425934
online_mind2web,853afd530c72f4b00ffc32ae854efaf8,0.2029499113559723,0.052301738411188126,-0.1978943645954132,-0.045016467571258545
online_mind2web,e43cbc8a0bf9e999884928d11006f894_110325,0.19811253249645233,-0.1521546095609665,0.13088394701480865,0.1487211138010025
online_mind2web,ce616721ce9aeda69890fbccb29677a6,0.19686782360076904,0.2346203774213791,-0.11502201855182648,-0.15977132320404053
online_mind2web,5e1b8254c123c80178cc28e0afdb14f0_110325,0.19658163189888,0.1479664295911789,-0.13427969813346863,-0.1435733288526535
online_mind2web,b7258ee05d75e6c50673a59914db412e_110325,0.19573701918125153,-0.14613613486289978,0.13498875498771667,0.1417427808046341
online_mind2web,9ef1a8972f375db59c0e6329e11b7939,0.19437123835086823,-0.2402544468641281,0.021710220724344254,0.193154975771904
online_mind2web,2c8ef01a92c71ba9ef2e59bb17eea2b3_110325,0.19386596977710724,0.14732584357261658,-0.12897473573684692,-0.1447395235300064
online_mind2web,a69d2934fe54fef165490a5a2d95bf38,0.19217979907989502,-0.17191630601882935,0.1264691799879074,0.14470183849334717
online_mind2web,73d08420706ae205a9c5be28b6d4e80f,0.1885005682706833,0.06664325296878815,-0.17721490561962128,-0.06424439698457718
online_mind2web,d9a8689393effeed75ea0866e44e1def,0.18793779611587524,-0.1106768250465393,-0.18179240822792053,0.04766691476106644
online_mind2web,3dca7cbe7d086619d837ff9f5312cebc_110325,0.1879030168056488,0.14323672652244568,-0.12931863963603973,-0.13632400333881378
online_mind2web,fe33894188d20d7469f37a9fd855e7ff_110325,0.18737047910690308,0.14335523545742035,-0.12812179327011108,-0.13672052323818207
online_mind2web,5c00e9561eae94789443f405525a5869,0.18593470752239227,0.19923855364322662,0.014633800834417343,-0.1853579431772232
online_mind2web,1ab384fb3a791edfb410213cc6b82151_110325,0.1834341138601303,-0.14257214963436127,0.12196780741214752,0.13701069355010986
online_mind2web,246d654fab7c31d9651007e39e75f74f,0.18261653184890747,-0.19310632348060608,0.009966574609279633,0.18234436213970184
online_mind2web,a7a73c8fa75441fc76df9746c327bdd6,0.18057967722415924,-0.15835049748420715,0.14140737056732178,0.11230749636888504
online_mind2web,d8e2a81fa621ce4737e5ea85671b630e_110325,0.17819510400295258,-0.14245907962322235,0.11759106069803238,0.1338874101638794
online_mind2web,bd1e3770b7181f6fce9c35e18caa9785,0.1774480789899826,0.04881468415260315,0.17744773626327515,-0.00034259993117302656
online_mind2web,fb7b4f784cfde003e2548fdf4e8d6b4f,0.17285332083702087,0.19301661849021912,-0.0002630271774251014,-0.17285312712192535
online_mind2web,aa4b5cb7114fcc138ade82b4b9716d24,0.1702241450548172,-0.11247722059488297,0.13972681760787964,0.09722486883401871
online_mind2web,79f0bd7df6e685f30f20025cc6755c0a_110325,0.16661180555820465,-0.1658136248588562,0.0553537979722023,0.1571478545665741
online_mind2web,5e1b8254c123c80178cc28e0afdb14f0,0.16501346230506897,-0.018857760354876518,0.163844034075737,0.019610675051808357
online_mind2web,0170ca95038b05fa58d463fe627ac605,0.16344070434570312,0.10402083396911621,-0.11994945257902145,-0.11101797968149185
online_mind2web,ab6ee3b83aab6cd283320f5e01003cff,0.15991106629371643,-0.03387286141514778,0.0939505398273468,0.12940186262130737
online_mind2web,4c186c6ed888d0c8d4cf4adb39443080,0.15610195696353912,0.1043645441532135,-0.1559688299894333,0.006445516832172871
online_mind2web,7be8cd8dba885cddd9af5320f49bc41b,0.15573453903198242,0.10886070132255554,0.1525750756263733,-0.03121044859290123
online_mind2web,3621b099326c7aebd2e2dac6be3b52d1,0.15555919706821442,0.1405308097600937,0.06645498424768448,-0.1406499147415161
online_mind2web,0a0fa834ce41b5297c6474293383759d_110325,0.15268929302692413,-0.15516799688339233,0.04649996757507324,0.14543649554252625
online_mind2web,f2097f92a10d42a842c14179f422311e,0.15048572421073914,0.1563299596309662,-0.04565909877419472,-0.14339177310466766
online_mind2web,9f1cba613830ca1c6a58f9498c06e679_110325,0.14860457181930542,-0.1547657996416092,0.04239136725664139,0.14242994785308838
online_mind2web,71f8de1834599fba443f40dbbfab8edd,0.1482822149991989,0.18333961069583893,0.003131939098238945,-0.14824913442134857
online_mind2web,7680a920359cb1a508fbddb001b98167,0.14786505699157715,-0.04787733033299446,-0.1090911328792572,0.09981583058834076
online_mind2web,4e801ba102dfaf22c7cf7a126b107609,0.14257436990737915,-0.14781801402568817,0.032232798635959625,0.13888303935527802
online_mind2web,a96fca87a17d792644e736d1d10d3cbe,0.1423317790031433,-0.05069505423307419,-0.14172527194023132,-0.013125735335052013
online_mind2web,864244b6969e0f8733b0eb1ca06cd51f,0.1405104100704193,0.19516468048095703,-0.0743626207113266,-0.11921986192464828
online_mind2web,dd44c665cec1e9c929a4c5f074e7844a_110325,0.14007516205310822,-0.1471623182296753,0.03578384593129158,0.1354273557662964
online_mind2web,11abb668c751dd56bb41f296a8bb3a13,0.13918307423591614,0.15624608099460602,-0.0674826055765152,-0.12172931432723999
online_mind2web,78f397336b6fd1cbba0127db7a8cd502,0.13886931538581848,-0.04526878893375397,-0.10776574164628983,0.08758558332920074
online_mind2web,8f80e64e44e1fada018997b2fe869683,0.1363925337791443,-0.16406996548175812,0.06710793077945709,0.11874109506607056
online_mind2web,b7a9a6b5d451164c09bbd27b670bc2ae,0.13581493496894836,0.01861506514251232,0.09382643550634384,-0.09819518774747849
online_mind2web,515f2e5811cfdd5e0e669e40f17886d8,0.13455386459827423,-0.16486378014087677,-0.023719435557723045,0.13244670629501343
online_mind2web,828c2d98616a9478d5864d847d5a1b28,0.13237375020980835,-0.15642771124839783,0.019524382427334785,0.1309259682893753
online_mind2web,8f80e64e44e1fada018997b2fe869683_110325,0.13186082243919373,0.14231695234775543,-0.02811061590909958,-0.12882961332798004
online_mind2web,9c04b71bb8db6cf8e743b2290cbc8797,0.128789484500885,-0.03627404198050499,-0.1287136822938919,0.004417982883751392
online_mind2web,34992feb69eb8e788faa06868b365c49,0.12630978226661682,-0.0011330798733979464,0.10173722356557846,0.07485785335302353
online_mind2web,a6f0434ce6aff5f9b03681241b03ad82,0.11883068829774857,0.02260725200176239,0.118415467441082,-0.009925215505063534
online_mind2web,e24662008c3be5d56f986f232fcec447,0.11650001257658005,-0.021868929266929626,0.11148231476545334,0.03382229432463646
online_mind2web,bfa2de159be6978acf2702be31a2eeeb,0.11638158559799194,0.024906381964683533,-0.11615323275327682,-0.0072870198637247086
online_mind2web,b4aa7315e31dfcdc52baf7771be260c9,0.11629436165094376,-0.17241056263446808,0.0019218827364966273,0.11627847701311111
online_mind2web,1b867afecf072cb877ebfa4069263746,0.11094345897436142,-0.12412715703248978,-0.04247806593775749,0.10248933732509613
online_mind2web,461ab9b0c7b20ac5f912704480979c65,0.1080634668469429,-0.08976531773805618,0.06385950744152069,0.087176114320755
online_mind2web,b1ce968a361e1088ce8d2ade6c2c9af0,0.10402466356754303,0.03257763013243675,0.07721265405416489,0.0697089433670044
online_mind2web,8103786e0e5976ebf961bd062d5f39cd,0.0984983742237091,-0.09275408834218979,0.026628557592630386,0.09483063220977783
online_mind2web,2d5a7f95f951a26838289dfd629ae850,0.09824110567569733,-0.1008155420422554,0.007102259900420904,0.09798404574394226
online_mind2web,627f7a18d85f29a687234f1ade4585c2,0.08586066216230392,0.021854855120182037,-0.044376879930496216,-0.07350337505340576
online_mind2web,2dd41b1d0e8f389d0683f4a4627abfe6,0.08576612919569016,-0.05677510052919388,0.07827693969011307,0.03505067899823189
online_mind2web,7abdceee212151f187ee1a1744c57606,0.0819564163684845,0.12342055141925812,-0.06342167407274246,-0.051909007132053375
online_mind2web,6ca20f1da01edeb49a7a42c816d8c6fe,0.07795539498329163,0.1534641832113266,-0.07417037338018417,0.023995811119675636
online_mind2web,d392e154c1c6ffbb26e2331c3afafc67,0.07732956856489182,0.04227828606963158,-0.055705610662698746,0.05363531783223152
online_mind2web,442a450e696a96085257db6297891a4d,0.07559658586978912,-0.04649647697806358,0.07170965522527695,0.023928409442305565
online_mind2web,29b7372d5a3884a2ba831af2d117af3c,0.07523880898952484,0.12542420625686646,-0.03169709071516991,-0.06823614984750748
online_mind2web,d1807551297ac60ecaaabbd2a2ed301a_110325,0.07115817070007324,0.00536950770765543,0.06467282772064209,0.029680131003260612
online_mind2web,502e864440283214e0180645015f568b_110325,0.07045192271471024,0.009359616786241531,0.06611605733633041,0.024333924055099487
online_mind2web,65c4030f22fb6eb101acfee4825f1318,0.06309077143669128,0.15261130034923553,0.02167089655995369,-0.05925215035676956
online_mind2web,2fc51dd3febd447f0fdcdabca8d944ce_110325,0.060898102819919586,0.016821445897221565,0.05916566401720047,0.01442231610417366
online_mind2web,6db4a0e346976f2729ba9afcd3208941,0.0603317953646183,-0.07167906314134598,0.06032223999500275,0.0010738251730799675
online_mind2web,11857213ca01510f12813740afd59918_110325,0.057496827095746994,-0.013103597797453403,-0.05426287278532982,-0.019011201336979866
online_mind2web,a8b9edd598561d2de901864d5f40fe67,0.05635452643036842,-0.0036983988247811794,-0.04025621339678764,0.03943691402673721
online_mind2web,15be05973fba714e490cd9c884e4f072,0.05252404138445854,0.008933718316257,0.00022906252706889063,0.05252354219555855
online_mind2web,644a856c3897665e475e0dce50bf217d,0.05102197453379631,0.005980260204523802,0.05101848393678665,-0.0005968667101114988
online_mind2web,38203be65401943aea2179c4c680059a,0.048840828239917755,0.03697437047958374,-0.022292882204055786,0.04345634579658508
online_mind2web,783ce6a3499fa7cf25bc12f8f0ecbbbb,0.04706931486725807,0.025902966037392616,-0.045411281287670135,0.012382877990603447
online_mind2web,608c595eec271fa5dc03506923519994,0.03682413324713707,0.03467661142349243,-0.03612477332353592,0.007142665795981884
online_mind2web,199be0b54a436daee74247971fc684ee_110325,0.0334804430603981,0.002276252256706357,-0.020432032644748688,0.02652304619550705
scicode,72,1.1379313468933105,-0.6831247210502625,0.8288221955299377,0.7797060012817383
scicode,45,1.1376663446426392,-0.6843975782394409,0.8315291404724121,0.7764302492141724
scicode,42,1.1367322206497192,-0.6855502128601074,0.8237157464027405,0.7833596467971802
scicode,46,1.1354544162750244,-0.675453782081604,0.8177116513252258,0.7877845764160156
scicode,60,1.1347849369049072,-0.6796426177024841,0.8219681978225708,0.7823715209960938
scicode,55,1.1344858407974243,-0.6786677837371826,0.8245992064476013,0.779162585735321
scicode,58,1.1340941190719604,-0.6859546899795532,0.8344163298606873,0.7680616974830627
scicode,22,1.1340594291687012,-0.6836631894111633,0.8262788653373718,0.7767587304115295
scicode,48,1.1340235471725464,-0.691379725933075,0.8208427429199219,0.7824491262435913
scicode,5,1.1339452266693115,-0.6901216506958008,0.8233672380447388,0.7796781659126282
scicode,24,1.1336909532546997,-0.7000633478164673,0.8116331696510315,0.7915217876434326
scicode,35,1.1336181163787842,-0.6917803287506104,0.8262126445770264,0.7761846780776978
scicode,76,1.1332675218582153,-0.6804555058479309,0.8292768597602844,0.7723957300186157
scicode,73,1.1332364082336426,-0.6728636622428894,0.8279765248298645,0.7737439274787903
scicode,62,1.1328928470611572,-0.6820787787437439,0.8241133689880371,0.7773565053939819
scicode,21,1.1326203346252441,-0.6774235367774963,0.8289182782173157,0.7718310952186584
scicode,37,1.132270097732544,-0.6824065446853638,0.8240963816642761,0.7764667868614197
scicode,28,1.1319037675857544,-0.6859039068222046,0.8218545317649841,0.7783067226409912
scicode,61,1.1312988996505737,-0.6794396042823792,0.8200962543487549,0.7792811989784241
scicode,52,1.1311405897140503,-0.6812477707862854,0.8242447376251221,0.7746608853340149
scicode,71,1.1308295726776123,-0.6838105916976929,0.8122552633285522,0.7867763042449951
scicode,41,1.1306670904159546,-0.6819247603416443,0.8207232356071472,0.7777026891708374
scicode,57,1.1301630735397339,-0.6824771761894226,0.8190600275993347,0.778722882270813
scicode,54,1.12992262840271,-0.6838141679763794,0.8266236782073975,0.7703365683555603
scicode,75,1.1297110319137573,-0.6810488104820251,0.8199734091758728,0.7771040797233582
scicode,50,1.129679560661316,-0.688211977481842,0.8167359828948975,0.7804602384567261
scicode,40,1.1293314695358276,-0.6780326962471008,0.8162705898284912,0.7804434299468994
scicode,32,1.1291133165359497,-0.6740855574607849,0.8183634877204895,0.7779318690299988
scicode,63,1.1287676095962524,-0.6780917048454285,0.822610080242157,0.7729352712631226
scicode,43,1.1281789541244507,-0.686088502407074,0.8240042924880981,0.7705872654914856
scicode,17,1.1273103952407837,-0.6890509128570557,0.8263671398162842,0.7667765021324158
scicode,79,1.1272059679031372,-0.6807544827461243,0.8098414540290833,0.7840601205825806
scicode,69,1.1270370483398438,-0.6841349005699158,0.8173720240592957,0.7759610414505005
scicode,66,1.1269707679748535,-0.6810235977172852,0.8163939714431763,0.7768937349319458
scicode,67,1.126870036125183,-0.6881399750709534,0.8132478594779968,0.780040979385376
scicode,31,1.1265536546707153,-0.6829002499580383,0.8163662552833557,0.776317834854126
scicode,68,1.1264902353286743,-0.6872602105140686,0.8306872844696045,0.7608803510665894
scicode,26,1.1263335943222046,-0.6952258944511414,0.8146561980247498,0.7777934074401855
scicode,65,1.1263301372528076,-0.69097900390625,0.8205305337905884,0.7715887427330017
scicode,77,1.1260230541229248,-0.6852378845214844,0.8161342144012451,0.7757917642593384
scicode,64,1.1252338886260986,-0.6798366904258728,0.8089423775672913,0.7821531891822815
scicode,13,1.124772310256958,-0.6867800354957581,0.8145848512649536,0.7756058573722839
scicode,9,1.1242014169692993,-0.6754965782165527,0.8105136156082153,0.7790355682373047
scicode,23,1.124056100845337,-0.6871588230133057,0.808358371257782,0.781062662601471
scicode,33,1.1229122877120972,-0.6876468062400818,0.8167228698730469,0.770646333694458
scicode,18,1.1209208965301514,-0.6969397068023682,0.7952260971069336,0.789986789226532
scicode,2,1.1207107305526733,-0.6897410154342651,0.8065085411071777,0.7781621813774109
scicode,34,1.1204813718795776,-0.6936054229736328,0.8043941259384155,0.7800182104110718
scicode,12,1.120450735092163,-0.6902101039886475,0.8081123232841492,0.7761214375495911
scicode,27,1.1202750205993652,-0.6872710585594177,0.8095688223838806,0.7743476629257202
scicode,11,1.1200402975082397,-0.6923118829727173,0.7985972762107849,0.7853232026100159
scicode,59,1.1185722351074219,-0.6969762444496155,0.7901500463485718,0.791749119758606
scicode,39,1.1176975965499878,-0.6813005208969116,0.8157520890235901,0.7640656232833862
scicode,80,1.1176892518997192,-0.6908060908317566,0.8092209696769714,0.770967423915863
scicode,15,0.9477227926254272,-0.5592373609542847,0.6930761933326721,0.6463930010795593
scicode,14,0.9402397871017456,-0.565985381603241,0.6916823983192444,0.6368879675865173
scicode,8,0.8389040231704712,-0.5032036900520325,0.6107380986213684,0.5751164555549622
scicode,30,0.8345386981964111,-0.5327189564704895,0.6084418892860413,0.5711859464645386
scicode,16,0.6814773678779602,-0.42178207635879517,0.4916283190250397,0.4719248414039612
scicode,36,0.6096454858779907,-0.39562177658081055,0.46864330768585205,0.38992446660995483
scicode,25,0.43814778327941895,-0.2713887393474579,0.30620330572128296,0.3133895695209503
scicode,56,0.43620583415031433,-0.26897141337394714,0.3435041904449463,0.2688501477241516
scicode,53,0.39335715770721436,-0.22614699602127075,0.30002665519714355,0.2543891668319702
scicode,20,0.34874045848846436,-0.19191600382328033,0.2746647000312805,0.21489350497722626
scicode,74,0.0856146439909935,0.09285634756088257,-0.0855022594332695,-0.004385244566947222
scienceagentbench,15,0.9826589226722717,-0.6363797783851624,-0.7288305759429932,-0.6591089367866516
scienceagentbench,21,0.978651762008667,-0.6446208357810974,-0.7264897227287292,-0.655722439289093
scienceagentbench,8,0.9785497188568115,-0.6386563777923584,-0.7187343239784241,-0.6640636920928955
scienceagentbench,30,0.9782747030258179,-0.6448641419410706,-0.7263040542602539,-0.6553654074668884
scienceagentbench,59,0.97587651014328,-0.6386643052101135,-0.7258338332176208,-0.6523038148880005
scienceagentbench,61,0.9752059578895569,-0.6315746307373047,-0.7258526086807251,-0.6512792706489563
scienceagentbench,31,0.9745743870735168,-0.6331523060798645,-0.7224135398864746,-0.6541512608528137
scienceagentbench,74,0.9732232689857483,-0.6375392079353333,-0.7290467023849487,-0.6447127461433411
scienceagentbench,29,0.9728829860687256,-0.6396782994270325,-0.7240725159645081,-0.6497848033905029
scienceagentbench,22,0.9713238477706909,-0.6357457637786865,-0.7211957573890686,-0.6506509780883789
scienceagentbench,36,0.9711316823959351,-0.6368017792701721,-0.7219799160957336,-0.6494934558868408
scienceagentbench,65,0.9705738425254822,-0.6334806084632874,-0.7262358069419861,-0.6438906788825989
scienceagentbench,44,0.9704477787017822,-0.6297166347503662,-0.7229408621788025,-0.6473989486694336
scienceagentbench,5,0.9703876972198486,-0.6396950483322144,-0.7180171608924866,-0.6527661681175232
scienceagentbench,64,0.9696908593177795,-0.6380836963653564,-0.7186874151229858,-0.6509905457496643
scienceagentbench,62,0.9695969223976135,-0.6392765045166016,-0.7214127779006958,-0.6478285193443298
scienceagentbench,68,0.9695439338684082,-0.628823459148407,-0.7214887738227844,-0.6476645469665527
scienceagentbench,67,0.9693679213523865,-0.6401453614234924,-0.7159968614578247,-0.6534696817398071
scienceagentbench,10,0.9692714214324951,-0.6364970803260803,-0.7217735052108765,-0.6469389796257019
scienceagentbench,1,0.9692311882972717,-0.635018527507782,-0.7204123735427856,-0.6483942866325378
scienceagentbench,34,0.9691401720046997,-0.6319602131843567,-0.7177655100822449,-0.6511876583099365
scienceagentbench,32,0.9684078693389893,-0.6394463777542114,-0.7185265421867371,-0.6492559909820557
scienceagentbench,37,0.9683338403701782,-0.6318077445030212,-0.7177536487579346,-0.6500001549720764
scienceagentbench,2,0.9682464003562927,-0.6413646936416626,-0.7218529582023621,-0.6453134417533875
scienceagentbench,87,0.9680606126785278,-0.6447269320487976,-0.724506676197052,-0.6420525312423706
scienceagentbench,60,0.9677050113677979,-0.6429073214530945,-0.7172833681106567,-0.64958256483078
scienceagentbench,12,0.9672868847846985,-0.6385025978088379,-0.7237085700035095,-0.6417864561080933
scienceagentbench,9,0.9671105146408081,-0.638953447341919,-0.7210294008255005,-0.6445303559303284
scienceagentbench,43,0.9670647978782654,-0.6334331631660461,-0.7197303771972656,-0.6459121108055115
scienceagentbench,26,0.9669977426528931,-0.6343235373497009,-0.7160916924476624,-0.6498441100120544
scienceagentbench,78,0.9645916819572449,-0.6368623971939087,-0.7184590697288513,-0.6436253786087036
scienceagentbench,95,0.9636895656585693,-0.6368199586868286,-0.7148467302322388,-0.6462907791137695
scienceagentbench,72,0.9627359509468079,-0.6355122923851013,-0.7166443467140198,-0.6428696513175964
scienceagentbench,42,0.8777658343315125,-0.5459519028663635,-0.6426669359207153,-0.5978729724884033
scienceagentbench,35,0.8744311928749084,-0.555311381816864,-0.6404215693473816,-0.5953907370567322
scienceagentbench,70,0.8679744005203247,-0.5712675452232361,-0.6608730554580688,-0.5626956224441528
scienceagentbench,56,0.8672733306884766,-0.5549355745315552,-0.6291947960853577,-0.5968893766403198
scienceagentbench,92,0.8637747168540955,-0.5543083548545837,-0.658851146697998,-0.5585892200469971
scienceagentbench,47,0.8636795878410339,-0.5639146566390991,-0.6397274136543274,-0.5802510976791382
scienceagentbench,25,0.859643280506134,-0.566963791847229,-0.6500065922737122,-0.5625637769699097
scienceagentbench,24,0.8529340028762817,-0.5651220679283142,-0.6458936929702759,-0.5570616722106934
scienceagentbench,63,0.8519982099533081,-0.568301796913147,-0.6453874111175537,-0.5562158226966858
scienceagentbench,101,0.8443365097045898,-0.579815149307251,-0.6585734486579895,-0.5283797383308411
scienceagentbench,85,0.8438410758972168,-0.5699021816253662,-0.6098008155822754,-0.5832758545875549
scienceagentbench,75,0.8412138223648071,-0.5696115493774414,-0.6441379189491272,-0.5410425066947937
scienceagentbench,93,0.7703941464424133,-0.4912724196910858,-0.5618230104446411,-0.5271262526512146
scienceagentbench,52,0.7628516554832458,-0.4918214678764343,-0.5445502996444702,-0.5342355966567993
scienceagentbench,102,0.7609628438949585,-0.49799156188964844,-0.546103298664093,-0.5299392938613892
scienceagentbench,98,0.7607139945030212,-0.489177942276001,-0.5959270000457764,-0.47281786799430847
scienceagentbench,77,0.7533161640167236,-0.49528345465660095,-0.5652351379394531,-0.4979904890060425
scienceagentbench,7,0.7473695874214172,-0.48735490441322327,-0.5888181328773499,-0.4602765738964081
scienceagentbench,94,0.7368522882461548,0.5085155367851257,0.5039357542991638,0.5375872254371643
scienceagentbench,89,0.7361023426055908,-0.491946816444397,-0.5576500296592712,-0.48049259185791016
scienceagentbench,91,0.6714282035827637,-0.43094441294670105,-0.4845365285873413,-0.46480119228363037
scienceagentbench,97,0.6671836376190186,-0.43030306696891785,-0.49340158700942993,-0.44909781217575073
scienceagentbench,86,0.6538684964179993,-0.42845672369003296,-0.472683846950531,-0.4517897665500641
scienceagentbench,54,0.6023103594779968,-0.4645884037017822,-0.4425405263900757,-0.4085776209831238
scienceagentbench,58,0.5704699754714966,-0.38799548149108887,-0.3875417113304138,-0.4186255931854248
scienceagentbench,55,0.5588763356208801,-0.3778285086154938,-0.411004900932312,-0.37870535254478455
scienceagentbench,33,0.5573173761367798,-0.3979736566543579,-0.4109604060649872,-0.37644946575164795
scienceagentbench,57,0.5453758835792542,0.37801995873451233,0.36514389514923096,0.40509846806526184
scienceagentbench,48,0.5358590483665466,-0.39570385217666626,-0.4151983857154846,-0.33875536918640137
scienceagentbench,4,0.5185562372207642,-0.3876928389072418,-0.3956346809864044,-0.33522194623947144
scienceagentbench,84,0.48811739683151245,-0.3131156265735626,-0.3716895282268524,-0.31639453768730164
scienceagentbench,53,0.4849793016910553,0.32368823885917664,0.25576239824295044,0.41205644607543945
scienceagentbench,80,0.47129231691360474,0.31761613488197327,0.32367002964019775,0.34256991744041443
scienceagentbench,45,0.4516860842704773,0.3076040744781494,0.3138856589794159,0.32480165362358093
scienceagentbench,6,0.44522780179977417,-0.3554399013519287,-0.3184291124343872,-0.3111763000488281
scienceagentbench,50,0.4362989366054535,-0.24701978266239166,-0.30377641320228577,-0.313171923160553
scienceagentbench,69,0.4227408170700073,0.2573305368423462,0.27147823572158813,0.32405146956443787
scienceagentbench,49,0.40189293026924133,-0.27120041847229004,-0.3445180654525757,-0.20694254338741302
scienceagentbench,3,0.37828460335731506,0.2760308086872101,0.2120150923728943,0.3132871389389038
scienceagentbench,81,0.37141597270965576,-0.28691354393959045,-0.32626426219940186,-0.17748652398586273
scienceagentbench,51,0.36732107400894165,-0.21492800116539001,-0.3092138171195984,-0.1982715129852295
scienceagentbench,17,0.3592442274093628,-0.30310556292533875,-0.3187095522880554,-0.16577285528182983
scienceagentbench,71,0.35051289200782776,-0.2938685715198517,-0.2522384524345398,-0.2433825135231018
scienceagentbench,27,0.3226627707481384,-0.23732316493988037,-0.3098495304584503,-0.09002518653869629
scienceagentbench,73,0.31870558857917786,0.22157029807567596,0.1587926745414734,0.27632978558540344
scienceagentbench,66,0.304462730884552,-0.22877489030361176,-0.20249801874160767,-0.22735898196697235
scienceagentbench,13,0.27200496196746826,-0.16379792988300323,-0.24930249154567719,-0.1087886244058609
scienceagentbench,88,0.2711377441883087,-0.2644374668598175,-0.2456270009279251,-0.11481748521327972
scienceagentbench,16,0.2503226101398468,-0.1805037260055542,-0.21684131026268005,-0.12506499886512756
scienceagentbench,100,0.23304696381092072,-0.18659207224845886,-0.19484418630599976,-0.12785392999649048
scienceagentbench,28,0.20308129489421844,-0.11744730919599533,-0.19031380116939545,-0.0708707645535469
scienceagentbench,79,0.20009064674377441,0.10836371034383774,0.11064387112855911,0.16671591997146606
scienceagentbench,83,0.19014663994312286,-0.11968202888965607,-0.16311593353748322,-0.09771865606307983
scienceagentbench,96,0.16779695451259613,0.11955486238002777,0.10041779279708862,0.13443244993686676
scienceagentbench,11,0.15461289882659912,0.12339742481708527,0.07187897711992264,0.13688886165618896
scienceagentbench,38,0.15240202844142914,-0.07461238652467728,-0.15011705458164215,-0.0262916162610054
scienceagentbench,99,0.14145541191101074,-0.08704317361116409,-0.13247160613536835,0.0496075339615345
scienceagentbench,41,0.13928578794002533,-0.06478177011013031,-0.10890597850084305,-0.08683326840400696
scienceagentbench,14,0.13357678055763245,-0.0560382679104805,-0.12501153349876404,-0.04706243425607681
scienceagentbench,39,0.11251796782016754,-0.0136702386662364,-0.11242341995239258,0.004611728247255087
scienceagentbench,18,0.11201078444719315,0.07587969303131104,0.03907780721783638,0.10497304797172546
scienceagentbench,90,0.10062330216169357,0.10523906350135803,-0.011741021648049355,0.09993596374988556
scienceagentbench,40,0.09801796823740005,-0.006487722974270582,-0.004753647372126579,-0.09790262579917908
scienceagentbench,76,0.09319467097520828,0.07715442776679993,0.02180793322622776,0.0906071737408638
scienceagentbench,19,0.08186502009630203,0.029947303235530853,-0.047765880823135376,0.06648535281419754
scienceagentbench,23,0.08052395284175873,-0.00910001527518034,-0.08052389323711395,-9.71214976743795e-05
scienceagentbench,82,0.05722369626164436,-0.03133874386548996,-0.05399191007018089,0.018958518281579018
scienceagentbench,20,0.0538204051554203,-0.03379121422767639,-0.033417992293834686,0.042188551276922226
scienceagentbench,46,0.027051210403442383,-0.04830479621887207,-0.01952427066862583,0.018723536282777786
swebench_verified_mini,sphinx-doc__sphinx-9367,1.2659424543380737,0.35195448994636536,0.188175231218338,-1.2518787384033203
swebench_verified_mini,sphinx-doc__sphinx-9230,1.2501299381256104,-0.24093808233737946,0.7777601480484009,-0.9787307381629944
swebench_verified_mini,django__django-12050,1.244789719581604,0.5114638805389404,-0.011048982851207256,-1.244740605354309
swebench_verified_mini,sphinx-doc__sphinx-7757,1.215071678161621,-0.2174292653799057,0.6419631242752075,-1.0316407680511475
swebench_verified_mini,sphinx-doc__sphinx-9698,1.2029063701629639,0.3384332060813904,0.18136952817440033,-1.1891547441482544
swebench_verified_mini,sphinx-doc__sphinx-8269,1.1931999921798706,0.15180519223213196,0.27836644649505615,-1.1602751016616821
swebench_verified_mini,django__django-12708,1.1811467409133911,0.027952510863542557,0.4363464415073395,-1.0975924730300903
swebench_verified_mini,django__django-12209,1.1566966772079468,0.12252216786146164,0.3852951228618622,-1.0906397104263306
swebench_verified_mini,sphinx-doc__sphinx-10466,1.1443798542022705,0.09493868798017502,0.4134969711303711,-1.0670640468597412
swebench_verified_mini,sphinx-doc__sphinx-8475,1.1298984289169312,0.023389099165797234,0.31162285804748535,-1.086076259613037
swebench_verified_mini,sphinx-doc__sphinx-8035,1.108572006225586,-0.2923657298088074,0.6832345724105835,-0.8729963302612305
swebench_verified_mini,django__django-11880,1.106083869934082,0.5432839393615723,-0.14726509153842926,-1.0962364673614502
swebench_verified_mini,django__django-12039,1.099593997001648,-0.10459434986114502,0.5967254042625427,-0.9235938787460327
swebench_verified_mini,django__django-11999,1.0960332155227661,0.2635217010974884,0.2249966859817505,-1.072690725326538
swebench_verified_mini,sphinx-doc__sphinx-9320,1.0853227376937866,0.1825096160173416,0.1618729680776596,-1.073183298110962
swebench_verified_mini,django__django-12713,1.0845673084259033,0.31867715716362,0.1527283489704132,-1.073759913444519
swebench_verified_mini,django__django-12304,1.0835598707199097,-0.33881276845932007,0.7591241002082825,-0.7731963992118835
swebench_verified_mini,sphinx-doc__sphinx-8551,1.0821311473846436,-0.5581870079040527,0.8855801820755005,-0.6218967437744141
swebench_verified_mini,sphinx-doc__sphinx-8721,1.0702428817749023,0.20219723880290985,0.15942351520061493,-1.058302402496338
swebench_verified_mini,django__django-12774,1.0610347986221313,-0.046688731759786606,0.5277513265609741,-0.9204745292663574
swebench_verified_mini,django__django-9296,1.0245312452316284,0.7796050310134888,-0.33533522486686707,-0.9680984020233154
swebench_verified_mini,django__django-12262,1.0170867443084717,0.2410675436258316,0.26882997155189514,-0.980915904045105
swebench_verified_mini,sphinx-doc__sphinx-8548,0.9969115853309631,-0.9084623456001282,0.9887121319770813,-0.12759719789028168
swebench_verified_mini,django__django-11951,0.9739847779273987,0.4479563236236572,0.03396986424922943,-0.9733921885490417
swebench_verified_mini,django__django-11885,0.9671286940574646,-1.0424809455871582,0.9590776562690735,0.12453119456768036
swebench_verified_mini,django__django-12155,0.965086042881012,0.29253825545310974,0.10878264158964157,-0.958935558795929
swebench_verified_mini,django__django-12143,0.9565942287445068,0.3567464351654053,0.0746268481016159,-0.9536788463592529
swebench_verified_mini,sphinx-doc__sphinx-9281,0.9552692770957947,-0.24961905181407928,0.5513582229614258,-0.7800920009613037
swebench_verified_mini,sphinx-doc__sphinx-8265,0.9460835456848145,-0.8737403154373169,0.9384549856185913,-0.1199013963341713
swebench_verified_mini,sphinx-doc__sphinx-9229,0.9374182820320129,-1.0868024826049805,0.9144802093505859,0.20610426366329193
swebench_verified_mini,sphinx-doc__sphinx-7590,0.932723343372345,-1.1085898876190186,0.899591326713562,0.24639062583446503
swebench_verified_mini,sphinx-doc__sphinx-9461,0.9323829412460327,-0.933225154876709,0.9310258626937866,-0.05028749257326126
swebench_verified_mini,django__django-12406,0.9227944612503052,-1.1165043115615845,0.8845235705375671,0.26299741864204407
swebench_verified_mini,sphinx-doc__sphinx-8056,0.9115066528320312,-1.1031091213226318,0.8818330764770508,0.23068340122699738
swebench_verified_mini,sphinx-doc__sphinx-7748,0.9114207029342651,-1.10378897190094,0.8803603053092957,0.2359098345041275
swebench_verified_mini,sphinx-doc__sphinx-7985,0.8925577998161316,-1.1140304803848267,0.8621543049812317,0.23097503185272217
swebench_verified_mini,sphinx-doc__sphinx-11510,0.8855525851249695,-1.0276731252670288,0.8788350224494934,0.1088685467839241
swebench_verified_mini,sphinx-doc__sphinx-10435,0.8794461488723755,-0.9734145998954773,0.8782365322113037,-0.04610956832766533
swebench_verified_mini,sphinx-doc__sphinx-10323,0.8744720220565796,-0.37434762716293335,0.5618874430656433,-0.6700625419616699
swebench_verified_mini,sphinx-doc__sphinx-10673,0.8692718744277954,-0.44635576009750366,0.7372696399688721,-0.4605073928833008
swebench_verified_mini,django__django-12273,0.8567455410957336,-1.0499271154403687,0.8416561484336853,0.16008709371089935
swebench_verified_mini,django__django-12308,0.833087682723999,-0.7420977354049683,0.7807833552360535,-0.2905382513999939
swebench_verified_mini,django__django-12325,0.8157010078430176,-0.7976289987564087,0.8043100833892822,-0.13584330677986145
swebench_verified_mini,django__django-12276,0.7887586355209351,0.47283369302749634,-0.11349412053823471,-0.7805506587028503
swebench_verified_mini,django__django-11815,0.7279813885688782,0.02395252324640751,0.23066703975200653,-0.6904705762863159
swebench_verified_mini,sphinx-doc__sphinx-8638,0.6469346284866333,-0.7622432112693787,0.6451729536056519,-0.04771013557910919
swebench_verified_mini,django__django-11848,0.6352502703666687,-0.33714771270751953,0.4643988609313965,-0.43344739079475403
swebench_verified_mini,django__django-11964,0.5928929448127747,-0.6569924354553223,0.5375843644142151,-0.25005024671554565
swebench_verified_mini,django__django-12193,0.5034518241882324,-0.549127459526062,0.4600634276866913,-0.20446358621120453
swebench_verified_mini,django__django-11790,0.39149466156959534,-0.30568867921829224,0.3001534342765808,-0.2513483464717865
taubench_airline,26,0.9310663938522339,-0.4629128873348236,0.7205334901809692,-0.5896745920181274
taubench_airline,31,0.8805643916130066,-0.2928845286369324,0.6991428732872009,-0.5353437066078186
taubench_airline,44,0.8209002017974854,-0.056622859090566635,0.4687086045742035,-0.6739357709884644
taubench_airline,28,0.7834900617599487,-0.8089097142219543,0.669430136680603,-0.40708717703819275
taubench_airline,11,0.7725910544395447,-0.17500969767570496,0.5154851675033569,-0.5754754543304443
taubench_airline,34,0.6731474995613098,-0.3028436303138733,0.5756171345710754,-0.34898775815963745
taubench_airline,22,0.6657810807228088,-0.8231472969055176,0.5655543208122253,-0.35130152106285095
taubench_airline,29,0.6657235622406006,0.05889652669429779,0.4466702938079834,-0.4936330020427704
taubench_airline,1,0.6459857225418091,0.5566368103027344,0.4072208106517792,-0.5014666318893433
taubench_airline,4,0.6445780396461487,0.25625792145729065,0.34094926714897156,-0.5470232367515564
taubench_airline,33,0.6357449889183044,-0.6024148464202881,0.5756025314331055,-0.2699137032032013
taubench_airline,47,0.6193196773529053,-0.2462240308523178,0.5402927994728088,-0.30272188782691956
taubench_airline,20,0.6108448505401611,0.047128599137067795,0.25486329197883606,-0.5551361441612244
taubench_airline,10,0.5826098322868347,-0.6917867064476013,0.25926491618156433,-0.5217431783676147
taubench_airline,30,0.5764786601066589,-0.17398318648338318,0.2053437978029251,-0.5386664867401123
taubench_airline,32,0.5674460530281067,-0.8060243129730225,0.5129712820053101,-0.2426014095544815
taubench_airline,5,0.5626662969589233,-0.09817074239253998,0.3682310879230499,-0.4254400432109833
taubench_airline,23,0.5312921404838562,-1.0129148960113525,0.4302259683609009,-0.3117321729660034
taubench_airline,16,0.5280895233154297,-0.46423572301864624,0.43599653244018555,-0.2979690432548523
taubench_airline,0,0.5120978355407715,0.10685239732265472,0.2557193338871002,-0.4436798095703125
taubench_airline,36,0.5039733052253723,0.47872263193130493,0.2927621304988861,-0.4102187752723694
taubench_airline,6,0.48589643836021423,0.1775735318660736,0.25570449233055115,-0.41317135095596313
taubench_airline,3,0.4847560226917267,-0.6427460312843323,0.3598215878009796,-0.3248335123062134
taubench_airline,27,0.4741766154766083,-0.4987889230251312,0.42179474234580994,-0.2166394740343094
taubench_airline,48,0.47063198685646057,0.2937338948249817,0.4418981075286865,-0.16192755103111267
taubench_airline,49,0.42538174986839294,0.665608286857605,0.29373377561569214,-0.3076850473880768
taubench_airline,21,0.4114246368408203,-0.022904807701706886,0.40461671352386475,-0.07453551143407822
taubench_airline,24,0.4109989404678345,0.2906816005706787,0.392986923456192,-0.12033871561288834
taubench_airline,9,0.3999994993209839,-1.275390863418579,0.3499760925769806,-0.19369135797023773
taubench_airline,25,0.39299851655960083,-1.2846314907073975,0.3431316316127777,-0.1915946751832962
taubench_airline,41,0.3689577281475067,0.4667753577232361,0.14657434821128845,-0.3385937809944153
taubench_airline,14,0.36071234941482544,0.21950078010559082,0.1517924666404724,-0.32721927762031555
taubench_airline,45,0.3584069311618805,-0.9805201292037964,0.2749458849430084,-0.2299136221408844
taubench_airline,7,0.3534025549888611,0.40937989950180054,0.11673422157764435,-0.3335663080215454
taubench_airline,8,0.3500262200832367,-0.9966067671775818,0.19978845119476318,-0.287407249212265
taubench_airline,2,0.3441790044307709,-1.222957730293274,0.28042468428611755,-0.19955243170261383
taubench_airline,38,0.3118620812892914,0.7166951298713684,0.15661977231502533,-0.2696816623210907
taubench_airline,46,0.27989694476127625,-0.49180683493614197,-0.12567245960235596,0.25009745359420776
taubench_airline,12,0.2507641315460205,0.9162988662719727,0.12869854271411896,-0.21521927416324615
taubench_airline,19,0.2479953020811081,-1.2329235076904297,0.23097175359725952,-0.09029791504144669
taubench_airline,42,0.2372058629989624,1.0209323167800903,0.12298526614904404,-0.20283305644989014
taubench_airline,35,0.23398101329803467,0.4604046642780304,0.03421082720160484,-0.23146648705005646
taubench_airline,43,0.1970404088497162,0.679047703742981,-0.16903351247310638,0.10125510394573212
taubench_airline,15,0.16510982811450958,-0.44493547081947327,0.13250502943992615,0.09850721806287766
taubench_airline,37,0.1476777344942093,0.24135582149028778,-0.1475323885679245,0.006550222635269165
taubench_airline,18,0.14580462872982025,0.6510037779808044,-0.015322597697377205,-0.1449972689151764
taubench_airline,39,0.13800479471683502,-0.1831723153591156,0.03492911905050278,-0.13351134955883026
taubench_airline,13,0.08680729568004608,0.16705259680747986,0.009896811097860336,-0.08624128997325897
taubench_airline,17,0.06030848249793053,-0.6261126399040222,0.006127860397100449,0.0599963515996933
taubench_airline,40,0.054037611931562424,-0.09469416737556458,0.010355766862630844,-0.05303604155778885
usaco,547_bronze_trapped_in_the_haybales_(bronze),0.7443019151687622,-0.3289453983306885,0.5318836569786072,-0.5206583738327026
usaco,94_bronze_hay_bales,0.7440425753593445,-0.3175051808357239,0.525762140750885,-0.5264727473258972
usaco,925_platinum_moorio_kart,0.7436287999153137,-0.3188280761241913,0.5243752598762512,-0.5272707343101501
usaco,417_silver_mooo_moo,0.7425312995910645,-0.31947407126426697,0.5223921537399292,-0.5276923179626465
usaco,916_bronze_the_great_revegetation,0.7424324154853821,-0.3234975039958954,0.5259063243865967,-0.5240500569343567
usaco,1278_silver_find_and_replace,0.7421098947525024,-0.31792691349983215,0.52359539270401,-0.5259039998054504
usaco,763_silver_milk_measurement,0.7420151233673096,-0.32152485847473145,0.52054762840271,-0.5287878513336182
usaco,343_silver_farmer_john_has_no_large_brown_cow,0.7419102191925049,-0.31738603115081787,0.5222653150558472,-0.5269438028335571
usaco,281_bronze_haywire,0.7416792511940002,-0.3169237971305847,0.5234043002128601,-0.5254864692687988
usaco,1179_bronze_herdle,0.7407270073890686,-0.32224512100219727,0.5224723219871521,-0.5250706672668457
usaco,787_silver_rental_service,0.7406017184257507,-0.3195797801017761,0.5249470472335815,-0.5224189162254333
usaco,1181_bronze_drought,0.7404990196228027,-0.32070162892341614,0.5240733027458191,-0.5231500267982483
usaco,108_silver_mountain_climbing,0.7392985820770264,-0.31556329131126404,0.5214095711708069,-0.5241129994392395
usaco,103_bronze_gifts,0.7391538023948669,-0.3191392421722412,0.5249122381210327,-0.5203993320465088
usaco,1232_silver_cow_operations,0.7390580773353577,-0.32185500860214233,0.5268617272377014,-0.5182890892028809
usaco,738_silver_paired_up,0.7389987111091614,-0.32232770323753357,0.5213132500648499,-0.5237858295440674
usaco,226_silver_painting_the_fence,0.7387306690216064,-0.32182350754737854,0.5236615538597107,-0.5210581421852112
usaco,1299_bronze_hungry_cow,0.7386823892593384,-0.32360178232192993,0.527233362197876,-0.5173747539520264
usaco,1038_silver_social_distancing,0.7386117577552795,-0.31931841373443604,0.5179575681686401,-0.5265617966651917
usaco,993_gold_time_is_mooney,0.7385134696960449,-0.320115864276886,0.5214067101478577,-0.5230078101158142
usaco,919_silver_painting_the_barn,0.7384828329086304,-0.31490668654441833,0.528298020362854,-0.5160020589828491
usaco,791_gold_stamp_painting,0.7384712100028992,-0.3167383074760437,0.521651566028595,-0.5227038860321045
usaco,136_silver_running_laps,0.7383832931518555,-0.32220420241355896,0.5246521234512329,-0.5195671319961548
usaco,857_bronze_back_and_forth,0.7383556962013245,-0.318712443113327,0.5214565396308899,-0.5227352976799011
usaco,430_bronze_odometer,0.7383233904838562,-0.321001261472702,0.5229073762893677,-0.5212382078170776
usaco,553_gold_palindromic_paths,0.7382743954658508,-0.32081368565559387,0.5266059041023254,-0.5174314379692078
usaco,766_gold_barn_painting,0.7382240891456604,-0.31626108288764954,0.5210843086242676,-0.522920548915863
usaco,192_silver_balanced_cow_breeds,0.7381515502929688,-0.32006534934043884,0.520849883556366,-0.5230517387390137
usaco,940_bronze_milk_factory,0.7380316853523254,-0.3166976869106293,0.5194324254989624,-0.5242906808853149
usaco,93_gold_cow_steeplechase,0.7376943826675415,-0.3162064850330353,0.5218625068664551,-0.5213948488235474
usaco,1131_bronze_acowdemia_i,0.7376020550727844,-0.3200661838054657,0.5215522050857544,-0.5215746164321899
usaco,550_silver_trapped_in_the_haybales_(silver),0.7375787496566772,-0.3193904757499695,0.5228680968284607,-0.5202224850654602
usaco,831_bronze_team_tic_tac_toe,0.7375081181526184,-0.3249199092388153,0.5245814323425293,-0.5183941721916199
usaco,1063_silver_rectangular_pasture,0.737461268901825,-0.31963014602661133,0.5205087065696716,-0.5224172472953796
usaco,760_bronze_the_bovine_shuffle,0.7373778223991394,-0.3166198134422302,0.5207952857017517,-0.522013783454895
usaco,1262_platinum_palindromes,0.737201452255249,-0.31360530853271484,0.5207138061523438,-0.521845817565918
usaco,1230_silver_visits,0.7371441721916199,-0.3201141655445099,0.5274179577827454,-0.5149872899055481
usaco,1251_bronze_cow_college,0.7369801998138428,-0.31780532002449036,0.5205340385437012,-0.5217126607894897
usaco,988_bronze_photoshoot,0.7369394898414612,-0.31528252363204956,0.5178082585334778,-0.5243609547615051
usaco,101_gold_simplifying_the_farm,0.7369069457054138,-0.31534403562545776,0.5210395455360413,-0.5211042165756226
usaco,1114_gold_modern_art_3,0.7368553280830383,-0.3190652132034302,0.5202714800834656,-0.5217981338500977
usaco,898_gold_sleepy_cow_sorting,0.7367262840270996,-0.313729852437973,0.5216144919395447,-0.520272970199585
usaco,640_bronze_bull_in_a_china_shop,0.7364615797996521,-0.3182317018508911,0.5170937180519104,-0.524394690990448
usaco,1259_gold_strongest_friendship_group,0.7364066243171692,-0.3192042112350464,0.5189075469970703,-0.5225224494934082
usaco,431_bronze_fair_photography,0.7363153100013733,-0.31688830256462097,0.5204877853393555,-0.5208193063735962
usaco,818_platinum_cow_gymnasts,0.736278235912323,-0.32092100381851196,0.5165889263153076,-0.5246346592903137
usaco,924_platinum_cow_dating,0.7361947894096375,-0.3231930732727051,0.5233573913574219,-0.5177642703056335
usaco,112_bronze_rope_folding,0.7361622452735901,-0.3179500997066498,0.5217331647872925,-0.5193547606468201
usaco,648_platinum_262144,0.7361277341842651,-0.3198113441467285,0.5186387300491333,-0.5223962664604187
usaco,1209_gold_redistributing_gifts,0.7360981702804565,-0.3171738386154175,0.5190204381942749,-0.5219754576683044
usaco,739_silver_bovine_genomics,0.7360043525695801,-0.3154727518558502,0.5151858925819397,-0.5256290435791016
usaco,228_silver_party_invitations,0.7359845042228699,-0.3190530240535736,0.5185433030128479,-0.5222892165184021
usaco,365_gold_optimal_milking,0.7359695434570312,-0.31776365637779236,0.5201888084411621,-0.5206292271614075
usaco,340_bronze_combination_lock,0.7359679937362671,-0.31934523582458496,0.5190324187278748,-0.5217798948287964
usaco,894_silver_grass_planting,0.7358602285385132,-0.31716224551200867,0.5192943811416626,-0.5213671326637268
usaco,1014_silver_swapity_swapity_swap,0.7358157634735107,-0.3244507908821106,0.5251173377037048,-0.5154383182525635
usaco,1109_bronze_clockwise_fence,0.7357171177864075,-0.31274425983428955,0.5184869766235352,-0.5219683051109314
usaco,1085_bronze_just_stalling,0.7357168197631836,-0.3133924901485443,0.5185585618019104,-0.5218967795372009
usaco,1067_gold_square_pasture,0.7356106638908386,-0.32064059376716614,0.5194768309593201,-0.5208328366279602
usaco,1108_bronze_comfortable_cows,0.7355342507362366,-0.3167605400085449,0.5204553008079529,-0.5197469592094421
usaco,189_bronze_horseshoes,0.7355179190635681,-0.3195834159851074,0.5194211602210999,-0.5207573771476746
usaco,360_bronze_wormholes,0.7353602647781372,-0.32152366638183594,0.5192896127700806,-0.5206658840179443
usaco,263_silver_farm_painting,0.7352756261825562,-0.3136228621006012,0.5188493132591248,-0.5209852457046509
usaco,794_platinum_sprinklers,0.7351728677749634,-0.31604281067848206,0.517952024936676,-0.5217325091362
usaco,896_silver_mountain_view,0.7351298928260803,-0.3184558153152466,0.5200276970863342,-0.51960289478302
usaco,1229_bronze_alchemy,0.7350789308547974,-0.31307312846183777,0.5182203650474548,-0.5213335752487183
usaco,413_bronze_the_lazy_cow,0.7350114583969116,-0.3182670772075653,0.5189852714538574,-0.5204768180847168
usaco,117_silver_relocation,0.7350070476531982,-0.3135633170604706,0.5182758569717407,-0.5211770534515381
usaco,127_gold_large_banner,0.7349879145622253,-0.317333847284317,0.5196920037269592,-0.5197378993034363
usaco,381_silver_recording_the_moolympics,0.7349845170974731,-0.32044216990470886,0.5175387859344482,-0.5218772292137146
usaco,915_bronze_sleepy_cow_herding,0.7348511219024658,-0.31717097759246826,0.5189564824104309,-0.520279049873352
usaco,210_silver_milk_routing,0.7345832586288452,-0.3187224864959717,0.5169230103492737,-0.5219225287437439
usaco,761_bronze_milk_measurement,0.7345346808433533,-0.3150968551635742,0.5182596445083618,-0.5205267667770386
usaco,1182_silver_searching_for_soulmates,0.7344236373901367,-0.3169058561325073,0.5215413570404053,-0.5170809626579285
usaco,105_bronze_grazing_patterns,0.7344010472297668,-0.31694453954696655,0.517970860004425,-0.520625650882721
usaco,1212_platinum_paint_by_rectangles,0.7343099117279053,-0.31297749280929565,0.5174509286880493,-0.5210140347480774
usaco,1040_silver_the_moo_particle,0.7342799305915833,-0.32217392325401306,0.5215416550636292,-0.5168765187263489
usaco,225_bronze_liars_and_truth_tellers,0.7342386841773987,-0.31567245721817017,0.5201053619384766,-0.5182632803916931
usaco,835_silver_lemonade_line,0.7342305183410645,-0.31754693388938904,0.5175397396087646,-0.5208138227462769
usaco,1231_silver_subset_equality,0.7340590953826904,-0.3142242431640625,0.5156958103179932,-0.5223989486694336
usaco,1227_bronze_photoshoot,0.7340284585952759,-0.31970709562301636,0.5214986205101013,-0.5165626406669617
usaco,98_silver_roadblock,0.7339103817939758,-0.3167164623737335,0.5178278088569641,-0.5200756788253784
usaco,1112_silver_just_green_enough,0.7338842749595642,-0.31853365898132324,0.515352189540863,-0.5224924087524414
usaco,261_bronze_breed_assignment,0.733879566192627,-0.31494849920272827,0.5172915458679199,-0.5205657482147217
usaco,860_silver_mooyo_mooyo,0.7338149547576904,-0.31474563479423523,0.5174826979637146,-0.5202845931053162
usaco,545_bronze_moocryption,0.7337946891784668,-0.31346598267555237,0.5163140892982483,-0.5214157700538635
usaco,945_gold_snakes,0.733742892742157,-0.31772100925445557,0.5183623433113098,-0.5193063616752625
usaco,1138_gold_portals,0.7337391972541809,-0.31320369243621826,0.514989972114563,-0.5226457118988037
usaco,347_gold_line_of_sight,0.7335402965545654,-0.31829634308815,0.5150132775306702,-0.5223435163497925
usaco,815_gold_taming_the_herd,0.7335357069969177,-0.31702721118927,0.51832115650177,-0.5190547108650208
usaco,918_silver_sleepy_cow_herding,0.7334983944892883,-0.31604278087615967,0.5185437202453613,-0.5187796354293823
usaco,249_gold_route_design,0.7334858179092407,-0.3149651885032654,0.5163071751594543,-0.520987868309021
usaco,1157_bronze_walking_home,0.7334257364273071,-0.3141134977340698,0.5165627002716064,-0.5206499099731445
usaco,967_silver_meetings,0.7334251403808594,-0.3171096742153168,0.5160999298095703,-0.5211077332496643
usaco,997_platinum_non-decreasing_subsequences,0.7334200739860535,-0.3144632875919342,0.5192842483520508,-0.5179275274276733
usaco,1188_platinum_minimizing_haybales,0.7334165573120117,-0.3194084167480469,0.5241702795028687,-0.5129769444465637
usaco,344_silver_crowded_cows,0.733365535736084,-0.31691762804985046,0.5191142559051514,-0.5180206298828125
usaco,1326_silver_milk_sum,0.7333632707595825,-0.31856727600097656,0.5189486145973206,-0.5181833505630493
usaco,939_bronze_bucket_brigade,0.7332932353019714,-0.3158581256866455,0.5197284817695618,-0.5173019170761108
usaco,1228_bronze_counting_liars,0.7332757115364075,-0.31649303436279297,0.5192538499832153,-0.517753541469574
usaco,1333_platinum_good_bitstrings,0.7332674860954285,-0.31268075108528137,0.5171445608139038,-0.5198487639427185
usaco,1303_silver_cow-libi,0.7332471013069153,-0.31666043400764465,0.513769268989563,-0.5231562256813049
usaco,786_silver_lifeguards,0.7332385778427124,-0.3139646649360657,0.5177300572395325,-0.5192247629165649
usaco,1301_bronze_watching_mooloo,0.7332214713096619,-0.3108302056789398,0.516413152217865,-0.5205105543136597
usaco,190_silver_clumsy_cows,0.7331857085227966,-0.31493622064590454,0.5188010334968567,-0.518079936504364
usaco,856_bronze_the_bucket_list,0.7331781387329102,-0.3176007568836212,0.5189291834831238,-0.5179408192634583
usaco,1328_silver_pareidolia,0.7330943942070007,-0.3207186758518219,0.5201842784881592,-0.5165614485740662
usaco,785_bronze_out_of_place,0.7330593466758728,-0.31680312752723694,0.5183466076850891,-0.5183559060096741
usaco,377_bronze_bessie_slows_down,0.7330402135848999,-0.3130515217781067,0.5162816643714905,-0.5203856229782104
usaco,1156_bronze_air_cownditioning,0.7330222129821777,-0.3243204653263092,0.5213682651519775,-0.5152637362480164
usaco,1327_silver_field_day,0.7330220341682434,-0.31640002131462097,0.5167444944381714,-0.5199004411697388
usaco,1300_bronze_stamp_grid,0.7330116033554077,-0.31529495120048523,0.5172865986824036,-0.519346296787262
usaco,412_bronze_reordering_the_cows,0.7329691052436829,-0.32153838872909546,0.5172312259674072,-0.5193414688110352
usaco,546_bronze_bessie_gets_even,0.7329644560813904,-0.3271370530128479,0.5267448425292969,-0.5096830129623413
usaco,396_bronze_secret_code,0.7329623699188232,-0.3167360723018646,0.5171470642089844,-0.5194157361984253
usaco,865_platinum_sort_it_out,0.7328797578811646,-0.3175073266029358,0.5172104835510254,-0.5192359685897827
usaco,1325_bronze_rotate_and_shift,0.7328765988349915,-0.31833988428115845,0.5167191028594971,-0.5197206139564514
usaco,1113_gold_stone_game,0.7328317761421204,-0.31673943996429443,0.5173457264900208,-0.5190334916114807
usaco,861_gold_fine_dining,0.7328223586082458,-0.31865349411964417,0.5183426141738892,-0.5180246829986572
usaco,209_silver_wifi_setup,0.7327714562416077,-0.31615909934043884,0.515411376953125,-0.5208696126937866
usaco,548_bronze_palindromic_paths_(bronze),0.7327512502670288,-0.31455397605895996,0.5188734531402588,-0.5173922181129456
usaco,1155_bronze_lonely_photo,0.7327452301979065,-0.3142920136451721,0.5173191428184509,-0.5189378261566162
usaco,128_gold_haybale_restacking,0.732709527015686,-0.3211064040660858,0.5156689286231995,-0.5205274224281311
usaco,969_gold_milk_pumping,0.7326950430870056,-0.3190503716468811,0.5163716077804565,-0.5198099613189697
usaco,1064_silver_stuck_in_a_rut,0.7326850295066833,-0.3144855201244354,0.5151686668395996,-0.5209881067276001
usaco,1011_bronze_triangles,0.7326835989952087,-0.3213256597518921,0.5194866061210632,-0.5166807174682617
usaco,88_silver_cow_beauty_pageant_(silver_level),0.7326604127883911,-0.3167230784893036,0.5185497403144836,-0.5175880789756775
usaco,767_gold_haybale_feast,0.7326591610908508,-0.318523108959198,0.5164995193481445,-0.5196322202682495
usaco,395_bronze_auto-complete,0.7326435446739197,-0.31712642312049866,0.5193753838539124,-0.5167356133460999
usaco,394_bronze_mirror_field,0.7326303124427795,-0.3165835738182068,0.5154781937599182,-0.5206048488616943
usaco,647_gold_248,0.7326018810272217,-0.31919920444488525,0.5199606418609619,-0.5160876512527466
usaco,362_silver_vacation_planning,0.7325664162635803,-0.31361308693885803,0.5131964087486267,-0.5227647423744202
usaco,855_bronze_mixing_milk,0.7325270771980286,-0.31275343894958496,0.5159914493560791,-0.5199507474899292
usaco,789_gold_mootube,0.7324858903884888,-0.3236037790775299,0.5199332237243652,-0.5159506797790527
usaco,1037_bronze_cowntact_tracing,0.7324810028076172,-0.316324919462204,0.518953800201416,-0.5169287919998169
usaco,788_silver_mootube,0.7324151396751404,-0.3159497082233429,0.5171756744384766,-0.5186147093772888
usaco,764_silver_the_bovine_shuffle,0.7323896288871765,-0.3176625669002533,0.5138112902641296,-0.5219123959541321
usaco,1012_bronze_mad_scientist,0.7323462963104248,-0.31490132212638855,0.5175486207008362,-0.5181452035903931
usaco,1281_gold_find_and_replace,0.732300341129303,-0.31822362542152405,0.5174816846847534,-0.5181472301483154
usaco,378_bronze_balanced_teams,0.7322803735733032,-0.3179442286491394,0.5164114832878113,-0.5191856622695923
usaco,243_bronze_perimeter,0.7321195602416992,-0.31447288393974304,0.5166975855827332,-0.5186739563941956
usaco,987_bronze_word_processor,0.7320746779441833,-0.31933537125587463,0.5171723365783691,-0.5181371569633484
usaco,91_gold_above_the_median,0.7320660948753357,-0.3176708221435547,0.5209531784057617,-0.514323353767395
usaco,1062_silver_cowntagion,0.732058048248291,-0.3178139328956604,0.5171474814414978,-0.5181384682655334
usaco,126_silver_landscaping,0.7320316433906555,-0.3150178790092468,0.5171995759010315,-0.5180491209030151
usaco,96_bronze_escaping_the_farm,0.731977105140686,-0.3157804608345032,0.5177285671234131,-0.5174433588981628
usaco,1083_bronze_uddered_but_not_herd,0.7319347262382507,-0.3153643012046814,0.516343355178833,-0.5187658071517944
usaco,762_silver_my_cow_ate_my_homework,0.7318864464759827,-0.3142601251602173,0.5146632194519043,-0.5203648209571838
usaco,341_bronze_goldilocks_and_the_n_cows,0.7316458225250244,-0.3182696998119354,0.5167152285575867,-0.5179874300956726
usaco,1017_gold_timeline,0.7316136956214905,-0.3138200044631958,0.5137004256248474,-0.5209323167800903
usaco,107_silver_bale_share,0.7315458655357361,-0.3164978623390198,0.5166068077087402,-0.517954409122467
usaco,942_silver_left_out,0.7314958572387695,-0.31890958547592163,0.5176111459732056,-0.5168799161911011
usaco,246_silver_milk_scheduling,0.7314419746398926,-0.3178941011428833,0.5224071145057678,-0.5119552612304688
usaco,278_bronze_bovine_ballet,0.7313930988311768,-0.3160247206687927,0.5159286856651306,-0.5184143781661987
usaco,1277_bronze_moo_operations,0.7313910722732544,-0.3160026967525482,0.516830563545227,-0.5175123810768127
usaco,1137_gold_united_cows_of_farmer_john,0.73136967420578,-0.31552398204803467,0.5172675848007202,-0.517045259475708
usaco,1015_silver_triangles,0.7313597202301025,-0.31517618894577026,0.5164939165115356,-0.5178040862083435
usaco,735_bronze_the_lost_cow,0.7312474846839905,-0.3185676634311676,0.5185887217521667,-0.515546977519989
usaco,1160_silver_convoluted_intervals,0.7312042117118835,-0.31392624974250793,0.5154997110366821,-0.5185746550559998
usaco,1039_silver_cereal,0.7311888933181763,-0.3199918270111084,0.5175738334655762,-0.5164828300476074
usaco,947_gold_balancing_inversions,0.7311834692955017,-0.3144367039203644,0.5158406496047974,-0.5182062387466431
usaco,121_bronze_times_17,0.7311469912528992,-0.31808391213417053,0.5176307559013367,-0.5163664817810059
usaco,1330_gold_pareidolia,0.731131374835968,-0.3143328130245209,0.5171803832054138,-0.5167954564094543
usaco,783_bronze_blocked_billboard_ii,0.7311121821403503,-0.3174816071987152,0.5141053795814514,-0.5198275446891785
usaco,92_gold_binary_sudoku,0.7310786843299866,-0.3195388913154602,0.5144591331481934,-0.5194303393363953
usaco,1183_silver_cow_frisbee,0.7310287356376648,-0.3166460692882538,0.5157370567321777,-0.5180910229682922
usaco,840_platinum_out_of_sorts,0.7309799194335938,-0.31574001908302307,0.5160385966300964,-0.5177218317985535
usaco,1086_silver_dance_mooves,0.7309765219688416,-0.3180902898311615,0.5178118348121643,-0.5159433484077454
usaco,86_bronze_moo_sick,0.7309179902076721,-0.3163672685623169,0.5141012668609619,-0.5195584297180176
usaco,891_bronze_shell_game,0.7309080958366394,-0.3233170211315155,0.5225058197975159,-0.5110912919044495
usaco,897_gold_cow_poetry,0.7308396697044373,-0.3184068202972412,0.5188167691230774,-0.5147385597229004
usaco,104_bronze_haybale_stacking,0.7308133840560913,-0.3187697231769562,0.5180168747901917,-0.5155062675476074
usaco,87_bronze_cow_beauty_pageant_(bronze_level),0.73079514503479,-0.31338170170783997,0.5180416107177734,-0.5154556035995483
usaco,415_silver_watering_the_fields,0.7307569980621338,-0.3144408166408539,0.5151368379592896,-0.518304705619812
usaco,132_bronze_islands,0.7306817173957825,-0.3162725269794464,0.516950249671936,-0.5163895487785339
usaco,1016_silver_clock_tree,0.7306592464447021,-0.31453925371170044,0.5162335634231567,-0.5170742869377136
usaco,1276_bronze_air_cownditioning_ii,0.7305725812911987,-0.3151414096355438,0.5170173048973083,-0.5161679983139038
usaco,379_silver_bessie_slows_down,0.730571985244751,-0.3153729736804962,0.5158899426460266,-0.5172938704490662
usaco,1203_bronze_sleeping_in_class,0.7304847836494446,-0.3141312599182129,0.5155606865882874,-0.5174989700317383
usaco,84_bronze_contest_timing,0.7304774522781372,-0.31950920820236206,0.5165164470672607,-0.516534686088562
usaco,248_gold_taxi,0.7303622364997864,-0.317702054977417,0.5128949284553528,-0.5199690461158752
usaco,966_silver_moobuzz,0.7303535342216492,-0.31701186299324036,0.5136325359344482,-0.5192281603813171
usaco,120_gold_nearby_cows,0.7303298711776733,-0.31872373819351196,0.5163456201553345,-0.5164967179298401
usaco,206_bronze_scrambled_letters,0.7303100824356079,-0.3150460422039032,0.5154992341995239,-0.5173136591911316
usaco,944_silver_fence_planning,0.7302639484405518,-0.3176392912864685,0.5155922770500183,-0.5171557068824768
usaco,90_silver_tile_exchanging,0.7302465438842773,-0.31666281819343567,0.5173661112785339,-0.5153565406799316
usaco,267_gold_necklace,0.7302426099777222,-0.3161739110946655,0.5158051252365112,-0.5169132947921753
usaco,1260_platinum_breakdown,0.7302176356315613,-0.31508001685142517,0.5118329524993896,-0.5208117365837097
usaco,741_gold_bovine_genomics,0.7301970720291138,-0.32067617774009705,0.5186273455619812,-0.5140169262886047
usaco,1164_platinum_tickets,0.7301936149597168,-0.32240939140319824,0.5202147364616394,-0.5124054551124573
usaco,1142_platinum_balanced_subsets,0.7300667762756348,-0.31468164920806885,0.5171708464622498,-0.5152977705001831
usaco,400_gold_roadblock,0.7300286293029785,-0.313671737909317,0.5143017768859863,-0.5181076526641846
usaco,346_gold_empty_stalls,0.7300047874450684,-0.31541988253593445,0.5161557793617249,-0.5162268877029419
usaco,941_bronze_cow_evolution,0.7299991846084595,-0.31593894958496094,0.5189534425735474,-0.5134063363075256
usaco,125_silver_flowerpot,0.729944109916687,-0.32082319259643555,0.5175594687461853,-0.5147335529327393
usaco,114_bronze_moo,0.7298519611358643,-0.3154783248901367,0.5163137912750244,-0.515852689743042
usaco,1088_silver_spaced_out,0.7298431992530823,-0.31331995129585266,0.5161244869232178,-0.5160296559333801
usaco,1115_gold_count_the_cows,0.7298145890235901,-0.3178676664829254,0.5133191347122192,-0.5187801122665405
usaco,194_gold_concurrently_balanced_strings,0.7298080921173096,-0.3134365379810333,0.5144491195678711,-0.5176504254341125
usaco,1279_silver_following_directions,0.7297495007514954,-0.31925567984580994,0.5218857526779175,-0.5100682973861694
usaco,643_silver_diamond_collector,0.7296621799468994,-0.31474316120147705,0.5141860246658325,-0.5177061557769775
usaco,345_silver_pogo-cow,0.7296060919761658,-0.31528520584106445,0.5155457258224487,-0.5162728428840637
usaco,833_bronze_family_tree,0.7295413017272949,-0.31688645482063293,0.5145662426948547,-0.5171576738357544
usaco,1161_gold_paired_up,0.7294464111328125,-0.31549012660980225,0.5145479440689087,-0.5170420408248901
usaco,205_bronze_meet_and_greet,0.7294451594352722,-0.3169589042663574,0.5169839262962341,-0.5146045684814453
usaco,358_bronze_record_keeping,0.7294362187385559,-0.31419485807418823,0.5164029002189636,-0.5151749849319458
usaco,1206_silver_redistributing_gifts,0.7293925881385803,-0.3164528012275696,0.5151891708374023,-0.5163270831108093
usaco,1013_bronze_swapity_swap,0.7293150424957275,-0.3143065571784973,0.5151199102401733,-0.5162866115570068
usaco,737_bronze_modern_art,0.7291826009750366,-0.31868886947631836,0.519672155380249,-0.5115155577659607
usaco,813_gold_snow_boots,0.7291751503944397,-0.31487226486206055,0.511367678642273,-0.5198071599006653
usaco,642_silver_field_reduction,0.7291067838668823,-0.32062798738479614,0.5149068832397461,-0.5162049531936646
usaco,89_silver_cow_lineup,0.7290939092636108,-0.31362366676330566,0.5127676129341125,-0.5183119773864746
usaco,989_bronze_race,0.7290870547294617,-0.3145599663257599,0.5115680694580078,-0.5194863080978394
usaco,130_bronze_cows_in_a_row,0.7290767431259155,-0.3130904734134674,0.5146475434303284,-0.5164211392402649
usaco,187_bronze_find_the_cow!,0.7290602922439575,-0.3165234923362732,0.5162715315818787,-0.5147743821144104
usaco,554_gold_trapped_in_the_haybales_(gold),0.7290468215942383,-0.3175807595252991,0.5201085805892944,-0.5108779668807983
usaco,262_silver_poker_hands,0.7290285229682922,-0.3192102313041687,0.5167556405067444,-0.5142433047294617
usaco,432_bronze_decorating_the_pastures,0.728954017162323,-0.31535372138023376,0.511862576007843,-0.5190093517303467
usaco,1255_silver_circular_barn,0.728912353515625,-0.31461241841316223,0.5154315233230591,-0.5154062509536743
usaco,259_bronze_cow_race,0.7288841009140015,-0.32012397050857544,0.5186207294464111,-0.5121568441390991
usaco,1087_silver_no_time_to_paint,0.7287359237670898,-0.31863462924957275,0.5191487669944763,-0.5114103555679321
usaco,1257_gold_bribing_friends,0.7286934852600098,-0.31502464413642883,0.515310525894165,-0.515217661857605
usaco,247_gold_partitioning_the_farm,0.7286904454231262,-0.31185412406921387,0.5153416395187378,-0.5151822566986084
usaco,549_silver_bessie_goes_moo,0.7286819219589233,-0.3125646412372589,0.514410138130188,-0.516100287437439
usaco,834_silver_out_of_sorts,0.7286658883094788,-0.3152937591075897,0.5160571932792664,-0.5144307017326355
usaco,862_gold_cowpatibility,0.7285863161087036,-0.316349595785141,0.5158464312553406,-0.5145293474197388
usaco,242_bronze_cow_crossings,0.7285760045051575,-0.31780806183815,0.516341507434845,-0.5140179395675659
usaco,134_silver_unlocking_blocks_(silver),0.7285682559013367,-0.31654366850852966,0.514921247959137,-0.5154297351837158
usaco,864_platinum_balance_beam,0.7285212874412537,-0.3183310031890869,0.5137546062469482,-0.5165263414382935
usaco,1204_bronze_photoshoot_2,0.7285054326057434,-0.31766611337661743,0.5147861242294312,-0.5154759287834167
usaco,839_gold_talent_show,0.7284699082374573,-0.31693166494369507,0.5169150829315186,-0.5132905840873718
usaco,1035_bronze_social_distancing_i,0.7284196615219116,-0.31646350026130676,0.5135756134986877,-0.5165610313415527
usaco,809_bronze_taming_the_herd,0.7284191250801086,-0.3175019919872284,0.517803966999054,-0.5123216509819031
usaco,1060_bronze_daisy_chains,0.7283537983894348,-0.3180978000164032,0.5116197466850281,-0.5184056758880615
usaco,1068_platinum_sleeping_cows,0.7283409833908081,-0.3178364336490631,0.513718843460083,-0.5163076519966125
usaco,784_bronze_lifeguards,0.7283168435096741,-0.3177703022956848,0.5174295902252197,-0.512554407119751
usaco,1018_gold_help_yourself,0.7282889485359192,-0.3115668296813965,0.513716995716095,-0.5162360668182373
usaco,1111_silver_year_of_the_cow,0.7281674742698669,-0.3155674338340759,0.5127281546592712,-0.517047107219696
usaco,808_bronze_hoofball,0.7281298637390137,-0.3130250573158264,0.5138477683067322,-0.515881359577179
usaco,922_gold_dishwashing,0.7280781269073486,-0.3189820945262909,0.5156054496765137,-0.5140512585639954
usaco,361_silver_milk_scheduling,0.7280676960945129,-0.320186972618103,0.5185593366622925,-0.5110565423965454
usaco,359_bronze_cow_baseball,0.7280523777008057,-0.3146856129169464,0.5135195851325989,-0.5160987973213196
usaco,917_bronze_measuring_traffic,0.7279710173606873,-0.3143623173236847,0.5125322937965393,-0.5169646143913269
usaco,1302_silver_bakery,0.7278883457183838,-0.3209436237812042,0.516182541847229,-0.5132027268409729
usaco,99_silver_umbrellas_for_cows,0.7278558015823364,-0.3136332929134369,0.5130618214607239,-0.5162767171859741
usaco,1036_bronze_social_distancing_ii,0.7278439402580261,-0.31768375635147095,0.5165230631828308,-0.5127969980239868
usaco,1205_bronze_blocks,0.72784024477005,-0.3116445541381836,0.5132637619972229,-0.5160539746284485
usaco,950_platinum_valleys,0.7278218269348145,-0.3148024380207062,0.5114113688468933,-0.517863929271698
usaco,229_gold_cow_lineup,0.7277930974960327,-0.32371392846107483,0.5190328359603882,-0.5101839303970337
usaco,241_bronze_message_relay,0.7277069091796875,-0.3174324035644531,0.5103766918182373,-0.518722414970398
usaco,1139_gold_permutation,0.7276845574378967,-0.3135642111301422,0.5122976303100586,-0.5167939066886902
usaco,137_gold_tied_down,0.7276684045791626,-0.3129410147666931,0.5142431259155273,-0.5148352384567261
usaco,1208_silver_email_filing,0.7276381254196167,-0.31315353512763977,0.5138840079307556,-0.5151509046554565
usaco,646_gold_closing_the_farm,0.7274424433708191,-0.31386691331863403,0.5140261054039001,-0.5147325992584229
usaco,106_silver_delivery_route,0.7273743748664856,-0.3149954676628113,0.515803337097168,-0.5128551721572876
usaco,342_bronze_farmer_john_has_no_large_brown_cow,0.7271718382835388,-0.3123180866241455,0.5132037401199341,-0.5151706337928772
usaco,1133_bronze_acowdemia_iii,0.7271478176116943,-0.315426766872406,0.5140045881271362,-0.5143376588821411
usaco,893_bronze_guess_the_animal,0.7271387577056885,-0.31628838181495667,0.5138196349143982,-0.5145096182823181
usaco,280_bronze_photo,0.7269949316978455,-0.3150599002838135,0.5103479027748108,-0.5177515745162964
usaco,1180_bronze_non-transitive_dice,0.7269564270973206,-0.31295788288116455,0.5133733153343201,-0.5146974325180054
usaco,376_bronze_ski_course_design,0.7269354462623596,-0.31836310029029846,0.512218713760376,-0.5158169269561768
usaco,812_silver_teleportation,0.7269015312194824,-0.3246253728866577,0.5081943273544312,-0.5197349190711975
usaco,188_bronze_typo,0.7266502976417542,-0.313834011554718,0.5107002854347229,-0.5169196128845215
usaco,644_silver_closing_the_farm,0.726614236831665,-0.3235091269016266,0.5210241079330444,-0.5064604878425598
usaco,111_gold_bovine_alliance,0.7265443801879883,-0.31677860021591187,0.5149783492088318,-0.5125075578689575
usaco,963_bronze_cow_gymnastics,0.7265333533287048,-0.32387563586235046,0.5217724442481995,-0.5055731534957886
usaco,892_bronze_sleepy_cow_sorting,0.7265223264694214,-0.3204304873943329,0.5102411508560181,-0.5171930193901062
usaco,244_silver_perimeter,0.7265045642852783,-0.3159332275390625,0.5162267684936523,-0.511193573474884
usaco,123_bronze_wrong_directions,0.7264863848686218,-0.3155568242073059,0.5114551186561584,-0.5159419178962708
usaco,436_gold_fair_photography,0.7264319658279419,-0.31810545921325684,0.5130436420440674,-0.5142855644226074
usaco,115_silver_overplanting_(silver),0.7263770699501038,-0.3138424754142761,0.5133707523345947,-0.5138814449310303
usaco,191_silver_distant_pastures,0.7263001203536987,-0.31467604637145996,0.5139304399490356,-0.5132128000259399
usaco,1021_platinum_equilateral_triangles,0.7262739539146423,-0.3155243992805481,0.5130502581596375,-0.5140557289123535
usaco,1275_bronze_leaders,0.7262279391288757,-0.31776851415634155,0.5174455642700195,-0.5095655918121338
usaco,230_gold_island_travels,0.7261599898338318,-0.3179595470428467,0.5120742917060852,-0.5148672461509705
usaco,964_bronze_where_am_i?,0.7261574268341064,-0.31540119647979736,0.5129082202911377,-0.5140328407287598
usaco,193_gold_balanced_cow_breeds,0.7261099219322205,-0.3193899989128113,0.506308913230896,-0.52046799659729
usaco,866_platinum_the_cow_gathering,0.7261066436767578,-0.3140625059604645,0.5117465257644653,-0.5151178240776062
usaco,131_bronze_three_lines,0.7260686159133911,-0.3150482177734375,0.5136258006095886,-0.5131901502609253
usaco,1069_platinum_spaceship,0.7260655760765076,-0.3195125460624695,0.5201016664505005,-0.5066215991973877
usaco,434_silver_dueling_gpss,0.7259289026260376,-0.3261112868785858,0.5206455588340759,-0.505866527557373
usaco,433_silver_fair_photography,0.7258400917053223,-0.31646212935447693,0.5115457773208618,-0.5149415135383606
usaco,283_silver_fuel_economy,0.7258215546607971,-0.31906482577323914,0.512497067451477,-0.5139686465263367
usaco,965_bronze_livestock_lineup,0.7257807850837708,-0.3145216703414917,0.5118885040283203,-0.5145171284675598
usaco,1090_gold_telephone,0.725773274898529,-0.31453412771224976,0.5123108625411987,-0.5140860080718994
usaco,133_bronze_unlocking_blocks,0.7257668375968933,-0.3152253329753876,0.5135119557380676,-0.5128771662712097
usaco,397_silver_auto-complete,0.7255595922470093,-0.31397828459739685,0.5097681879997253,-0.5163071155548096
usaco,1132_bronze_acowdemia_ii,0.7252363562583923,-0.3163909316062927,0.5119666457176208,-0.5136710405349731
usaco,380_silver_cross_country_skiing,0.725204348564148,-0.3128039240837097,0.5129024386405945,-0.5126913189888
usaco,991_silver_loan_repayment,0.725196123123169,-0.31282299757003784,0.5162230730056763,-0.509335994720459
usaco,401_gold_cow_decathlon,0.7251520156860352,-0.3172135055065155,0.5155310034751892,-0.5099737048149109
usaco,863_gold_teamwork,0.7250466346740723,-0.31599411368370056,0.5133450031280518,-0.5120249390602112
usaco,811_silver_snow_boots,0.7249041795730591,-0.314371258020401,0.5136891007423401,-0.5114778280258179
usaco,260_bronze_breed_proximity,0.7248055338859558,-0.3163036108016968,0.5140431523323059,-0.510982096195221
usaco,990_silver_berry_picking,0.7246019840240479,-0.3140888214111328,0.5155965089797974,-0.5091250538825989
usaco,223_bronze_mirrors,0.7241646647453308,-0.31546342372894287,0.5092460513114929,-0.5148620009422302
usaco,837_gold_out_of_sorts,0.7240560054779053,-0.314302533864975,0.5082054734230042,-0.5157366394996643
usaco,810_silver_rest_stops,0.7239022850990295,-0.31693384051322937,0.5129095315933228,-0.5108407735824585
usaco,118_gold_cow_coupons,0.7237244248390198,-0.3207298517227173,0.5186207294464111,-0.5047866106033325
usaco,398_silver_roadblock,0.7233874201774597,-0.32581087946891785,0.5163469910621643,-0.5066311359405518
usaco,832_bronze_milking_order,0.7232546210289001,-0.3170742094516754,0.5188583731651306,-0.5038683414459229
usaco,639_bronze_diamond_collector,0.7231792211532593,-0.31412023305892944,0.5087172389030457,-0.5139989852905273
usaco,759_bronze_blocked_billboard,0.7230520248413086,-0.3196274936199188,0.5105706453323364,-0.5119783878326416
usaco,1136_silver_acowdemia,0.7229380011558533,-0.3159242570400238,0.5087689757347107,-0.5136082768440247
usaco,641_bronze_field_reduction,0.722637414932251,-0.31269922852516174,0.5088258385658264,-0.5131287574768066
usaco,736_bronze_bovine_genomics,0.7219218015670776,-0.31939640641212463,0.509996771812439,-0.5109543800354004
usaco,1059_bronze_do_you_know_your_abcs?,0.7213683128356934,-0.3161301910877228,0.5141034126281738,-0.5060335397720337
