benchmark,task_id,discrimination,easiness,a0,a1,a2,a3,a4,a5,a6,a7
assistantbench,efc0f3a47e9ed2ecdbcc037c2093865fe6e39f4d413a5d1ccdc7357160a4606b,1.0491492748260498,-0.7440914511680603,0.46505025029182434,0.28888556361198425,-0.4166583716869354,0.3537628650665283,-0.4464862644672394,-0.2273787260055542,0.3485381007194519,-0.3601461946964264
assistantbench,291b53e665b4dd4365cde995042db4a6f6fecef3fe3a6f4482f23d61bd673918,1.0368984937667847,-0.7473253011703491,0.45992016792297363,0.28483226895332336,-0.4120756685733795,0.34951701760292053,-0.44197162985801697,-0.22336235642433167,0.3442502021789551,-0.3560844659805298
assistantbench,557e78eceec08ca8b0da5f9fdaca6e1c7ec6140a8ce600983ee716327dab005e,1.0344994068145752,-0.7346053123474121,0.4607711732387543,0.28358030319213867,-0.4110361933708191,0.34835100173950195,-0.4407998025417328,-0.221781387925148,0.34309080243110657,-0.35490742325782776
assistantbench,8ad84bd6fe38481ba49e7ad1f6fbd43219a999074e5c6fc940003281f55ec65b,1.0322247743606567,-0.7507627010345459,0.4590325951576233,0.28307247161865234,-0.4099801480770111,0.3479340374469757,-0.43982574343681335,-0.22155918180942535,0.3426942825317383,-0.3543030917644501
assistantbench,2aa5dd83fbcd0dce9a3dd4592106e5b5edf738008d932e357d477bba80e59ccf,1.031261920928955,-0.7441330552101135,0.4592534899711609,0.2823611795902252,-0.41001784801483154,0.34718120098114014,-0.4399723410606384,-0.22061772644519806,0.3419111371040344,-0.35363683104515076
assistantbench,4dbedc5e1a0205e14b7ff3ba89bce3060dab15d0ada3b7e1351a6f2aa8287aec,1.03125,-0.7538760304450989,0.45870596170425415,0.2824564576148987,-0.41029760241508484,0.3473961651325226,-0.43972086906433105,-0.22093765437602997,0.34216660261154175,-0.3535671532154083
assistantbench,e2dc3a6b10b762e8aba7fa4d4e70f757f6d04dcbc8b56c48fc53fd9928d31d07,1.0293586254119873,-0.7461522817611694,0.45717906951904297,0.2826341390609741,-0.40913909673690796,0.3468300700187683,-0.43885722756385803,-0.2213038206100464,0.3415648937225342,-0.35321515798568726
assistantbench,0ec4371851b96837b0a81b3dd3df401415061bb532fbafeb4609f3337c358508,1.0291590690612793,-0.7449468970298767,0.4584886431694031,0.281721830368042,-0.40937477350234985,0.3465343117713928,-0.4387049376964569,-0.21990534663200378,0.34124553203582764,-0.3530533015727997
assistantbench,797f7a5b65ca28b7e7156e7db1e9f117bd4a021de0cd512bfdbb0be897d89eab,1.0281009674072266,-0.7417911291122437,0.4587562084197998,0.2803749442100525,-0.4091023802757263,0.34580057859420776,-0.43934178352355957,-0.2187751680612564,0.34059056639671326,-0.3522721827030182
assistantbench,f88066d274e265edd6cd9d61cd80a41accb3a14baf2297652fdd05cdf716d455,1.0275944471359253,-0.7454800605773926,0.4567938446998596,0.28176045417785645,-0.40855836868286133,0.3461160361766815,-0.4381820261478424,-0.22070667147636414,0.3408908247947693,-0.35250958800315857
assistantbench,cca4776df3c73e7f9430a2e624aafad056b14322a0b7ca6c0c22b7e7f3f0890a,1.0253394842147827,-0.751997172832489,0.45731258392333984,0.28020933270454407,-0.408007949590683,0.34516027569770813,-0.4372842609882355,-0.21849896013736725,0.33989059925079346,-0.35153648257255554
assistantbench,fb9ba3ab6a13d0adc677f993e90d54914a5cdf211305a1bba6bf16ec4ccb9b7c,1.0206763744354248,-0.73512864112854,0.45531389117240906,0.27878352999687195,-0.4066140949726105,0.34341299533843994,-0.4353949725627899,-0.21738561987876892,0.3381553888320923,-0.349724680185318
assistantbench,4e615af6f0348597b4133cc1ec5418bb3f35328e3d95e23a275027cee97b5e09,1.0206669569015503,-0.7465655207633972,0.45606449246406555,0.2787717282772064,-0.40630340576171875,0.3435635268688202,-0.4346851110458374,-0.21686184406280518,0.3382176458835602,-0.3500896692276001
assistantbench,b36ef2d8f2643b80e74a44ce3403f674ecb2aed7fd36afeaa289061a59feef92,1.0198190212249756,-0.7366311550140381,0.45478925108909607,0.2789267301559448,-0.4060893952846527,0.34338369965553284,-0.43401601910591125,-0.21789833903312683,0.33821260929107666,-0.3497699797153473
assistantbench,9bdca8677af1e25cb7b0c7992dc62670c3e58e4afcd5ae60bcaa2483556bba00,1.0194576978683472,-0.7466152310371399,0.45416438579559326,0.2788911759853363,-0.40517523884773254,0.34322160482406616,-0.4351767897605896,-0.21773523092269897,0.3380204737186432,-0.34962138533592224
assistantbench,e6bc98089608217e45b6956a46518fe3cce64a799b3ac43c6974c449ae14c408,1.0189383029937744,-0.7443881034851074,0.4533134400844574,0.2785372734069824,-0.4057243764400482,0.34303271770477295,-0.4354056715965271,-0.21710576117038727,0.33761999011039734,-0.34953561425209045
assistantbench,9baaa267c95f9d8b75741ee9169c50563d297cfa592c20deaffd30dbc5984c74,1.0181493759155273,-0.7359863519668579,0.45434504747390747,0.2776605188846588,-0.4056575894355774,0.3424665927886963,-0.43487587571144104,-0.21607692539691925,0.3372281491756439,-0.34890252351760864
assistantbench,9e31099fffa6a3891c94934fd4fc2f3f522d51c1904ff3561f3a10e4bf245821,1.0166141986846924,-0.7439439296722412,0.45301321148872375,0.27802059054374695,-0.4040813446044922,0.34231463074684143,-0.4337196350097656,-0.21722203493118286,0.3371681869029999,-0.3486349880695343
assistantbench,748899d9d70c09beb3bd48ac8a3658bdcfd2f9114fe6dc4c4b8d2f9541ef4607,1.0152826309204102,-0.7481637001037598,0.4529059827327728,0.27721938490867615,-0.4042374789714813,0.3415195345878601,-0.4336968660354614,-0.2162390649318695,0.3363121747970581,-0.34759560227394104
assistantbench,2ddae3b7a208e3c25f14d82d7a1faaaa1832fbf950b4dac345e755c4c361f294,1.0142459869384766,-0.741523802280426,0.45252725481987,0.27707746624946594,-0.4036470353603363,0.34129786491394043,-0.43270647525787354,-0.21602672338485718,0.3360802233219147,-0.34767016768455505
assistantbench,a9074997e698f912b9e751779ea19c1e92fa148404e90e0ae997acea3f9559b0,1.0126516819000244,-0.7412855625152588,0.45209646224975586,0.2764036953449249,-0.4029972553253174,0.3406822383403778,-0.4321605861186981,-0.21545931696891785,0.3354785740375519,-0.34708893299102783
assistantbench,929b45f34805280d77c61d1e093e3d4e551d77ddb6ecd73552b12b1af286388d,1.0104292631149292,-0.7470071911811829,0.45137861371040344,0.2753296196460724,-0.4023720324039459,0.3397349417209625,-0.4315700829029083,-0.21465007960796356,0.3345929682254791,-0.34614336490631104
assistantbench,c7afe00869f98cf363fd83677ac41757ed5e57f03eacc3d1304feb0a92084bd1,0.9841814637184143,-0.6534083485603333,0.43149733543395996,0.2762029767036438,-0.39100736379623413,0.33087870478630066,-0.4222882091999054,-0.2117435187101364,0.32406488060951233,-0.3399807810783386
assistantbench,6e3be83d1949fa52cba03fb1ce4b5b3bf7e37a83fd7d67694b10b2e439d90cf8,0.9361339211463928,-0.6523935198783875,0.41330504417419434,0.2550007998943329,-0.37505030632019043,0.3145963251590729,-0.4038233757019043,-0.19940683245658875,0.30951687693595886,-0.31973356008529663
assistantbench,ccec2229ced20a4b0cb4897e3a99120a3017ea030903e01c9bda6b13d40b0b14,0.9343569874763489,-0.6604437828063965,0.4154134690761566,0.25668686628341675,-0.3717936873435974,0.3155209422111511,-0.39733004570007324,-0.1996890753507614,0.3100169599056244,-0.3208194673061371
assistantbench,6b06d186921b8b390c65aebd0d16f09f60a47d2f1288ebe36953f734e84c0a3c,0.9288148880004883,-0.6476691365242004,0.4122677743434906,0.25360071659088135,-0.3699195086956024,0.31344786286354065,-0.3989867866039276,-0.19776226580142975,0.30702221393585205,-0.3174366056919098
assistantbench,6f224e7730ed027cbac73aebb1aea7f954053082041b02b19f4ff126a0a8a208,0.8822861313819885,-0.5745149254798889,0.3880023658275604,0.24696706235408783,-0.3479618728160858,0.3021189570426941,-0.3719438910484314,-0.18942630290985107,0.29510584473609924,-0.30532750487327576
assistantbench,52f7224e9c79431e7926afe317782711a0028750693e7456cde22ef6f4bd8bd5,0.8439974784851074,-0.4900016188621521,0.3619104027748108,0.24609418213367462,-0.33478060364723206,0.2841340899467468,-0.36438804864883423,-0.1788431704044342,0.2738918960094452,-0.29698440432548523
assistantbench,99da66d8af02491f98b98c56b26c709e773b5a2ad945fb280375951ba600de09,0.8246710300445557,-0.5788406729698181,0.3770196735858917,0.21859629452228546,-0.32996031641960144,0.2759685218334198,-0.34615519642829895,-0.17687773704528809,0.2753247022628784,-0.2796584367752075
assistantbench,3af8028c2a59e28ca88baff0e6d91f2a9f170c5ef91003f1c8406755a2760ad4,0.8198699355125427,-0.48618263006210327,0.3627716600894928,0.2378007471561432,-0.3202259838581085,0.2744470238685608,-0.3550160229206085,-0.1731889396905899,0.2648363411426544,-0.2828414738178253
assistantbench,57d9dc6935e8a40b02e7f8ec81768fe70e68a0c05f6866927c9fda38db38a486,0.6753196120262146,-0.4539564549922943,0.31378650665283203,0.1808238923549652,-0.26214003562927246,0.2165958136320114,-0.2972259521484375,-0.14447297155857086,0.21865178644657135,-0.2285647690296173
assistantbench,55f4258484c5b398956133128a50462a767da211f8f72aa5ac5bbffb9bcbba1a,0.5894900560379028,-0.31242215633392334,0.24826407432556152,0.1849297136068344,-0.22801372408866882,0.19836211204528809,-0.2535094618797302,-0.12420010566711426,0.18605315685272217,-0.21451854705810547
assistantbench,8fa42360185068216f2919935148d4e1ad28ddc18da0abd0f4bb0b6b6f84b127,0.3746858835220337,-0.17983262240886688,0.15653082728385925,0.11045173555612564,-0.14582578837871552,0.11102348566055298,-0.20247231423854828,-0.06864839047193527,0.09868238866329193,-0.12104049324989319
colbench_backend_programming,818,0.6132117509841919,-0.16842380166053772,-0.21063882112503052,0.21571163833141327,-0.218323215842247,-0.21876202523708344,-0.2229452133178711,0.21760816872119904,-0.21019120514392853,-0.21992801129817963
colbench_backend_programming,125,0.6109159588813782,-0.16847483813762665,-0.215084508061409,0.21691197156906128,-0.21757632493972778,-0.21770024299621582,-0.22195345163345337,0.21604976058006287,-0.20531442761421204,-0.21697574853897095
colbench_backend_programming,811,0.6105596423149109,0.16906504333019257,0.20711010694503784,-0.21430055797100067,0.21804597973823547,0.21717125177383423,0.22121292352676392,-0.21707993745803833,0.21211807429790497,0.2195526659488678
colbench_backend_programming,408,0.6099005341529846,-0.16756048798561096,-0.20736385881900787,0.21385976672172546,-0.21806681156158447,-0.21758638322353363,-0.22067277133464813,0.21713833510875702,-0.21115770936012268,-0.21888989210128784
colbench_backend_programming,333,0.6079664826393127,-0.1676940768957138,-0.20468634366989136,0.21339650452136993,-0.2184760570526123,-0.21650072932243347,-0.21973569691181183,0.2168232798576355,-0.21252478659152985,-0.21707478165626526
colbench_backend_programming,697,0.6072767972946167,-0.16824223101139069,-0.20862829685211182,0.2122330218553543,-0.21735723316669464,-0.2176417112350464,-0.2207459658384323,0.21516123414039612,-0.20706497132778168,-0.21841558814048767
colbench_backend_programming,880,0.605963945388794,-0.16666893661022186,-0.21338313817977905,0.21682703495025635,-0.21585124731063843,-0.21644657850265503,-0.21719756722450256,0.21464964747428894,-0.2034585177898407,-0.21577879786491394
colbench_backend_programming,3,0.6053297519683838,-0.16724920272827148,-0.21109262108802795,0.21314400434494019,-0.21669305860996246,-0.21624255180358887,-0.2179906666278839,0.21449509263038635,-0.2060098797082901,-0.21621470153331757
colbench_backend_programming,989,0.6049439907073975,-0.1672988086938858,-0.2087024599313736,0.21357843279838562,-0.2151988297700882,-0.21589604020118713,-0.21968483924865723,0.2144407480955124,-0.20691365003585815,-0.21634146571159363
colbench_backend_programming,971,0.6048343777656555,0.1677556186914444,0.20202268660068512,-0.21114610135555267,0.21668682992458344,0.21570321917533875,0.2205413281917572,-0.21546781063079834,0.21166349947452545,0.21698255836963654
colbench_backend_programming,191,0.60371994972229,-0.16791541874408722,-0.20801915228366852,0.20931506156921387,-0.21821920573711395,-0.21710564196109772,-0.21871325373649597,0.2139279544353485,-0.20555837452411652,-0.2162952423095703
colbench_backend_programming,25,0.603214681148529,-0.16699367761611938,-0.20988139510154724,0.21025049686431885,-0.21646952629089355,-0.21673454344272614,-0.21738553047180176,0.21403303742408752,-0.20462214946746826,-0.21643182635307312
colbench_backend_programming,680,0.6032019257545471,0.1680261641740799,0.20499378442764282,-0.21319974958896637,0.21464921534061432,0.2148188203573227,0.2177213877439499,-0.2152561992406845,0.2084217369556427,0.2167421132326126
colbench_backend_programming,75,0.602693498134613,0.1682112067937851,0.20635642111301422,-0.21347245573997498,0.2147868275642395,0.21536146104335785,0.21693454682826996,-0.21438583731651306,0.20680993795394897,0.21628643572330475
colbench_backend_programming,411,0.6026560664176941,-0.16712187230587006,-0.20640341937541962,0.2138012945652008,-0.21452388167381287,-0.21546834707260132,-0.21596604585647583,0.2148229330778122,-0.2072608470916748,-0.21607083082199097
colbench_backend_programming,353,0.6026416420936584,0.16777746379375458,0.20364953577518463,-0.21092157065868378,0.21607495844364166,0.21484148502349854,0.21913418173789978,-0.2145337611436844,0.2095261514186859,0.21546439826488495
colbench_backend_programming,160,0.6026359796524048,0.16679193079471588,0.20385679602622986,-0.2110942006111145,0.21777087450027466,0.21500945091247559,0.21734684705734253,-0.21480192244052887,0.2092749923467636,0.2149953991174698
colbench_backend_programming,343,0.6023794412612915,-0.1668775975704193,-0.20377705991268158,0.21227124333381653,-0.2149476259946823,-0.2148711234331131,-0.21823512017726898,0.21450939774513245,-0.20861466228961945,-0.21620316803455353
colbench_backend_programming,513,0.6023546457290649,-0.16615892946720123,-0.20652835071086884,0.21159781515598297,-0.21496284008026123,-0.21539334952831268,-0.2197706550359726,0.2132185995578766,-0.2059568166732788,-0.2159181535243988
colbench_backend_programming,931,0.6021729707717896,-0.1666385680437088,-0.20243822038173676,0.20963238179683685,-0.21707813441753387,-0.21474450826644897,-0.21868304908275604,0.21452295780181885,-0.21004006266593933,-0.2156108021736145
colbench_backend_programming,877,0.6021227836608887,0.16713184118270874,0.21007955074310303,-0.21330828964710236,0.21494363248348236,0.21512410044670105,0.2187885344028473,-0.21291996538639069,0.20180431008338928,0.2156631350517273
colbench_backend_programming,342,0.6019073128700256,0.16634108126163483,0.20844167470932007,-0.2131272256374359,0.21430715918540955,0.2149065136909485,0.2170855700969696,-0.21418733894824982,0.20582880079746246,0.21433863043785095
colbench_backend_programming,80,0.6017305254936218,-0.16652902960777283,-0.2103443443775177,0.21125367283821106,-0.21564897894859314,-0.2158493846654892,-0.2186228185892105,0.21240277588367462,-0.202177494764328,-0.2152317613363266
colbench_backend_programming,688,0.601592481136322,-0.16703252494335175,-0.20890849828720093,0.2121286243200302,-0.21491403877735138,-0.2154567986726761,-0.21867555379867554,0.2126416265964508,-0.2034289687871933,-0.2150435596704483
colbench_backend_programming,351,0.6015262603759766,-0.16632477939128876,-0.20661425590515137,0.21147187054157257,-0.21540747582912445,-0.21615339815616608,-0.21865928173065186,0.21309956908226013,-0.20343080163002014,-0.21608786284923553
colbench_backend_programming,276,0.6013628244400024,-0.16726736724376678,-0.20487791299819946,0.21176528930664062,-0.21395546197891235,-0.21469959616661072,-0.2178124487400055,0.21399331092834473,-0.20763705670833588,-0.21586182713508606
colbench_backend_programming,275,0.6011086106300354,-0.16663071513175964,-0.2091551423072815,0.21119894087314606,-0.21585948765277863,-0.21503274142742157,-0.21636223793029785,0.2128976732492447,-0.20514033734798431,-0.21430283784866333
colbench_backend_programming,328,0.600959300994873,0.16862228512763977,0.2097896784543991,-0.21406398713588715,0.21450400352478027,0.21571655571460724,0.21377314627170563,-0.21390770375728607,0.20377720892429352,0.21398766338825226
colbench_backend_programming,615,0.6008031368255615,-0.16889671981334686,-0.20589759945869446,0.21038803458213806,-0.2147376835346222,-0.21516962349414825,-0.21913091838359833,0.21236009895801544,-0.2059270143508911,-0.2153511494398117
colbench_backend_programming,196,0.6007747054100037,0.16626311838626862,0.20841340720653534,-0.21127836406230927,0.21454107761383057,0.21396802365779877,0.21728986501693726,-0.2128482162952423,0.20619812607765198,0.21449582278728485
colbench_backend_programming,963,0.6005181670188904,-0.1666412502527237,-0.20509077608585358,0.2125505954027176,-0.2140742540359497,-0.214634969830513,-0.21709813177585602,0.2133687138557434,-0.20640432834625244,-0.21500129997730255
colbench_backend_programming,28,0.6004565358161926,-0.16602613031864166,-0.20735716819763184,0.20886461436748505,-0.21619728207588196,-0.21572133898735046,-0.21672587096691132,0.21316704154014587,-0.20421065390110016,-0.21572522819042206
colbench_backend_programming,659,0.6004147529602051,-0.1659766137599945,-0.20323677361011505,0.21059462428092957,-0.2156183123588562,-0.2140244096517563,-0.2176906317472458,0.21359360218048096,-0.2082514464855194,-0.21486003696918488
colbench_backend_programming,288,0.6001099348068237,0.16632401943206787,0.20394913852214813,-0.211000457406044,0.21386654675006866,0.21442800760269165,0.21793104708194733,-0.21362735331058502,0.20747515559196472,0.21475732326507568
colbench_backend_programming,932,0.6000953316688538,0.1661088615655899,0.20974421501159668,-0.21070808172225952,0.21484361588954926,0.2157963216304779,0.21677076816558838,-0.21274615824222565,0.2017197161912918,0.21460823714733124
colbench_backend_programming,167,0.5997970104217529,0.16567222774028778,0.2099241316318512,-0.2131277173757553,0.21407799422740936,0.2139655351638794,0.21617759764194489,-0.2121123969554901,0.20360800623893738,0.21324537694454193
colbench_backend_programming,51,0.5997894406318665,-0.16765175759792328,-0.20563963055610657,0.21260704100131989,-0.21371734142303467,-0.21336102485656738,-0.2169480174779892,0.2129727602005005,-0.2064208835363388,-0.2145378440618515
colbench_backend_programming,48,0.5996772646903992,-0.16739033162593842,-0.2054014354944229,0.2124200463294983,-0.21510685980319977,-0.213191419839859,-0.2153903841972351,0.21329230070114136,-0.2070443481206894,-0.21406830847263336
colbench_backend_programming,793,0.5996679067611694,-0.1671614646911621,-0.2077099084854126,0.2080071121454239,-0.21555212140083313,-0.21641871333122253,-0.21691346168518066,0.21245236694812775,-0.20264799892902374,-0.2159578949213028
colbench_backend_programming,496,0.5995790362358093,-0.16556699573993683,-0.2050316035747528,0.2084818035364151,-0.21604803204536438,-0.21495720744132996,-0.21650859713554382,0.21309861540794373,-0.20645667612552643,-0.21493655443191528
colbench_backend_programming,194,0.5995674729347229,-0.16657495498657227,-0.20814302563667297,0.21285517513751984,-0.2139584869146347,-0.21447432041168213,-0.21505971252918243,0.21341824531555176,-0.20366372168064117,-0.2139996886253357
colbench_backend_programming,529,0.5995628237724304,-0.16457170248031616,-0.20733101665973663,0.21187320351600647,-0.21461664140224457,-0.21446998417377472,-0.21515722572803497,0.21310167014598846,-0.20393826067447662,-0.21504811942577362
colbench_backend_programming,105,0.5995055437088013,-0.16619691252708435,-0.2051764577627182,0.2097640037536621,-0.2151634693145752,-0.21448665857315063,-0.21860885620117188,0.2127540558576584,-0.2043563723564148,-0.21492572128772736
colbench_backend_programming,546,0.5993272662162781,0.16795188188552856,0.20356638729572296,-0.20875273644924164,0.21468985080718994,0.2146548181772232,0.2170482575893402,-0.2131994068622589,0.20785000920295715,0.21503999829292297
colbench_backend_programming,485,0.5992959141731262,-0.16735021770000458,-0.20839640498161316,0.21167105436325073,-0.21386487782001495,-0.21332256495952606,-0.21751728653907776,0.21248337626457214,-0.20408347249031067,-0.2134576290845871
colbench_backend_programming,129,0.5990615487098694,-0.1651441752910614,-0.20911090075969696,0.20990848541259766,-0.21499480307102203,-0.215738907456398,-0.21636629104614258,0.2122272402048111,-0.20093348622322083,-0.21468758583068848
colbench_backend_programming,933,0.5989755392074585,-0.16642922163009644,-0.20942506194114685,0.21241970360279083,-0.21425998210906982,-0.21392956376075745,-0.21690228581428528,0.21135152876377106,-0.2021600753068924,-0.21338404715061188
colbench_backend_programming,193,0.5988478660583496,0.1659696400165558,0.2084302306175232,-0.21244895458221436,0.21297037601470947,0.2130383402109146,0.21582213044166565,-0.21264535188674927,0.2048044204711914,0.21344134211540222
colbench_backend_programming,178,0.5985834002494812,-0.16619588434696198,-0.20519430935382843,0.20906591415405273,-0.21410560607910156,-0.21386173367500305,-0.2176545262336731,0.21208196878433228,-0.2065858095884323,-0.21419811248779297
colbench_backend_programming,219,0.598530113697052,-0.16540729999542236,-0.20626667141914368,0.2124411016702652,-0.21351264417171478,-0.21348845958709717,-0.21556292474269867,0.21245121955871582,-0.20446240901947021,-0.21444903314113617
colbench_backend_programming,651,0.598442018032074,-0.1663123518228531,-0.2094520479440689,0.21277333796024323,-0.21311308443546295,-0.21322134137153625,-0.2156030237674713,0.21213631331920624,-0.20370949804782867,-0.21242797374725342
colbench_backend_programming,773,0.5984194278717041,-0.16441792249679565,-0.20682655274868011,0.2100585699081421,-0.2138655036687851,-0.21392732858657837,-0.21601371467113495,0.21275299787521362,-0.20521607995033264,-0.2136848419904709
colbench_backend_programming,742,0.5981639623641968,-0.16618196666240692,-0.20437657833099365,0.20793969929218292,-0.2157258838415146,-0.21414363384246826,-0.21593697369098663,0.2128099948167801,-0.20699064433574677,-0.21362178027629852
colbench_backend_programming,954,0.5981379747390747,-0.16648058593273163,-0.20320598781108856,0.2092396765947342,-0.21347087621688843,-0.21445275843143463,-0.21853478252887726,0.21215669810771942,-0.2047196626663208,-0.21553945541381836
colbench_backend_programming,955,0.5979436635971069,-0.16524185240268707,-0.20422238111495972,0.20759844779968262,-0.21570543944835663,-0.2139471471309662,-0.21545852720737457,0.2127387523651123,-0.2076018899679184,-0.21366283297538757
colbench_backend_programming,552,0.5979176163673401,-0.16762767732143402,-0.20523643493652344,0.21167579293251038,-0.2138899266719818,-0.21408851444721222,-0.2141624093055725,0.21291974186897278,-0.20533141493797302,-0.21361814439296722
colbench_backend_programming,761,0.5979167819023132,0.16621825098991394,0.2045445293188095,-0.21084697544574738,0.21353863179683685,0.2140478789806366,0.21633541584014893,-0.2125503569841385,0.20455516874790192,0.21441277861595154
colbench_backend_programming,891,0.5978893041610718,-0.1665160357952118,-0.20375441014766693,0.20870356261730194,-0.21397410333156586,-0.21454380452632904,-0.2177121788263321,0.21218600869178772,-0.20408155024051666,-0.2156706601381302
colbench_backend_programming,370,0.597884476184845,-0.1680423617362976,-0.20607890188694,0.2099316418170929,-0.21578145027160645,-0.21386165916919708,-0.21617314219474792,0.21155746281147003,-0.20456963777542114,-0.21281798183918
colbench_backend_programming,590,0.5978540182113647,-0.16583400964736938,-0.20542797446250916,0.20966942608356476,-0.215269073843956,-0.21395885944366455,-0.21626780927181244,0.2120485156774521,-0.20465686917304993,-0.21337196230888367
colbench_backend_programming,710,0.5977514386177063,0.16558682918548584,0.20891764760017395,-0.21061426401138306,0.2147933691740036,0.215186208486557,0.21552035212516785,-0.21143203973770142,0.19950853288173676,0.21425305306911469
colbench_backend_programming,427,0.5976756811141968,-0.1663019359111786,-0.20578110218048096,0.21077945828437805,-0.214291051030159,-0.21324381232261658,-0.21559996902942657,0.21268823742866516,-0.20496179163455963,-0.21288463473320007
colbench_backend_programming,882,0.5976653099060059,-0.16730527579784393,-0.2027081996202469,0.20963023602962494,-0.21427364647388458,-0.213825985789299,-0.21666540205478668,0.21250875294208527,-0.20666874945163727,-0.21381723880767822
colbench_backend_programming,885,0.5976129174232483,-0.16628697514533997,-0.209639310836792,0.21132145822048187,-0.21329815685749054,-0.21297861635684967,-0.21803003549575806,0.21011583507061005,-0.20170925557613373,-0.21285535395145416
colbench_backend_programming,41,0.5974336862564087,-0.16628465056419373,-0.2098410725593567,0.21041549742221832,-0.21439795196056366,-0.21463222801685333,-0.21612785756587982,0.21084222197532654,-0.19961784780025482,-0.21347735822200775
colbench_backend_programming,277,0.5973721742630005,0.16552744805812836,0.20615936815738678,-0.20934875309467316,0.21518707275390625,0.21438796818256378,0.2157413512468338,-0.2118324190378189,0.20295274257659912,0.21365892887115479
colbench_backend_programming,544,0.5971590280532837,-0.16608615219593048,-0.20918472111225128,0.21170824766159058,-0.2137562334537506,-0.21433056890964508,-0.21506167948246002,0.2113417088985443,-0.1998947262763977,-0.2133452147245407
colbench_backend_programming,94,0.5970023274421692,-0.16643288731575012,-0.20684045553207397,0.2093634158372879,-0.21312761306762695,-0.21376852691173553,-0.21443460881710052,0.21262863278388977,-0.20566871762275696,-0.21256209909915924
colbench_backend_programming,747,0.5968347787857056,-0.16331170499324799,-0.2078096568584442,0.2111300379037857,-0.2131507843732834,-0.21267247200012207,-0.21617509424686432,0.21094882488250732,-0.20376145839691162,-0.21222230792045593
colbench_backend_programming,322,0.5968292355537415,0.16495399177074432,0.2045535296201706,-0.20879854261875153,0.21398568153381348,0.2131168395280838,0.21524883806705475,-0.2122703194618225,0.20561163127422333,0.21422100067138672
colbench_backend_programming,910,0.5967599153518677,-0.1650877147912979,-0.20617157220840454,0.2105146050453186,-0.21267350018024445,-0.21299517154693604,-0.21537300944328308,0.21232925355434418,-0.20387941598892212,-0.21369656920433044
colbench_backend_programming,518,0.5967562794685364,-0.16593286395072937,-0.206756129860878,0.21090112626552582,-0.21274445950984955,-0.21201682090759277,-0.21678593754768372,0.21107937395572662,-0.20464438199996948,-0.21271899342536926
colbench_backend_programming,606,0.596682608127594,-0.165925994515419,-0.2031271904706955,0.20632192492485046,-0.21461357176303864,-0.2136947512626648,-0.21531589329242706,0.21230372786521912,-0.2083331197500229,-0.21363481879234314
colbench_backend_programming,8,0.5966444611549377,-0.16702456772327423,-0.20235052704811096,0.20946520566940308,-0.21339577436447144,-0.21385569870471954,-0.21688991785049438,0.21199338138103485,-0.20481349527835846,-0.21438321471214294
colbench_backend_programming,476,0.5966428518295288,-0.16813978552818298,-0.20374591648578644,0.2103760689496994,-0.21338802576065063,-0.2121342569589615,-0.2157670557498932,0.21213065087795258,-0.20497561991214752,-0.21472536027431488
colbench_backend_programming,843,0.5965660214424133,-0.16532045602798462,-0.20229817926883698,0.21039649844169617,-0.21404223144054413,-0.2124466598033905,-0.21583138406276703,0.2123618721961975,-0.2056969702243805,-0.21391616761684418
colbench_backend_programming,687,0.5964720845222473,-0.16689223051071167,-0.20663148164749146,0.2103598713874817,-0.21366913616657257,-0.21348850429058075,-0.21376587450504303,0.21178220212459564,-0.20389695465564728,-0.2132551372051239
colbench_backend_programming,58,0.5963761806488037,-0.16590939462184906,-0.20546016097068787,0.21094149351119995,-0.21269021928310394,-0.21290433406829834,-0.21475793421268463,0.2123471200466156,-0.20418602228164673,-0.21327157318592072
colbench_backend_programming,779,0.596335232257843,-0.1651286631822586,-0.20868365466594696,0.2102731466293335,-0.21338948607444763,-0.21428197622299194,-0.2147640436887741,0.2110486775636673,-0.20044974982738495,-0.21343599259853363
colbench_backend_programming,796,0.5962191820144653,-0.16669686138629913,-0.20732273161411285,0.20828385651111603,-0.2141532152891159,-0.21366338431835175,-0.2166113257408142,0.21074098348617554,-0.20213118195533752,-0.21309511363506317
colbench_backend_programming,997,0.5961593389511108,-0.16546545922756195,-0.2061484009027481,0.20987389981746674,-0.21303915977478027,-0.21326427161693573,-0.21521984040737152,0.2117803394794464,-0.20366211235523224,-0.21294523775577545
colbench_backend_programming,967,0.5960418581962585,-0.1664687991142273,-0.2052382081747055,0.2091781198978424,-0.2139693647623062,-0.21197645366191864,-0.21620072424411774,0.2110479176044464,-0.20588400959968567,-0.212128683924675
colbench_backend_programming,88,0.5959458947181702,-0.1658196598291397,-0.2058226764202118,0.20871643722057343,-0.21367572247982025,-0.2127547264099121,-0.2156422734260559,0.2111499309539795,-0.20461226999759674,-0.21296019852161407
colbench_backend_programming,121,0.5958930850028992,-0.16582785546779633,-0.20698010921478271,0.21072269976139069,-0.21205540001392365,-0.21255600452423096,-0.21540507674217224,0.21146893501281738,-0.2037278115749359,-0.21230340003967285
colbench_backend_programming,681,0.5958160161972046,0.1657862365245819,0.2042691707611084,-0.2097431719303131,0.21331164240837097,0.21327291429042816,0.21485905349254608,-0.21172499656677246,0.20400279760360718,0.2137344479560852
colbench_backend_programming,56,0.5958124995231628,-0.16456542909145355,-0.20268672704696655,0.2080259472131729,-0.21483451128005981,-0.21295014023780823,-0.2155519723892212,0.21180331707000732,-0.20629309117794037,-0.21272996068000793
colbench_backend_programming,966,0.5958051085472107,-0.16791090369224548,-0.20568245649337769,0.21150921285152435,-0.21284417808055878,-0.2125646471977234,-0.2144630402326584,0.21195165812969208,-0.202973410487175,-0.2129315882921219
colbench_backend_programming,829,0.5957879424095154,0.16521590948104858,0.2059890329837799,-0.21034690737724304,0.21335344016551971,0.21315273642539978,0.21455258131027222,-0.2115732878446579,0.20380064845085144,0.2121354192495346
colbench_backend_programming,575,0.5957116484642029,-0.16550306975841522,-0.207272469997406,0.2109159231185913,-0.21249805390834808,-0.21295921504497528,-0.21407580375671387,0.21150563657283783,-0.20311971008777618,-0.21236096322536469
colbench_backend_programming,789,0.5955697298049927,-0.16731926798820496,-0.2073698788881302,0.20954665541648865,-0.213486909866333,-0.21471212804317474,-0.21571500599384308,0.21078301966190338,-0.19924227893352509,-0.21319802105426788
colbench_backend_programming,336,0.5954762697219849,-0.16525521874427795,-0.20457537472248077,0.20707513391971588,-0.21470151841640472,-0.21332983672618866,-0.2148187905550003,0.21150770783424377,-0.204614520072937,-0.21331827342510223
colbench_backend_programming,808,0.5954411625862122,-0.16600096225738525,-0.20528049767017365,0.20939666032791138,-0.21288947761058807,-0.21214309334754944,-0.21492899954319,0.2113339751958847,-0.20544564723968506,-0.2125372290611267
colbench_backend_programming,555,0.5953184366226196,-0.1639634072780609,-0.20510174334049225,0.2095184326171875,-0.21247553825378418,-0.2123517245054245,-0.21671485900878906,0.21049603819847107,-0.2043619602918625,-0.212514728307724
colbench_backend_programming,928,0.595260739326477,-0.16734471917152405,-0.206698477268219,0.21029752492904663,-0.2127741575241089,-0.21185462176799774,-0.21623390913009644,0.21039754152297974,-0.2035171091556549,-0.21163031458854675
colbench_backend_programming,245,0.5952191352844238,-0.16480231285095215,-0.20834539830684662,0.20991285145282745,-0.21275992691516876,-0.21312375366687775,-0.21634222567081451,0.2100459486246109,-0.19986923038959503,-0.2127324789762497
colbench_backend_programming,249,0.5950134992599487,0.16769462823867798,0.2046421766281128,-0.20929132401943207,0.21347448229789734,0.2127801775932312,0.2141731232404709,-0.21175214648246765,0.20466382801532745,0.21193547546863556
colbench_backend_programming,449,0.5949060916900635,-0.16409219801425934,-0.20125249028205872,0.20929916203022003,-0.21109634637832642,-0.21268436312675476,-0.21711771190166473,0.21142365038394928,-0.20572353899478912,-0.21364930272102356
colbench_backend_programming,256,0.594814658164978,0.16433647274971008,0.2063688039779663,-0.2083347886800766,0.21348167955875397,0.21375125646591187,0.21561963856220245,-0.2106255739927292,0.20051932334899902,0.2132744938135147
colbench_backend_programming,490,0.5946611762046814,-0.1665107011795044,-0.20203858613967896,0.2085334211587906,-0.21238188445568085,-0.21270373463630676,-0.21628206968307495,0.2111222892999649,-0.20522764325141907,-0.21330314874649048
colbench_backend_programming,2,0.5945718288421631,-0.1669011414051056,-0.2056490033864975,0.20956963300704956,-0.2116943597793579,-0.21287107467651367,-0.21453417837619781,0.2115395963191986,-0.20281840860843658,-0.21276018023490906
colbench_backend_programming,750,0.5944420099258423,-0.16644982993602753,-0.20383696258068085,0.20744356513023376,-0.21235570311546326,-0.21187271177768707,-0.21624545753002167,0.21043351292610168,-0.20639201998710632,-0.21248994767665863
colbench_backend_programming,706,0.5944269299507141,0.16410274803638458,0.20409204065799713,-0.2093554139137268,0.21283195912837982,0.21210931241512299,0.2141808420419693,-0.21144495904445648,0.20400401949882507,0.21300764381885529
colbench_backend_programming,972,0.594418466091156,-0.16502904891967773,-0.202363982796669,0.20770302414894104,-0.21418243646621704,-0.21217527985572815,-0.2145003378391266,0.21148891746997833,-0.20626865327358246,-0.21228383481502533
colbench_backend_programming,16,0.594404935836792,-0.16560013592243195,-0.20218440890312195,0.20879040658473969,-0.21208849549293518,-0.21265074610710144,-0.2156113237142563,0.2111898511648178,-0.20513510704040527,-0.21324537694454193
colbench_backend_programming,917,0.5943614840507507,0.1642410159111023,0.2079140543937683,-0.20974987745285034,0.213289275765419,0.21380960941314697,0.21466274559497833,-0.21040107309818268,0.19849050045013428,0.21234002709388733
colbench_backend_programming,184,0.5942626595497131,-0.16591793298721313,-0.20417769253253937,0.21102452278137207,-0.21218545734882355,-0.2117827832698822,-0.2132394164800644,0.21162036061286926,-0.2032965123653412,-0.2132367193698883
colbench_backend_programming,311,0.5942357182502747,-0.1649349331855774,-0.20520232617855072,0.2077658623456955,-0.2131531983613968,-0.21289372444152832,-0.2123035341501236,0.2115035355091095,-0.20470605790615082,-0.21300773322582245
colbench_backend_programming,958,0.5940793752670288,-0.16474096477031708,-0.20800234377384186,0.20845761895179749,-0.21319620311260223,-0.21447108685970306,-0.2159731388092041,0.20970594882965088,-0.19650745391845703,-0.213363915681839
colbench_backend_programming,226,0.594066858291626,0.1661914587020874,0.20403024554252625,-0.2097960114479065,0.21279080212116241,0.21182125806808472,0.21445052325725555,-0.21113549172878265,0.20413844287395477,0.2118605077266693
colbench_backend_programming,766,0.5940034985542297,0.16504648327827454,0.2020096778869629,-0.20771360397338867,0.213189959526062,0.21246576309204102,0.2149694710969925,-0.21125340461730957,0.20531615614891052,0.21284040808677673
colbench_backend_programming,661,0.5939715504646301,-0.16517092287540436,-0.20689290761947632,0.2089177519083023,-0.21328070759773254,-0.21374322474002838,-0.21495749056339264,0.2100856751203537,-0.1978987604379654,-0.21370406448841095
colbench_backend_programming,543,0.5939484238624573,0.1642412394285202,0.20324328541755676,-0.20632845163345337,0.21420663595199585,0.21252337098121643,0.21397484838962555,-0.2111198753118515,0.20585176348686218,0.21239827573299408
colbench_backend_programming,694,0.5938764214515686,-0.16549968719482422,-0.20510134100914001,0.2077697217464447,-0.21442286670207977,-0.21341846883296967,-0.21573929488658905,0.21016481518745422,-0.20056717097759247,-0.21210826933383942
colbench_backend_programming,723,0.5938635468482971,-0.1650652438402176,-0.20505759119987488,0.20852552354335785,-0.21201661229133606,-0.21178379654884338,-0.21544446051120758,0.21031659841537476,-0.2042606920003891,-0.2120545357465744
colbench_backend_programming,461,0.5936670899391174,-0.16673876345157623,-0.20357760787010193,0.2071899026632309,-0.2137341946363449,-0.21276924014091492,-0.21481654047966003,0.2109564244747162,-0.2046445608139038,-0.21115845441818237
colbench_backend_programming,892,0.5936467051506042,-0.16784116625785828,-0.2059275507926941,0.20621342957019806,-0.21372851729393005,-0.21342478692531586,-0.21453626453876495,0.2101621776819229,-0.20137159526348114,-0.2133348137140274
colbench_backend_programming,239,0.5936167240142822,0.16475462913513184,0.2038102000951767,-0.20825397968292236,0.2121509313583374,0.21289373934268951,0.21641585230827332,-0.20996898412704468,0.20194143056869507,0.21316087245941162
colbench_backend_programming,551,0.5935901999473572,-0.16580438613891602,-0.20529624819755554,0.20968668162822723,-0.21166464686393738,-0.21122395992279053,-0.21466419100761414,0.21087409555912018,-0.20329374074935913,-0.21199022233486176
colbench_backend_programming,946,0.5935637354850769,-0.16492509841918945,-0.20616039633750916,0.20947906374931335,-0.21188431978225708,-0.21171069145202637,-0.21487939357757568,0.21019960939884186,-0.2023908793926239,-0.2118934541940689
colbench_backend_programming,393,0.5935137867927551,-0.1641295850276947,-0.20747753977775574,0.2114572376012802,-0.21149075031280518,-0.21186472475528717,-0.212563619017601,0.21073919534683228,-0.20149192214012146,-0.21139824390411377
colbench_backend_programming,806,0.5933663249015808,-0.16504907608032227,-0.20326213538646698,0.2063795030117035,-0.21382884681224823,-0.21248900890350342,-0.21358102560043335,0.21102134883403778,-0.20498475432395935,-0.21245162189006805
colbench_backend_programming,307,0.5933302640914917,-0.16532978415489197,-0.20417746901512146,0.2087976485490799,-0.21243803203105927,-0.21226294338703156,-0.21435192227363586,0.2108471691608429,-0.20187687873840332,-0.21310308575630188
colbench_backend_programming,394,0.5932692289352417,-0.16503995656967163,-0.2043154239654541,0.20929104089736938,-0.21246838569641113,-0.21150334179401398,-0.21462605893611908,0.21042218804359436,-0.2031589150428772,-0.21196448802947998
colbench_backend_programming,110,0.5932518243789673,-0.1665554940700531,-0.2063489854335785,0.2079792469739914,-0.21289591491222382,-0.21347501873970032,-0.21542377769947052,0.20946499705314636,-0.1988537609577179,-0.2130502164363861
colbench_backend_programming,696,0.5931425094604492,-0.16404417157173157,-0.20656810700893402,0.2092718929052353,-0.21239787340164185,-0.2120928317308426,-0.21582242846488953,0.20939227938652039,-0.19977812469005585,-0.21194560825824738
colbench_backend_programming,536,0.5931405425071716,-0.16538336873054504,-0.20101779699325562,0.20747706294059753,-0.21190552413463593,-0.21190233528614044,-0.21610677242279053,0.2107175886631012,-0.20542049407958984,-0.21272675693035126
colbench_backend_programming,463,0.5931047201156616,-0.16521339118480682,-0.20274922251701355,0.20781908929347992,-0.21370674669742584,-0.2118469923734665,-0.21401400864124298,0.21090391278266907,-0.20469307899475098,-0.2115318328142166
colbench_backend_programming,505,0.5930982232093811,-0.16592739522457123,-0.20443375408649445,0.20729860663414001,-0.21212054789066315,-0.21209853887557983,-0.21450912952423096,0.21045050024986267,-0.20373743772506714,-0.212617427110672
colbench_backend_programming,385,0.5930271744728088,-0.16625463962554932,-0.20478683710098267,0.20851673185825348,-0.21331889927387238,-0.21164922416210175,-0.21480555832386017,0.21011115610599518,-0.20200039446353912,-0.21182945370674133
colbench_backend_programming,587,0.5929602384567261,-0.1644435077905655,-0.2055608034133911,0.2072892189025879,-0.2126426100730896,-0.21239978075027466,-0.21396870911121368,0.21037639677524567,-0.20245075225830078,-0.21217940747737885
colbench_backend_programming,576,0.5928641557693481,0.1646532565355301,0.2050941437482834,-0.2086908519268036,0.2116314023733139,0.2118789702653885,0.21446648240089417,-0.21045973896980286,0.20284928381443024,0.21155352890491486
colbench_backend_programming,0,0.5926932096481323,-0.16767646372318268,-0.20186640322208405,0.20903389155864716,-0.21113321185112,-0.21223625540733337,-0.2150852531194687,0.20973367989063263,-0.2040628045797348,-0.21290142834186554
colbench_backend_programming,609,0.5924976468086243,-0.16546893119812012,-0.20432966947555542,0.20664450526237488,-0.21271242201328278,-0.21152524650096893,-0.2147979736328125,0.2098008245229721,-0.20395199954509735,-0.21180281043052673
colbench_backend_programming,224,0.592491626739502,-0.16458633542060852,-0.20545846223831177,0.20980995893478394,-0.21134531497955322,-0.21071209013462067,-0.21468250453472137,0.20961470901966095,-0.20273104310035706,-0.2112337052822113
colbench_backend_programming,397,0.5924876928329468,0.1646154671907425,0.20567435026168823,-0.20986266434192657,0.2120460718870163,0.2122499644756317,0.21198056638240814,-0.21078579127788544,0.201516792178154,0.21144352853298187
colbench_backend_programming,400,0.592462420463562,-0.16388161480426788,-0.2023460865020752,0.20688940584659576,-0.21218930184841156,-0.21111392974853516,-0.21501220762729645,0.21011795103549957,-0.20612932741641998,-0.21166494488716125
colbench_backend_programming,749,0.5924100279808044,-0.1651534140110016,-0.20560511946678162,0.20942416787147522,-0.21115070581436157,-0.21164190769195557,-0.2137511521577835,0.2106466144323349,-0.20184527337551117,-0.21127639710903168
colbench_backend_programming,279,0.5923743844032288,-0.1644391268491745,-0.20548276603221893,0.2088177651166916,-0.21165628731250763,-0.21176038682460785,-0.2140474021434784,0.21022962033748627,-0.2016555517911911,-0.21156737208366394
colbench_backend_programming,293,0.5923627018928528,0.1658456027507782,0.20103557407855988,-0.20730283856391907,0.21152016520500183,0.21170653402805328,0.21590028703212738,-0.2103387862443924,0.20471292734146118,0.2125573754310608
colbench_backend_programming,855,0.5923572778701782,-0.16414496302604675,-0.20396816730499268,0.20709636807441711,-0.21240095794200897,-0.21150420606136322,-0.2140813171863556,0.2102467119693756,-0.20459464192390442,-0.21131384372711182
colbench_backend_programming,945,0.5923136472702026,0.16585670411586761,0.20507168769836426,-0.20764441788196564,0.21295218169689178,0.21309897303581238,0.2147223800420761,-0.2094927430152893,0.1995176523923874,0.21237900853157043
colbench_backend_programming,497,0.5922639966011047,0.1645611822605133,0.20508238673210144,-0.21062365174293518,0.2115640789270401,0.21171070635318756,0.21196909248828888,-0.21064002811908722,0.2013079971075058,0.2120135873556137
colbench_backend_programming,425,0.5922634601593018,0.16716627776622772,0.20387668907642365,-0.20775754749774933,0.21197234094142914,0.21232669055461884,0.2158520519733429,-0.20974783599376678,0.20027492940425873,0.21292226016521454
colbench_backend_programming,491,0.5922070741653442,-0.16506709158420563,-0.20300710201263428,0.20641186833381653,-0.2124759703874588,-0.21227580308914185,-0.21453921496868134,0.21013274788856506,-0.20324555039405823,-0.21258604526519775
colbench_backend_programming,132,0.5921303629875183,-0.16464264690876007,-0.20425711572170258,0.20897553861141205,-0.21118123829364777,-0.21169203519821167,-0.2146916389465332,0.2098018079996109,-0.20250597596168518,-0.2114180326461792
colbench_backend_programming,15,0.5920867323875427,-0.16490480303764343,-0.2057364284992218,0.20952287316322327,-0.21182483434677124,-0.2122424691915512,-0.212656170129776,0.21019698679447174,-0.2005087435245514,-0.21169213950634003
colbench_backend_programming,339,0.5918325781822205,-0.1648857444524765,-0.20680510997772217,0.20986570417881012,-0.21163885295391083,-0.21231481432914734,-0.21273137629032135,0.20978541672229767,-0.1985771656036377,-0.2118673324584961
colbench_backend_programming,700,0.5918095707893372,0.1654311567544937,0.20591935515403748,-0.20913493633270264,0.21158631145954132,0.2111745923757553,0.2141394019126892,-0.20929497480392456,0.2012355923652649,0.211137592792511
colbench_backend_programming,795,0.5917901396751404,-0.1654616743326187,-0.20597736537456512,0.2090890109539032,-0.21193885803222656,-0.21203668415546417,-0.21202725172042847,0.21006964147090912,-0.201231449842453,-0.2112206369638443
colbench_backend_programming,360,0.5917643904685974,-0.16358645260334015,-0.19975703954696655,0.20870369672775269,-0.21117068827152252,-0.2108789086341858,-0.21461527049541473,0.21083825826644897,-0.20530398190021515,-0.2121315598487854
colbench_backend_programming,833,0.5917456150054932,0.16360127925872803,0.2030259221792221,-0.20823609828948975,0.2118600308895111,0.21117250621318817,0.21409080922603607,-0.2103159874677658,0.2026095688343048,0.21209485828876495
colbench_backend_programming,480,0.5916595458984375,0.16356460750102997,0.2037920355796814,-0.20585614442825317,0.21281011402606964,0.21222016215324402,0.21378526091575623,-0.20986346900463104,0.20266364514827728,0.21215128898620605
colbench_backend_programming,724,0.5916587710380554,-0.1649789959192276,-0.20299199223518372,0.20802299678325653,-0.2115035504102707,-0.21181689202785492,-0.21491926908493042,0.2094976156949997,-0.202198326587677,-0.2121720016002655
colbench_backend_programming,7,0.591650664806366,0.1645570546388626,0.20554794371128082,-0.20911669731140137,0.21150605380535126,0.212090402841568,0.21239623427391052,-0.20998945832252502,0.20090168714523315,0.21162329614162445
colbench_backend_programming,581,0.5916466116905212,0.16387957334518433,0.20503605902194977,-0.2083112895488739,0.2114565670490265,0.21111342310905457,0.214613139629364,-0.20930957794189453,0.20209956169128418,0.21122519671916962
colbench_backend_programming,897,0.5916371941566467,-0.16455528140068054,-0.2049822360277176,0.2089000940322876,-0.21193434298038483,-0.2122267782688141,-0.2122516632080078,0.20989365875720978,-0.2010335922241211,-0.21189770102500916
colbench_backend_programming,231,0.5913661122322083,-0.16497980058193207,-0.20501892268657684,0.21028749644756317,-0.2112586349248886,-0.21076823770999908,-0.21220849454402924,0.2103414237499237,-0.2005416303873062,-0.2119290828704834
colbench_backend_programming,797,0.5913243889808655,-0.16447477042675018,-0.20276722311973572,0.20604197680950165,-0.21298137307167053,-0.2116909921169281,-0.21351931989192963,0.20999576151371002,-0.2031612992286682,-0.2120361626148224
colbench_backend_programming,267,0.5913068056106567,0.16596531867980957,0.20570895075798035,-0.20837727189064026,0.21189957857131958,0.21235013008117676,0.21401835978031158,-0.20937980711460114,0.19860728085041046,0.21171651780605316
colbench_backend_programming,948,0.5911520719528198,-0.16641202569007874,-0.205256849527359,0.20734356343746185,-0.21241788566112518,-0.21293608844280243,-0.21362578868865967,0.2095184177160263,-0.1987026184797287,-0.21179993450641632
colbench_backend_programming,828,0.5910666584968567,-0.16383294761180878,-0.19939367473125458,0.20618800818920135,-0.2106325775384903,-0.21130412817001343,-0.2154821753501892,0.2099675089120865,-0.20557288825511932,-0.21282348036766052
colbench_backend_programming,60,0.5910577178001404,-0.16420520842075348,-0.20517314970493317,0.20825180411338806,-0.21118037402629852,-0.21115416288375854,-0.21394643187522888,0.20945094525814056,-0.20181742310523987,-0.21054257452487946
colbench_backend_programming,589,0.5909777283668518,-0.166250079870224,-0.201689213514328,0.2074379026889801,-0.21076937019824982,-0.2117355316877365,-0.21443520486354828,0.21008390188217163,-0.20337702333927155,-0.2116839736700058
colbench_backend_programming,111,0.5908908247947693,-0.16474446654319763,-0.2021162211894989,0.20590084791183472,-0.2127661556005478,-0.2116466611623764,-0.2126045525074005,0.21012207865715027,-0.20442770421504974,-0.21142233908176422
colbench_backend_programming,98,0.5908722877502441,-0.16650094091892242,-0.2041073441505432,0.20649954676628113,-0.21211908757686615,-0.21196061372756958,-0.21358217298984528,0.209159716963768,-0.20136845111846924,-0.2121131867170334
colbench_backend_programming,597,0.5908615589141846,0.16280913352966309,0.20442324876785278,-0.20818443596363068,0.21127542853355408,0.21046577394008636,0.21489635109901428,-0.20884662866592407,0.20205168426036835,0.21078993380069733
colbench_backend_programming,97,0.5908474922180176,0.16564777493476868,0.2028663009405136,-0.20766201615333557,0.21116557717323303,0.21129846572875977,0.21576429903507233,-0.20916756987571716,0.20182855427265167,0.2110556811094284
colbench_backend_programming,71,0.5907966494560242,-0.16430838406085968,-0.1978415697813034,0.2071341574192047,-0.21148529648780823,-0.2109590768814087,-0.2153184860944748,0.2101268470287323,-0.20639631152153015,-0.21130609512329102
colbench_backend_programming,273,0.5907315611839294,-0.16534966230392456,-0.20390349626541138,0.20704984664916992,-0.21183808147907257,-0.21170035004615784,-0.21434834599494934,0.20935453474521637,-0.1998358517885208,-0.21240581572055817
colbench_backend_programming,446,0.5907206535339355,0.1660001277923584,0.20358508825302124,-0.20554420351982117,0.21209008991718292,0.21161600947380066,0.2133040428161621,-0.20961743593215942,0.2030794769525528,0.2116900533437729
colbench_backend_programming,347,0.5906949639320374,-0.16385366022586823,-0.20455247163772583,0.20755340158939362,-0.21179625391960144,-0.2119731456041336,-0.21448934078216553,0.20911361277103424,-0.19940783083438873,-0.21145322918891907
colbench_backend_programming,573,0.5906926393508911,0.16547690331935883,0.2029135823249817,-0.20818164944648743,0.21107350289821625,0.2106761485338211,0.21510590612888336,-0.20912137627601624,0.20247547328472137,0.21087713539600372
colbench_backend_programming,72,0.5906795859336853,-0.1633985936641693,-0.2014826089143753,0.20728304982185364,-0.21248303353786469,-0.21110619604587555,-0.21334104239940643,0.21014779806137085,-0.20397913455963135,-0.21057558059692383
colbench_backend_programming,873,0.5905638337135315,-0.16416774690151215,-0.20119765400886536,0.20838287472724915,-0.21144619584083557,-0.21060632169246674,-0.2131386548280716,0.21000884473323822,-0.2034207433462143,-0.21186167001724243
colbench_backend_programming,157,0.5905289649963379,-0.16444286704063416,-0.20337288081645966,0.20771707594394684,-0.21242769062519073,-0.21134671568870544,-0.2124727964401245,0.20968221127986908,-0.20199431478977203,-0.2109777182340622
colbench_backend_programming,970,0.5905163884162903,-0.16643597185611725,-0.2020038664340973,0.20648017525672913,-0.21181929111480713,-0.21141834557056427,-0.21336491405963898,0.20901505649089813,-0.2043432742357254,-0.21151073276996613
colbench_backend_programming,720,0.5904906392097473,-0.16370157897472382,-0.20421038568019867,0.20675259828567505,-0.211662158370018,-0.21086129546165466,-0.21346919238567352,0.20905880630016327,-0.20290179550647736,-0.21100585162639618
colbench_backend_programming,867,0.5904607772827148,-0.16508956253528595,-0.20093023777008057,0.20715415477752686,-0.2116343080997467,-0.21134129166603088,-0.21458107233047485,0.20980243384838104,-0.20326414704322815,-0.21101059019565582
colbench_backend_programming,410,0.5904529690742493,-0.1643403023481369,-0.2042677253484726,0.20740921795368195,-0.21236512064933777,-0.21095140278339386,-0.2130163311958313,0.20932719111442566,-0.2026483118534088,-0.20983614027500153
colbench_backend_programming,34,0.5904201865196228,-0.16346029937267303,-0.20412826538085938,0.20823580026626587,-0.21066881716251373,-0.21116916835308075,-0.21318931877613068,0.20989680290222168,-0.2019113451242447,-0.21051640808582306
colbench_backend_programming,610,0.5904171466827393,-0.16791075468063354,-0.20071734488010406,0.20705673098564148,-0.21017302572727203,-0.2107820361852646,-0.21431215107440948,0.20992301404476166,-0.2042645961046219,-0.2123894989490509
colbench_backend_programming,520,0.5903661251068115,-0.16767001152038574,-0.20098964869976044,0.20469562709331512,-0.21186956763267517,-0.2119038999080658,-0.21432450413703918,0.20957770943641663,-0.20336364209651947,-0.21266977488994598
colbench_backend_programming,930,0.5903323292732239,-0.16367822885513306,-0.20126117765903473,0.2076452672481537,-0.21107065677642822,-0.2108519822359085,-0.21427670121192932,0.20962555706501007,-0.20356416702270508,-0.21110312640666962
colbench_backend_programming,711,0.5902896523475647,0.16482415795326233,0.20267997682094574,-0.20643314719200134,0.21152916550636292,0.2107677459716797,0.21251051127910614,-0.20991376042366028,0.20375995337963104,0.21174949407577515
colbench_backend_programming,745,0.5902338624000549,-0.16496233642101288,-0.20148113369941711,0.2069462686777115,-0.2120257169008255,-0.21096307039260864,-0.2145199328660965,0.20922447741031647,-0.20299652218818665,-0.21093373000621796
colbench_backend_programming,980,0.5902050733566284,-0.1642114818096161,-0.20335136353969574,0.2067316472530365,-0.2113877385854721,-0.21113771200180054,-0.21249331533908844,0.20985619723796844,-0.20312997698783875,-0.21102963387966156
colbench_backend_programming,147,0.5902048945426941,-0.1638144701719284,-0.2017049789428711,0.20608416199684143,-0.21093299984931946,-0.21085290610790253,-0.21473614871501923,0.20918291807174683,-0.2040943056344986,-0.2114497423171997
colbench_backend_programming,64,0.5901819467544556,0.16434335708618164,0.20446480810642242,-0.2087446004152298,0.2102765142917633,0.21147072315216064,0.21133041381835938,-0.20995943248271942,0.20181798934936523,0.211008220911026
colbench_backend_programming,839,0.5901241302490234,-0.16415205597877502,-0.20377333462238312,0.2066005915403366,-0.2116946578025818,-0.21127615869045258,-0.21254785358905792,0.20955383777618408,-0.20227715373039246,-0.21114300191402435
colbench_backend_programming,198,0.5901206731796265,0.16535170376300812,0.20519408583641052,-0.2075606882572174,0.2112947255373001,0.21037273108959198,0.21404530107975006,-0.2086883932352066,0.20093590021133423,0.2107432782649994
colbench_backend_programming,886,0.5900989174842834,-0.1651829332113266,-0.19922280311584473,0.20773173868656158,-0.21156242489814758,-0.21043382585048676,-0.2132665067911148,0.20987659692764282,-0.20555099844932556,-0.21107223629951477
colbench_backend_programming,962,0.5900794267654419,-0.16410395503044128,-0.2028154879808426,0.2059711515903473,-0.21177011728286743,-0.21145936846733093,-0.21251091361045837,0.2096148282289505,-0.20298437774181366,-0.21159380674362183
colbench_backend_programming,424,0.5900789499282837,-0.1654142290353775,-0.20406438410282135,0.20868268609046936,-0.21116821467876434,-0.2108735889196396,-0.21353468298912048,0.2089032083749771,-0.201461523771286,-0.210043802857399
colbench_backend_programming,721,0.5899950265884399,0.16407617926597595,0.203080415725708,-0.20593005418777466,0.21208076179027557,0.21140973269939423,0.2128286361694336,-0.20949140191078186,0.2027461677789688,0.2109130620956421
colbench_backend_programming,753,0.58989018201828,0.1646706759929657,0.20310695469379425,-0.20666052401065826,0.2118140161037445,0.21138812601566315,0.21181029081344604,-0.2096662074327469,0.20241206884384155,0.2113412469625473
colbench_backend_programming,101,0.5897595286369324,-0.16357433795928955,-0.20026151835918427,0.207577645778656,-0.21004080772399902,-0.21065978705883026,-0.21403422951698303,0.20983952283859253,-0.20284129679203033,-0.2124631404876709
colbench_backend_programming,669,0.5897339582443237,-0.16516989469528198,-0.20302976667881012,0.2073603868484497,-0.21115213632583618,-0.2114458978176117,-0.21303434669971466,0.20963910222053528,-0.19968944787979126,-0.21228304505348206
colbench_backend_programming,784,0.5897238850593567,-0.1658768653869629,-0.2046743482351303,0.20828154683113098,-0.21110227704048157,-0.21007083356380463,-0.21336807310581207,0.20953981578350067,-0.20098909735679626,-0.20970943570137024
colbench_backend_programming,570,0.589698851108551,-0.16393046081066132,-0.20386715233325958,0.20839250087738037,-0.21100130677223206,-0.21134889125823975,-0.21272911131381989,0.20919238030910492,-0.200168177485466,-0.2109101563692093
colbench_backend_programming,717,0.5896582007408142,-0.16399188339710236,-0.2039213925600052,0.20620368421077728,-0.211441308259964,-0.21108834445476532,-0.2129366099834442,0.20904234051704407,-0.20187020301818848,-0.21103286743164062
colbench_backend_programming,334,0.5896484851837158,-0.16542772948741913,-0.2051224708557129,0.21001598238945007,-0.21097341179847717,-0.21118566393852234,-0.21059654653072357,0.2098156362771988,-0.19985881447792053,-0.2099456936120987
colbench_backend_programming,222,0.589643657207489,-0.16489720344543457,-0.2049974799156189,0.20853009819984436,-0.21029061079025269,-0.21073280274868011,-0.21278953552246094,0.2090761810541153,-0.20066386461257935,-0.2104332596063614
colbench_backend_programming,756,0.5896357297897339,0.16571933031082153,0.2033473402261734,-0.20713263750076294,0.21106912195682526,0.21035264432430267,0.2135750949382782,-0.20893418788909912,0.20204195380210876,0.2110191136598587
colbench_backend_programming,535,0.5896303057670593,-0.1633235216140747,-0.2039785087108612,0.2066577970981598,-0.2116105556488037,-0.21168406307697296,-0.21341797709465027,0.20916908979415894,-0.19960202276706696,-0.21123471856117249
colbench_backend_programming,964,0.5896183848381042,-0.16613203287124634,-0.2036990076303482,0.20764003694057465,-0.21128404140472412,-0.21171200275421143,-0.2130209356546402,0.2090509831905365,-0.19905635714530945,-0.21183858811855316
colbench_backend_programming,172,0.5895757675170898,-0.16409336030483246,-0.2055482715368271,0.20702439546585083,-0.2115447223186493,-0.21190227568149567,-0.21409621834754944,0.2083272784948349,-0.19730018079280853,-0.2113572061061859
colbench_backend_programming,539,0.5895656943321228,-0.16577666997909546,-0.20152345299720764,0.2075311243534088,-0.21018239855766296,-0.2105800062417984,-0.21380464732646942,0.2093234360218048,-0.2026451826095581,-0.21164236962795258
colbench_backend_programming,367,0.5895598530769348,-0.16530849039554596,-0.20411360263824463,0.20803213119506836,-0.21053050458431244,-0.21121054887771606,-0.21229954063892365,0.2094879150390625,-0.20087896287441254,-0.21071185171604156
colbench_backend_programming,373,0.5895504355430603,0.16942131519317627,0.20057912170886993,-0.2062053680419922,0.21227195858955383,0.21025267243385315,0.21354584395885468,-0.21016599237918854,0.20403523743152618,0.210117906332016
colbench_backend_programming,218,0.5895441174507141,-0.1634000539779663,-0.2037772834300995,0.20760561525821686,-0.2105942666530609,-0.21029865741729736,-0.21412193775177002,0.2086641937494278,-0.20140577852725983,-0.21073275804519653
colbench_backend_programming,9,0.5894882082939148,-0.1650385856628418,-0.2032560259103775,0.20750562846660614,-0.21148592233657837,-0.2110210508108139,-0.2122688591480255,0.20953549444675446,-0.20177337527275085,-0.2102210372686386
colbench_backend_programming,653,0.5893710255622864,-0.16556963324546814,-0.19999991357326508,0.20620471239089966,-0.2114820033311844,-0.21040411293506622,-0.2129967361688614,0.20984120666980743,-0.20434513688087463,-0.21138930320739746
colbench_backend_programming,436,0.5893677473068237,-0.1630125343799591,-0.2037249058485031,0.2082955539226532,-0.21062661707401276,-0.21115241944789886,-0.21254585683345795,0.20903028547763824,-0.2002686709165573,-0.21103939414024353
colbench_backend_programming,648,0.589340329170227,-0.16365393996238708,-0.20056182146072388,0.2066291719675064,-0.210934579372406,-0.21104596555233002,-0.21376368403434753,0.2091689109802246,-0.20292964577674866,-0.21151971817016602
colbench_backend_programming,390,0.5892946720123291,-0.16535472869873047,-0.2050306499004364,0.20676074922084808,-0.21078141033649445,-0.21219490468502045,-0.2137823849916458,0.2086201161146164,-0.1976587027311325,-0.21149694919586182
colbench_backend_programming,330,0.5892869234085083,0.16400882601737976,0.20393596589565277,-0.20717883110046387,0.21104711294174194,0.21112509071826935,0.2116224765777588,-0.20930150151252747,0.2012263387441635,0.211064413189888
colbench_backend_programming,162,0.5890938639640808,-0.16413354873657227,-0.20106491446495056,0.2072107344865799,-0.21033185720443726,-0.2106422483921051,-0.21387380361557007,0.20919331908226013,-0.2024305909872055,-0.21113166213035583
colbench_backend_programming,209,0.5890737175941467,-0.16469405591487885,-0.20310074090957642,0.2074943631887436,-0.21108976006507874,-0.21092656254768372,-0.21268637478351593,0.20904545485973358,-0.20001818239688873,-0.21145302057266235
colbench_backend_programming,299,0.5890442132949829,-0.16566286981105804,-0.20505470037460327,0.20867320895195007,-0.21052752435207367,-0.21110109984874725,-0.21121671795845032,0.209147647023201,-0.1996566653251648,-0.21042241156101227
colbench_backend_programming,374,0.5890291929244995,-0.16369299590587616,-0.20033180713653564,0.20671476423740387,-0.21200479567050934,-0.2097034454345703,-0.2128673642873764,0.20957738161087036,-0.20416294038295746,-0.2103622406721115
colbench_backend_programming,92,0.5890148282051086,0.16546964645385742,0.20458616316318512,-0.20708316564559937,0.21052341163158417,0.21178790926933289,0.21359798312187195,-0.2086365818977356,0.19814980030059814,0.21120759844779968
colbench_backend_programming,69,0.5889230370521545,-0.1634804904460907,-0.20456326007843018,0.20836086571216583,-0.21017062664031982,-0.2103232592344284,-0.21234013140201569,0.20900164544582367,-0.20065240561962128,-0.21007387340068817
colbench_backend_programming,442,0.5889171957969666,0.16528578102588654,0.2039894163608551,-0.20844484865665436,0.20995071530342102,0.2106994092464447,0.2119864821434021,-0.20907241106033325,0.2008664906024933,0.21045690774917603
colbench_backend_programming,23,0.5888769030570984,-0.16469965875148773,-0.20313715934753418,0.20727796852588654,-0.21125151216983795,-0.21075931191444397,-0.2120261788368225,0.2089528739452362,-0.20166084170341492,-0.21027827262878418
colbench_backend_programming,106,0.5888424515724182,-0.16441236436367035,-0.201897993683815,0.20687025785446167,-0.210930734872818,-0.2105240374803543,-0.2127535492181778,0.2095276415348053,-0.20159395039081573,-0.21109040081501007
colbench_backend_programming,746,0.5888082981109619,-0.1639116406440735,-0.20479342341423035,0.20920047163963318,-0.21060983836650848,-0.2107899934053421,-0.2112102061510086,0.20898805558681488,-0.19975224137306213,-0.2097959667444229
colbench_backend_programming,803,0.5886968374252319,-0.16440312564373016,-0.20257587730884552,0.20778562128543854,-0.21064826846122742,-0.21024315059185028,-0.2126971334218979,0.20892885327339172,-0.2008618414402008,-0.21104605495929718
colbench_backend_programming,712,0.5886949896812439,0.16482414305210114,0.20407171547412872,-0.20745670795440674,0.21043755114078522,0.21045450866222382,0.21372869610786438,-0.2080288678407669,0.20018702745437622,0.210410013794899
colbench_backend_programming,29,0.5886628031730652,-0.16471531987190247,-0.20372191071510315,0.20759978890419006,-0.21030880510807037,-0.21092098951339722,-0.21266338229179382,0.20867659151554108,-0.20043744146823883,-0.21037901937961578
colbench_backend_programming,511,0.5886481404304504,-0.164413720369339,-0.20253688097000122,0.20581115782260895,-0.21170589327812195,-0.21184594929218292,-0.213708758354187,0.20816084742546082,-0.1996885985136032,-0.21107161045074463
colbench_backend_programming,814,0.5885885953903198,0.16341647505760193,0.2028886377811432,-0.20478428900241852,0.21142318844795227,0.21103861927986145,0.21277695894241333,-0.20872418582439423,0.2018130123615265,0.21102303266525269
colbench_backend_programming,741,0.5885835289955139,-0.16391633450984955,-0.2038174718618393,0.20768675208091736,-0.21006715297698975,-0.2107822448015213,-0.21180498600006104,0.2092229723930359,-0.20068523287773132,-0.21044626832008362
colbench_backend_programming,402,0.5885729789733887,-0.1655271053314209,-0.2025013118982315,0.2073708176612854,-0.21057091653347015,-0.21045145392417908,-0.2129564881324768,0.20811770856380463,-0.20201894640922546,-0.21048441529273987
colbench_backend_programming,976,0.5885701179504395,-0.16624711453914642,-0.2014571726322174,0.2077333927154541,-0.2110574096441269,-0.20936621725559235,-0.21203242242336273,0.20943032205104828,-0.2031516581773758,-0.21025650203227997
colbench_backend_programming,617,0.5885401368141174,-0.16353057324886322,-0.20233863592147827,0.20690001547336578,-0.21120338141918182,-0.21016725897789001,-0.2128061056137085,0.20884442329406738,-0.20211637020111084,-0.21000094711780548
colbench_backend_programming,305,0.5884678959846497,-0.16551654040813446,-0.2026481032371521,0.2049648016691208,-0.21100229024887085,-0.20987679064273834,-0.21307961642742157,0.20858176052570343,-0.2033659815788269,-0.21066662669181824
colbench_backend_programming,234,0.5883844494819641,0.16400083899497986,0.19956381618976593,-0.20720453560352325,0.20968174934387207,0.21005074679851532,0.21366854012012482,-0.2092830091714859,0.20280325412750244,0.21158045530319214
colbench_backend_programming,494,0.5882211327552795,-0.16387546062469482,-0.20357707142829895,0.2080039083957672,-0.20980095863342285,-0.21023590862751007,-0.21223706007003784,0.20905397832393646,-0.20031023025512695,-0.2102544903755188
colbench_backend_programming,924,0.5882183909416199,-0.16379283368587494,-0.2013731151819229,0.20629490911960602,-0.21163278818130493,-0.20947521924972534,-0.2123173177242279,0.209280863404274,-0.2032770961523056,-0.2098216563463211
colbench_backend_programming,831,0.588209331035614,0.16361379623413086,0.20211178064346313,-0.20631971955299377,0.21113771200180054,0.20967671275138855,0.21325941383838654,-0.2084636688232422,0.20304016768932343,0.20944644510746002
colbench_backend_programming,495,0.5881379246711731,-0.16373993456363678,-0.20438697934150696,0.20819126069545746,-0.21051104366779327,-0.2102525234222412,-0.2117546647787094,0.20856629312038422,-0.19932693243026733,-0.2102293074131012
colbench_backend_programming,26,0.5881268978118896,0.16320987045764923,0.20297683775424957,-0.20700018107891083,0.21024560928344727,0.21057331562042236,0.21069498360157013,-0.20937401056289673,0.2017124742269516,0.21067148447036743
colbench_backend_programming,208,0.5881223082542419,-0.16546040773391724,-0.20112764835357666,0.20577393472194672,-0.21194912493228912,-0.21102620661258698,-0.21349725127220154,0.2087072879076004,-0.20163576304912567,-0.2093832641839981
colbench_backend_programming,185,0.5881013870239258,-0.16437490284442902,-0.20118096470832825,0.2065485715866089,-0.21033376455307007,-0.21029093861579895,-0.21309532225131989,0.20873810350894928,-0.20205210149288177,-0.21085140109062195
colbench_backend_programming,406,0.5880967378616333,-0.16356977820396423,-0.20225326716899872,0.20746172964572906,-0.2100454717874527,-0.20952770113945007,-0.2134237438440323,0.2084358185529709,-0.2010425329208374,-0.2108951061964035
colbench_backend_programming,820,0.5880874395370483,-0.16381147503852844,-0.20398768782615662,0.20785948634147644,-0.21055543422698975,-0.21015985310077667,-0.21230627596378326,0.20839761197566986,-0.19978386163711548,-0.21002955734729767
colbench_backend_programming,978,0.5880805253982544,-0.1632637083530426,-0.20265355706214905,0.20670686662197113,-0.2113642692565918,-0.20992043614387512,-0.21282820403575897,0.20815221965312958,-0.2018740475177765,-0.20958228409290314
colbench_backend_programming,116,0.5880618691444397,-0.16488954424858093,-0.19965699315071106,0.2054925262928009,-0.21082580089569092,-0.2105116844177246,-0.21167877316474915,0.20946110785007477,-0.20461060106754303,-0.2107524871826172
colbench_backend_programming,230,0.5879898071289062,-0.16363495588302612,-0.20421531796455383,0.20734839141368866,-0.2105449140071869,-0.21011511981487274,-0.21230457723140717,0.20828789472579956,-0.200382262468338,-0.20963573455810547
colbench_backend_programming,152,0.5879678130149841,-0.16316881775856018,-0.2011566013097763,0.20638565719127655,-0.21032598614692688,-0.21068085730075836,-0.21304242312908173,0.20882590115070343,-0.20148979127407074,-0.21078477799892426
colbench_backend_programming,533,0.5879615545272827,-0.16321182250976562,-0.20395168662071228,0.20803534984588623,-0.20954041182994843,-0.21009477972984314,-0.21151761710643768,0.20897017419338226,-0.20122528076171875,-0.20946817100048065
colbench_backend_programming,113,0.5879098773002625,-0.1643541306257248,-0.2007410079240799,0.20626376569271088,-0.21114875376224518,-0.20993086695671082,-0.21273307502269745,0.20874826610088348,-0.20334410667419434,-0.20967011153697968
colbench_backend_programming,470,0.5878614187240601,-0.16405045986175537,-0.20477667450904846,0.20840239524841309,-0.2101343423128128,-0.20956741273403168,-0.2120586484670639,0.2077600359916687,-0.19968155026435852,-0.21008381247520447
colbench_backend_programming,43,0.5878593921661377,0.1641877293586731,0.20281842350959778,-0.20697009563446045,0.21045167744159698,0.21051979064941406,0.21156615018844604,-0.20893673598766327,0.20066086947917938,0.21051998436450958
colbench_backend_programming,102,0.5878191590309143,-0.1641278713941574,-0.20219752192497253,0.20535296201705933,-0.21150529384613037,-0.2099330574274063,-0.21202562749385834,0.20869046449661255,-0.202556774020195,-0.21008442342281342
colbench_backend_programming,878,0.5878170132637024,-0.1633167415857315,-0.2047954648733139,0.2076137512922287,-0.2098086029291153,-0.20982128381729126,-0.2129519134759903,0.20792798697948456,-0.19984671473503113,-0.2095669060945511
colbench_backend_programming,177,0.5877465605735779,-0.1645624041557312,-0.2003437578678131,0.20690643787384033,-0.21004346013069153,-0.2100754678249359,-0.21335484087467194,0.20871350169181824,-0.20218491554260254,-0.21044676005840302
colbench_backend_programming,760,0.5876854062080383,-0.16464093327522278,-0.2016105055809021,0.2065485566854477,-0.2102278172969818,-0.21017631888389587,-0.21189656853675842,0.20878423750400543,-0.20229431986808777,-0.2104310691356659
colbench_backend_programming,957,0.5876677632331848,-0.16490061581134796,-0.20212842524051666,0.20758157968521118,-0.20951570570468903,-0.21026909351348877,-0.21248452365398407,0.20858274400234222,-0.20080339908599854,-0.21052074432373047
colbench_backend_programming,530,0.5876458883285522,0.1647842526435852,0.19999489188194275,-0.20599575340747833,0.2100554257631302,0.21020981669425964,0.2133522629737854,-0.2087489813566208,0.20201192796230316,0.2113761603832245
colbench_backend_programming,848,0.5876087546348572,-0.16407157480716705,-0.20189586281776428,0.20662546157836914,-0.21027638018131256,-0.2098422646522522,-0.2127380669116974,0.20866648852825165,-0.20088942348957062,-0.21076607704162598
colbench_backend_programming,78,0.587479293346405,-0.16485701501369476,-0.20308057963848114,0.20834104716777802,-0.21050937473773956,-0.20979052782058716,-0.21120016276836395,0.20877665281295776,-0.19924162328243256,-0.21039849519729614
colbench_backend_programming,122,0.5874404907226562,-0.16438749432563782,-0.20357657968997955,0.2067706137895584,-0.21088117361068726,-0.2106916606426239,-0.2120070904493332,0.20828482508659363,-0.1986474096775055,-0.2103249877691269
colbench_backend_programming,827,0.5873891711235046,-0.16456736624240875,-0.20345312356948853,0.20738576352596283,-0.2100973129272461,-0.21006157994270325,-0.2115781307220459,0.2085774689912796,-0.19978873431682587,-0.21017102897167206
colbench_backend_programming,313,0.587350606918335,-0.16514183580875397,-0.20360863208770752,0.20835915207862854,-0.20939236879348755,-0.20997735857963562,-0.21044722199440002,0.20889610052108765,-0.20047570765018463,-0.20990225672721863
colbench_backend_programming,960,0.5873498320579529,-0.1630958914756775,-0.20273159444332123,0.20686711370944977,-0.21018202602863312,-0.20995724201202393,-0.21221473813056946,0.20843234658241272,-0.20057600736618042,-0.21004116535186768
colbench_backend_programming,153,0.5873165726661682,-0.16496163606643677,-0.2015356868505478,0.2061285376548767,-0.21051929891109467,-0.21044394373893738,-0.2125980705022812,0.20756514370441437,-0.2014237940311432,-0.21065928041934967
colbench_backend_programming,159,0.5873152017593384,-0.16635948419570923,-0.2006450742483139,0.203327476978302,-0.2109232395887375,-0.21093912422657013,-0.2127954214811325,0.208574116230011,-0.20290616154670715,-0.21071001887321472
colbench_backend_programming,640,0.587299644947052,-0.16478510200977325,-0.20391902327537537,0.20644937455654144,-0.21071596443653107,-0.21136054396629333,-0.213197261095047,0.20788441598415375,-0.19747157394886017,-0.20970945060253143
colbench_backend_programming,409,0.5872901678085327,0.16443392634391785,0.20278117060661316,-0.20623305439949036,0.2108648121356964,0.21063202619552612,0.21062400937080383,-0.2088690996170044,0.20102043449878693,0.20983247458934784
colbench_backend_programming,423,0.5872135162353516,-0.16405534744262695,-0.20339635014533997,0.2073356658220291,-0.20990607142448425,-0.20994076132774353,-0.21136662364006042,0.208669513463974,-0.20041686296463013,-0.20961900055408478
colbench_backend_programming,785,0.587209165096283,-0.1640285849571228,-0.20327363908290863,0.20622918009757996,-0.21041254699230194,-0.21014419198036194,-0.21162407100200653,0.2085445374250412,-0.20067083835601807,-0.20972740650177002
colbench_backend_programming,901,0.587152898311615,0.16440923511981964,0.2037913203239441,-0.20733702182769775,0.20990075170993805,0.21063320338726044,0.2113485485315323,-0.20834094285964966,0.19949279725551605,0.2096015065908432
colbench_backend_programming,875,0.5871480107307434,-0.1630057543516159,-0.20364071428775787,0.20635463297367096,-0.21044261753559113,-0.21096907556056976,-0.2133881151676178,0.20766949653625488,-0.19686830043792725,-0.21089985966682434
colbench_backend_programming,633,0.5871046185493469,-0.16414235532283783,-0.20184841752052307,0.2071877121925354,-0.20973248779773712,-0.20992249250411987,-0.2122092992067337,0.20861481130123138,-0.20095278322696686,-0.20983850955963135
colbench_backend_programming,974,0.587101936340332,-0.16515767574310303,-0.20080013573169708,0.2066253274679184,-0.20965644717216492,-0.20939402282238007,-0.21294251084327698,0.20832791924476624,-0.20174762606620789,-0.21077275276184082
colbench_backend_programming,969,0.5870794653892517,-0.16310782730579376,-0.2019779235124588,0.20635269582271576,-0.21022151410579681,-0.20989550650119781,-0.21261247992515564,0.20822317898273468,-0.20094837248325348,-0.2099890559911728
colbench_backend_programming,146,0.5870760679244995,-0.1647794395685196,-0.203384131193161,0.2066594809293747,-0.20947211980819702,-0.21034640073776245,-0.21312768757343292,0.20792250335216522,-0.19866910576820374,-0.21056176722049713
colbench_backend_programming,133,0.5870563983917236,-0.1629226952791214,-0.20246078073978424,0.20734372735023499,-0.21067866683006287,-0.2096681147813797,-0.21171417832374573,0.20820242166519165,-0.20083947479724884,-0.20928338170051575
colbench_backend_programming,616,0.5870198607444763,-0.1636870801448822,-0.20032748579978943,0.20631380379199982,-0.2104041874408722,-0.20974063873291016,-0.21223750710487366,0.20871788263320923,-0.2018660008907318,-0.21042101085186005
colbench_backend_programming,263,0.5870081782341003,-0.16312478482723236,-0.20422783493995667,0.2075248658657074,-0.2098482847213745,-0.2102300226688385,-0.21102312207221985,0.20844508707523346,-0.19917742908000946,-0.20956701040267944
colbench_backend_programming,319,0.5869783163070679,0.16266325116157532,0.20363768935203552,-0.20583592355251312,0.2102682739496231,0.20997898280620575,0.2119266390800476,-0.20774659514427185,0.20075900852680206,0.20982642471790314
colbench_backend_programming,836,0.5869744420051575,-0.1625373214483261,-0.20248547196388245,0.2068716287612915,-0.209531769156456,-0.20964869856834412,-0.2122795432806015,0.20847994089126587,-0.2008466273546219,-0.20981130003929138
colbench_backend_programming,941,0.5869203209877014,-0.16371005773544312,-0.19866299629211426,0.20563998818397522,-0.20984205603599548,-0.20994479954242706,-0.21347029507160187,0.2085147202014923,-0.20329007506370544,-0.21032199263572693
colbench_backend_programming,942,0.5869159698486328,-0.16474668681621552,-0.20149192214012146,0.2065417617559433,-0.20980249345302582,-0.20972903072834015,-0.21211577951908112,0.20843058824539185,-0.2015957236289978,-0.21007440984249115
colbench_backend_programming,842,0.5869137048721313,-0.16513802111148834,-0.20437122881412506,0.20741300284862518,-0.20947998762130737,-0.2106305956840515,-0.2110263705253601,0.20817646384239197,-0.19863423705101013,-0.21001824736595154
colbench_backend_programming,517,0.5868963599205017,-0.16466616094112396,-0.2007419764995575,0.20352312922477722,-0.21095497906208038,-0.2102653831243515,-0.21181641519069672,0.20847313106060028,-0.2031787931919098,-0.21072718501091003
colbench_backend_programming,524,0.586880087852478,-0.16431398689746857,-0.20198172330856323,0.20623239874839783,-0.21020656824111938,-0.20965464413166046,-0.2124900221824646,0.2081344872713089,-0.20079444348812103,-0.21016083657741547
colbench_backend_programming,887,0.586821973323822,-0.16448071599006653,-0.2024260014295578,0.20679612457752228,-0.2105974406003952,-0.2102544903755188,-0.21138320863246918,0.20829220116138458,-0.19967021048069,-0.21005751192569733
colbench_backend_programming,445,0.5867711305618286,-0.16434913873672485,-0.20174454152584076,0.20616979897022247,-0.21040399372577667,-0.20941102504730225,-0.21156838536262512,0.2084784060716629,-0.20132800936698914,-0.21026960015296936
colbench_backend_programming,472,0.5867680311203003,-0.16321776807308197,-0.20266929268836975,0.20442239940166473,-0.21094727516174316,-0.21018609404563904,-0.21203963458538055,0.20804905891418457,-0.20114479959011078,-0.20988552272319794
colbench_backend_programming,462,0.5866963267326355,-0.1632920354604721,-0.20275293290615082,0.20603156089782715,-0.20990495383739471,-0.21028727293014526,-0.21249409019947052,0.20784728229045868,-0.1992681920528412,-0.21050404012203217
colbench_backend_programming,522,0.586686909198761,0.16446717083454132,0.20317097008228302,-0.20836256444454193,0.20989985764026642,0.20993655920028687,0.21017009019851685,-0.2084542214870453,0.19930604100227356,0.20983156561851501
colbench_backend_programming,938,0.586677074432373,-0.16402392089366913,-0.20315474271774292,0.2070585936307907,-0.21041812002658844,-0.21034498512744904,-0.21106062829494476,0.20809638500213623,-0.19936442375183105,-0.20958824455738068
colbench_backend_programming,419,0.5866546034812927,-0.1657935082912445,-0.20264191925525665,0.20674468576908112,-0.20989033579826355,-0.20981048047542572,-0.2124910205602646,0.20766034722328186,-0.1993771493434906,-0.21037016808986664
colbench_backend_programming,632,0.586641788482666,-0.16571557521820068,-0.20225311815738678,0.2063860446214676,-0.2101251780986786,-0.21044012904167175,-0.21264466643333435,0.2079223394393921,-0.19855239987373352,-0.21056333184242249
colbench_backend_programming,303,0.5866075754165649,-0.163600355386734,-0.2002241015434265,0.20622800290584564,-0.21025776863098145,-0.20958954095840454,-0.211837500333786,0.2085895985364914,-0.20190389454364777,-0.21024443209171295
colbench_backend_programming,662,0.58659827709198,-0.1634153127670288,-0.20154571533203125,0.20774298906326294,-0.20951080322265625,-0.20872342586517334,-0.21229900419712067,0.20813758671283722,-0.20096302032470703,-0.2099553346633911
colbench_backend_programming,809,0.5865903496742249,-0.16487258672714233,-0.20236250758171082,0.2055548131465912,-0.21034468710422516,-0.20962248742580414,-0.21230489015579224,0.20817440748214722,-0.2000817358493805,-0.21037058532238007
colbench_backend_programming,144,0.5865636467933655,-0.163634791970253,-0.20179277658462524,0.2058456391096115,-0.21010269224643707,-0.2099219411611557,-0.21213893592357635,0.20816537737846375,-0.2009996920824051,-0.20980267226696014
colbench_backend_programming,999,0.5864983201026917,-0.16332094371318817,-0.19999228417873383,0.20488323271274567,-0.20972371101379395,-0.20978862047195435,-0.2125914841890335,0.20848019421100616,-0.20265093445777893,-0.21043848991394043
colbench_backend_programming,6,0.5864638686180115,-0.16274988651275635,-0.20282839238643646,0.20677906274795532,-0.20973433554172516,-0.20998097956180573,-0.21154944598674774,0.20804265141487122,-0.19977883994579315,-0.20979982614517212
colbench_backend_programming,188,0.586439311504364,-0.1651437133550644,-0.20367580652236938,0.20680075883865356,-0.20958948135375977,-0.20909103751182556,-0.2130366414785385,0.20690008997917175,-0.1996050477027893,-0.20971277356147766
colbench_backend_programming,451,0.586417019367218,0.16393528878688812,0.20119696855545044,-0.20692087709903717,0.2097834199666977,0.2096226066350937,0.21166162192821503,-0.20826923847198486,0.20087334513664246,0.21002596616744995
colbench_backend_programming,675,0.586336076259613,-0.16330531239509583,-0.20199806988239288,0.20562146604061127,-0.21012884378433228,-0.20930448174476624,-0.21230417490005493,0.207768052816391,-0.20155742764472961,-0.2094709277153015
colbench_backend_programming,719,0.5863316655158997,-0.16432605683803558,-0.20309743285179138,0.20557260513305664,-0.21006417274475098,-0.2108030617237091,-0.21266666054725647,0.20760545134544373,-0.19801068305969238,-0.21018072962760925
colbench_backend_programming,203,0.5863237380981445,-0.1655433177947998,-0.20191770792007446,0.20551154017448425,-0.20995184779167175,-0.21036839485168457,-0.21229895949363708,0.20794343948364258,-0.19989268481731415,-0.21015875041484833
colbench_backend_programming,141,0.5862733721733093,-0.16385598480701447,-0.20279228687286377,0.207125723361969,-0.20934021472930908,-0.20991986989974976,-0.21081674098968506,0.20839408040046692,-0.19991593062877655,-0.20967312157154083
colbench_backend_programming,909,0.5862656235694885,-0.16353735327720642,-0.20228344202041626,0.2069913148880005,-0.20994511246681213,-0.20950758457183838,-0.21136383712291718,0.20814406871795654,-0.19988936185836792,-0.20980620384216309
colbench_backend_programming,634,0.5862374305725098,-0.16306808590888977,-0.20309872925281525,0.2071063369512558,-0.20996464788913727,-0.20975422859191895,-0.21010062098503113,0.2084759622812271,-0.1999603807926178,-0.2094314992427826
colbench_backend_programming,199,0.5862359404563904,-0.16462551057338715,-0.20169997215270996,0.2066420167684555,-0.20964415371418,-0.20995965600013733,-0.21149511635303497,0.20802085101604462,-0.19977137446403503,-0.21057911217212677
colbench_backend_programming,562,0.5862351059913635,-0.1665106564760208,-0.20225383341312408,0.20484492182731628,-0.2105274796485901,-0.21041657030582428,-0.21381890773773193,0.20746415853500366,-0.19809013605117798,-0.21025450527668
colbench_backend_programming,253,0.5861613750457764,-0.16267545521259308,-0.20221923291683197,0.20482496917247772,-0.21019847691059113,-0.20949646830558777,-0.21249520778656006,0.20756950974464417,-0.20120413601398468,-0.2096298336982727
colbench_backend_programming,975,0.5861077904701233,-0.16462342441082,-0.20168907940387726,0.2068680375814438,-0.21025611460208893,-0.2091992050409317,-0.21156911551952362,0.2081487774848938,-0.20039696991443634,-0.20935897529125214
colbench_backend_programming,666,0.5861061811447144,-0.16411928832530975,-0.20301072299480438,0.20614014565944672,-0.2100801020860672,-0.20917844772338867,-0.21247009932994843,0.2075348049402237,-0.1991736739873886,-0.20985636115074158
colbench_backend_programming,54,0.5860918164253235,-0.16452531516551971,-0.20301377773284912,0.20649901032447815,-0.21002885699272156,-0.21024438738822937,-0.21104712784290314,0.2079578936100006,-0.19960208237171173,-0.20905490219593048
colbench_backend_programming,631,0.5860913991928101,-0.1635129451751709,-0.20153890550136566,0.20677199959754944,-0.20929168164730072,-0.2095247060060501,-0.21193666756153107,0.2083156853914261,-0.20072874426841736,-0.20933778584003448
colbench_backend_programming,682,0.5860579609870911,0.1642678827047348,0.2015593945980072,-0.2059401124715805,0.21003907918930054,0.20975945889949799,0.21201692521572113,-0.20780402421951294,0.20055149495601654,0.20965783298015594
colbench_backend_programming,357,0.5860274434089661,-0.16397841274738312,-0.2027939260005951,0.20690537989139557,-0.20942766964435577,-0.20909979939460754,-0.21219131350517273,0.20763349533081055,-0.20012472569942474,-0.2091018259525299
colbench_backend_programming,765,0.5859816670417786,-0.16398634016513824,-0.20373651385307312,0.20716996490955353,-0.21013395488262177,-0.21022015810012817,-0.2103317230939865,0.20789238810539246,-0.19783930480480194,-0.20975863933563232
colbench_backend_programming,352,0.585969090461731,-0.16790816187858582,-0.2025509625673294,0.20653820037841797,-0.20987948775291443,-0.20891638100147247,-0.21223893761634827,0.20745879411697388,-0.19944263994693756,-0.21004176139831543
colbench_backend_programming,686,0.5859635472297668,-0.16429170966148376,-0.20235925912857056,0.20533627271652222,-0.21062110364437103,-0.2101633995771408,-0.21116822957992554,0.20761598646640778,-0.19995740056037903,-0.20983734726905823
colbench_backend_programming,142,0.5858579277992249,0.16388840973377228,0.20478694140911102,-0.2056666761636734,0.21027153730392456,0.21104542911052704,0.21254970133304596,-0.20704935491085052,0.1941511183977127,0.21094375848770142
colbench_backend_programming,308,0.5858473777770996,-0.1633819043636322,-0.20166319608688354,0.20495346188545227,-0.21018309891223907,-0.209145650267601,-0.21182772517204285,0.2079903483390808,-0.2010272890329361,-0.20995576679706573
colbench_backend_programming,18,0.5858240723609924,-0.16297245025634766,-0.2023194134235382,0.2059093862771988,-0.21027407050132751,-0.20958955585956573,-0.2116016298532486,0.20795142650604248,-0.20023585855960846,-0.20881003141403198
colbench_backend_programming,327,0.5858110189437866,-0.16555961966514587,-0.20300938189029694,0.2069838047027588,-0.20996814966201782,-0.20990820229053497,-0.2099962830543518,0.20805588364601135,-0.19942861795425415,-0.20931777358055115
colbench_backend_programming,790,0.5858067274093628,0.16465598344802856,0.20244747400283813,-0.20622031390666962,0.2095605581998825,0.20972296595573425,0.21153755486011505,-0.20799441635608673,0.19982194900512695,0.2093316614627838
colbench_backend_programming,104,0.5858035087585449,-0.1655452996492386,-0.2014484852552414,0.20578372478485107,-0.2101290076971054,-0.20968502759933472,-0.2115078717470169,0.208041250705719,-0.20062361657619476,-0.20940080285072327
colbench_backend_programming,600,0.5857672095298767,-0.16425593197345734,-0.20211873948574066,0.20671714842319489,-0.209368035197258,-0.20972898602485657,-0.21183860301971436,0.20789246261119843,-0.19924062490463257,-0.20958608388900757
colbench_backend_programming,786,0.5857323408126831,-0.1652383655309677,-0.2020387351512909,0.2071475237607956,-0.2097225934267044,-0.20959697663784027,-0.20986045897006989,0.2083275020122528,-0.19941700994968414,-0.21030756831169128
colbench_backend_programming,4,0.5857232809066772,-0.16394567489624023,-0.20227746665477753,0.20564968883991241,-0.2099040448665619,-0.20987224578857422,-0.2123730480670929,0.20759707689285278,-0.19892695546150208,-0.20973066985607147
colbench_backend_programming,126,0.5855715274810791,0.16395865380764008,0.20140114426612854,-0.2056250423192978,0.2103404402732849,0.20948247611522675,0.21174368262290955,-0.20776347815990448,0.20035287737846375,0.2092406004667282
colbench_backend_programming,264,0.5855589509010315,-0.16349034011363983,-0.199945867061615,0.205671489238739,-0.2093944251537323,-0.20914267003536224,-0.21296784281730652,0.2079431265592575,-0.20050711929798126,-0.21027307212352753
colbench_backend_programming,482,0.5855011940002441,-0.16495288908481598,-0.2021256387233734,0.20709176361560822,-0.2091166377067566,-0.2097916305065155,-0.21078290045261383,0.20804043114185333,-0.19909286499023438,-0.20971263945102692
colbench_backend_programming,654,0.5854899287223816,-0.16402168571949005,-0.199578195810318,0.20567432045936584,-0.20884893834590912,-0.20939013361930847,-0.21257928013801575,0.2079509049654007,-0.20155619084835052,-0.2101060003042221
colbench_backend_programming,994,0.5854828953742981,-0.16539156436920166,-0.2021903395652771,0.20606796443462372,-0.20961083471775055,-0.20931792259216309,-0.21150943636894226,0.2077016681432724,-0.19965887069702148,-0.2096538096666336
colbench_backend_programming,626,0.5854718685150146,-0.16371195018291473,-0.20176106691360474,0.2062692940235138,-0.20951926708221436,-0.20926038920879364,-0.21183271706104279,0.20776987075805664,-0.1989917755126953,-0.21022699773311615
colbench_backend_programming,934,0.5854361057281494,0.16357360780239105,0.2003529965877533,-0.20546706020832062,0.20958133041858673,0.20927031338214874,0.21180996298789978,-0.20789150893688202,0.20157961547374725,0.20962415635585785
colbench_backend_programming,207,0.5854235887527466,-0.16329650580883026,-0.20152610540390015,0.20576806366443634,-0.2095111459493637,-0.20931465923786163,-0.21125195920467377,0.2078661471605301,-0.20137061178684235,-0.20898351073265076
colbench_backend_programming,306,0.5853716731071472,-0.1631251722574234,-0.20122863352298737,0.20605678856372833,-0.210313081741333,-0.2092229425907135,-0.21149425208568573,0.20758327841758728,-0.20063750445842743,-0.2088678479194641
colbench_backend_programming,96,0.5853530764579773,-0.16639316082000732,-0.2019299864768982,0.2041642665863037,-0.2102513611316681,-0.20946669578552246,-0.21265165507793427,0.2073851227760315,-0.19897617399692535,-0.21042025089263916
colbench_backend_programming,11,0.5853408575057983,-0.1658293753862381,-0.20216773450374603,0.2057727873325348,-0.21022091805934906,-0.21022313833236694,-0.21161110699176788,0.20761285722255707,-0.19844776391983032,-0.20918706059455872
colbench_backend_programming,369,0.5853282809257507,-0.16552633047103882,-0.20183812081813812,0.2060697227716446,-0.20850612223148346,-0.20982037484645844,-0.21288998425006866,0.20755578577518463,-0.19887973368167877,-0.20964683592319489
colbench_backend_programming,296,0.5853058695793152,-0.16371871531009674,-0.20085495710372925,0.20612281560897827,-0.20933786034584045,-0.2091892957687378,-0.21208229660987854,0.20774729549884796,-0.20050449669361115,-0.2093590348958969
colbench_backend_programming,240,0.5852656364440918,0.16381174325942993,0.20189139246940613,-0.20591866970062256,0.20944277942180634,0.20950934290885925,0.21218782663345337,-0.20736579596996307,0.1991087794303894,0.2096288651227951
colbench_backend_programming,248,0.5851118564605713,-0.1627124398946762,-0.20087198913097382,0.20576994121074677,-0.2090628445148468,-0.20929963886737823,-0.21256877481937408,0.2072659730911255,-0.2002587914466858,-0.20953091979026794
colbench_backend_programming,206,0.5850821733474731,0.16272176802158356,0.20263315737247467,-0.20627862215042114,0.20928773283958435,0.20873506367206573,0.21172401309013367,-0.2068924903869629,0.20048104226589203,0.20860061049461365
colbench_backend_programming,981,0.5850132703781128,-0.16321544349193573,-0.20076292753219604,0.20678052306175232,-0.20909783244132996,-0.20911337435245514,-0.21124543249607086,0.20787344872951508,-0.20006607472896576,-0.20943687856197357
colbench_backend_programming,323,0.5850030779838562,0.16523624956607819,0.20169241726398468,-0.20517010986804962,0.209426149725914,0.20942412316799164,0.21309763193130493,-0.20684030652046204,0.19921141862869263,0.20942190289497375
colbench_backend_programming,642,0.5850010514259338,-0.16361495852470398,-0.20151294767856598,0.2067800611257553,-0.21016176044940948,-0.2094004899263382,-0.21005229651927948,0.20786228775978088,-0.19913022220134735,-0.2094341367483139
colbench_backend_programming,214,0.5849114060401917,-0.16391779482364655,-0.20255827903747559,0.2072611004114151,-0.2091267853975296,-0.20946049690246582,-0.21031780540943146,0.20757685601711273,-0.19889645278453827,-0.20891408622264862
colbench_backend_programming,528,0.5848730206489563,0.16436412930488586,0.200555220246315,-0.20568741858005524,0.21026697754859924,0.2090328335762024,0.21120257675647736,-0.20778672397136688,0.20061400532722473,0.20883475244045258
colbench_backend_programming,378,0.5848343968391418,-0.16516438126564026,-0.2013014554977417,0.20571085810661316,-0.20954081416130066,-0.2092607021331787,-0.2111532986164093,0.20772188901901245,-0.19965876638889313,-0.20951589941978455
colbench_backend_programming,257,0.5848241448402405,-0.16359683871269226,-0.20280466973781586,0.20565369725227356,-0.2090834379196167,-0.20898383855819702,-0.21161340177059174,0.20706693828105927,-0.19960016012191772,-0.2090664952993393
colbench_backend_programming,266,0.5848149061203003,-0.1631200909614563,-0.20136162638664246,0.2052733153104782,-0.20976276695728302,-0.2091168910264969,-0.21197259426116943,0.20746740698814392,-0.20021162927150726,-0.20864970982074738
colbench_backend_programming,689,0.5848029255867004,0.16387765109539032,0.20183943212032318,-0.2060183435678482,0.20905311405658722,0.20929983258247375,0.21160517632961273,-0.20755963027477264,0.19955390691757202,0.2088603377342224
colbench_backend_programming,304,0.5847328901290894,-0.16360057890415192,-0.20086558163166046,0.20526565611362457,-0.20914331078529358,-0.2094375342130661,-0.2116997241973877,0.20739692449569702,-0.20023395121097565,-0.20952974259853363
colbench_backend_programming,310,0.5847310423851013,-0.16284458339214325,-0.20066262781620026,0.20631320774555206,-0.20911680161952972,-0.20830653607845306,-0.21119414269924164,0.20784340798854828,-0.20098471641540527,-0.20919279754161835
colbench_backend_programming,329,0.584729015827179,0.16334834694862366,0.201227605342865,-0.20470383763313293,0.20945820212364197,0.2092239111661911,0.2115224301815033,-0.20752553641796112,0.20041094720363617,0.20950248837471008
colbench_backend_programming,956,0.5847020149230957,0.1633119136095047,0.2021145224571228,-0.2057357281446457,0.20945583283901215,0.20920099318027496,0.21149954199790955,-0.20717012882232666,0.19928722083568573,0.20903411507606506
colbench_backend_programming,919,0.584686279296875,-0.16363216936588287,-0.19827041029930115,0.20451244711875916,-0.20921799540519714,-0.2092432975769043,-0.21222896873950958,0.2078157216310501,-0.20248395204544067,-0.20961478352546692
colbench_backend_programming,112,0.5846598148345947,0.163144052028656,0.20090532302856445,-0.20457756519317627,0.21051423251628876,0.20955419540405273,0.2111249417066574,-0.20745274424552917,0.20024126768112183,0.20898796617984772
colbench_backend_programming,817,0.5846419930458069,-0.16247224807739258,-0.2009991854429245,0.20582349598407745,-0.209731325507164,-0.2086210697889328,-0.21151253581047058,0.20732134580612183,-0.20041872560977936,-0.20891375839710236
colbench_backend_programming,547,0.5846189856529236,0.16202430427074432,0.20084011554718018,-0.2056601494550705,0.20952995121479034,0.20902404189109802,0.21160246431827545,-0.2074970006942749,0.19997510313987732,0.20912210643291473
colbench_backend_programming,243,0.5846019387245178,0.1650022268295288,0.2028585821390152,-0.2057114541530609,0.20973631739616394,0.20989453792572021,0.2114211916923523,-0.20700743794441223,0.19685472548007965,0.20962537825107574
colbench_backend_programming,620,0.5845779180526733,-0.16385404765605927,-0.20194007456302643,0.20611822605133057,-0.20904545485973358,-0.2086934596300125,-0.21121053397655487,0.2076406180858612,-0.19941622018814087,-0.20909932255744934
colbench_backend_programming,128,0.5845456123352051,-0.16318906843662262,-0.2031823694705963,0.20577482879161835,-0.2094779908657074,-0.20874585211277008,-0.21172329783439636,0.20675650238990784,-0.19856388866901398,-0.20882703363895416
colbench_backend_programming,893,0.5845253467559814,-0.16311034560203552,-0.2014341503381729,0.2058820128440857,-0.20927481353282928,-0.2089451551437378,-0.21046435832977295,0.20754839479923248,-0.1995716542005539,-0.20988641679286957
colbench_backend_programming,542,0.5845038294792175,-0.16518214344978333,-0.2010558694601059,0.20536963641643524,-0.20960642397403717,-0.20931577682495117,-0.21106377243995667,0.207174614071846,-0.20008212327957153,-0.2092714011669159
colbench_backend_programming,242,0.5844917297363281,-0.16524268686771393,-0.20178177952766418,0.20552855730056763,-0.20910999178886414,-0.20934125781059265,-0.21298478543758392,0.2066575437784195,-0.19758307933807373,-0.20979271829128265
colbench_backend_programming,894,0.5844828486442566,-0.16416195034980774,-0.20113258063793182,0.20528294146060944,-0.20944200456142426,-0.20935210585594177,-0.2112453430891037,0.20737691223621368,-0.19949600100517273,-0.20952828228473663
colbench_backend_programming,31,0.5843687057495117,-0.1629307121038437,-0.2012699991464615,0.20354101061820984,-0.2099459320306778,-0.2096804529428482,-0.21097195148468018,0.20723432302474976,-0.20022280514240265,-0.2096678763628006
colbench_backend_programming,466,0.5843395590782166,-0.16435155272483826,-0.20156747102737427,0.20599707961082458,-0.20915742218494415,-0.20888777077198029,-0.2118832916021347,0.20661981403827667,-0.19952654838562012,-0.2088310569524765
colbench_backend_programming,251,0.5843310356140137,-0.16329726576805115,-0.2011897712945938,0.20559121668338776,-0.20907968282699585,-0.20870035886764526,-0.21169254183769226,0.20721466839313507,-0.1996462643146515,-0.20932577550411224
colbench_backend_programming,216,0.5842939019203186,-0.16346625983715057,-0.20228955149650574,0.2040804922580719,-0.2098981738090515,-0.209821417927742,-0.21230681240558624,0.20677979290485382,-0.19721828401088715,-0.20980966091156006
colbench_backend_programming,12,0.5842137336730957,-0.16297420859336853,-0.2011539340019226,0.2052871137857437,-0.20937825739383698,-0.20921191573143005,-0.21113960444927216,0.20730999112129211,-0.19957269728183746,-0.20905619859695435
colbench_backend_programming,478,0.5841132402420044,0.16615764796733856,0.1998603790998459,-0.20499539375305176,0.20997551083564758,0.2086222767829895,0.21107500791549683,-0.20759564638137817,0.20103618502616882,0.20867156982421875
colbench_backend_programming,673,0.5840705633163452,-0.163056880235672,-0.201401025056839,0.20484673976898193,-0.20924971997737885,-0.20912975072860718,-0.21151426434516907,0.20719444751739502,-0.19918134808540344,-0.2091701775789261
colbench_backend_programming,134,0.5840568542480469,-0.1632588654756546,-0.2011183798313141,0.20567186176776886,-0.20952099561691284,-0.20884670317173004,-0.2106212079524994,0.20745274424552917,-0.20009513199329376,-0.20837683975696564
colbench_backend_programming,586,0.5840332508087158,-0.16383349895477295,-0.20176778733730316,0.20596081018447876,-0.20853286981582642,-0.20896053314208984,-0.2113502323627472,0.20721273124217987,-0.19942398369312286,-0.208418607711792
colbench_backend_programming,210,0.5840112566947937,0.1627340018749237,0.20054282248020172,-0.20508445799350739,0.2091779112815857,0.20892740786075592,0.2112330198287964,-0.20753900706768036,0.20015308260917664,0.20888501405715942
colbench_backend_programming,849,0.5839739441871643,-0.1644357293844223,-0.20304563641548157,0.20518897473812103,-0.2089996188879013,-0.21010766923427582,-0.2118021696805954,0.20650696754455566,-0.19607582688331604,-0.20956726372241974
colbench_backend_programming,621,0.5838842988014221,-0.1649552285671234,-0.20096758008003235,0.20492799580097198,-0.20984357595443726,-0.2082166224718094,-0.2116609364748001,0.20716138184070587,-0.19935393333435059,-0.20902332663536072
colbench_backend_programming,197,0.5838324427604675,-0.16383937001228333,-0.20289263129234314,0.20453207194805145,-0.20941923558712006,-0.20907828211784363,-0.21278919279575348,0.2060050517320633,-0.19773712754249573,-0.20850437879562378
colbench_backend_programming,83,0.5837857723236084,0.16277799010276794,0.20194676518440247,-0.20637500286102295,0.20871612429618835,0.20901109278202057,0.21003155410289764,-0.20733939111232758,0.19862715899944305,0.2088756263256073
colbench_backend_programming,130,0.5837094187736511,0.1645512878894806,0.20223596692085266,-0.20593634247779846,0.20878100395202637,0.20900210738182068,0.21066273748874664,-0.20703460276126862,0.19852429628372192,0.2085236757993698
colbench_backend_programming,382,0.5837076306343079,-0.16598546504974365,-0.20151546597480774,0.20492541790008545,-0.20932124555110931,-0.20885927975177765,-0.2102220058441162,0.2071436196565628,-0.1999623328447342,-0.20877593755722046
colbench_backend_programming,109,0.5836952924728394,0.16235123574733734,0.20148006081581116,-0.20514269173145294,0.20893120765686035,0.20890311896800995,0.2111446112394333,-0.20699483156204224,0.19895923137664795,0.209083691239357
colbench_backend_programming,832,0.5836809873580933,-0.1636863797903061,-0.20305322110652924,0.20605403184890747,-0.20842565596103668,-0.2090979516506195,-0.21165764331817627,0.20655934512615204,-0.19667023420333862,-0.20901325345039368
colbench_backend_programming,685,0.58365398645401,-0.16324874758720398,-0.20018607378005981,0.20589467883110046,-0.2083665430545807,-0.2088761329650879,-0.2112552523612976,0.20734019577503204,-0.1996403932571411,-0.2089594304561615
colbench_backend_programming,554,0.583640456199646,-0.16223572194576263,-0.20139151811599731,0.20608662068843842,-0.2081826627254486,-0.2085667848587036,-0.21093489229679108,0.20724330842494965,-0.199456125497818,-0.20866183936595917
colbench_backend_programming,241,0.5836011171340942,-0.1636507660150528,-0.20002812147140503,0.2053961157798767,-0.20863427221775055,-0.20884205400943756,-0.21155621111392975,0.20700572431087494,-0.1998026818037033,-0.20909255743026733
colbench_backend_programming,911,0.5835583806037903,0.1646047979593277,0.20155319571495056,-0.20576414465904236,0.2086402177810669,0.20816825330257416,0.21168407797813416,-0.20656295120716095,0.1993294656276703,0.20857228338718414
colbench_backend_programming,457,0.5834544897079468,0.16358092427253723,0.20050208270549774,-0.20433448255062103,0.2092115432024002,0.20894648134708405,0.21061111986637115,-0.20725692808628082,0.1999872475862503,0.20911718904972076
colbench_backend_programming,444,0.5833835005760193,-0.1622498482465744,-0.20085889101028442,0.20575131475925446,-0.20864266157150269,-0.20847153663635254,-0.21052415668964386,0.20715394616127014,-0.1998019516468048,-0.20859591662883759
colbench_backend_programming,150,0.5833516716957092,-0.16485539078712463,-0.20257256925106049,0.2064124345779419,-0.20901264250278473,-0.20921605825424194,-0.20923194289207458,0.20728527009487152,-0.198080375790596,-0.20789124071598053
colbench_backend_programming,247,0.5833399891853333,-0.16267260909080505,-0.20078904926776886,0.20478658378124237,-0.20906859636306763,-0.20895980298519135,-0.210959792137146,0.20690681040287018,-0.1993395984172821,-0.20882326364517212
colbench_backend_programming,968,0.583338737487793,0.1625976264476776,0.2015245109796524,-0.20578092336654663,0.2090180665254593,0.20887739956378937,0.2105427235364914,-0.20701909065246582,0.198561429977417,0.20831719040870667
colbench_backend_programming,898,0.5832676291465759,-0.16315579414367676,-0.2015368491411209,0.20615658164024353,-0.20838850736618042,-0.20850667357444763,-0.2107575684785843,0.20674993097782135,-0.1990414708852768,-0.20832878351211548
colbench_backend_programming,998,0.5832223296165466,-0.16301414370536804,-0.19926869869232178,0.2052154392004013,-0.2082892656326294,-0.20847266912460327,-0.21146948635578156,0.20711438357830048,-0.20013564825057983,-0.2093123495578766
colbench_backend_programming,469,0.5832194089889526,-0.16264571249485016,-0.2006067931652069,0.20491530001163483,-0.2089511901140213,-0.20854483544826508,-0.21093355119228363,0.2068304866552353,-0.20022538304328918,-0.2083216905593872
colbench_backend_programming,79,0.5830714702606201,-0.1632462590932846,-0.20102417469024658,0.20562660694122314,-0.2084006816148758,-0.2081981748342514,-0.21145273745059967,0.2063009887933731,-0.19949348270893097,-0.20840343832969666
colbench_backend_programming,70,0.5830436944961548,0.16315855085849762,0.20196515321731567,-0.20493632555007935,0.20921488106250763,0.20935188233852386,0.2104453146457672,-0.20658057928085327,0.19770492613315582,0.20857137441635132
colbench_backend_programming,205,0.5829997062683105,-0.1634552776813507,-0.20027770102024078,0.20421689748764038,-0.20881347358226776,-0.20854224264621735,-0.21065832674503326,0.20690101385116577,-0.2003740519285202,-0.20891456305980682
colbench_backend_programming,890,0.5829825401306152,0.16339600086212158,0.20101213455200195,-0.20498353242874146,0.20912794768810272,0.20890597999095917,0.21074917912483215,-0.20691153407096863,0.19864989817142487,0.2082761824131012
colbench_backend_programming,988,0.582931637763977,-0.16281133890151978,-0.19974158704280853,0.20472395420074463,-0.2084137201309204,-0.20863914489746094,-0.21151003241539001,0.20699329674243927,-0.1997082382440567,-0.20872965455055237
colbench_backend_programming,225,0.5829030871391296,-0.16285952925682068,-0.19972164928913116,0.20345169305801392,-0.2097005546092987,-0.20895984768867493,-0.21073347330093384,0.20695438981056213,-0.20036906003952026,-0.2084936946630478
colbench_backend_programming,859,0.5827947854995728,-0.16226635873317719,-0.20102547109127045,0.20564018189907074,-0.20826680958271027,-0.20820659399032593,-0.21066150069236755,0.20697984099388123,-0.19888000190258026,-0.20845486223697662
colbench_backend_programming,62,0.5827569961547852,-0.16282041370868683,-0.19997192919254303,0.20501647889614105,-0.20878379046916962,-0.20819759368896484,-0.21038345992565155,0.2069648653268814,-0.19986513257026672,-0.2088218629360199
colbench_backend_programming,229,0.5826265811920166,-0.16293814778327942,-0.20102030038833618,0.20473118126392365,-0.20873385667800903,-0.20909762382507324,-0.21085868775844574,0.20651337504386902,-0.1977345049381256,-0.20887793600559235
colbench_backend_programming,27,0.5826206803321838,-0.16348689794540405,-0.20024369657039642,0.20507144927978516,-0.20881563425064087,-0.20813500881195068,-0.20979267358779907,0.20703494548797607,-0.19972975552082062,-0.20881196856498718
colbench_backend_programming,50,0.5824859142303467,0.16252437233924866,0.20120039582252502,-0.2051197588443756,0.20861512422561646,0.20868150889873505,0.21020765602588654,-0.2068071961402893,0.19786563515663147,0.2087070345878601
colbench_backend_programming,646,0.5822896957397461,0.1626569926738739,0.2008947730064392,-0.2032656967639923,0.20886629819869995,0.20831376314163208,0.2105230838060379,-0.2065577656030655,0.19988074898719788,0.20839251577854156
colbench_backend_programming,913,0.5821645259857178,-0.16283060610294342,-0.20064641535282135,0.20497502386569977,-0.20839323103427887,-0.2080771028995514,-0.2106064409017563,0.20646308362483978,-0.19887766242027283,-0.20828725397586823
colbench_backend_programming,641,0.5820772647857666,-0.1628626435995102,-0.20073847472667694,0.20485427975654602,-0.2081119567155838,-0.20775964856147766,-0.21100927889347076,0.20628780126571655,-0.19927746057510376,-0.2080552726984024
colbench_backend_programming,912,0.5820710062980652,-0.16300632059574127,-0.2013530135154724,0.20437583327293396,-0.20854808390140533,-0.20891587436199188,-0.21100978553295135,0.20608077943325043,-0.19697649776935577,-0.20871476829051971
colbench_backend_programming,871,0.5819026231765747,-0.16165991127490997,-0.20031940937042236,0.2046932727098465,-0.20790517330169678,-0.20785483717918396,-0.21058888733386993,0.2065591812133789,-0.19987760484218597,-0.20782159268856049
colbench_backend_programming,996,0.5818917155265808,-0.16559834778308868,-0.2014673501253128,0.20577919483184814,-0.20896874368190765,-0.20822271704673767,-0.20873428881168365,0.2064456194639206,-0.19849467277526855,-0.20748308300971985
colbench_backend_programming,420,0.5818904638290405,-0.16170060634613037,-0.20108897984027863,0.2052425742149353,-0.2086518555879593,-0.208298459649086,-0.20980815589427948,0.20646411180496216,-0.19806118309497833,-0.20793332159519196
colbench_backend_programming,907,0.5818436741828918,-0.1655559092760086,-0.19865591824054718,0.20522558689117432,-0.20753121376037598,-0.2085837721824646,-0.21104085445404053,0.2064160406589508,-0.1990399956703186,-0.20885688066482544
colbench_backend_programming,270,0.5817129015922546,0.16341622173786163,0.20047014951705933,-0.2057054191827774,0.20744723081588745,0.20750977098941803,0.2109311819076538,-0.20602408051490784,0.19869369268417358,0.20826716721057892
colbench_backend_programming,465,0.5816496014595032,-0.16307298839092255,-0.2006518542766571,0.20453406870365143,-0.2082798182964325,-0.20810510218143463,-0.2102542370557785,0.20641633868217468,-0.19842348992824554,-0.20819765329360962
colbench_backend_programming,57,0.5816454291343689,-0.16370119154453278,-0.19963298738002777,0.20453613996505737,-0.20794667303562164,-0.2081533670425415,-0.2108806073665619,0.20608197152614594,-0.19892317056655884,-0.2086685746908188
colbench_backend_programming,493,0.5816075205802917,-0.16274145245552063,-0.20103640854358673,0.20506244897842407,-0.20843856036663055,-0.20811469852924347,-0.20901641249656677,0.20642025768756866,-0.19843937456607819,-0.20824825763702393
colbench_backend_programming,335,0.581554114818573,-0.16128115355968475,-0.19981855154037476,0.20446796715259552,-0.20844650268554688,-0.20793022215366364,-0.21041515469551086,0.20634368062019348,-0.19920630753040314,-0.20796705782413483
colbench_backend_programming,943,0.5813503265380859,-0.16212967038154602,-0.20035530626773834,0.20472797751426697,-0.20793600380420685,-0.20790305733680725,-0.21034139394760132,0.2063201367855072,-0.19844603538513184,-0.20798802375793457
colbench_backend_programming,59,0.5813006162643433,-0.16313618421554565,-0.20063287019729614,0.20378583669662476,-0.20845359563827515,-0.2083665132522583,-0.2095412164926529,0.20626363158226013,-0.1985863894224167,-0.20825450122356415
colbench_backend_programming,202,0.5812138915061951,-0.16362962126731873,-0.20033490657806396,0.20358502864837646,-0.2086658626794815,-0.208699569106102,-0.2107655107975006,0.20620331168174744,-0.1975884735584259,-0.20772233605384827
colbench_backend_programming,46,0.5811527371406555,0.16242900490760803,0.199187770485878,-0.20365729928016663,0.20878349244594574,0.20802395045757294,0.2103809267282486,-0.20628781616687775,0.1996958702802658,0.20743364095687866
colbench_backend_programming,119,0.5811363458633423,-0.16329221427440643,-0.19906260073184967,0.20399032533168793,-0.20866411924362183,-0.20773133635520935,-0.20967811346054077,0.20654015243053436,-0.20006147027015686,-0.2077018916606903
colbench_backend_programming,77,0.5808871388435364,-0.16305159032344818,-0.19991573691368103,0.2040376365184784,-0.20784860849380493,-0.20778624713420868,-0.21003863215446472,0.20591305196285248,-0.19889429211616516,-0.2082802802324295
colbench_backend_programming,388,0.5806905627250671,-0.16309115290641785,-0.20009855926036835,0.20446334779262543,-0.20787663757801056,-0.20736898481845856,-0.21039900183677673,0.2060365527868271,-0.19748185575008392,-0.2083851546049118
colbench_backend_programming,704,0.5806797742843628,-0.1633666753768921,-0.19996944069862366,0.20345909893512726,-0.2079828977584839,-0.2079547494649887,-0.21034832298755646,0.20587018132209778,-0.19844979047775269,-0.20806807279586792
colbench_backend_programming,727,0.5804581046104431,-0.16201142966747284,-0.20015566051006317,0.20468802750110626,-0.20761366188526154,-0.2076006978750229,-0.210110604763031,0.20600289106369019,-0.1980123668909073,-0.20731152594089508
colbench_backend_programming,895,0.5804360508918762,-0.1637432724237442,-0.19932714104652405,0.2041943371295929,-0.20828458666801453,-0.206987664103508,-0.2098020762205124,0.20604732632637024,-0.19908960163593292,-0.2077111154794693
colbench_backend_programming,42,0.5801411867141724,0.1631298065185547,0.19994977116584778,-0.2038257122039795,0.2079991102218628,0.20768025517463684,0.21016408503055573,-0.20577234029769897,0.19803251326084137,0.20716218650341034
colbench_backend_programming,973,0.5801149010658264,-0.16221578419208527,-0.20099489390850067,0.20347805321216583,-0.20801638066768646,-0.2074788510799408,-0.2098866105079651,0.20536257326602936,-0.19780603051185608,-0.20750749111175537
colbench_backend_programming,556,0.57955002784729,0.1622675061225891,0.1982903927564621,-0.2040916234254837,0.2070198506116867,0.2072160243988037,0.2101261168718338,-0.20577900111675262,0.19870777428150177,0.20767106115818024
colbench_backend_programming,456,0.5784733891487122,-0.16289010643959045,-0.19874851405620575,0.20210611820220947,-0.2079286277294159,-0.20733094215393066,-0.2097862809896469,0.20516209304332733,-0.19741354882717133,-0.2073386013507843
colbench_backend_programming,332,0.5784614682197571,-0.16221371293067932,-0.19977152347564697,0.20339612662792206,-0.20729613304138184,-0.20678454637527466,-0.20910042524337769,0.20518934726715088,-0.1968103051185608,-0.2074790894985199
colbench_backend_programming,211,0.4726600646972656,-0.1130417212843895,-0.04234526678919792,0.17544937133789062,-0.11633291840553284,-0.08393149822950363,-0.10007155686616898,0.17700442671775818,-0.3405795693397522,-0.1136430948972702
colbench_backend_programming,460,0.47076109051704407,-0.11172717064619064,-0.036869168281555176,0.17576870322227478,-0.11577829718589783,-0.07617160677909851,-0.10191585123538971,0.17822015285491943,-0.3385312259197235,-0.1157698929309845
colbench_backend_programming,426,0.4641413688659668,-0.10966890305280685,-0.039157986640930176,0.17013444006443024,-0.11445698887109756,-0.0803036317229271,-0.09899984300136566,0.1735379844903946,-0.33579307794570923,-0.11280810087919235
colbench_backend_programming,428,0.46343082189559937,0.1112116202712059,0.033101778477430344,-0.17224860191345215,0.11228560656309128,0.07746583223342896,0.09798363596200943,-0.17386026680469513,0.33487415313720703,0.11586593836545944
colbench_backend_programming,221,0.46212083101272583,-0.10866952687501907,-0.03587230294942856,0.17092294991016388,-0.11129866540431976,-0.08119355887174606,-0.09715958684682846,0.17319980263710022,-0.3353158235549927,-0.11045154929161072
colbench_backend_programming,744,0.46208634972572327,0.10984236001968384,0.038316357880830765,-0.1730514019727707,0.11658599972724915,0.08025076240301132,0.0981006994843483,-0.17063923180103302,0.3345694839954376,0.10676214843988419
colbench_backend_programming,283,0.4619516432285309,0.11153095960617065,0.039121970534324646,-0.17382420599460602,0.11206002533435822,0.08230776339769363,0.09684555977582932,-0.17643582820892334,0.32978522777557373,0.11425827443599701
colbench_backend_programming,471,0.4612277150154114,-0.10616457462310791,-0.03238125145435333,0.16819380223751068,-0.11105801910161972,-0.07626945525407791,-0.09453115612268448,0.1680574268102646,-0.34112349152565,-0.10815595090389252
colbench_backend_programming,316,0.4610295593738556,-0.10848154872655869,-0.0301127340644598,0.16321052610874176,-0.11214983463287354,-0.07764776796102524,-0.09620672464370728,0.17173190414905548,-0.3406529724597931,-0.10772661864757538
colbench_backend_programming,824,0.46030041575431824,-0.11193297803401947,-0.038159944117069244,0.1594233363866806,-0.11656418442726135,-0.08382757753133774,-0.10224395990371704,0.17483390867710114,-0.33235064148902893,-0.11363334208726883
colbench_backend_programming,413,0.46014872193336487,-0.10486654192209244,-0.03678180277347565,0.16739165782928467,-0.1124240830540657,-0.07953958958387375,-0.09639042615890503,0.17224571108818054,-0.33533740043640137,-0.10948698967695236
colbench_backend_programming,949,0.4595504403114319,-0.10751467943191528,-0.03672267124056816,0.1751732975244522,-0.11133848130702972,-0.0785500705242157,-0.09491001814603806,0.1727326214313507,-0.3317714333534241,-0.10802420228719711
colbench_backend_programming,684,0.45936524868011475,-0.10847778618335724,-0.032086510211229324,0.16902996599674225,-0.1121404618024826,-0.0788816288113594,-0.09595075249671936,0.1719539314508438,-0.33426541090011597,-0.11004500091075897
colbench_backend_programming,477,0.4591606557369232,-0.11006209254264832,-0.041065510362386703,0.17159025371074677,-0.11519748717546463,-0.0778987780213356,-0.09524774551391602,0.1736157387495041,-0.33074939250946045,-0.10839980095624924
colbench_backend_programming,983,0.4584435820579529,0.10597069561481476,0.033226046711206436,-0.1644783765077591,0.10889825969934464,0.07748060673475266,0.09396028518676758,-0.16960637271404266,0.339232861995697,0.10713336616754532
colbench_backend_programming,100,0.4583202302455902,-0.10534965246915817,-0.030106795951724052,0.16310691833496094,-0.10985611379146576,-0.06974047422409058,-0.09003075957298279,0.16979819536209106,-0.34301432967185974,-0.10497257858514786
colbench_backend_programming,386,0.4571375250816345,0.1061970517039299,0.0357343964278698,-0.16895388066768646,0.11219248175621033,0.07705897837877274,0.0933394804596901,-0.17159859836101532,0.3322747051715851,0.10982858389616013
colbench_backend_programming,577,0.45685648918151855,-0.10832325369119644,-0.03759201988577843,0.16399167478084564,-0.10655845701694489,-0.07830840349197388,-0.09820739179849625,0.1703641265630722,-0.3349262475967407,-0.10991042107343674
colbench_backend_programming,691,0.4567798376083374,-0.10766007751226425,-0.03942439705133438,0.1629103422164917,-0.11451627314090729,-0.0715697631239891,-0.10194934904575348,0.17198404669761658,-0.3333926200866699,-0.10580506175756454
colbench_backend_programming,692,0.4566872715950012,-0.10887011885643005,-0.036036547273397446,0.16887503862380981,-0.11374057084321976,-0.08041713386774063,-0.0951787680387497,0.17166942358016968,-0.32890430092811584,-0.11240363121032715
colbench_backend_programming,44,0.45657649636268616,0.10694067180156708,0.03649076074361801,-0.16477322578430176,0.11126095801591873,0.07836456596851349,0.09675885736942291,-0.16998405754566193,0.333740770816803,0.1087222695350647
colbench_backend_programming,915,0.4556671977043152,0.10856813937425613,0.034194231033325195,-0.16754604876041412,0.10905072838068008,0.07704254239797592,0.09871406853199005,-0.1693202406167984,0.3322650194168091,0.10839837789535522
colbench_backend_programming,187,0.45553213357925415,0.11012756079435349,0.03673495352268219,-0.16881529986858368,0.1154952198266983,0.07810480147600174,0.09365327656269073,-0.16688868403434753,0.33085203170776367,0.11016399413347244
colbench_backend_programming,435,0.4552237093448639,-0.10668518394231796,-0.032983072102069855,0.16839613020420074,-0.11061523109674454,-0.07483229786157608,-0.09272623807191849,0.16824734210968018,-0.3337695896625519,-0.10789074003696442
colbench_backend_programming,826,0.45513197779655457,-0.1053348183631897,-0.0362321101129055,0.16640524566173553,-0.11333557963371277,-0.07623445987701416,-0.0958070382475853,0.17168591916561127,-0.32937318086624146,-0.11110017448663712
colbench_backend_programming,418,0.4539352059364319,-0.10667018592357635,-0.03781799226999283,0.16501174867153168,-0.11452136933803558,-0.08129406720399857,-0.09834067523479462,0.17223021388053894,-0.3252430260181427,-0.11205838620662689
colbench_backend_programming,612,0.45379209518432617,-0.10879723727703094,-0.034862443804740906,0.16695170104503632,-0.1073908731341362,-0.0812797024846077,-0.09356874972581863,0.1710173338651657,-0.3294870853424072,-0.1101635992527008
colbench_backend_programming,123,0.45274850726127625,-0.10202954709529877,-0.028555765748023987,0.1682649552822113,-0.10636219382286072,-0.07030853629112244,-0.0885041356086731,0.16584596037864685,-0.3364414870738983,-0.10519387573003769
colbench_backend_programming,927,0.4515238106250763,-0.10857843607664108,-0.03159230947494507,0.16640014946460724,-0.10933201760053635,-0.06914690136909485,-0.08572197705507278,0.16471853852272034,-0.33505499362945557,-0.1082107350230217
colbench_backend_programming,358,0.45007389783859253,0.1040993183851242,0.03368436545133591,-0.16666361689567566,0.11073585599660873,0.07641181349754333,0.09492132067680359,-0.17004787921905518,0.3255949020385742,0.10777539014816284
colbench_backend_programming,297,0.44979172945022583,0.09907027333974838,0.032090507447719574,-0.16556280851364136,0.10935300588607788,0.07367437332868576,0.08627451211214066,-0.16194689273834229,0.33400511741638184,0.10609545558691025
colbench_backend_programming,181,0.4453425705432892,-0.10158583521842957,-0.025559421628713608,0.1564657986164093,-0.10446715354919434,-0.06729056686162949,-0.08421095460653305,0.1632271558046341,-0.3378455638885498,-0.09939604997634888
colbench_backend_programming,601,0.4452071189880371,0.10233170539140701,0.025568172335624695,-0.16100750863552094,0.10389775782823563,0.0700051560997963,0.08410566300153732,-0.16305269300937653,0.3343537151813507,0.10239335149526596
colbench_backend_programming,271,0.42372220754623413,0.12098687142133713,0.2538450062274933,-0.14314261078834534,0.17872202396392822,0.14568860828876495,0.08295431733131409,-0.12750552594661713,0.06686095148324966,0.1176317036151886
colbench_backend_programming,607,0.4233362078666687,-0.11862950772047043,-0.2591094672679901,0.14293146133422852,-0.1751323640346527,-0.14417347311973572,-0.08163957297801971,0.1291094422340393,-0.059664398431777954,-0.11530385911464691
colbench_backend_programming,695,0.4227831959724426,-0.12085368484258652,-0.2532549202442169,0.13922087848186493,-0.17720480263233185,-0.15061375498771667,-0.07717572897672653,0.12953095138072968,-0.06482492387294769,-0.11917400360107422
colbench_backend_programming,268,0.4226699769496918,0.11781778931617737,0.25333479046821594,-0.14643964171409607,0.17685718834400177,0.1447301059961319,0.08098068088293076,-0.12887240946292877,0.06450700759887695,0.1160794124007225
colbench_backend_programming,87,0.4192604720592499,0.11681918799877167,0.2546227276325226,-0.14028997719287872,0.1758968085050583,0.1464998722076416,0.07332201302051544,-0.1284714639186859,0.06367647647857666,0.11370004713535309
colbench_backend_programming,863,0.4192591607570648,-0.11702163517475128,-0.2544649541378021,0.13375231623649597,-0.17706991732120514,-0.1499122828245163,-0.07356243580579758,0.1284271627664566,-0.06269101798534393,-0.11607570201158524
colbench_backend_programming,605,0.418826162815094,0.11774727702140808,0.25412121415138245,-0.13917703926563263,0.1760808676481247,0.14740389585494995,0.07838374376296997,-0.1266968846321106,0.06221562251448631,0.11255330592393875
colbench_backend_programming,148,0.4164513945579529,0.11915604770183563,0.2531491816043854,-0.13550473749637604,0.17368201911449432,0.14622914791107178,0.08478106558322906,-0.12740708887577057,0.06060371920466423,0.11110404878854752
colbench_backend_programming,812,0.41562846302986145,0.11583995074033737,0.2495851069688797,-0.13682293891906738,0.17547665536403656,0.14578066766262054,0.07985064387321472,-0.12753543257713318,0.06246505677700043,0.1146579310297966
colbench_backend_programming,841,0.41544100642204285,0.11643116176128387,0.2503105700016022,-0.1404225081205368,0.17441138625144958,0.14616508781909943,0.06837647408246994,-0.12830278277397156,0.06338206678628922,0.11523696035146713
colbench_backend_programming,823,0.4151187837123871,0.115875743329525,0.25337880849838257,-0.1366921067237854,0.17214375734329224,0.14412373304367065,0.08016608655452728,-0.12752817571163177,0.05800915136933327,0.11392032355070114
colbench_backend_programming,354,0.4150039851665497,0.11894425004720688,0.25052309036254883,-0.13977794349193573,0.17365001142024994,0.14563409984111786,0.07763103395700455,-0.12756691873073578,0.0645095556974411,0.11001642048358917
colbench_backend_programming,255,0.41467350721359253,0.11546775698661804,0.25469309091567993,-0.13669997453689575,0.17498409748077393,0.13900020718574524,0.07732308655977249,-0.12434322386980057,0.05843406915664673,0.11663417518138885
colbench_backend_programming,764,0.4140544533729553,0.11647637188434601,0.24803195893764496,-0.13623692095279694,0.17542578279972076,0.1439487487077713,0.07985998690128326,-0.12765221297740936,0.06338649243116379,0.11478123813867569
colbench_backend_programming,905,0.41372060775756836,-0.12007702887058258,-0.21706387400627136,0.17468571662902832,-0.06946935504674911,-0.14553168416023254,-0.1414981335401535,0.12181399017572403,-0.0388781875371933,-0.17650941014289856
colbench_backend_programming,366,0.4135850965976715,-0.11822906136512756,-0.2503375709056854,0.14250244200229645,-0.17080487310886383,-0.14387407898902893,-0.0774531289935112,0.1269262433052063,-0.05890122801065445,-0.11235711723566055
colbench_backend_programming,778,0.41350504755973816,0.11711237579584122,0.25163957476615906,-0.13692624866962433,0.17291909456253052,0.14440271258354187,0.07838919013738632,-0.12599344551563263,0.05957265943288803,0.11222241818904877
colbench_backend_programming,657,0.41290462017059326,0.12145385146141052,0.2122742384672165,-0.1779969334602356,0.06960677355527878,0.14500078558921814,0.13967739045619965,-0.12224756926298141,0.044042136520147324,0.177433580160141
colbench_backend_programming,995,0.411699503660202,0.11594626307487488,0.24930350482463837,-0.13714666664600372,0.17521461844444275,0.1445402204990387,0.07582065463066101,-0.12402430176734924,0.060081444680690765,0.11046458035707474
colbench_backend_programming,568,0.41122302412986755,0.11189362406730652,0.2540316879749298,-0.1418158859014511,0.1725819706916809,0.1424514800310135,0.07645098119974136,-0.1207849457859993,0.05298254266381264,0.10555887222290039
colbench_backend_programming,740,0.411090224981308,0.11413504928350449,0.2504238188266754,-0.13872411847114563,0.17174369096755981,0.1408393234014511,0.07749630510807037,-0.12513071298599243,0.05988306552171707,0.11161424964666367
colbench_backend_programming,67,0.41051527857780457,-0.1166515052318573,-0.2505246102809906,0.13940587639808655,-0.17184944450855255,-0.14132985472679138,-0.07371924072504044,0.12295662611722946,-0.05974271520972252,-0.11268462240695953
colbench_backend_programming,389,0.4104284644126892,0.11613079905509949,0.25007185339927673,-0.1358170211315155,0.17123068869113922,0.14346465468406677,0.07429530471563339,-0.1261034607887268,0.0610845610499382,0.11141842603683472
colbench_backend_programming,19,0.40942516922950745,0.11482446640729904,0.253889262676239,-0.1368170827627182,0.17080794274806976,0.1391548216342926,0.07551423460245132,-0.12238714098930359,0.056801505386829376,0.1095602810382843
colbench_backend_programming,73,0.4089990556240082,0.11349106580018997,0.24735860526561737,-0.13493850827217102,0.17236170172691345,0.14165665209293365,0.07526840269565582,-0.12627531588077545,0.05830668285489082,0.11445486545562744
colbench_backend_programming,781,0.4089069366455078,0.11586740612983704,0.2484559565782547,-0.13706551492214203,0.17195212841033936,0.14684568345546722,0.07543855905532837,-0.12339826673269272,0.05553452670574188,0.1074904128909111
colbench_backend_programming,341,0.4087440073490143,0.11634453386068344,0.2498016655445099,-0.13325677812099457,0.17356298863887787,0.13887248933315277,0.07372695952653885,-0.12526150047779083,0.05795600265264511,0.11409969627857208
colbench_backend_programming,876,0.4082500636577606,0.11622760444879532,0.24958910048007965,-0.1361154317855835,0.17355987429618835,0.14011512696743011,0.07426507025957108,-0.12405012547969818,0.05749434232711792,0.10900171846151352
colbench_backend_programming,201,0.4080798625946045,0.1135798916220665,0.24678942561149597,-0.13446050882339478,0.1721852719783783,0.14189115166664124,0.07621144503355026,-0.1251925230026245,0.061070822179317474,0.11203858256340027
colbench_backend_programming,212,0.40714165568351746,0.11475808918476105,0.14212098717689514,-0.23387572169303894,0.10772255063056946,0.1308552473783493,0.1741834580898285,-0.12449391931295395,0.04279715195298195,0.12029396742582321
colbench_backend_programming,55,0.40607041120529175,0.11986204981803894,0.14057093858718872,-0.23466713726520538,0.10405641049146652,0.13278771936893463,0.1783864051103592,-0.11854684352874756,0.03935999423265457,0.11907875537872314
colbench_backend_programming,33,0.40556269884109497,0.12309014052152634,0.21139435470104218,-0.17625629901885986,0.07265138626098633,0.14765627682209015,0.13547803461551666,-0.12337655574083328,0.04409443959593773,0.16163618862628937
colbench_backend_programming,532,0.40540915727615356,-0.11322469264268875,-0.2503828704357147,0.1359453648328781,-0.1722877472639084,-0.13581913709640503,-0.06734824925661087,0.1235114187002182,-0.058953359723091125,-0.10857076942920685
colbench_backend_programming,190,0.4051506221294403,0.11783941090106964,0.14258846640586853,-0.2324003130197525,0.10666785389184952,0.12999939918518066,0.17540408670902252,-0.1205490380525589,0.04099666699767113,0.1206166073679924
colbench_backend_programming,286,0.4046524167060852,0.12284885346889496,0.2097693532705307,-0.17785967886447906,0.06687484681606293,0.13911586999893188,0.1375686079263687,-0.11770019680261612,0.03763405233621597,0.17345337569713593
colbench_backend_programming,171,0.404256135225296,0.11191487312316895,0.24988296627998352,-0.13480497896671295,0.17039106786251068,0.13570049405097961,0.07185628265142441,-0.11967650055885315,0.05748329311609268,0.11212176084518433
colbench_backend_programming,592,0.4034373164176941,0.1184726282954216,0.13867023587226868,-0.2341981828212738,0.10444120317697525,0.12834998965263367,0.17512163519859314,-0.12172403931617737,0.0434781089425087,0.11801307648420334
colbench_backend_programming,282,0.4029863476753235,-0.11667197197675705,-0.2130315899848938,0.17515777051448822,-0.06330815702676773,-0.1393062025308609,-0.13970723748207092,0.11562710255384445,-0.03560319170355797,-0.16960489749908447
colbench_backend_programming,321,0.40298154950141907,-0.11934720724821091,-0.07414517551660538,0.06313541531562805,-0.138045534491539,-0.12022297084331512,-0.22619590163230896,0.12469906359910965,-0.17781932651996613,-0.14514222741127014
colbench_backend_programming,145,0.4029095470905304,0.11358267068862915,0.24996615946292877,-0.13675668835639954,0.16861410439014435,0.13813163340091705,0.06805048137903214,-0.12043705582618713,0.05550805851817131,0.10687591880559921
colbench_backend_programming,638,0.4026111960411072,0.1177845373749733,0.1401674598455429,-0.2347247153520584,0.1038946732878685,0.12608352303504944,0.1738109439611435,-0.12184903025627136,0.042951323091983795,0.11730208247900009
colbench_backend_programming,991,0.40234312415122986,-0.12210489064455032,-0.0798930898308754,0.06626953929662704,-0.14238102734088898,-0.11631225049495697,-0.2267334759235382,0.12265588343143463,-0.1749958097934723,-0.14222685992717743
colbench_backend_programming,922,0.40230828523635864,0.12056218832731247,0.13863693177700043,-0.23085646331310272,0.1068575382232666,0.1299383044242859,0.1691495180130005,-0.12386888265609741,0.04692372679710388,0.12197402119636536
colbench_backend_programming,844,0.4022492468357086,-0.11977116018533707,-0.2110987901687622,0.17249232530593872,-0.0646124929189682,-0.14457297325134277,-0.13313812017440796,0.118651382625103,-0.037582140415906906,-0.17086751759052277
colbench_backend_programming,115,0.4015575349330902,0.11753570288419724,0.07573641091585159,-0.05906616523861885,0.13867172598838806,0.12540164589881897,0.22743470966815948,-0.12228478491306305,0.17306968569755554,0.14295099675655365
colbench_backend_programming,186,0.4015321731567383,0.10905253142118454,0.25439712405204773,-0.13386744260787964,0.16716121137142181,0.1369495689868927,0.07004589587450027,-0.11807926744222641,0.05079397186636925,0.10228624939918518
colbench_backend_programming,683,0.40139374136924744,0.11733725666999817,0.20739689469337463,-0.17136722803115845,0.0619540698826313,0.140364870429039,0.13808657228946686,-0.11996223032474518,0.038105081766843796,0.17402668297290802
colbench_backend_programming,935,0.4013501703739166,0.11712442338466644,0.14429378509521484,-0.22927193343639374,0.1056985855102539,0.1317346692085266,0.17032554745674133,-0.11899793893098831,0.04151640087366104,0.11947605758905411
colbench_backend_programming,722,0.4010985195636749,0.11310582607984543,0.252494215965271,-0.13584649562835693,0.1677023023366928,0.13114075362682343,0.06862665712833405,-0.12026620656251907,0.05256323143839836,0.10683626681566238
colbench_backend_programming,459,0.40089377760887146,-0.11682435870170593,-0.21170581877231598,0.1732528954744339,-0.06552517414093018,-0.1393900215625763,-0.13674375414848328,0.1154942587018013,-0.03579837083816528,-0.16981595754623413
colbench_backend_programming,986,0.40084365010261536,-0.1164931058883667,-0.13990317285060883,0.23330684006214142,-0.10579324513673782,-0.12199272215366364,-0.1740504503250122,0.11899777501821518,-0.044328875839710236,-0.11906778812408447
colbench_backend_programming,889,0.4006943702697754,-0.11810623854398727,-0.21003933250904083,0.17092569172382355,-0.06474653631448746,-0.13950206339359283,-0.1340363323688507,0.12106214463710785,-0.03686016798019409,-0.1720188856124878
colbench_backend_programming,30,0.3999156653881073,-0.11881151795387268,-0.07166215032339096,0.06280214339494705,-0.1380506455898285,-0.12079031020402908,-0.22423507273197174,0.12266580015420914,-0.1761293113231659,-0.14441218972206116
colbench_backend_programming,699,0.39972129464149475,0.1202942505478859,0.07643542438745499,-0.0629861056804657,0.13467003405094147,0.12429095804691315,0.22296805679798126,-0.1249203160405159,0.17486464977264404,0.1431283950805664
colbench_backend_programming,655,0.39950159192085266,-0.11825288832187653,-0.075170136988163,0.06014000624418259,-0.13756652176380157,-0.12145724147558212,-0.22583094239234924,0.12183284014463425,-0.17541509866714478,-0.14157834649085999
colbench_backend_programming,703,0.39941638708114624,-0.11813642084598541,-0.20826539397239685,0.16864518821239471,-0.06334294378757477,-0.14293897151947021,-0.1333465427160263,0.12446171045303345,-0.04004939645528793,-0.1685168445110321
colbench_backend_programming,705,0.39903759956359863,-0.11760392785072327,-0.21086996793746948,0.1696881502866745,-0.06333756446838379,-0.13921526074409485,-0.1369626671075821,0.11572517454624176,-0.03480954095721245,-0.1709253340959549
colbench_backend_programming,244,0.39888763427734375,-0.11841965466737747,-0.1375768929719925,0.23269477486610413,-0.10762892663478851,-0.12725195288658142,-0.17374689877033234,0.11798832565546036,-0.03942766413092613,-0.11223308742046356
colbench_backend_programming,840,0.39831504225730896,0.11018239706754684,0.25108012557029724,-0.13256630301475525,0.1674088090658188,0.1332046389579773,0.06670408695936203,-0.11876566708087921,0.05359357222914696,0.1041327491402626
colbench_backend_programming,583,0.3973943889141083,-0.12001173943281174,-0.07306335866451263,0.05837128683924675,-0.1354786902666092,-0.1225643903017044,-0.22985351085662842,0.11774519085884094,-0.17074383795261383,-0.1412455141544342
colbench_backend_programming,729,0.39712387323379517,-0.11777684092521667,-0.20884545147418976,0.17002776265144348,-0.06417910009622574,-0.13890942931175232,-0.1331097036600113,0.11747361719608307,-0.034867722541093826,-0.17038990557193756
colbench_backend_programming,173,0.397045761346817,0.11429785937070847,0.14080114662647247,-0.234331876039505,0.10242058336734772,0.12443482130765915,0.1710287630558014,-0.11793898791074753,0.03891671821475029,0.11072485893964767
colbench_backend_programming,5,0.3970170021057129,-0.11725053936243057,-0.2095274180173874,0.16998769342899323,-0.06607325375080109,-0.13967226445674896,-0.13425880670547485,0.11498907208442688,-0.03428596630692482,-0.16890081763267517
colbench_backend_programming,507,0.3967878222465515,-0.11767805367708206,-0.1392533779144287,0.23303288221359253,-0.10343858599662781,-0.12746353447437286,-0.17135116457939148,0.11852345615625381,-0.03952714055776596,-0.10875121504068375
colbench_backend_programming,1,0.39664533734321594,0.11832393705844879,0.14041201770305634,-0.23370987176895142,0.10187099128961563,0.12403669208288193,0.16656672954559326,-0.11900413781404495,0.03858238086104393,0.11761734634637833
colbench_backend_programming,821,0.39628010988235474,0.11478511989116669,0.14160674810409546,-0.2340037226676941,0.10082682222127914,0.12340101599693298,0.17023423314094543,-0.1154993325471878,0.03125423192977905,0.11634965240955353
colbench_backend_programming,851,0.3962586224079132,-0.11699835956096649,-0.20849435031414032,0.1736050397157669,-0.0657116249203682,-0.13773824274539948,-0.1320015788078308,0.11807673424482346,-0.03815256804227829,-0.16522805392742157
colbench_backend_programming,707,0.39605504274368286,-0.1178065612912178,-0.2095952183008194,0.17185662686824799,-0.06435973197221756,-0.13818784058094025,-0.1338619589805603,0.11579190194606781,-0.03439440205693245,-0.16627369821071625
colbench_backend_programming,364,0.3960550129413605,-0.11668992787599564,-0.13709446787834167,0.23016133904457092,-0.10477357357740402,-0.12658677995204926,-0.17200344800949097,0.11655770987272263,-0.03842391073703766,-0.11593720316886902
colbench_backend_programming,884,0.3960118889808655,-0.11707432568073273,-0.2092459499835968,0.17240338027477264,-0.06409900635480881,-0.1380482316017151,-0.13557343184947968,0.11399218440055847,-0.034208156168460846,-0.16615675389766693
colbench_backend_programming,272,0.3958134353160858,-0.11978192627429962,-0.14247265458106995,0.22258135676383972,-0.10233007371425629,-0.1273202896118164,-0.1730928272008896,0.11981704086065292,-0.03988073393702507,-0.11932194977998734
colbench_backend_programming,166,0.3957918882369995,-0.12016487121582031,-0.07684466987848282,0.06021420285105705,-0.1406089961528778,-0.12156518548727036,-0.22501596808433533,0.11734934151172638,-0.16781175136566162,-0.1414480060338974
colbench_backend_programming,103,0.39568841457366943,-0.11825254559516907,-0.07299637794494629,0.060363829135894775,-0.13486573100090027,-0.11966019123792648,-0.22635799646377563,0.11938762664794922,-0.1727255880832672,-0.14058545231819153
colbench_backend_programming,588,0.3955879509449005,0.11656259000301361,0.13897566497325897,-0.22644951939582825,0.1072307899594307,0.12589377164840698,0.17264370620250702,-0.11682218313217163,0.04102950915694237,0.11580953747034073
colbench_backend_programming,450,0.39553433656692505,0.11980901658535004,0.14150220155715942,-0.22623758018016815,0.1068280041217804,0.13057756423950195,0.16188277304172516,-0.12058698385953903,0.04094262793660164,0.11981160938739777
colbench_backend_programming,82,0.3954192101955414,-0.11740445345640182,-0.07487520575523376,0.061905667185783386,-0.13674555718898773,-0.1254027932882309,-0.22075913846492767,0.12060752511024475,-0.17339147627353668,-0.1383732408285141
colbench_backend_programming,794,0.39532190561294556,-0.1198086217045784,-0.07309193164110184,0.05847565084695816,-0.13651572167873383,-0.12079013139009476,-0.22858209908008575,0.11487604677677155,-0.17086656391620636,-0.14017534255981445
colbench_backend_programming,475,0.3952426612377167,0.11822697520256042,0.06615541875362396,-0.06306351721286774,0.13508883118629456,0.12050464004278183,0.22507789731025696,-0.12455342710018158,0.1704769879579544,0.14091427624225616
colbench_backend_programming,541,0.39522865414619446,-0.12267585098743439,-0.05827467143535614,0.10995358973741531,-0.1581401526927948,-0.17888228595256805,-0.06755198538303375,0.1816011369228363,-0.13192464411258698,-0.16960662603378296
colbench_backend_programming,870,0.3949303925037384,0.11210761964321136,0.2520217299461365,-0.1302466094493866,0.16717365384101868,0.13803115487098694,0.06397219747304916,-0.10571311414241791,0.047583095729351044,0.10468708723783493
colbench_backend_programming,326,0.3944780230522156,-0.11581763625144958,-0.1417737454175949,0.22822466492652893,-0.10283815860748291,-0.125871941447258,-0.16921965777873993,0.1171821653842926,-0.037277400493621826,-0.1151113510131836
colbench_backend_programming,868,0.39430126547813416,0.11378196626901627,0.14063093066215515,-0.22894927859306335,0.1029052808880806,0.12172996997833252,0.17047323286533356,-0.11878415942192078,0.04158347472548485,0.11389025300741196
colbench_backend_programming,432,0.3940655589103699,0.1198824942111969,0.17820841073989868,-0.09967818111181259,0.15050438046455383,0.16774730384349823,0.1520942747592926,-0.11537139117717743,0.1186630055308342,0.11080990731716156
colbench_backend_programming,835,0.39403533935546875,-0.11651907861232758,-0.0749807357788086,0.06158074364066124,-0.13407987356185913,-0.11985651403665543,-0.22177276015281677,0.12039535492658615,-0.1728699505329132,-0.14122438430786133
colbench_backend_programming,525,0.3938666582107544,-0.11327482759952545,-0.20917263627052307,0.1735946238040924,-0.060509465634822845,-0.13792183995246887,-0.1315692812204361,0.11189611256122589,-0.03931226581335068,-0.16487012803554535
colbench_backend_programming,748,0.3925008475780487,0.11565640568733215,0.20970194041728973,-0.16641178727149963,0.06319297850131989,0.13806943595409393,0.13585008680820465,-0.11450178921222687,0.03466203808784485,0.16298849880695343
colbench_backend_programming,569,0.39248746633529663,-0.1183391883969307,-0.1805550903081894,0.09678716212511063,-0.14951767027378082,-0.16292297840118408,-0.15767981112003326,0.11413589864969254,-0.11663565039634705,-0.10809842497110367
colbench_backend_programming,775,0.39212435483932495,-0.11783598363399506,-0.07238923758268356,0.05857184901833534,-0.1339109241962433,-0.12066007405519485,-0.22180242836475372,0.11780907958745956,-0.1722794622182846,-0.14086931943893433
colbench_backend_programming,854,0.39197394251823425,-0.11824920028448105,-0.07304197549819946,0.05921705812215805,-0.1358795166015625,-0.11881206929683685,-0.22471532225608826,0.11902903765439987,-0.16790935397148132,-0.139153853058815
colbench_backend_programming,371,0.3918389678001404,-0.12064573913812637,-0.05587507039308548,0.10295262187719345,-0.15317656099796295,-0.17862872779369354,-0.07233807444572449,0.17728401720523834,-0.13040030002593994,-0.17543825507164001
colbench_backend_programming,318,0.39149773120880127,-0.11529917269945145,-0.20846308767795563,0.17026333510875702,-0.06008162721991539,-0.13629496097564697,-0.12982085347175598,0.11365900933742523,-0.031134264543652534,-0.16702313721179962
colbench_backend_programming,619,0.3912871778011322,-0.12000105530023575,-0.07474742829799652,0.06036663427948952,-0.13503822684288025,-0.11840875446796417,-0.22283633053302765,0.11890286207199097,-0.16895312070846558,-0.13884994387626648
colbench_backend_programming,135,0.3908795118331909,-0.1222497746348381,-0.05455424636602402,0.10357625782489777,-0.16036821901798248,-0.179500013589859,-0.06876814365386963,0.17521072924137115,-0.12964150309562683,-0.1700281947851181
colbench_backend_programming,940,0.39084574580192566,-0.12247950583696365,-0.05039061978459358,0.10479199886322021,-0.15671314299106598,-0.17778679728507996,-0.0691806972026825,0.17685246467590332,-0.13160015642642975,-0.17231163382530212
colbench_backend_programming,421,0.3903049826622009,-0.11234673112630844,-0.20843899250030518,0.16880743205547333,-0.05170274153351784,-0.1381327509880066,-0.13389596343040466,0.11034076660871506,-0.02677862159907818,-0.1667964905500412
colbench_backend_programming,623,0.3902946710586548,-0.1224900484085083,-0.04925664886832237,0.10232727229595184,-0.15834492444992065,-0.178119495511055,-0.0722377672791481,0.17664755880832672,-0.12920020520687103,-0.17180752754211426
colbench_backend_programming,337,0.3902777433395386,-0.11855718493461609,-0.07233303785324097,0.06304136663675308,-0.13178375363349915,-0.11978354305028915,-0.22039780020713806,0.11885479092597961,-0.16907860338687897,-0.14179618656635284
colbench_backend_programming,372,0.3895512819290161,-0.12515883147716522,-0.09961748868227005,0.10322537273168564,-0.17316067218780518,-0.1377968192100525,-0.1595834642648697,0.11602325737476349,-0.13028410077095032,-0.16216127574443817
colbench_backend_programming,164,0.3891594409942627,-0.11796236038208008,-0.17706233263015747,0.1013358011841774,-0.1498238742351532,-0.16138364374637604,-0.15355119109153748,0.11328866332769394,-0.11550292372703552,-0.10761020332574844
colbench_backend_programming,734,0.3891037404537201,0.11613879352807999,0.13828358054161072,-0.22565729916095734,0.10314389318227768,0.12428658455610275,0.16965259611606598,-0.11629275977611542,0.03549523651599884,0.1081961989402771
colbench_backend_programming,937,0.3889797031879425,-0.11670879274606705,-0.17837360501289368,0.09701722860336304,-0.14998038113117218,-0.16651839017868042,-0.15054501593112946,0.11394120752811432,-0.11286931484937668,-0.10708571970462799
colbench_backend_programming,564,0.3880968391895294,-0.11992403864860535,-0.048627208918333054,0.1005108505487442,-0.15587390959262848,-0.17777292430400848,-0.06372862309217453,0.17621447145938873,-0.13215850293636322,-0.17225989699363708
colbench_backend_programming,127,0.3878512680530548,0.11817895621061325,0.1796761006116867,-0.08446787297725677,0.15223228931427002,0.16449633240699768,0.15133501589298248,-0.1140931099653244,0.11457481235265732,0.10830359160900116
colbench_backend_programming,39,0.38784292340278625,-0.11714901775121689,-0.17255914211273193,0.09502974897623062,-0.1520901918411255,-0.16549359261989594,-0.15259811282157898,0.11053827404975891,-0.11769804358482361,-0.10833994299173355
colbench_backend_programming,869,0.38763561844825745,0.11891809105873108,0.07426927238702774,-0.05824762210249901,0.13398344814777374,0.11737369745969772,0.2259630560874939,-0.10956083238124847,0.16678833961486816,0.13690611720085144
colbench_backend_programming,921,0.38733381032943726,-0.11902911216020584,-0.051117490977048874,0.09885580837726593,-0.15956361591815948,-0.17440319061279297,-0.07180514931678772,0.17533817887306213,-0.12699609994888306,-0.17244574427604675
colbench_backend_programming,531,0.3872923254966736,0.11900453269481659,0.05547238513827324,-0.10139407962560654,0.15730451047420502,0.17773674428462982,0.06688393652439117,-0.17623089253902435,0.1316869556903839,0.1656203716993332
colbench_backend_programming,238,0.3872196078300476,-0.1147303357720375,-0.07182636857032776,0.060102179646492004,-0.13249333202838898,-0.11844179034233093,-0.22233368456363678,0.11556541174650192,-0.16718177497386932,-0.13728581368923187
colbench_backend_programming,735,0.3869185149669647,-0.11858522146940231,-0.051303498446941376,0.10414247214794159,-0.1509818136692047,-0.1771550178527832,-0.07197505235671997,0.1766461580991745,-0.12927596271038055,-0.17015372216701508
colbench_backend_programming,914,0.38679713010787964,-0.1178976520895958,-0.053366001695394516,0.10222721844911575,-0.15261802077293396,-0.17622144520282745,-0.0718529224395752,0.17524181306362152,-0.12951640784740448,-0.17123198509216309
colbench_backend_programming,595,0.38679659366607666,-0.1184055358171463,-0.17816060781478882,0.10065759718418121,-0.14530400931835175,-0.16249962151050568,-0.1529310941696167,0.11170580983161926,-0.1136854737997055,-0.1069045290350914
colbench_backend_programming,481,0.3860562741756439,-0.11920943111181259,-0.05168694630265236,0.09713968634605408,-0.15457890927791595,-0.17951960861682892,-0.06933973729610443,0.17699016630649567,-0.13288164138793945,-0.1643739491701126
colbench_backend_programming,845,0.3853873312473297,-0.11215662211179733,-0.135684996843338,0.22523681819438934,-0.10115887224674225,-0.11962535977363586,-0.16995221376419067,0.1121414452791214,-0.033168692141771317,-0.11080792546272278
colbench_backend_programming,165,0.38523972034454346,-0.11588544398546219,-0.07009141892194748,0.05172092467546463,-0.13176290690898895,-0.1097903698682785,-0.22208353877067566,0.11555696278810501,-0.1707482486963272,-0.1399175226688385
colbench_backend_programming,846,0.3850438594818115,-0.11489468067884445,-0.17348237335681915,0.09552092105150223,-0.1504000723361969,-0.16365410387516022,-0.15101753175258636,0.10956300050020218,-0.11630289256572723,-0.10629599541425705
colbench_backend_programming,508,0.3850036561489105,0.11684081703424454,0.05135739594697952,-0.10236192494630814,0.15483945608139038,0.17493559420108795,0.06678794324398041,-0.17513932287693024,0.1283317506313324,0.17009146511554718
colbench_backend_programming,862,0.38496431708335876,-0.11700891703367233,-0.17463979125022888,0.0975547507405281,-0.14939461648464203,-0.16337484121322632,-0.1475728154182434,0.1124543622136116,-0.11546940356492996,-0.1068389043211937
colbench_backend_programming,404,0.38474640250205994,-0.12014725804328918,-0.05705171823501587,0.10454072058200836,-0.1541690230369568,-0.17062196135520935,-0.0686953216791153,0.17729666829109192,-0.1309533417224884,-0.16632574796676636
colbench_backend_programming,671,0.3846472203731537,-0.12535254657268524,-0.08990336954593658,0.09930626302957535,-0.17492133378982544,-0.1407593935728073,-0.1578298807144165,0.11285876482725143,-0.12973158061504364,-0.1584954708814621
colbench_backend_programming,690,0.3844161331653595,-0.12264517694711685,-0.09921333938837051,0.10069266706705093,-0.17292483150959015,-0.13378190994262695,-0.162511944770813,0.10994697362184525,-0.12890367209911346,-0.157728374004364
colbench_backend_programming,780,0.3842105269432068,-0.12190737575292587,-0.053738564252853394,0.09551683068275452,-0.15579935908317566,-0.17785976827144623,-0.06874135136604309,0.17593127489089966,-0.12514646351337433,-0.1684044748544693
colbench_backend_programming,952,0.3840023875236511,-0.11998622864484787,-0.05356324091553688,0.10498642176389694,-0.15367546677589417,-0.1745242327451706,-0.0685669332742691,0.1745235174894333,-0.12639501690864563,-0.168393075466156
colbench_backend_programming,375,0.3836020231246948,-0.11534082144498825,-0.05256783217191696,0.0972517877817154,-0.15398600697517395,-0.17666316032409668,-0.0688612312078476,0.17369818687438965,-0.12831218540668488,-0.16920611262321472
colbench_backend_programming,235,0.3823098838329315,-0.11737122386693954,-0.17685431241989136,0.0972558781504631,-0.14779962599277496,-0.16313683986663818,-0.15198305249214172,0.10593099892139435,-0.10667826980352402,-0.10614075511693954
colbench_backend_programming,920,0.38225260376930237,-0.11268306523561478,-0.1306808739900589,0.22724871337413788,-0.09830816090106964,-0.12180968374013901,-0.1648568958044052,0.11215941607952118,-0.03171186149120331,-0.11014676094055176
colbench_backend_programming,896,0.3819810748100281,-0.11021629720926285,-0.20648619532585144,0.16843833029270172,-0.05793386325240135,-0.13183476030826569,-0.12743641436100006,0.10919425636529922,-0.02842632494866848,-0.15872399508953094
colbench_backend_programming,594,0.381767600774765,-0.12411756068468094,-0.09603247046470642,0.09047316014766693,-0.175411656498909,-0.13695576786994934,-0.16005580127239227,0.11116450279951096,-0.1267961710691452,-0.15735331177711487
colbench_backend_programming,443,0.3816976249217987,0.12340608984231949,0.09033724665641785,-0.1059333086013794,0.17053724825382233,0.13550965487957,0.15548501908779144,-0.11006353050470352,0.12994714081287384,0.1602770984172821
colbench_backend_programming,492,0.3806453347206116,0.11062584817409515,0.13458500802516937,-0.22473695874214172,0.09640847891569138,0.12107481062412262,0.16390429437160492,-0.11184554547071457,0.03291702643036842,0.10890255868434906
colbench_backend_programming,537,0.38044247031211853,0.1176099181175232,0.17268475890159607,-0.0904621034860611,0.14763937890529633,0.1638513058423996,0.15196089446544647,-0.11154172569513321,0.11475029587745667,0.09688712656497955
colbench_backend_programming,656,0.3803272843360901,-0.11444157361984253,-0.17180177569389343,0.09400344640016556,-0.14915859699249268,-0.1615532487630844,-0.14885222911834717,0.10637640953063965,-0.11529838293790817,-0.10574482381343842
colbench_backend_programming,856,0.3801402747631073,-0.11888039112091064,-0.17292974889278412,0.09578018635511398,-0.14740769565105438,-0.1626320332288742,-0.14763185381889343,0.11040380597114563,-0.11170482635498047,-0.10386409610509872
colbench_backend_programming,708,0.3800312876701355,-0.11978286504745483,-0.04865080118179321,0.09572193771600723,-0.15412956476211548,-0.17472705245018005,-0.06303665786981583,0.1735834926366806,-0.12510946393013,-0.16985724866390228
colbench_backend_programming,344,0.37993699312210083,-0.11462245136499405,-0.1723628044128418,0.09298981726169586,-0.14524611830711365,-0.16397152841091156,-0.1477300226688385,0.11101798713207245,-0.1131051778793335,-0.10521902143955231
colbench_backend_programming,474,0.3792943060398102,-0.11810347437858582,-0.05167858302593231,0.10176828503608704,-0.14933808147907257,-0.17586694657802582,-0.07026149332523346,0.17371241748332977,-0.12650805711746216,-0.16275347769260406
colbench_backend_programming,979,0.37898650765419006,-0.12161821871995926,-0.09672173112630844,0.10279757529497147,-0.16972887516021729,-0.13434430956840515,-0.1580783575773239,0.10666642338037491,-0.12618231773376465,-0.15672777593135834
colbench_backend_programming,320,0.3782561421394348,-0.12130469083786011,-0.09322596341371536,0.0956825390458107,-0.17031413316726685,-0.13452130556106567,-0.15687306225299835,0.10819777101278305,-0.1273868829011917,-0.1599539816379547
colbench_backend_programming,771,0.37798210978507996,-0.11257118731737137,-0.20654530823230743,0.1665654480457306,-0.058447014540433884,-0.1298542618751526,-0.13049863278865814,0.10591953992843628,-0.02502436935901642,-0.15268343687057495
colbench_backend_programming,916,0.3774804174900055,-0.11538330465555191,-0.16982614994049072,0.09376685321331024,-0.14577478170394897,-0.16308750212192535,-0.14901670813560486,0.10719381272792816,-0.11139185726642609,-0.10443104803562164
colbench_backend_programming,365,0.377075731754303,-0.12072288244962692,-0.09466071426868439,0.09609200060367584,-0.17075690627098083,-0.13596311211585999,-0.15393993258476257,0.10973194986581802,-0.12579217553138733,-0.15743450820446014
colbench_backend_programming,751,0.37681370973587036,0.11721708625555038,0.09056270122528076,-0.09741272032260895,0.17067337036132812,0.13280339539051056,0.15974222123622894,-0.10793408751487732,0.12873108685016632,0.15424837172031403
colbench_backend_programming,738,0.3767636716365814,0.10710405558347702,0.13078142702579498,-0.2253112643957138,0.09206049144268036,0.11744090914726257,0.1651594489812851,-0.10966330766677856,0.029483867809176445,0.10789547115564346
colbench_backend_programming,379,0.37674480676651,-0.11927471309900284,-0.0968995913863182,0.0971817895770073,-0.17226503789424896,-0.13242892920970917,-0.15476228296756744,0.11083706468343735,-0.12292854487895966,-0.1566605120897293
colbench_backend_programming,269,0.3764490783214569,0.11728240549564362,0.09265170991420746,-0.09605470299720764,0.16993427276611328,0.13353721797466278,0.16002322733402252,-0.10542606562376022,0.12688198685646057,0.1561156064271927
colbench_backend_programming,501,0.3760208189487457,-0.1164487898349762,-0.17039020359516144,0.09140272438526154,-0.14636707305908203,-0.16102971136569977,-0.14794322848320007,0.10746509581804276,-0.11199678480625153,-0.10330178588628769
colbench_backend_programming,220,0.37515491247177124,-0.11300511658191681,-0.17011716961860657,0.09066727012395859,-0.1473475992679596,-0.15971943736076355,-0.14524371922016144,0.10929414629936218,-0.11302345991134644,-0.10268370807170868
colbench_backend_programming,120,0.3750043511390686,-0.11542606353759766,-0.17203329503536224,0.0940844938158989,-0.1447647511959076,-0.15438814461231232,-0.14954562485218048,0.10993878543376923,-0.11006099730730057,-0.10404102504253387
colbench_backend_programming,380,0.3745783567428589,-0.11319304257631302,-0.17022304236888885,0.09490399062633514,-0.14604581892490387,-0.15919066965579987,-0.1482219249010086,0.10703787952661514,-0.11052589863538742,-0.10006210952997208
colbench_backend_programming,331,0.3741380274295807,0.10788913071155548,0.13215291500091553,-0.22487027943134308,0.09338413923978806,0.11560539156198502,0.16305392980575562,-0.10496623814105988,0.030523458495736122,0.10642768442630768
colbench_backend_programming,625,0.37399768829345703,-0.1203683465719223,-0.09214567393064499,0.09675142168998718,-0.17121514678001404,-0.13128112256526947,-0.15394999086856842,0.10748913884162903,-0.12892909348011017,-0.1536100208759308
colbench_backend_programming,730,0.3739790618419647,0.10973260551691055,0.13038168847560883,-0.2269258350133896,0.09400876611471176,0.11399392038583755,0.15968993306159973,-0.1074536070227623,0.03011668100953102,0.10760669410228729
colbench_backend_programming,526,0.3739221394062042,-0.11489210277795792,-0.06796154379844666,0.05125397816300392,-0.1301918923854828,-0.09821353107690811,-0.21798589825630188,0.11407335847616196,-0.1640566885471344,-0.1361287385225296
colbench_backend_programming,762,0.37384387850761414,-0.11883680522441864,-0.09145775437355042,0.09965790808200836,-0.17257289588451385,-0.13218025863170624,-0.1465943306684494,0.11151878535747528,-0.12677082419395447,-0.15560469031333923
colbench_backend_programming,853,0.37190189957618713,-0.1121649444103241,-0.16893845796585083,0.09259136766195297,-0.14584404230117798,-0.1599903255701065,-0.14627914130687714,0.10735063999891281,-0.10714449733495712,-0.09964222460985184
colbench_backend_programming,387,0.37172672152519226,-0.11345178633928299,-0.16979028284549713,0.09236758202314377,-0.1442861109972,-0.16048657894134521,-0.14419640600681305,0.10721375048160553,-0.10956203937530518,-0.09977264702320099
colbench_backend_programming,350,0.3711347281932831,-0.12112690508365631,-0.09102365374565125,0.09701123088598251,-0.1673392504453659,-0.13454414904117584,-0.15408876538276672,0.10231757909059525,-0.12535156309604645,-0.15496677160263062
colbench_backend_programming,223,0.37106356024742126,-0.11303680390119553,-0.16821801662445068,0.0907893180847168,-0.14542518556118011,-0.15796321630477905,-0.14623858034610748,0.10742035508155823,-0.10811427980661392,-0.10214569419622421
colbench_backend_programming,777,0.3710072934627533,-0.11519866436719894,-0.16639219224452972,0.09419019520282745,-0.1444622129201889,-0.16130179166793823,-0.14587809145450592,0.10664533078670502,-0.11067739874124527,-0.09642370790243149
colbench_backend_programming,598,0.36994215846061707,-0.11955839395523071,-0.08960696309804916,0.09500553458929062,-0.16844980418682098,-0.13229769468307495,-0.15270300209522247,0.106139175593853,-0.123531274497509,-0.15517742931842804
colbench_backend_programming,468,0.36882153153419495,-0.11922933161258698,-0.08794870227575302,0.09594573825597763,-0.16543160378932953,-0.1298888623714447,-0.15413856506347656,0.10568425059318542,-0.1273670494556427,-0.1539473980665207
colbench_backend_programming,584,0.3685966730117798,-0.11697398126125336,-0.09041451662778854,0.09444785863161087,-0.16626299917697906,-0.1299484819173813,-0.1566018909215927,0.10268524289131165,-0.12392161786556244,-0.1543157994747162
colbench_backend_programming,289,0.3683910071849823,-0.11973267793655396,-0.0928296372294426,0.0956961065530777,-0.1695588380098343,-0.12421903759241104,-0.15072642266750336,0.10564690083265305,-0.12258587777614594,-0.15763650834560394
colbench_backend_programming,200,0.3681751787662506,-0.10959799587726593,-0.06169687584042549,0.04992666840553284,-0.12419623881578445,-0.1106228306889534,-0.21088650822639465,0.10995163768529892,-0.16451911628246307,-0.13402479887008667
colbench_backend_programming,315,0.3680247962474823,-0.11781663447618484,-0.09239619970321655,0.09790581464767456,-0.16863346099853516,-0.13058216869831085,-0.14337433874607086,0.10797356814146042,-0.12445909529924393,-0.15532594919204712
colbench_backend_programming,399,0.3679901957511902,-0.11621710658073425,-0.0888582170009613,0.09365091472864151,-0.16916151344776154,-0.12954740226268768,-0.15447454154491425,0.10304993391036987,-0.12242168188095093,-0.15454331040382385
colbench_backend_programming,961,0.36788058280944824,-0.12012341618537903,-0.0923723578453064,0.09503539651632309,-0.1647314727306366,-0.129692941904068,-0.1546512395143509,0.1031699925661087,-0.1263548731803894,-0.15260541439056396
colbench_backend_programming,292,0.36678826808929443,-0.11847596615552902,-0.09128351509571075,0.08949296176433563,-0.16347751021385193,-0.13265015184879303,-0.1540786325931549,0.1064828485250473,-0.12290514260530472,-0.1539042592048645
colbench_backend_programming,521,0.36639225482940674,-0.1110040545463562,-0.16972513496875763,0.08690571039915085,-0.1438668817281723,-0.15754973888397217,-0.14619185030460358,0.10478455573320389,-0.10497882962226868,-0.09482645988464355
colbench_backend_programming,376,0.3646523952484131,-0.11709899455308914,-0.08881709724664688,0.09362906962633133,-0.1670161634683609,-0.12946884334087372,-0.15276700258255005,0.10292722284793854,-0.11780473589897156,-0.15443509817123413
colbench_backend_programming,624,0.36459213495254517,-0.1128234937787056,-0.06141004338860512,0.05032718554139137,-0.12493060529232025,-0.09413474798202515,-0.21524280309677124,0.10978678613901138,-0.16125057637691498,-0.1333043873310089
colbench_backend_programming,725,0.36450791358947754,-0.07050066441297531,0.05273415148258209,0.052997883409261703,-0.06765604019165039,-0.01799311488866806,-0.12636171281337738,0.1094995066523552,-0.29975882172584534,-0.06754617393016815
colbench_backend_programming,467,0.3628830015659332,-0.07390352338552475,0.050900958478450775,0.03955179452896118,-0.06590337306261063,-0.01991049386560917,-0.13332681357860565,0.10869850963354111,-0.297358900308609,-0.06910450756549835
colbench_backend_programming,674,0.36106613278388977,-0.1143331304192543,-0.04009510576725006,0.09372156113386154,-0.14690540730953217,-0.16867975890636444,-0.0516149066388607,0.16551904380321503,-0.1189158707857132,-0.16044223308563232
colbench_backend_programming,395,0.36086875200271606,-0.1110667884349823,-0.1658065915107727,0.0864785835146904,-0.14140737056732178,-0.15190154314041138,-0.14694878458976746,0.10365178436040878,-0.1060389056801796,-0.09275709092617035
colbench_backend_programming,815,0.3599548041820526,-0.11917918920516968,-0.08768342435359955,0.08554911613464355,-0.16498832404613495,-0.13059745728969574,-0.14770574867725372,0.10202871263027191,-0.12292193621397018,-0.1514824479818344
colbench_backend_programming,557,0.35912981629371643,-0.11774982511997223,-0.08508194983005524,0.0880717784166336,-0.1644807904958725,-0.1294305920600891,-0.14668813347816467,0.10437089949846268,-0.12093415856361389,-0.15210744738578796
colbench_backend_programming,176,0.3582474887371063,-0.07024245709180832,0.04995623230934143,0.051138196140527725,-0.06818702816963196,-0.014401085674762726,-0.13436101377010345,0.10701625794172287,-0.291454017162323,-0.06263280659914017
colbench_backend_programming,572,0.3581446409225464,-0.11120950430631638,-0.16295620799064636,0.08288921415805817,-0.13985507190227509,-0.1539434790611267,-0.1453382819890976,0.10108578205108643,-0.10404760390520096,-0.09703991562128067
colbench_backend_programming,52,0.3517739772796631,-0.06851799041032791,0.05383092164993286,0.04802010953426361,-0.0615592822432518,-0.009979416616261005,-0.12469308078289032,0.10168397426605225,-0.29089924693107605,-0.06435634940862656
colbench_backend_programming,908,0.3509032726287842,-0.11043447256088257,-0.16224263608455658,0.08285592496395111,-0.13843488693237305,-0.15843291580677032,-0.13542507588863373,0.09842822700738907,-0.09456061571836472,-0.09332918375730515
colbench_backend_programming,262,0.34978094696998596,-0.10997886210680008,-0.16558048129081726,0.07430560141801834,-0.1330309957265854,-0.154206320643425,-0.13664618134498596,0.09969191253185272,-0.10015029460191727,-0.09638944268226624
colbench_backend_programming,545,0.3487778306007385,-0.0697844922542572,0.05297969654202461,0.051208361983299255,-0.0646294429898262,-0.014964143745601177,-0.11968429386615753,0.10897728055715561,-0.28541749715805054,-0.06443919986486435
colbench_backend_programming,582,0.3480497896671295,-0.07385572046041489,0.07621630281209946,0.08501818031072617,-0.09064933657646179,-0.06948476284742355,0.00965061504393816,0.15473024547100067,-0.24854306876659393,-0.09616637229919434
colbench_backend_programming,596,0.34686678647994995,-0.07303502410650253,0.0718279555439949,0.08365498483181,-0.07533302158117294,-0.06759938597679138,0.009951167739927769,0.15967419743537903,-0.25169286131858826,-0.09471136331558228
colbench_backend_programming,24,0.3462907373905182,-0.0680936798453331,0.0716935247182846,0.09258276969194412,-0.08558641374111176,-0.06965769082307816,0.02380574680864811,0.16040726006031036,-0.24282410740852356,-0.0936364009976387
colbench_backend_programming,743,0.3440476655960083,-0.0662064403295517,0.0766846314072609,0.08632466197013855,-0.08113737404346466,-0.06534463912248611,0.011666454374790192,0.15888914465904236,-0.24656172096729279,-0.08949056267738342
colbench_backend_programming,726,0.34382879734039307,0.08150167763233185,0.2666774094104767,-0.1282193809747696,0.05582985281944275,0.10092386603355408,0.030966786667704582,-0.0642482340335846,-0.049409717321395874,0.09914883226156235
colbench_backend_programming,38,0.34299880266189575,-0.11093578487634659,-0.08651502430438995,0.08873787522315979,-0.15988771617412567,-0.12272629141807556,-0.13712498545646667,0.0962107703089714,-0.11328021436929703,-0.1441211849451065
colbench_backend_programming,215,0.3427908420562744,0.07993907481431961,0.2615622282028198,-0.13413257896900177,0.057895418256521225,0.10064910352230072,0.027549879625439644,-0.06158735603094101,-0.05476273596286774,0.10033014416694641
colbench_backend_programming,900,0.3418830931186676,-0.06439629197120667,0.08480631560087204,0.08731874823570251,-0.07535594701766968,-0.05943499878048897,0.03660338371992111,0.15544743835926056,-0.2459792047739029,-0.08274570852518082
colbench_backend_programming,290,0.34104257822036743,0.07997159659862518,0.2664185166358948,-0.1248745322227478,0.05028756335377693,0.09832385927438736,0.019990719854831696,-0.05801130458712578,-0.06925047188997269,0.09476587921380997
colbench_backend_programming,534,0.33999329805374146,0.08079396933317184,0.26300591230392456,-0.12394288182258606,0.06059198081493378,0.09728749841451645,0.02686801180243492,-0.06231362000107765,-0.061180099844932556,0.09786403179168701
colbench_backend_programming,618,0.33768847584724426,0.08115171641111374,0.25939494371414185,-0.13038378953933716,0.05675568804144859,0.0989011600613594,0.03147682175040245,-0.06424294412136078,-0.052304744720458984,0.09429449588060379
colbench_backend_programming,405,0.33680421113967896,-0.06360940635204315,0.08046836405992508,0.06877785176038742,-0.07823090255260468,-0.061413705348968506,0.029727496206760406,0.15496230125427246,-0.24332760274410248,-0.09074395149946213
colbench_backend_programming,464,0.3342517614364624,0.07396430522203445,0.16613882780075073,-0.21039704978466034,-0.011263963766396046,0.07656808942556381,0.1229090616106987,-0.06107468158006668,-0.07775840908288956,0.09477628022432327
colbench_backend_programming,250,0.3338533341884613,0.07554887235164642,0.1647505909204483,-0.2096719741821289,-0.010291769169270992,0.08264649659395218,0.11360491812229156,-0.05520224571228027,-0.07907639443874359,0.10587801784276962
colbench_backend_programming,204,0.33317500352859497,0.0794573724269867,0.25954651832580566,-0.12130238860845566,0.05326435714960098,0.09579790383577347,0.03120560757815838,-0.061201311647892,-0.0583493709564209,0.09374729543924332
colbench_backend_programming,368,0.33229631185531616,-0.07881370186805725,-0.26047536730766296,0.11642265319824219,-0.05462109297513962,-0.09575622528791428,-0.025169190019369125,0.06503254175186157,0.05515038222074509,-0.09466881304979324
colbench_backend_programming,182,0.3320971131324768,0.07920826226472855,0.16462665796279907,-0.20606403052806854,-0.00356134376488626,0.08389577269554138,0.12055818736553192,-0.05669611319899559,-0.07820671051740646,0.09903519600629807
colbench_backend_programming,664,0.33097466826438904,0.07824096083641052,0.16098372638225555,-0.2082347273826599,-0.012291782535612583,0.0790257602930069,0.12194154411554337,-0.055588919669389725,-0.07644270360469818,0.10033568739891052
colbench_backend_programming,902,0.3302901089191437,0.07696705311536789,0.16052477061748505,-0.20814435184001923,-0.011161865666508675,0.08090199530124664,0.1201181635260582,-0.05753915011882782,-0.07450815290212631,0.10019470751285553
colbench_backend_programming,345,0.32796531915664673,0.04502613842487335,0.2220977246761322,-0.16934902966022491,-0.01606575772166252,0.052584458142519,0.03225867450237274,-0.015526920557022095,-0.15357181429862976,0.040810726583004
colbench_backend_programming,236,0.32750290632247925,-0.07693246006965637,-0.16292820870876312,0.2094060629606247,0.012408331036567688,-0.07930099964141846,-0.11983778327703476,0.05549066513776779,0.07612103223800659,-0.084760382771492
colbench_backend_programming,611,0.32713332772254944,0.07650523632764816,0.16135692596435547,-0.20611825585365295,-0.011289320886135101,0.07904630899429321,0.11391996592283249,-0.05606131628155708,-0.07790014892816544,0.09965229034423828
colbench_backend_programming,837,0.32709789276123047,0.07414925843477249,0.16452954709529877,-0.20510457456111908,-0.012465034611523151,0.07951237261295319,0.11514715105295181,-0.05346143990755081,-0.07847696542739868,0.09540419280529022
colbench_backend_programming,314,0.32402101159095764,-0.0738186240196228,-0.25091561675071716,0.11838807165622711,-0.04429163038730621,-0.10521066933870316,-0.023511383682489395,0.05582146346569061,0.061877746134996414,-0.08652464300394058
colbench_backend_programming,363,0.3227423131465912,-0.07589423656463623,-0.16118283569812775,0.19659386575222015,0.010592535138130188,-0.07968591898679733,-0.11942565441131592,0.05781826004385948,0.07538207620382309,-0.0989120751619339
colbench_backend_programming,258,0.3212684988975525,0.08475454151630402,0.1956719011068344,-0.1802303045988083,0.0978434607386589,0.0903567373752594,0.0753658190369606,-0.07110060006380081,-0.04498983174562454,0.044112544506788254
colbench_backend_programming,527,0.3210601806640625,0.08204177767038345,0.19509783387184143,-0.18381060659885406,0.09845637530088425,0.08573892712593079,0.06823115050792694,-0.07013237476348877,-0.04278663918375969,0.0527312271296978
colbench_backend_programming,114,0.32061171531677246,0.0442984476685524,0.22304008901119232,-0.16400517523288727,-0.013159078545868397,0.047245241701602936,0.025672510266304016,-0.013447863981127739,-0.14643564820289612,0.03819287568330765
colbench_backend_programming,965,0.3182836174964905,0.03805363550782204,0.21473190188407898,-0.16103707253932953,-0.014998452737927437,0.04731717333197594,0.019582973793148994,-0.010543569922447205,-0.15862886607646942,0.03376520797610283
colbench_backend_programming,982,0.31811726093292236,0.043932005763053894,0.21916623413562775,-0.15549612045288086,-0.012756369076669216,0.05580553039908409,0.02790798246860504,-0.016970857977867126,-0.15444903075695038,0.028060182929039
colbench_backend_programming,701,0.31808537244796753,0.03527192771434784,0.20837101340293884,-0.16210590302944183,-0.023434778675436974,0.04217157140374184,0.024735715240240097,-0.00629512220621109,-0.16664579510688782,0.027047395706176758
colbench_backend_programming,516,0.31806322932243347,0.004803366493433714,0.21948401629924774,-0.093526192009449,-0.030087150633335114,0.031844817101955414,-0.0036740952637046576,0.03605782240629196,-0.2007443904876709,-0.02669345960021019
colbench_backend_programming,709,0.31783953309059143,-0.001101276371628046,0.21120667457580566,-0.0871211513876915,-0.04423282667994499,0.02864401414990425,0.00734781613573432,0.04833788797259331,-0.20541755855083466,-0.03820575401186943
colbench_backend_programming,362,0.3177157938480377,0.0011648341314867139,0.21887707710266113,-0.09056928753852844,-0.02862103469669819,0.030707595869898796,-0.00374327483586967,0.04437679052352905,-0.20053201913833618,-0.029577620327472687
colbench_backend_programming,872,0.31617242097854614,0.042104657739400864,0.2098747044801712,-0.16249589622020721,-0.01839706487953663,0.039826441556215286,0.020029259845614433,-0.010372841730713844,-0.1600203961133957,0.03837684914469719
colbench_backend_programming,716,0.3160398006439209,0.04175514727830887,0.21281038224697113,-0.15820850431919098,-0.012891856022179127,0.04067313298583031,0.023958686739206314,-0.011252169497311115,-0.15995341539382935,0.03816720098257065
colbench_backend_programming,21,0.31601887941360474,0.0028711408376693726,0.2139599323272705,-0.09245787560939789,-0.04366413876414299,0.018273357301950455,0.004466261249035597,0.044550247490406036,-0.20080046355724335,-0.031219247728586197
colbench_backend_programming,813,0.3153512179851532,0.039262805134058,0.2093154489994049,-0.15967845916748047,-0.018491825088858604,0.04229867458343506,0.02165408246219158,-0.009050128050148487,-0.16146457195281982,0.03719528764486313
colbench_backend_programming,36,0.31461653113365173,-0.03890935704112053,0.14840611815452576,-0.01472063735127449,-0.05091828480362892,-0.01441093347966671,-0.02363223396241665,0.11170095950365067,-0.24042457342147827,-0.05570075660943985
colbench_backend_programming,254,0.3146050274372101,-0.00014110520714893937,0.21357840299606323,-0.08249236643314362,-0.03875739127397537,0.033030424267053604,8.878966036718339e-05,0.0474604032933712,-0.20129841566085815,-0.03448040410876274
colbench_backend_programming,377,0.3144000768661499,0.041018612682819366,0.21407285332679749,-0.16053374111652374,-0.012280577793717384,0.03570805862545967,0.0272271279245615,-0.00846561323851347,-0.15483209490776062,0.03220710530877113
colbench_backend_programming,61,0.3142892122268677,-0.0016549305291846395,0.21227630972862244,-0.08298064023256302,-0.04063999280333519,0.028778141364455223,-0.003586539998650551,0.050109706819057465,-0.20078670978546143,-0.0388813279569149
colbench_backend_programming,285,0.31406304240226746,0.0021302090026438236,0.21151046454906464,-0.08799035102128983,-0.04001952335238457,0.037096042186021805,-9.570096153765917e-05,0.04588678851723671,-0.2003537267446518,-0.030524149537086487
colbench_backend_programming,644,0.3131466507911682,-0.0007732506492175162,0.21004018187522888,-0.08472661674022675,-0.043853532522916794,0.02731509320437908,-0.00030255370074883103,0.04813921079039574,-0.20224912464618683,-0.029562007635831833
colbench_backend_programming,951,0.31297969818115234,0.0005410510348156095,0.2142270803451538,-0.0868818387389183,-0.03850381076335907,0.0258809644728899,0.004250331781804562,0.04954344779253006,-0.1969321072101593,-0.03327711299061775
colbench_backend_programming,752,0.31244799494743347,0.035624392330646515,0.20976503193378448,-0.15066850185394287,-0.006912820972502232,0.0406203530728817,0.018469132483005524,-0.003958905581384897,-0.16747717559337616,0.028604213148355484
colbench_backend_programming,658,0.312194287776947,0.0026716773863881826,0.21277019381523132,-0.09077837318181992,-0.03736666589975357,0.03112158738076687,-0.002241828478872776,0.044010937213897705,-0.19649052619934082,-0.03221907094120979
colbench_backend_programming,864,0.3120748698711395,0.00028717232635244727,0.21437455713748932,-0.08287268131971359,-0.04168986529111862,0.029669450595974922,-0.0014076855732128024,0.043076444417238235,-0.19713185727596283,-0.035064660012722015
colbench_backend_programming,91,0.3114967346191406,0.07608244568109512,0.1928970068693161,-0.17540666460990906,0.09236248582601547,0.08335364609956741,0.06763432174921036,-0.06291788071393967,-0.05180219188332558,0.04856215417385101
colbench_backend_programming,65,0.3114210069179535,0.07573707401752472,0.19722911715507507,-0.1734112650156021,0.09172965586185455,0.08542293310165405,0.05698791518807411,-0.06435466557741165,-0.05567557364702225,0.04256682097911835
colbench_backend_programming,151,0.31097954511642456,5.9546189731918275e-05,0.20789992809295654,-0.0820021703839302,-0.03653765842318535,0.022440413013100624,0.0011124340817332268,0.044004395604133606,-0.20424118638038635,-0.035649556666612625
colbench_backend_programming,774,0.3104775846004486,0.039520833641290665,0.20839112997055054,-0.15215013921260834,-0.02108011581003666,0.04072734713554382,0.01683371514081955,-0.008972512558102608,-0.16186131536960602,0.03396686911582947
colbench_backend_programming,850,0.3090675175189972,-0.033249545842409134,0.1520460993051529,-0.01145021989941597,-0.04457981139421463,-0.010111019015312195,-0.014373892918229103,0.1056448221206665,-0.23507241904735565,-0.0596451461315155
colbench_backend_programming,759,0.3087180554866791,0.07519444078207016,0.19200672209262848,-0.1742798537015915,0.09126586467027664,0.08298303186893463,0.06019004061818123,-0.06341499090194702,-0.055190715938806534,0.04648483172059059
colbench_backend_programming,93,0.30766168236732483,0.07227703183889389,0.18530181050300598,-0.1775956153869629,0.08808816224336624,0.08907605707645416,0.06416356563568115,-0.06393389403820038,-0.05313175171613693,0.045356299728155136
colbench_backend_programming,798,0.30738306045532227,0.07773713767528534,0.19041907787322998,-0.1767110675573349,0.09004463255405426,0.077880859375,0.06146243214607239,-0.06354671716690063,-0.05445542931556702,0.04520457610487938
colbench_backend_programming,246,0.3072627782821655,-0.06648067384958267,0.03485113009810448,0.07724585384130478,-0.09296682476997375,-0.022142501547932625,-0.068405382335186,0.0865691527724266,-0.24534231424331665,-0.07569286227226257
colbench_backend_programming,448,0.30713406205177307,-0.0672486200928688,0.032166462391614914,0.08218786120414734,-0.09444829076528549,-0.0264163576066494,-0.06236511841416359,0.08651337027549744,-0.24213027954101562,-0.08320131152868271
colbench_backend_programming,415,0.3069874048233032,0.0744163766503334,0.19005700945854187,-0.17551246285438538,0.08950348943471909,0.08167721331119537,0.06363483518362045,-0.06118222326040268,-0.05504371598362923,0.042549509555101395
colbench_backend_programming,767,0.3067016899585724,0.0762433260679245,0.1940833181142807,-0.1668189913034439,0.09151294827461243,0.08270915597677231,0.06486041843891144,-0.06412620842456818,-0.054914768785238266,0.04493240267038345
colbench_backend_programming,630,0.30670058727264404,0.0632016733288765,0.1507205218076706,-0.19462306797504425,-0.023458121344447136,0.07533802837133408,0.0998714491724968,-0.0346318818628788,-0.09324609488248825,0.08588269352912903
colbench_backend_programming,233,0.3064166307449341,0.0735543817281723,0.19120939075946808,-0.1722450852394104,0.09250355511903763,0.08214826881885529,0.060792695730924606,-0.06125197932124138,-0.05545300990343094,0.04282407835125923
colbench_backend_programming,549,0.30636847019195557,0.07331126183271408,0.18969091773033142,-0.17338071763515472,0.09003721922636032,0.07557158917188644,0.06758330017328262,-0.06485278904438019,-0.055731140077114105,0.0460544191300869
colbench_backend_programming,733,0.30548763275146484,-0.06638835370540619,0.03786642476916313,0.0821528285741806,-0.0932459831237793,-0.025574250146746635,-0.06211565434932709,0.08886201679706573,-0.24157923460006714,-0.07533623278141022
colbench_backend_programming,437,0.3052600026130676,0.07660410553216934,0.22412385046482086,-0.043468400835990906,0.13788330554962158,0.12349773943424225,0.048544060438871384,-0.05617889016866684,0.016945097595453262,0.031613823026418686
colbench_backend_programming,800,0.30447709560394287,0.07575611025094986,0.19299255311489105,-0.16638913750648499,0.09160618484020233,0.08174514025449753,0.06627070903778076,-0.06532026082277298,-0.04593678191304207,0.04395609721541405
colbench_backend_programming,53,0.3042299449443817,0.07619290053844452,0.19175836443901062,-0.16774791479110718,0.08799006789922714,0.08422891795635223,0.06308253109455109,-0.06178819388151169,-0.052815891802310944,0.047135595232248306
colbench_backend_programming,489,0.30275556445121765,0.06858539581298828,0.006141442805528641,-0.21381115913391113,0.03869861364364624,0.01674604043364525,0.07760351896286011,-0.1093561127781868,0.15490983426570892,0.046388160437345505
colbench_backend_programming,604,0.298599511384964,-0.06513983756303787,0.00015510505181737244,0.2054339349269867,-0.03415784239768982,-0.02055901288986206,-0.08545976877212524,0.10564586520195007,-0.158419668674469,-0.04251941666007042
colbench_backend_programming,559,0.29770612716674805,0.07215116918087006,0.22547884285449982,-0.043211303651332855,0.1285123974084854,0.11857667565345764,0.04312743619084358,-0.05065567046403885,0.005373344291001558,0.029837939888238907
colbench_backend_programming,179,0.2967621684074402,0.07649332284927368,0.2213788777589798,-0.045436400920152664,0.13100503385066986,0.11694346368312836,0.04119972512125969,-0.05677791312336922,0.009221057407557964,0.03391830995678902
colbench_backend_programming,274,0.29666048288345337,0.0736062079668045,0.22383345663547516,-0.039174001663923264,0.13335372507572174,0.11746756732463837,0.027666259557008743,-0.05559695512056351,0.008734196424484253,0.029271835461258888
colbench_backend_programming,929,0.29655134677886963,-0.03657575696706772,0.11162789165973663,-0.01893847994506359,-0.059446871280670166,0.026687366887927055,-0.10668779164552689,0.04707245156168938,-0.23491130769252777,-0.0457785464823246
colbench_backend_programming,984,0.296298086643219,-0.0315946601331234,0.11419171094894409,-0.024575889110565186,-0.054959986358881,0.03792894259095192,-0.10065275430679321,0.039667725563049316,-0.23705683648586273,-0.042298778891563416
colbench_backend_programming,49,0.29604679346084595,0.07444047182798386,0.22161106765270233,-0.04395606368780136,0.13419097661972046,0.11255349218845367,0.042290493845939636,-0.049091026186943054,0.012884794734418392,0.03949887305498123
colbench_backend_programming,731,0.29581159353256226,-0.03573431819677353,0.10911530256271362,-0.018975630402565002,-0.05884505435824394,0.026338690891861916,-0.11129878461360931,0.04215925931930542,-0.23452886939048767,-0.043740011751651764
colbench_backend_programming,498,0.2950739860534668,-0.035558316856622696,0.11524755507707596,-0.02197249047458172,-0.05826761946082115,0.02558339573442936,-0.10181313008069992,0.0439688079059124,-0.23448769748210907,-0.04439140483736992
colbench_backend_programming,429,0.2937859892845154,-0.08619998395442963,-0.006967840250581503,-0.016256453469395638,-0.12253301590681076,-0.0678095743060112,-0.19509974122047424,0.05026005581021309,-0.12263451516628265,-0.10370965301990509
colbench_backend_programming,861,0.2930794060230255,-0.05806049704551697,-0.021310312673449516,0.07827147841453552,-0.07017802447080612,-0.04785488173365593,-0.06203846260905266,0.095547616481781,-0.2428986132144928,-0.011049277149140835
colbench_backend_programming,479,0.2926334738731384,-0.06643141061067581,-0.03759675472974777,0.08527027070522308,-0.07727693766355515,-0.05830478295683861,-0.05736703425645828,0.09952561557292938,-0.23041121661663055,-0.03595810756087303
colbench_backend_programming,183,0.2918313145637512,-0.06282798945903778,-0.03571220487356186,0.08499476313591003,-0.0774070993065834,-0.053843457251787186,-0.05796358734369278,0.09796030074357986,-0.23206442594528198,-0.031067371368408203
colbench_backend_programming,769,0.29164326190948486,-0.03810456395149231,-0.25494465231895447,0.044573698192834854,-0.0246448814868927,-0.07846031337976456,-0.007573065347969532,0.002347558969631791,0.1017560362815857,-0.0298606026917696
colbench_backend_programming,822,0.2909771502017975,-0.06382022053003311,-0.029867352917790413,0.07550673186779022,-0.07477439939975739,-0.05104958638548851,-0.07323679327964783,0.09641201794147491,-0.23301391303539276,-0.030376283451914787
colbench_backend_programming,783,0.29079458117485046,-0.06323201209306717,-0.026508811861276627,0.0848383679986,-0.06816110014915466,-0.04691236838698387,-0.0538000613451004,0.0944695696234703,-0.23913241922855377,-0.028482556343078613
colbench_backend_programming,649,0.28939980268478394,0.06951633840799332,0.09370124340057373,-0.12240122258663177,0.11007943004369736,0.033781372010707855,0.001573665882460773,-0.11685175448656082,0.17674511671066284,0.04284801706671715
colbench_backend_programming,89,0.28857237100601196,-0.07671204954385757,-0.1962243616580963,0.08398071676492691,-0.03555571287870407,-0.11682196706533432,-0.10641617327928543,0.05241670459508896,0.012557228095829487,-0.09260717034339905
colbench_backend_programming,500,0.28845107555389404,0.06757920235395432,0.003450165968388319,-0.19951282441616058,0.03954329341650009,0.03081556409597397,0.0756659284234047,-0.1065489649772644,0.15007954835891724,0.0356595478951931
colbench_backend_programming,174,0.28644290566444397,0.07023849338293076,0.08855840563774109,-0.12303966283798218,0.10126009583473206,0.038654789328575134,-0.005048900842666626,-0.11287126690149307,0.17917802929878235,0.04949946701526642
colbench_backend_programming,944,0.28561562299728394,0.06904575228691101,0.08401273936033249,-0.11986833065748215,0.10475204885005951,0.036311663687229156,0.0033877380192279816,-0.11581994593143463,0.18096444010734558,0.0410405695438385
colbench_backend_programming,574,0.28489869832992554,-0.07970958203077316,0.0013725718017667532,-0.02263692021369934,-0.11842133849859238,-0.0687335804104805,-0.18394635617733002,0.045438140630722046,-0.11956243216991425,-0.10820799320936203
colbench_backend_programming,990,0.2843864858150482,-0.06795373558998108,-0.08902614563703537,0.12431731075048447,-0.10083624720573425,-0.03837933391332626,0.0034339209087193012,0.11161543428897858,-0.178225576877594,-0.04025096073746681
colbench_backend_programming,66,0.2843738794326782,0.07855457812547684,0.00046856305561959743,0.021105213090777397,0.11363735795021057,0.0722447857260704,0.18449480831623077,-0.04381084069609642,0.12247855961322784,0.1064489409327507
colbench_backend_programming,585,0.28332406282424927,-0.0789479911327362,-0.0063104513101279736,-0.023588884621858597,-0.11897604167461395,-0.0666036605834961,-0.18227490782737732,0.046492449939250946,-0.12083101272583008,-0.10535223037004471
colbench_backend_programming,647,0.28329503536224365,-0.07945320010185242,0.0021481988951563835,-0.018851738423109055,-0.1198049783706665,-0.06387215107679367,-0.18532700836658478,0.047633811831474304,-0.12196101248264313,-0.09986801445484161
colbench_backend_programming,776,0.28322163224220276,0.06916607171297073,0.09212728589773178,-0.11936592310667038,0.10176272690296173,0.03882153704762459,-0.004005403257906437,-0.1046905592083931,0.18094290792942047,0.04358429089188576
colbench_backend_programming,953,0.28309762477874756,0.03816622868180275,0.24869990348815918,-0.04029254987835884,0.025312304496765137,0.07928555458784103,0.0014432581374421716,-0.003739218460395932,-0.09650331735610962,0.020329009741544724
colbench_backend_programming,670,0.2824021875858307,-0.0780450701713562,-0.07626685500144958,-0.016413530334830284,-0.10593585669994354,-0.09614182263612747,-0.18331030011177063,0.05385386943817139,-0.11421532183885574,-0.06042563542723656
colbench_backend_programming,663,0.28135359287261963,0.07927127927541733,0.135822594165802,-0.1373472660779953,0.07467005401849747,0.1081283763051033,0.14031819999217987,-0.053526394069194794,-0.004003922920674086,0.044834427535533905
colbench_backend_programming,434,0.2807396948337555,-0.03466960787773132,0.1322554498910904,0.015584424138069153,-0.07598545402288437,-0.01894940808415413,0.0374385267496109,0.09152436256408691,-0.200503870844841,-0.07047964632511139
colbench_backend_programming,396,0.28008654713630676,-0.07423192262649536,0.0006992816925048828,-0.02315072901546955,-0.11596076935529709,-0.06697894632816315,-0.18085843324661255,0.0470382422208786,-0.11904469132423401,-0.10433094948530197
colbench_backend_programming,678,0.27955418825149536,-0.08044463396072388,-0.00021343663684092462,-0.019237978383898735,-0.11567789316177368,-0.06814931333065033,-0.18546077609062195,0.041949912905693054,-0.11360488086938858,-0.10340757668018341
colbench_backend_programming,565,0.27920010685920715,0.07184062898159027,0.1993625909090042,-0.07337787002325058,0.034942079335451126,0.11386096477508545,0.09511183202266693,-0.04179826378822327,-0.01555987261235714,0.08719063550233841
colbench_backend_programming,430,0.2791263163089752,-0.03363544121384621,-0.2460307478904724,0.037563882768154144,-0.022630158811807632,-0.0709751695394516,0.0010649919277057052,-0.002143756952136755,0.10182775557041168,-0.00671628350391984
colbench_backend_programming,639,0.27903974056243896,-0.07980359345674515,0.03846542537212372,-0.018233997747302055,-0.10794997215270996,-0.10470853745937347,-0.09825794398784637,0.11263030022382736,-0.12746942043304443,-0.12184154242277145
colbench_backend_programming,439,0.2789713442325592,0.035423364490270615,0.24388675391674042,-0.03478682041168213,0.02269018441438675,0.08159538358449936,0.0004644674190785736,0.0032856613397598267,-0.09819666296243668,0.01754702441394329
colbench_backend_programming,787,0.2788327634334564,0.06602301448583603,0.08480533957481384,-0.11838937550783157,0.0961054340004921,0.033529531210660934,-0.011578789912164211,-0.11029118299484253,0.17945751547813416,0.040939249098300934
colbench_backend_programming,603,0.27856558561325073,-0.0682695060968399,-0.08999013900756836,0.11660277843475342,-0.09909729659557343,-0.036527857184410095,-0.01229123491793871,0.11281706392765045,-0.17390914261341095,-0.04033169522881508
colbench_backend_programming,558,0.27856478095054626,-0.07456878572702408,-0.19671067595481873,0.08062411844730377,-0.03459865599870682,-0.11040430516004562,-0.09846433252096176,0.046974293887615204,0.01028506364673376,-0.08372117578983307
colbench_backend_programming,807,0.27835410833358765,-0.08022278547286987,0.03587896376848221,-0.007066126447170973,-0.11006756126880646,-0.10550116002559662,-0.10060817003250122,0.11057259887456894,-0.1237587183713913,-0.12342564016580582
colbench_backend_programming,758,0.2781231105327606,0.03423640504479408,0.24364280700683594,-0.04160664975643158,0.008368117734789848,0.07179760932922363,-0.004166597966104746,0.006395329255610704,-0.10346350818872452,0.016481753438711166
colbench_backend_programming,799,0.27789852023124695,-0.07762013375759125,-0.10632520914077759,0.05192684754729271,-0.13995496928691864,-0.13407543301582336,0.027453426271677017,0.11933895200490952,-0.026938315480947495,-0.09970641881227493
colbench_backend_programming,888,0.2776227593421936,-0.08084165304899216,0.04083441197872162,-0.011370483785867691,-0.10411450266838074,-0.10562055557966232,-0.09587328881025314,0.11232610791921616,-0.12291204929351807,-0.12792930006980896
colbench_backend_programming,858,0.27698108553886414,-0.07012265920639038,-0.0713723674416542,0.16195747256278992,0.0007625066209584475,-0.03591620922088623,-0.05139907822012901,0.10659255087375641,-0.1444842368364334,-0.09604272246360779
colbench_backend_programming,252,0.27663859724998474,0.0653611347079277,0.08942669630050659,-0.11753160506486893,0.09859240055084229,0.03626260533928871,-0.012278321199119091,-0.10959029942750931,0.17358966171741486,0.0372626930475235
colbench_backend_programming,412,0.2765927016735077,-0.08326438814401627,0.033794254064559937,-0.00826974306255579,-0.10648360848426819,-0.10985365509986877,-0.09794821590185165,0.11021684110164642,-0.12312854826450348,-0.12241017818450928
colbench_backend_programming,852,0.27609264850616455,0.06865215301513672,0.09005549550056458,-0.11126282066106796,0.10304417461156845,0.03976033255457878,0.008862770162522793,-0.1113298088312149,0.17237475514411926,0.03678061068058014
colbench_backend_programming,593,0.27607449889183044,0.05846509709954262,0.18508577346801758,-0.15167801082134247,0.07115399092435837,0.06563743948936462,0.03292574733495712,-0.04751674830913544,-0.07416294515132904,0.027219675481319427
colbench_backend_programming,757,0.27585136890411377,-0.07826617360115051,0.038488078862428665,-0.00771859148517251,-0.09997265040874481,-0.11365586519241333,-0.09540548175573349,0.11065614968538284,-0.1248936578631401,-0.12122482806444168
colbench_backend_programming,217,0.27524396777153015,-0.0804431214928627,0.037781115621328354,-0.010652259923517704,-0.10695529729127884,-0.10680097341537476,-0.0975513681769371,0.11034345626831055,-0.12222593277692795,-0.121413953602314
colbench_backend_programming,636,0.27403783798217773,-0.07873997837305069,0.034872446209192276,-0.012389571405947208,-0.10367367416620255,-0.11060109734535217,-0.09662532061338425,0.10537178814411163,-0.12567999958992004,-0.12046241760253906
colbench_backend_programming,361,0.273581862449646,0.06969917565584183,0.06424245238304138,-0.14994339644908905,0.0069330292753875256,0.03728736191987991,0.04457681253552437,-0.10692883282899857,0.15572704374790192,0.09553386270999908
colbench_backend_programming,68,0.2734513282775879,-0.07976522296667099,0.039406273514032364,-0.01622939109802246,-0.10612522065639496,-0.10703123360872269,-0.09805391728878021,0.10661838948726654,-0.12234313786029816,-0.11954595148563385
colbench_backend_programming,169,0.2729256749153137,0.06562692672014236,0.08121159672737122,-0.1182454526424408,0.09279712289571762,0.03256232663989067,-0.008174235001206398,-0.10582605004310608,0.17892210185527802,0.030990365892648697
colbench_backend_programming,553,0.2727331221103668,0.07658372074365616,0.10346897691488266,-0.06183750554919243,0.1397266536951065,0.13098059594631195,-0.035929545760154724,-0.11488509178161621,0.024754060432314873,0.0898437649011612
colbench_backend_programming,284,0.2724999487400055,-0.08038527518510818,0.03920726478099823,-0.013387341052293777,-0.10297106206417084,-0.10420800000429153,-0.09301827847957611,0.10880634933710098,-0.12213172018527985,-0.12518015503883362
colbench_backend_programming,422,0.2719997763633728,-0.06055708974599838,-0.21402819454669952,0.0343325138092041,-0.11861887574195862,-0.10316610336303711,-0.022080762311816216,0.038787808269262314,-0.003056360175833106,-0.01679304614663124
colbench_backend_programming,883,0.27172887325286865,-0.06968571990728378,-0.06033831834793091,0.1531764715909958,-0.0004693846858572215,-0.035385534167289734,-0.048472918570041656,0.10414932668209076,-0.15316197276115417,-0.09394247084856033
colbench_backend_programming,398,0.2715952396392822,-0.08252346515655518,0.029042309150099754,-0.004247013479471207,-0.10547775775194168,-0.10333964973688126,-0.09572286903858185,0.11164544522762299,-0.12057070434093475,-0.12220057100057602
colbench_backend_programming,381,0.27095168828964233,0.07785464078187943,0.10422134399414062,-0.05356894060969353,0.1386539340019226,0.13161513209342957,-0.03509286046028137,-0.11475782096385956,0.02234005741775036,0.09075066447257996
colbench_backend_programming,325,0.27069100737571716,-0.062059435993433,-0.031328048557043076,0.07419870048761368,-0.07345088571310043,-0.05087881162762642,-0.04280988126993179,0.08924558013677597,-0.21962372958660126,-0.02776668593287468
colbench_backend_programming,32,0.27022960782051086,-0.07598625123500824,-0.07156242430210114,-0.018268564715981483,-0.09934104233980179,-0.09451720118522644,-0.17735318839550018,0.04830969497561455,-0.10625637322664261,-0.06073363497853279
colbench_backend_programming,455,0.2694711685180664,-0.083403080701828,-0.09911137074232101,0.020185356959700584,-0.13855357468128204,-0.11139265447854996,-0.12975183129310608,0.04420185834169388,-0.07562796026468277,-0.07918240129947662
colbench_backend_programming,346,0.26928821206092834,-0.08112287521362305,0.03803718462586403,-0.012936348095536232,-0.10432875901460648,-0.09339001774787903,-0.10237102955579758,0.10775868594646454,-0.12312030792236328,-0.11851335316896439
colbench_backend_programming,650,0.26886409521102905,-0.07845807820558548,0.038507189601659775,-0.01764281839132309,-0.10179218649864197,-0.1076156497001648,-0.09187901020050049,0.1060769110918045,-0.11955440044403076,-0.12068028748035431
colbench_backend_programming,349,0.2685927152633667,0.07682675868272781,0.09171845018863678,-0.055415768176317215,0.13814790546894073,0.1333714872598648,-0.031985092908144,-0.1153922751545906,0.022497836500406265,0.0945594385266304
colbench_backend_programming,488,0.2679576277732849,-0.07894588261842728,0.03443027660250664,-0.014621472917497158,-0.1046917513012886,-0.10683207213878632,-0.09298020601272583,0.10855644941329956,-0.123357854783535,-0.11127275228500366
colbench_backend_programming,548,0.26698732376098633,0.06989146023988724,0.06697185337543488,-0.14752840995788574,-0.0005716484738513827,0.03734352067112923,0.04834505170583725,-0.10659381747245789,0.14362195134162903,0.09649228304624557
colbench_backend_programming,805,0.26637521386146545,-0.07676667720079422,0.045070867985486984,-0.009738950058817863,-0.10599221289157867,-0.09942813962697983,-0.08814607560634613,0.10826566070318222,-0.11909282207489014,-0.11846911162137985
colbench_backend_programming,947,0.26548677682876587,0.03539096936583519,0.15988141298294067,-0.12404017150402069,-0.03865356743335724,0.06226792186498642,0.09955626726150513,0.0018759762169793248,-0.11635439842939377,0.02665502391755581
colbench_backend_programming,977,0.26534610986709595,-0.06969419866800308,-0.19320885837078094,0.07676977664232254,-0.02452583611011505,-0.09575267881155014,-0.09236425161361694,0.04279610142111778,0.017833340913057327,-0.08206408470869064
colbench_backend_programming,865,0.26405543088912964,0.07652726769447327,0.03871752694249153,-0.08823160827159882,0.05770009383559227,0.06518054008483887,0.20546169579029083,-0.05937483161687851,0.0439777672290802,0.07203945517539978
colbench_backend_programming,985,0.2638161778450012,0.07602551579475403,0.10109885782003403,-0.053436510264873505,0.1341998279094696,0.12656942009925842,-0.041943784803152084,-0.10910538583993912,0.016731688752770424,0.09246566891670227
colbench_backend_programming,228,0.26337018609046936,0.08452460169792175,0.127949059009552,-0.08468533307313919,0.059469450265169144,0.09373004734516144,0.10688184201717377,-0.050435733050107956,-0.002719961339607835,0.13972994685173035
colbench_backend_programming,417,0.26243826746940613,-0.06988725066184998,-0.06496173143386841,-0.024108057841658592,-0.09036654233932495,-0.08945498615503311,-0.177728071808815,0.04525108262896538,-0.10620998591184616,-0.054670073091983795
colbench_backend_programming,213,0.2621476948261261,-0.07825837284326553,0.035495202988386154,-0.016313934698700905,-0.10182704031467438,-0.09837152063846588,-0.09402953088283539,0.10216306895017624,-0.11732171475887299,-0.11877047270536423
colbench_backend_programming,801,0.26086241006851196,-0.0800039991736412,0.019757814705371857,0.021928297355771065,-0.13489113748073578,-0.1184561550617218,-0.03338751196861267,0.09635455161333084,-0.08057719469070435,-0.13438336551189423
colbench_backend_programming,392,0.2605707347393036,-0.06638934463262558,-0.0629551112651825,0.14715391397476196,0.002633060794323683,-0.03529958054423332,-0.04537852853536606,0.10288826376199722,-0.1399572342634201,-0.09377238899469376
colbench_backend_programming,486,0.26044729351997375,-0.0853411853313446,-0.13237252831459045,0.02365117147564888,-0.12385851889848709,-0.07963879406452179,-0.11566078662872314,0.0698496550321579,-0.06774242967367172,-0.07226497679948807
colbench_backend_programming,232,0.2594088613986969,0.0024944182951003313,0.14178377389907837,-0.08295207470655441,-0.01208809856325388,-0.0078673604875803,0.003442725632339716,0.04919534549117088,-0.1937490999698639,0.01142420805990696
colbench_backend_programming,512,0.2593627870082855,0.010294158942997456,0.10730165243148804,-0.09518025070428848,-0.023684535175561905,0.05027532950043678,-0.07386460900306702,-0.014017886482179165,-0.19226443767547607,0.03145573288202286
colbench_backend_programming,440,0.25916069746017456,0.03850327059626579,0.1565229892730713,-0.12177538871765137,-0.0424686074256897,0.05913197249174118,0.09629900008440018,-0.0011205569608137012,-0.11290428042411804,0.022655444219708443
colbench_backend_programming,136,0.25902944803237915,0.07987568527460098,0.018407825380563736,-0.14595957100391388,0.07984229177236557,0.11884015798568726,0.06051872298121452,-0.10117444396018982,0.010261652991175652,0.10464871674776077
colbench_backend_programming,163,0.2579288184642792,0.010841744020581245,0.11169382929801941,-0.08153808116912842,-0.02845347300171852,0.051277197897434235,-0.07455651462078094,-0.019871586933732033,-0.19261124730110168,0.03019454888999462
colbench_backend_programming,407,0.2574022114276886,0.004648715723305941,0.10384994745254517,-0.09583477675914764,-0.03401532396674156,0.04575829580426216,-0.07495637238025665,-0.011194789782166481,-0.19192014634609222,0.021419528871774673
colbench_backend_programming,560,0.25690287351608276,-0.08059719204902649,-0.07471410930156708,0.08424318581819534,-0.039196260273456573,-0.12648922204971313,-0.014941743575036526,0.11251046508550644,-0.004741507116705179,-0.15126056969165802
colbench_backend_programming,578,0.256623774766922,0.07705657184123993,0.03928643837571144,-0.09350750595331192,0.05166740342974663,0.06211750581860542,0.19743098318576813,-0.05962097644805908,0.03968993201851845,0.07022559642791748
colbench_backend_programming,447,0.25634294748306274,-0.065224289894104,-0.18001948297023773,0.069839708507061,-0.021824218332767487,-0.10878700017929077,-0.09348632395267487,0.03743290156126022,0.02100420370697975,-0.07439153641462326
colbench_backend_programming,635,0.25613880157470703,-0.08263420313596725,-0.10616544634103775,0.052162472158670425,-0.02381274476647377,-0.07532063871622086,-0.15895777940750122,0.05912283807992935,-0.03228973597288132,-0.12477625161409378
colbench_backend_programming,713,0.25582659244537354,-0.08169569075107574,-0.07820367813110352,0.08628720790147781,-0.036319319158792496,-0.12487000226974487,-0.02349640429019928,0.10819853097200394,0.001473190146498382,-0.150708869099617
colbench_backend_programming,86,0.2544191777706146,0.008066716603934765,0.1056920737028122,-0.09173492342233658,-0.03229841589927673,0.04276581481099129,-0.0838262289762497,-0.01569192297756672,-0.18373079597949982,0.035225383937358856
colbench_backend_programming,677,0.2534201741218567,-0.07875917851924896,-0.05982137843966484,0.13689658045768738,-0.08952132612466812,-0.07783549278974533,-0.1374443769454956,0.04446905106306076,0.0013470801059156656,-0.08342552185058594
colbench_backend_programming,506,0.25322455167770386,0.0782243087887764,0.06063928082585335,-0.1328042894601822,0.08894738554954529,0.07574040442705154,0.14109490811824799,-0.04578852653503418,-0.0026955371722579002,0.08454996347427368
colbench_backend_programming,830,0.25237923860549927,0.08138292282819748,0.05766512453556061,-0.1313145011663437,0.08968053013086319,0.07091011106967926,0.13882045447826385,-0.05315296724438667,0.0007163062691688538,0.08921214193105698
colbench_backend_programming,22,0.25224238634109497,-0.07764293253421783,-0.14393360912799835,0.04948647320270538,-0.15041273832321167,-0.08294173330068588,-0.044602327048778534,0.052520543336868286,-0.01844474859535694,-0.07661013305187225
colbench_backend_programming,76,0.251266747713089,0.009968250058591366,0.10684997588396072,-0.08924178034067154,-0.024159831926226616,0.054371390491724014,-0.07977931946516037,-0.019332727417349815,-0.1806393414735794,0.029068149626255035
colbench_backend_programming,95,0.25125980377197266,-0.06944539397954941,-0.06495408713817596,-0.0300397127866745,-0.09244994074106216,-0.08974278718233109,-0.16487358510494232,0.03847254067659378,-0.09868794679641724,-0.05483212321996689
colbench_backend_programming,693,0.25120532512664795,-0.0788770392537117,0.02178662084043026,0.026037611067295074,-0.132908433675766,-0.11691846698522568,-0.023662850260734558,0.09095669537782669,-0.07768067717552185,-0.12549729645252228
colbench_backend_programming,155,0.2507406175136566,-0.025325341150164604,0.04986429214477539,-0.024114545434713364,-0.03452659025788307,-0.0022990077268332243,-0.09048152714967728,0.03813255578279495,-0.2209695428609848,0.011703979223966599
colbench_backend_programming,195,0.25051581859588623,-0.07727323472499847,0.02480415627360344,0.015963388606905937,-0.13289685547351837,-0.11423473060131073,-0.02717401087284088,0.09013347327709198,-0.0749695673584938,-0.12920542061328888
colbench_backend_programming,736,0.2499629706144333,-0.06533131748437881,-0.06270088255405426,-0.03127555921673775,-0.08790647238492966,-0.07924909889698029,-0.1737678498029709,0.03315926715731621,-0.09920947253704071,-0.04926089942455292
colbench_backend_programming,591,0.24978061020374298,0.07766412943601608,0.021870186552405357,-0.12749888002872467,0.07421233505010605,0.11686091870069504,0.05624100938439369,-0.11398990452289581,0.007759883999824524,0.10136651992797852
colbench_backend_programming,509,0.2487896829843521,0.06783667951822281,0.12231405824422836,-0.13040593266487122,0.059076014906167984,0.08671386539936066,0.1254359930753708,-0.04127282649278641,-0.01725875958800316,0.03442523628473282
colbench_backend_programming,108,0.2487431764602661,0.005260455887764692,0.09924367815256119,-0.0843825414776802,-0.02839190699160099,0.049040064215660095,-0.08223987370729446,-0.015186140313744545,-0.1837296336889267,0.030689183622598648
colbench_backend_programming,904,0.24830619990825653,-0.07683886587619781,-0.04565964639186859,0.017881758511066437,-0.11693371832370758,-0.14593768119812012,-0.03316819667816162,0.10130859166383743,-0.07523242384195328,-0.08518587797880173
colbench_backend_programming,131,0.24830228090286255,-0.07722726464271545,-0.09194276481866837,0.013525868766009808,-0.1283925175666809,-0.10340912640094757,-0.11799807846546173,0.03765396773815155,-0.06835624575614929,-0.0763254463672638
colbench_backend_programming,175,0.24712802469730377,-0.027383310720324516,0.07451782375574112,0.017533423379063606,-0.0541142113506794,-0.04609847068786621,0.0498058944940567,0.09533878415822983,-0.19586332142353058,-0.01503228209912777
colbench_backend_programming,487,0.24691592156887054,-0.07473289966583252,-0.05567926913499832,0.1324879229068756,-0.08605131506919861,-0.07441513985395432,-0.13613291084766388,0.044344812631607056,0.002669306704774499,-0.08286159485578537
colbench_backend_programming,504,0.24643512070178986,0.03721567243337631,0.18173478543758392,-0.09349290281534195,0.06160833314061165,0.06807179003953934,0.037713490426540375,-0.004363454878330231,-0.09088077396154404,-0.02884082682430744
colbench_backend_programming,950,0.24500657618045807,-0.07497797906398773,-0.09511055797338486,0.05006221681833267,-0.01338120922446251,-0.06993371993303299,-0.16299280524253845,0.0553484745323658,-0.026828952133655548,-0.11426416784524918
colbench_backend_programming,359,0.24405887722969055,-0.07630538940429688,-0.1017255187034607,0.047374702990055084,-0.009828988462686539,-0.06518325954675674,-0.16112591326236725,0.048708781599998474,-0.024630697444081306,-0.11698736995458603
colbench_backend_programming,550,0.24307943880558014,0.08055038005113602,0.1256093531847,-0.023998549208045006,0.1228349506855011,0.07904986292123795,0.09526142477989197,-0.06509149074554443,0.05864528939127922,0.0681597888469696
colbench_backend_programming,788,0.24307562410831451,-0.07833076268434525,-0.051748763769865036,0.13143235445022583,-0.087411068379879,-0.07256114482879639,-0.13412299752235413,0.046619974076747894,-0.003376530949026346,-0.0778057873249054
colbench_backend_programming,473,0.24204280972480774,-0.07923443615436554,-0.11479837447404861,0.08275669813156128,-0.046537771821022034,-0.08388583362102509,-0.10208818316459656,0.04281049594283104,0.003073887201026082,-0.13073104619979858
colbench_backend_programming,816,0.24036797881126404,0.04607338458299637,-0.10219220817089081,0.08123733103275299,0.10160905122756958,0.05513017624616623,0.08108475804328918,-0.04825439676642418,0.09447738528251648,0.09767846018075943
colbench_backend_programming,667,0.24000218510627747,-0.08083996921777725,-0.11816685646772385,0.08298111706972122,-0.04872632771730423,-0.08452329784631729,-0.09913424402475357,0.04286378622055054,0.004025610629469156,-0.12470857053995132
colbench_backend_programming,317,0.23825570940971375,0.0768008679151535,0.12275901436805725,-0.01672942377626896,0.11626885831356049,0.07809007912874222,0.10334346443414688,-0.060862813144922256,0.059995781630277634,0.06177360191941261
colbench_backend_programming,514,0.23706771433353424,-0.07833146303892136,-0.11578430980443954,0.08016697317361832,-0.04356672614812851,-0.08056299388408661,-0.09488959610462189,0.04080560430884361,0.005448825191706419,-0.13145747780799866
colbench_backend_programming,936,0.2367488145828247,-0.07358966022729874,-0.12576882541179657,0.0063322498463094234,-0.11639440059661865,-0.07468020170927048,-0.10599485784769058,0.05985807254910469,-0.05282371863722801,-0.058813855051994324
colbench_backend_programming,338,0.23507405817508698,-0.03115280345082283,0.07108831405639648,0.0892324298620224,-0.000355719355866313,0.03251408785581589,-0.12183009833097458,0.05083300173282623,-0.15376320481300354,0.010809947736561298
colbench_backend_programming,356,0.23447729647159576,0.0708705261349678,0.13542494177818298,-0.040297381579875946,0.14350955188274384,0.07783342152833939,0.039259180426597595,-0.03751904517412186,0.012377243489027023,0.07253009080886841
colbench_backend_programming,298,0.2339891493320465,-0.07199831306934357,-0.0843060240149498,0.004142058547586203,-0.12713077664375305,-0.10176478326320648,-0.10673802345991135,0.03247496858239174,-0.06287261843681335,-0.06861019134521484
colbench_backend_programming,107,0.23353801667690277,-0.048956967890262604,0.09424182027578354,-0.07662995159626007,-0.09846476465463638,-0.06283244490623474,-0.07668396830558777,0.0476338267326355,-0.08919870853424072,-0.1001862958073616
colbench_backend_programming,237,0.2325134426355362,0.011188366450369358,0.15267686545848846,0.01314549706876278,0.006321239285171032,0.08603537082672119,-0.0874066948890686,-0.013687202706933022,-0.12149368226528168,0.02344023436307907
colbench_backend_programming,458,0.23093760013580322,-0.032464489340782166,-0.029781537130475044,0.19774502515792847,0.06172988563776016,0.012280145660042763,-0.05631137266755104,0.053290434181690216,-0.044430676847696304,-0.03736088424921036
colbench_backend_programming,484,0.2305397093296051,-0.027805741876363754,0.06722012162208557,0.01059015840291977,-0.05415864661335945,-0.046168532222509384,0.041165709495544434,0.09097197651863098,-0.18200315535068512,-0.018907897174358368
colbench_backend_programming,643,0.23034925758838654,0.033261433243751526,-0.015538879670202732,-0.05184740573167801,0.07764876633882523,0.03394497558474541,-0.09998422861099243,-0.10991833359003067,0.141489639878273,0.029178323224186897
colbench_backend_programming,834,0.23025408387184143,0.042351946234703064,-0.10006083548069,0.08592095971107483,0.09383034706115723,0.06244216859340668,0.06996922194957733,-0.04565161466598511,0.08436667174100876,0.09392394870519638
colbench_backend_programming,622,0.2297324538230896,-0.04398762807250023,-0.08924724906682968,0.12985414266586304,0.01733553223311901,-0.03921174630522728,-0.09670086205005646,-0.0027188153471797705,0.10377642512321472,-0.07735470682382584
colbench_backend_programming,874,0.22972747683525085,-0.04662073031067848,0.08833717554807663,-0.07658886164426804,-0.09839335083961487,-0.047131914645433426,-0.08278500288724899,0.05147498846054077,-0.08908867835998535,-0.0988074317574501
colbench_backend_programming,679,0.22893886268138885,0.0005600282456725836,0.1267472803592682,-0.047671083360910416,-0.054162122309207916,-0.014880386181175709,0.06078658625483513,0.041132520884275436,-0.15938986837863922,-0.011340605095028877
colbench_backend_programming,149,0.22873736917972565,0.04378269612789154,0.13572527468204498,-0.05598859116435051,0.03168146684765816,0.08643684536218643,-0.07376120984554291,-0.06095303222537041,-0.08270286023616791,0.07933420687913895
colbench_backend_programming,519,0.22853638231754303,-0.03810565546154976,0.09777957946062088,-0.0890304446220398,-0.09006407111883163,-0.058041784912347794,-0.07627011835575104,0.04316025227308273,-0.08359270542860031,-0.09270137548446655
colbench_backend_programming,383,0.22757577896118164,-0.039784714579582214,0.10659833252429962,-0.08561355620622635,-0.0882355347275734,-0.05651460587978363,-0.06804222613573074,0.04061102494597435,-0.08451303839683533,-0.0932576134800911
colbench_backend_programming,763,0.2271389663219452,-0.04048600792884827,0.10578713566064835,-0.08507689088582993,-0.09437698125839233,-0.05549715459346771,-0.07128280401229858,0.03749920055270195,-0.0846157819032669,-0.08676925301551819
colbench_backend_programming,10,0.22667525708675385,-0.05073576793074608,0.08553946018218994,-0.0764026939868927,-0.09262238442897797,-0.07533925771713257,-0.0799126848578453,0.05300673842430115,-0.08828195184469223,-0.08356394618749619
colbench_backend_programming,629,0.22626261413097382,0.030774591490626335,0.030909303575754166,-0.19850768148899078,-0.07122155278921127,-0.016909483820199966,0.035001348704099655,-0.046355754137039185,0.028952473774552345,0.035545047372579575
colbench_backend_programming,660,0.22501975297927856,0.03176204860210419,0.03112027235329151,-0.19643929600715637,-0.06720577925443649,-0.01393434964120388,0.03989133611321449,-0.05238024890422821,0.03252477943897247,0.031198838725686073
colbench_backend_programming,170,0.2243381142616272,-0.04703719541430473,0.09134155511856079,-0.07582846283912659,-0.0950697809457779,-0.06413476169109344,-0.058747462928295135,0.050196483731269836,-0.08681557327508926,-0.09785157442092896
colbench_backend_programming,260,0.2242838591337204,0.0053326962515711784,0.1307428479194641,-0.058979641646146774,-0.04869700223207474,-0.0070316847413778305,0.060071833431720734,0.03466387838125229,-0.1499994993209839,-0.00023306540970224887
colbench_backend_programming,189,0.22310727834701538,0.00738820806145668,0.12684257328510284,-0.05589228495955467,-0.05066003277897835,0.002429358894005418,0.06248097121715546,0.03512672707438469,-0.151174396276474,-0.00027511175721883774
colbench_backend_programming,265,0.22223684191703796,-0.03163019195199013,-0.03348061069846153,0.18843166530132294,0.0646744817495346,0.012034114450216293,-0.04977286607027054,0.0557229146361351,-0.03819659352302551,-0.03732025623321533
colbench_backend_programming,676,0.2219938188791275,0.04327632114291191,0.05116700381040573,-0.14003412425518036,-0.03105173259973526,0.06906962394714355,0.016944078728556633,-0.04826397821307182,-0.10586313158273697,0.08657539635896683
colbench_backend_programming,158,0.22189295291900635,-0.042714644223451614,0.10164272785186768,-0.0831940770149231,-0.09514022618532181,-0.05442610755562782,-0.06216058507561684,0.040703196078538895,-0.0756610855460167,-0.0934067964553833
colbench_backend_programming,35,0.2217400074005127,0.002784578362479806,-0.12950710952281952,-0.02277499809861183,-0.0018071414669975638,-0.06582820415496826,0.1043941080570221,-0.001118620508350432,0.1288680136203766,-0.005905520170927048
colbench_backend_programming,81,0.22164374589920044,0.04386434704065323,-0.0920141264796257,0.0804373174905777,0.0933845043182373,0.05696481093764305,0.07631442695856094,-0.04073575511574745,0.07836616784334183,0.09273072332143784
colbench_backend_programming,302,0.22162510454654694,-0.03797207772731781,-0.07227729260921478,0.09026777744293213,0.04550023004412651,-0.0246200580149889,-0.1563301682472229,0.007184329908341169,0.07551436126232147,-0.053626857697963715
colbench_backend_programming,340,0.22123026847839355,0.03863305598497391,0.08584735542535782,-0.12306703627109528,-0.023869134485721588,0.034444037824869156,0.08609706163406372,0.007707142271101475,-0.10969420522451401,0.07187852263450623
colbench_backend_programming,161,0.22103115916252136,0.006770584732294083,0.1272805631160736,-0.05132940784096718,-0.053125690668821335,-0.005207469221204519,0.05404658615589142,0.04131026193499565,-0.15013690292835236,0.0012673783348873258
colbench_backend_programming,391,0.21877378225326538,-0.03802768886089325,-0.004956679418683052,-0.09293287247419357,-0.08394201099872589,-0.04851064831018448,-0.1524571031332016,-0.019022317603230476,-0.07019752264022827,-0.03561779484152794
colbench_backend_programming,906,0.218566432595253,0.006112314760684967,0.1245855912566185,-0.04875050112605095,-0.04682444408535957,-0.007950310595333576,0.05746188387274742,0.036692410707473755,-0.1515548825263977,-0.0005299363983795047
colbench_backend_programming,715,0.21791823208332062,0.0339864045381546,0.06420695036649704,-0.0863264724612236,-0.05718134343624115,0.012838450260460377,0.1534872055053711,0.002105801599100232,-0.07884329557418823,0.051961615681648254
colbench_backend_programming,652,0.21760137379169464,0.04031064733862877,-0.009090926498174667,-0.04845023900270462,-0.056525200605392456,-0.01771003194153309,0.09188472479581833,-0.06078910827636719,0.1583927869796753,0.06469275802373886
colbench_backend_programming,903,0.21737423539161682,-0.038503117859363556,-0.009172836318612099,-0.08718273788690567,-0.0866456925868988,-0.04644589126110077,-0.15287941694259644,-0.01549682579934597,-0.07212851196527481,-0.03297122195363045
colbench_backend_programming,45,0.21574223041534424,0.008011821657419205,0.12919609248638153,-0.053678225725889206,-0.044775135815143585,-0.004214381333440542,0.07093114405870438,0.025153132155537605,-0.1388155221939087,0.003937056288123131
colbench_backend_programming,17,0.21477791666984558,-0.004927645903080702,0.08741036802530289,-0.15948595106601715,-0.07381297647953033,-0.047692980617284775,-0.0498536080121994,-0.01007616613060236,-0.04489494487643242,-0.02697722800076008
colbench_backend_programming,180,0.21470125019550323,-0.042577680200338364,-0.10689879208803177,-0.019582446664571762,-0.11340800672769547,-0.11472095549106598,0.0633346363902092,0.05810588598251343,0.01869264431297779,-0.022946534678339958
colbench_backend_programming,118,0.2134937047958374,-0.037504736334085464,-0.007672975771129131,-0.08751188963651657,-0.0883256196975708,-0.04816357418894768,-0.1469939798116684,-0.015765246003866196,-0.06985568255186081,-0.03171154484152794
colbench_backend_programming,567,0.20939873158931732,-0.007067973259836435,0.0847991332411766,-0.15107738971710205,-0.07539235800504684,-0.05459119379520416,-0.05336497724056244,-0.0076408288441598415,-0.039708640426397324,-0.02617962844669819
colbench_backend_programming,665,0.20852592587471008,-0.03719208762049675,-0.10870953649282455,-0.012465900741517544,-0.10904601961374283,-0.10890235751867294,0.061384934931993484,0.05538458749651909,0.01613933965563774,-0.02575080469250679
colbench_backend_programming,714,0.20816165208816528,0.03791286051273346,0.06701253354549408,-0.16827917098999023,0.04195190221071243,-0.008690737187862396,0.0038581513799726963,-0.06318287551403046,0.06699789315462112,-0.013840001076459885
colbench_backend_programming,728,0.2074545919895172,-0.03515160083770752,-0.002550015924498439,-0.09360243380069733,-0.08260662853717804,-0.039740052074193954,-0.14374662935733795,-0.01951850764453411,-0.0632440522313118,-0.02867906540632248
colbench_backend_programming,770,0.20700643956661224,2.6287085347576067e-05,0.07817525416612625,-0.01858958601951599,-0.0727393627166748,0.010813755914568901,0.12807044386863708,0.0507207065820694,-0.1090744286775589,-0.010719502344727516
colbench_backend_programming,291,0.20677450299263,-0.0332961268723011,0.04311501234769821,0.07887472957372665,0.018499378114938736,-0.03671589121222496,0.060158878564834595,0.10342321544885635,-0.11293433606624603,-0.07691338658332825
colbench_backend_programming,47,0.2063717544078827,-0.036551862955093384,0.01870870031416416,0.046639807522296906,0.03518668934702873,0.01967211440205574,-0.09219568967819214,0.056681614369153976,-0.15213091671466827,-0.05985186994075775
colbench_backend_programming,168,0.2058912217617035,0.005728882737457752,0.09935230761766434,-0.1536625325679779,-0.0602254644036293,-0.04065382480621338,-0.03809501975774765,-0.019726483151316643,-0.03956683352589607,-0.01491303276270628
colbench_backend_programming,154,0.2041793167591095,0.03275687247514725,0.06253667920827866,-0.16741476953029633,0.04074200615286827,-0.0076666586101055145,-0.010861697606742382,-0.06396540999412537,0.060802411288022995,-0.011201757937669754
colbench_backend_programming,441,0.20382562279701233,0.04556272551417351,0.07968521863222122,-0.10037017613649368,0.0731416717171669,0.0815349817276001,-0.04215294122695923,-0.06499215215444565,-0.07522750645875931,0.03825298696756363
colbench_backend_programming,637,0.20368102192878723,-0.031187880784273148,0.02752533182501793,0.002868328243494034,-0.06621544063091278,-0.013262885622680187,-0.04302522540092468,0.029426468536257744,-0.18282656371593475,-0.0041310349479317665
colbench_backend_programming,860,0.20290100574493408,0.00087497488129884,0.12063330411911011,-0.02214585617184639,0.05504409223794937,0.024265097454190254,0.011423286981880665,0.060974445194005966,-0.12817461788654327,-0.04722533002495766
colbench_backend_programming,899,0.20217901468276978,-0.024733327329158783,0.030000103637576103,0.04075341671705246,0.04082069173455238,0.034456610679626465,-0.06790739297866821,0.04619893431663513,-0.16376329958438873,-0.04356308653950691
colbench_backend_programming,312,0.20036271214485168,0.035924073308706284,0.06551992148160934,-0.16130106151103973,0.03847885876893997,-0.0053850761614739895,-0.01395247969776392,-0.06208742409944534,0.06402301043272018,-0.01327546127140522
colbench_backend_programming,117,0.19974079728126526,0.000501776288729161,0.0766664519906044,-0.008443648926913738,-0.07397398352622986,0.00553708104416728,0.11755481362342834,0.053153447806835175,-0.10790285468101501,-0.012533674947917461
colbench_backend_programming,702,0.19959291815757751,0.04706623777747154,0.16225402057170868,-0.008918010629713535,0.019324665889143944,0.04194255545735359,0.0747506245970726,-0.015945101156830788,-0.0460909828543663,0.05772804841399193
colbench_backend_programming,452,0.1986335664987564,-0.04011243209242821,-0.1299312561750412,-0.05749358609318733,-0.09520352631807327,-0.06033787131309509,-0.07920127362012863,0.004307352006435394,-0.01645970717072487,0.0009802442509680986
colbench_backend_programming,804,0.19851820170879364,-0.03284977748990059,0.017274977639317513,0.05158720538020134,0.03755971044301987,0.022020740434527397,-0.0801180899143219,0.05210975557565689,-0.14837275445461273,-0.05835540220141411
colbench_backend_programming,261,0.19806541502475739,0.037394654005765915,0.1188301220536232,-0.08508476614952087,0.08215795457363129,0.03380528464913368,0.042356185615062714,0.0006231028819456697,-0.08888047188520432,0.016822317615151405
colbench_backend_programming,301,0.19798417389392853,-0.0071457428857684135,-0.08612579107284546,0.028069209307432175,0.0677071064710617,-0.01597498543560505,-0.11709395051002502,-0.03883199766278267,0.10456494241952896,8.660268213134259e-05
colbench_backend_programming,627,0.19746117293834686,0.030857795849442482,0.097391776740551,-0.0461123026907444,0.07484298944473267,0.02287094108760357,-0.02682318538427353,-0.051531463861465454,0.13117195665836334,-0.025957683101296425
colbench_backend_programming,672,0.19703169167041779,0.04569677263498306,0.0705602839589119,-0.09633000195026398,0.07111338526010513,0.07694964110851288,-0.039527297019958496,-0.06590767949819565,-0.07253748923540115,0.04916289821267128
colbench_backend_programming,755,0.19635486602783203,-0.03504958376288414,0.017403988167643547,0.04396301135420799,0.037988290190696716,0.019004063680768013,-0.08493614941835403,0.05430736765265465,-0.1464880406856537,-0.053787872195243835
colbench_backend_programming,838,0.19605903327465057,-0.03925401344895363,0.023245710879564285,-0.08931295573711395,-0.07798396795988083,-0.0775853842496872,-0.07397959381341934,0.06059226021170616,-0.07694831490516663,-0.052493248134851456
colbench_backend_programming,20,0.1956101804971695,-0.03920704498887062,0.02965238131582737,-0.08909210562705994,-0.07701313495635986,-0.09025011956691742,-0.06743063032627106,0.04661884531378746,-0.07911217957735062,-0.04890425130724907
colbench_backend_programming,825,0.19483157992362976,0.031403668224811554,0.05734553933143616,-0.16125698387622833,0.03321118280291557,-0.008811931125819683,-0.009502416476607323,-0.0613434799015522,0.057993240654468536,-0.01642720215022564
colbench_backend_programming,433,0.19407178461551666,0.001507013221271336,0.11508513987064362,-0.015519436448812485,0.054902516305446625,0.022485380992293358,0.014221921563148499,0.057822566479444504,-0.12104129791259766,-0.049616821110248566
colbench_backend_programming,37,0.19386480748653412,0.04118157923221588,0.10986313223838806,-0.09432310611009598,0.07886938750743866,0.03426448628306389,0.038944486528635025,-0.003971554338932037,-0.08544167876243591,0.019739443436264992
colbench_backend_programming,124,0.19334815442562103,-0.002179934410378337,-0.006453617010265589,0.01927626132965088,0.06299825012683868,0.014585303142666817,-0.12946510314941406,-0.058496296405792236,0.1067584678530693,-0.03476165235042572
colbench_backend_programming,579,0.19277797639369965,0.029447471722960472,0.09654296189546585,-0.04078620672225952,0.07265949249267578,0.021577958017587662,-0.02993541583418846,-0.05127096176147461,0.12536221742630005,-0.034550733864307404
colbench_backend_programming,403,0.19239234924316406,-0.03634602949023247,-0.1289982795715332,-0.06267139315605164,-0.09047109633684158,-0.056711532175540924,-0.0699882060289383,0.00249375868588686,-0.011864137835800648,-0.00010712175571825355
colbench_backend_programming,698,0.19206155836582184,0.042159441858530045,0.11049062758684158,-0.0896826833486557,0.08296763896942139,0.03931763768196106,0.034451670944690704,-0.003992046695202589,-0.08108457177877426,0.020722273737192154
colbench_backend_programming,959,0.19175495207309723,-0.046730656176805496,-0.131560817360878,0.011750691570341587,-0.028724944218993187,-0.07779151201248169,-0.0781431645154953,-0.00870364997535944,0.037427257746458054,-0.06974300742149353
colbench_backend_programming,348,0.19066715240478516,-0.04373759403824806,-0.039092887192964554,-0.013019893318414688,-0.1315903216600418,-0.08524510264396667,0.059076521545648575,0.04273824021220207,0.005239537917077541,-0.06877066940069199
colbench_backend_programming,483,0.1888994425535202,0.038073573261499405,0.06393925100564957,-0.087350033223629,0.0642850250005722,0.07548718899488449,-0.04969651252031326,-0.062494341284036636,-0.08196014165878296,0.0322662852704525
colbench_backend_programming,613,0.1885291486978531,0.03701227530837059,0.06539152562618256,-0.0925898551940918,0.06690432876348495,0.07473932206630707,-0.049343932420015335,-0.054595306515693665,-0.07908175885677338,0.031028345227241516
colbench_backend_programming,355,0.18842609226703644,0.03798549994826317,0.03113436885178089,-0.052111249417066574,0.08523664623498917,0.002366946078836918,-0.019141212105751038,-0.05588013306260109,0.1437194049358368,0.020107923075556755
colbench_backend_programming,987,0.18732082843780518,0.040354203432798386,-0.021407634019851685,-0.025203073397278786,0.04525204747915268,0.01667633466422558,0.17185482382774353,0.014568330720067024,0.00038707448402419686,0.04385538026690483
colbench_backend_programming,84,0.18650659918785095,0.025948893278837204,0.0003362535499036312,-0.009356600232422352,0.054010313004255295,-0.02493950165808201,0.02112465724349022,-0.051703277975320816,0.16739106178283691,-0.004325644113123417
colbench_backend_programming,881,0.18631252646446228,-0.03318528085947037,-0.019869348034262657,0.043331943452358246,-0.08988639712333679,0.007771574426442385,0.030117947608232498,0.051774393767118454,-0.14290717244148254,-0.017023803666234016
colbench_backend_programming,90,0.1855287104845047,0.031310442835092545,0.06493321061134338,-0.09222570806741714,0.06390227377414703,0.07102738320827484,-0.03139042481780052,-0.053583137691020966,-0.09030305594205856,0.02365274168550968
colbench_backend_programming,192,0.1848549246788025,-0.0235194843262434,-0.09314446151256561,0.035992421209812164,-0.06578101217746735,-0.013595805503427982,0.041927825659513474,0.042763352394104004,-0.12112876772880554,0.03780457377433777
colbench_backend_programming,782,0.18465088307857513,0.004567127674818039,0.06342393904924393,0.029015040025115013,0.018931197002530098,0.047446053475141525,-0.0986638069152832,0.0026182106230407953,-0.11588677763938904,0.058743659406900406
colbench_backend_programming,918,0.18226251006126404,0.034658048301935196,0.01730377785861492,-0.04424268379807472,0.09055652469396591,-0.0036334346514195204,-0.02479516714811325,-0.04889744892716408,0.1383991241455078,0.024269720539450645
colbench_backend_programming,628,0.18197311460971832,0.02123032696545124,0.09161410480737686,-0.040119387209415436,0.06562086194753647,0.017051050439476967,-0.022283220663666725,-0.04240027070045471,0.1188882514834404,-0.04567194730043411
colbench_backend_programming,63,0.18175794184207916,-0.03910244628787041,-0.10147656500339508,-0.024047188460826874,0.008783513680100441,-0.05419547110795975,-0.13050232827663422,-0.004538251087069511,0.005042580422013998,-0.04548638314008713
colbench_backend_programming,645,0.18080013990402222,0.0009589910041540861,0.10893112421035767,0.011784791015088558,0.02469082549214363,0.011992226354777813,0.07120715826749802,0.04815755411982536,-0.09437810629606247,-0.06027878448367119
colbench_backend_programming,580,0.18001314997673035,-0.032903220504522324,0.03224257007241249,-0.08785752952098846,-0.069588802754879,-0.08475091308355331,-0.0654149129986763,0.0400250144302845,-0.0657341331243515,-0.0376669280230999
colbench_backend_programming,792,0.18000712990760803,0.031071653589606285,0.0192580446600914,-0.03760292008519173,0.08990131318569183,-0.008431428112089634,-0.027229895815253258,-0.04889167472720146,0.13860571384429932,0.010998867452144623
colbench_backend_programming,561,0.17929084599018097,-0.036495424807071686,-0.0915418341755867,-0.02583850920200348,0.011361795477569103,-0.05438966676592827,-0.12987419962882996,-0.006590245291590691,0.012628219090402126,-0.05422302335500717
colbench_backend_programming,540,0.17858533561229706,0.024802228435873985,0.11719620227813721,-0.10077551007270813,-0.013505515642464161,-0.010058420710265636,-0.04574821516871452,-0.051081907004117966,0.044490888714790344,0.03219934552907944
colbench_backend_programming,926,0.17829443514347076,-0.043650902807712555,0.009429405443370342,-0.057053640484809875,-0.10768725723028183,-0.09882066398859024,-0.015693383291363716,0.03703897446393967,-0.03724035248160362,-0.06385762244462967
colbench_backend_programming,523,0.17743924260139465,-0.04570668563246727,-0.08535438030958176,0.022878270596265793,-0.009458618238568306,-0.11563887447118759,-0.010019611567258835,0.05874086171388626,0.03557221218943596,-0.0734698623418808
colbench_backend_programming,138,0.17689763009548187,0.03778863325715065,0.04496112838387489,-0.018090831115841866,0.02867494337260723,0.04908883571624756,0.1603071540594101,-0.00263775372877717,0.0014158571138978004,0.0021628127433359623
colbench_backend_programming,739,0.1758066564798355,-0.001024245866574347,-0.02122143842279911,-0.062166664749383926,-0.05930676311254501,0.024439655244350433,-0.010207738727331161,0.01371148880571127,-0.13920724391937256,0.05298573523759842
colbench_backend_programming,538,0.17465201020240784,-0.004067185800522566,0.02070658653974533,0.06338836252689362,0.037507545202970505,-0.03157719597220421,0.013385578989982605,-0.007075550500303507,0.1422254890203476,-0.05652625486254692
colbench_backend_programming,259,0.17410114407539368,-0.03918420150876045,0.012628407217562199,-0.04451533779501915,-0.10613901913166046,-0.1008402556180954,-0.013456780463457108,0.03831789270043373,-0.03798353672027588,-0.060363683849573135
colbench_backend_programming,503,0.17400997877120972,0.038463253527879715,-0.03159199655056,-0.023466480895876884,0.04479135572910309,0.011170625686645508,0.15642188489437103,0.004278343636542559,0.006477441638708115,0.04551514983177185
colbench_backend_programming,925,0.17356464266777039,-0.04225178435444832,-0.03171251341700554,-0.023316392675042152,-0.007235330529510975,-0.02723274566233158,-0.13598275184631348,-0.01027430035173893,0.0008243204792961478,-0.09583226591348648
colbench_backend_programming,993,0.17318157851696014,-0.028178745880723,-0.007436112035065889,0.11758006364107132,-0.010339891538023949,-0.006288969423621893,-0.05285055190324783,0.045780979096889496,-0.10152594745159149,0.0277206152677536
colbench_backend_programming,278,0.17286944389343262,-0.04085813835263252,-0.030769038945436478,-0.02453566901385784,-0.00522806029766798,-0.02768392488360405,-0.13702714443206787,-0.007729992736130953,0.00032684174948371947,-0.09330103546380997
colbench_backend_programming,571,0.1707335114479065,-0.042796652764081955,-0.037411727011203766,-0.01598985120654106,-0.009774123318493366,-0.03425522893667221,-0.1341855525970459,-0.008941257372498512,-0.0013523946981877089,-0.09021157026290894
colbench_backend_programming,566,0.17005842924118042,0.013322302140295506,-0.03667382150888443,0.1175200343132019,0.09894126653671265,0.04120923578739166,-0.012859546579420567,-0.008754386566579342,0.004020435269922018,0.0449242927134037
colbench_backend_programming,85,0.16845294833183289,-0.0025616164784878492,-0.0406951978802681,-0.0903836190700531,0.016790565103292465,-0.010032708756625652,-0.11311614513397217,-0.0628940537571907,0.030801618471741676,-0.021653108298778534
colbench_backend_programming,280,0.16593366861343384,0.04585275426506996,0.016054688021540642,-0.012600058689713478,0.03717030957341194,0.08507563173770905,5.565422907238826e-05,-0.04407871142029762,-0.03175763785839081,0.12468555569648743
colbench_backend_programming,401,0.16385896503925323,-0.013419066555798054,0.040158163756132126,-0.11588713526725769,-0.09555857628583908,-0.033211227506399155,0.015102284960448742,0.005599109921604395,-0.0049386415630578995,-0.035902753472328186
colbench_backend_programming,40,0.16381318867206573,-0.040384113788604736,-0.06290309131145477,0.054085202515125275,-0.060889046639204025,-0.059423111379146576,-0.10597329586744308,-0.010156293399631977,0.03388887643814087,-0.015238882973790169
colbench_backend_programming,768,0.16323408484458923,0.04351330175995827,0.05889720097184181,0.0456337034702301,0.10613991320133209,0.03028935380280018,0.08150864392518997,-0.0005583616439253092,0.024836737662553787,0.040621303021907806
colbench_backend_programming,602,0.16289670765399933,-0.03849170729517937,-0.07200118154287338,0.012284393422305584,-0.005262934137135744,-0.10719075053930283,0.01468859426677227,0.04626405984163284,0.043322477489709854,-0.07382243871688843
colbench_backend_programming,614,0.1624179184436798,-0.03320913016796112,-0.11015135049819946,-0.020509148016572,-0.014570740051567554,-0.058105576783418655,-0.07203134149312973,-0.015872573480010033,0.04408973827958107,-0.053410809487104416
colbench_backend_programming,737,0.16197828948497772,-0.03878547623753548,-0.074400395154953,0.008737877011299133,-0.007120878901332617,-0.10794791579246521,0.01437342818826437,0.044303346425294876,0.044862303882837296,-0.06884567439556122
colbench_backend_programming,414,0.16157369315624237,0.04768786206841469,-0.004461612086743116,0.01566951908171177,0.004015346989035606,0.0732540488243103,0.06502596288919449,-0.059669822454452515,0.00838286243379116,0.11224618554115295
colbench_backend_programming,879,0.16116151213645935,-0.049524519592523575,-0.013971148058772087,0.026099782437086105,-0.03183198347687721,-0.08183470368385315,0.015635401010513306,0.04786471277475357,0.024764422327280045,-0.11932173371315002
colbench_backend_programming,384,0.16105829179286957,-0.03914317488670349,-0.0005439372034743428,0.08632848411798477,0.011267498135566711,0.0038921870291233063,-0.02032499946653843,0.04102258011698723,-0.1031809076666832,-0.07484990358352661
colbench_backend_programming,718,0.16069215536117554,-0.03132116049528122,-0.06751298904418945,0.07907439023256302,0.026842977851629257,-0.0212074164301157,-0.019731340929865837,0.04480477049946785,-0.10460110753774643,-0.022421404719352722
colbench_backend_programming,810,0.15966768562793732,-5.5966960644582286e-05,-0.014818517491221428,-0.06168336421251297,-0.04216211661696434,0.02159552462399006,-0.007572832051664591,0.009792896918952465,-0.12297051399946213,0.06285170465707779
colbench_backend_programming,608,0.15963810682296753,-0.0452667735517025,-0.009242060594260693,0.02088225819170475,-0.02813613973557949,-0.0800144374370575,0.005687937140464783,0.044978849589824677,0.025753213092684746,-0.12267930805683136
colbench_backend_programming,847,0.15922512114048004,-0.036309078335762024,0.013915280811488628,-0.04340818524360657,-0.09752029925584793,-0.09728948026895523,0.0009373218636028469,0.032707907259464264,-0.03009035624563694,-0.04819924384355545
colbench_backend_programming,599,0.1591244786977768,-0.009327593259513378,0.014337754808366299,0.06251775473356247,0.03459232300519943,-0.03202337399125099,0.006781094241887331,-0.002739883493632078,0.12571145594120026,-0.05592471733689308
colbench_backend_programming,453,0.15696124732494354,0.040860701352357864,0.01339105237275362,0.04907955229282379,0.09655503183603287,0.0722135528922081,-0.009953864850103855,-0.06081242859363556,0.029488297179341316,0.053331516683101654
colbench_backend_programming,99,0.15624195337295532,-0.025622982531785965,-0.0700792670249939,0.0843280628323555,0.029335439205169678,-0.013996574096381664,-0.01640373282134533,0.04230290651321411,-0.0945553183555603,-0.018259909003973007
colbench_backend_programming,438,0.1559407263994217,-0.049833428114652634,-0.003235703334212303,-0.01275926548987627,-0.0021033610682934523,-0.07383229583501816,-0.06415070593357086,0.06199294328689575,-0.009945777244865894,-0.10310795903205872
colbench_backend_programming,13,0.1550738364458084,-0.03053879924118519,0.021576855331659317,-0.058689553290605545,-0.09447183459997177,-0.0883328914642334,-0.0004961719969287515,0.02379627898335457,-0.02643558382987976,-0.046313002705574036
colbench_backend_programming,510,0.15489812195301056,0.03359382599592209,0.05479610711336136,-0.05762406811118126,0.0538945235311985,0.05003191530704498,0.09964025765657425,0.018457025289535522,-0.04394795745611191,0.007886819541454315
colbench_backend_programming,499,0.15411376953125,0.042554065585136414,0.0194756668061018,0.045095399022102356,0.09451907128095627,0.06963294744491577,-0.0038877492770552635,-0.06107528880238533,0.028676947578787804,0.05466151610016823
colbench_backend_programming,866,0.15284958481788635,-0.011636977083981037,0.11309920251369476,-0.026779653504490852,-0.0338437594473362,-0.02018425613641739,-0.07251106202602386,0.0009443494491279125,0.021330276504158974,-0.050871238112449646
colbench_backend_programming,156,0.15167100727558136,-0.012709754519164562,0.0608806386590004,-0.08589094877243042,0.0015942823374643922,-0.0333709791302681,-0.04097191244363785,0.0029705401975661516,0.014738928526639938,-0.09433697909116745
colbench_backend_programming,819,0.15094950795173645,-0.04140359163284302,0.045412734150886536,0.05886473134160042,-0.06513211876153946,-0.07843794673681259,-0.02407759055495262,0.04463229328393936,0.029140308499336243,-0.05867491289973259
colbench_backend_programming,732,0.15051552653312683,-0.024582134559750557,-0.07623756676912308,0.06494711339473724,0.029373345896601677,-0.009732925333082676,-0.0206220094114542,0.04348450154066086,-0.09453761577606201,-0.02033662237226963
colbench_backend_programming,939,0.14995869994163513,-0.0011841303203254938,0.07802698016166687,-0.09600766003131866,0.01581011898815632,-0.019161634147167206,-0.022981872782111168,-0.011898686178028584,0.028562163934111595,-0.07126892358064651
colbench_backend_programming,295,0.14933006465435028,0.004263481590896845,0.008564090356230736,-0.027394507080316544,0.062000822275877,0.03430025279521942,-0.0610847994685173,0.005381690803915262,-0.11207631230354309,0.011560196056962013
colbench_backend_programming,309,0.1490035355091095,-0.010823601856827736,0.06462143361568451,-0.0876968652009964,0.00514989672228694,-0.02503138780593872,-0.0355675145983696,0.005272633861750364,0.021646367385983467,-0.08899931609630585
colbench_backend_programming,281,0.14831534028053284,-0.0127472635358572,0.06384161859750748,-0.08472039550542831,-0.0005645719356834888,-0.033342041075229645,-0.036774735897779465,0.0008441257523372769,0.015736112371087074,-0.08961813896894455
colbench_backend_programming,563,0.14812414348125458,-0.0035819564945995808,0.06735757738351822,-0.0917050838470459,0.009829947724938393,-0.01547819934785366,-0.029936037957668304,-0.012982623651623726,0.03389300778508186,-0.08027604967355728
colbench_backend_programming,74,0.14781327545642853,0.005903666839003563,-0.03079363889992237,-0.022196460515260696,-0.06878072768449783,0.01853151246905327,0.05049069970846176,-0.006784713827073574,-0.10004577785730362,0.052241042256355286
colbench_backend_programming,143,0.14775796234607697,-0.0006593108410015702,-0.02311861142516136,-0.11412305384874344,-0.06652824580669403,-0.051410261541604996,0.028652194887399673,0.004049547482281923,0.007650237064808607,0.017577730119228363
colbench_backend_programming,802,0.14665719866752625,-0.0031561595387756824,-0.0053108856081962585,0.03378220275044441,-0.060482051223516464,-0.03805414214730263,0.06458918750286102,0.008029899559915066,0.10338503122329712,-0.017549650743603706
colbench_backend_programming,791,0.1465756893157959,-0.008458469994366169,0.05996393784880638,-0.08497174084186554,0.0032543831039220095,-0.028260422870516777,-0.03858613222837448,-0.006675335578620434,0.030199240893125534,-0.08610384911298752
colbench_backend_programming,454,0.14577870070934296,-0.04148131236433983,0.008995766751468182,-0.022117897868156433,0.0027409482281655073,-0.05999629944562912,-0.05363550782203674,0.05479024350643158,-0.004505664575845003,-0.10571279376745224
colbench_backend_programming,772,0.14429956674575806,-0.009929710999131203,0.06465254724025726,-0.08054281771183014,0.005610235966742039,-0.02909795381128788,-0.04004751518368721,-0.0007870052359066904,0.018956098705530167,-0.08551809191703796
colbench_backend_programming,324,0.1436876505613327,-0.007045520469546318,-0.016495393589138985,0.02898213639855385,-0.06363276392221451,-0.04029452055692673,0.0507512129843235,0.0003813734510913491,0.10508439689874649,-0.015580136328935623
colbench_backend_programming,992,0.14354000985622406,-0.03611287102103233,-0.024011772125959396,0.060728657990694046,-0.04464513435959816,-0.0923803523182869,-0.029390811920166016,0.048653654754161835,0.04009714350104332,-0.031194573268294334
colbench_backend_programming,416,0.14320717751979828,-0.013445693999528885,0.05956456437706947,-0.07683980464935303,0.005768162198364735,-0.031101716682314873,-0.03385994955897331,-0.0004038151237182319,0.028559206053614616,-0.08996182680130005
colbench_backend_programming,754,0.1415456235408783,0.036534398794174194,0.02061517722904682,-0.06313060224056244,0.04578118771314621,0.0932299867272377,0.02370312064886093,-0.048319052904844284,-0.03580183535814285,0.02566354162991047
colbench_backend_programming,137,0.14009208977222443,-0.026021858677268028,0.00860926229506731,0.0686088353395462,0.015760770067572594,0.022158939391374588,-0.0329265370965004,0.034550391137599945,-0.09193453937768936,-0.05809676647186279
colbench_backend_programming,139,0.1377536654472351,0.009204361587762833,0.03483229875564575,0.008160069584846497,0.04789385944604874,-0.012375992722809315,0.08925691992044449,0.04841579869389534,-0.06957308202981949,-0.009894981049001217
colbench_backend_programming,140,0.1372208297252655,-0.005448781885206699,-0.034778885543346405,-0.0017690624808892608,-0.04338200017809868,0.013923725113272667,-0.08447635173797607,-0.04846922680735588,0.07550610601902008,0.01882268860936165
colbench_backend_programming,857,0.1344756931066513,-0.006106560584157705,-0.028882823884487152,-0.07020595669746399,-0.005610445514321327,-0.06929689645767212,0.02914014831185341,-0.006702640559524298,0.06463808566331863,-0.04914190620183945
colbench_backend_programming,294,0.1314135491847992,-5.815357144456357e-05,0.021168114617466927,0.054435621947050095,-0.005342789459973574,0.05985798314213753,-0.032117392867803574,0.014632163569331169,-0.0829399824142456,0.04606519266963005
colbench_backend_programming,300,0.12565837800502777,-0.0037878190632909536,-0.017460796982049942,-0.05346037074923515,-0.005768211558461189,-0.061299655586481094,0.031916312873363495,-0.011685946956276894,0.06836684048175812,-0.054835911840200424
colbench_backend_programming,668,0.12347202748060226,-0.0034079032484441996,-0.0050870077684521675,-0.0858319103717804,0.027697380632162094,-0.059333499521017075,-0.028757905587553978,-0.010074556805193424,0.03093601018190384,-0.04097788780927658
colbench_backend_programming,431,0.12203944474458694,-0.003615092486143112,-0.014406776055693626,-0.05110442265868187,-0.0026011327281594276,-0.06237884238362312,0.028223756700754166,-0.01690097711980343,0.06568191200494766,-0.05272747948765755
colbench_backend_programming,502,0.12103377282619476,-0.002046724781394005,-0.002471142914146185,-0.08863688260316849,0.027913935482501984,-0.051424454897642136,-0.02500287815928459,0.0009954755660146475,0.03654434531927109,-0.037433743476867676
colbench_backend_programming,923,0.11841642111539841,-0.005673121195286512,-0.02241266891360283,-0.04514307901263237,-0.008697591722011566,-0.06869243085384369,0.022056404501199722,-0.006342112552374601,0.058490198105573654,-0.05234610289335251
colbench_backend_programming,515,0.10718703269958496,-0.0018084899056702852,0.054940950125455856,-0.04231021925806999,-0.011732933111488819,-0.042533643543720245,-0.062347862869501114,-0.002194754546508193,0.02849099412560463,0.0054603745229542255
colbench_backend_programming,14,0.10602651536464691,-0.0019051269628107548,-0.053358472883701324,0.04145921394228935,0.0003154569130856544,0.040365077555179596,0.05780894309282303,0.005151864606887102,-0.03654487058520317,-0.018499886617064476
colbench_backend_programming,227,0.10187491774559021,-0.005459906999021769,0.04433448985219002,-0.008093281649053097,-0.03820255026221275,-0.05880659818649292,-0.008164282888174057,-0.00993423629552126,0.056246042251586914,-0.010041853412985802
colbench_backend_programming,287,0.1014612540602684,0.00204743561334908,-0.03918810188770294,0.010890458710491657,0.04050804302096367,0.05053647980093956,0.0032179225236177444,0.009389176964759827,-0.06549827009439468,0.007530216593295336
corebench_hard,capsule-2816027,1.5064892768859863,-0.2815934121608734,0.7255125641822815,-0.7435238361358643,-0.1283271759748459,0.3090894818305969,-0.6445893049240112,0.5945813655853271,-0.28011980652809143,0.4804370403289795
corebench_hard,capsule-5136217,1.4163475036621094,-0.8970850110054016,0.45730945467948914,-0.24339087307453156,-0.586113452911377,0.5981799960136414,-0.282039076089859,0.560008704662323,-0.5374301075935364,0.5952596068382263
corebench_hard,capsule-2804717,1.4047627449035645,-0.6609832048416138,0.5583323836326599,-0.3991162180900574,-0.4658318758010864,0.5380240678787231,-0.39129436016082764,0.5787447690963745,-0.47008761763572693,0.5355567336082458
corebench_hard,capsule-3418007,1.3743007183074951,-0.7056099772453308,0.45594799518585205,-0.25233566761016846,-0.6055891513824463,0.5926085114479065,-0.21904459595680237,0.553795337677002,-0.5011086463928223,0.5416989922523499
corebench_hard,capsule-4299879,1.3564821481704712,-0.8400583267211914,0.3766714036464691,-0.13195663690567017,-0.610212504863739,0.6399891376495361,-0.12825541198253632,0.5386225581169128,-0.562255859375,0.5254608392715454
corebench_hard,capsule-1394704,1.3536956310272217,-0.836906909942627,0.414082795381546,-0.21598005294799805,-0.5459670424461365,0.5720605254173279,-0.26632192730903625,0.5670362114906311,-0.5150489807128906,0.5755984783172607
corebench_hard,capsule-2708693,1.3529608249664307,-0.6303257942199707,0.4850836992263794,-0.4655371904373169,-0.3952789306640625,0.451041579246521,-0.4970042407512665,0.5429064631462097,-0.39399904012680054,0.567267119884491
corebench_hard,capsule-3262218,1.3493943214416504,-0.3418548107147217,0.5006822347640991,-0.6833621263504028,-0.32838910818099976,0.30072900652885437,-0.5998483300209045,0.49441850185394287,-0.23077048361301422,0.49739161133766174
corebench_hard,capsule-8807709,1.3406329154968262,-0.7196133136749268,0.5025503039360046,-0.3277370035648346,-0.5111777782440186,0.5049563646316528,-0.3115602433681488,0.5334540605545044,-0.48208433389663696,0.5540724992752075
corebench_hard,capsule-7716865,1.3169753551483154,-1.0350613594055176,0.3735150992870331,-0.07391760498285294,-0.6040613055229187,0.5850415825843811,-0.1564052402973175,0.4968865215778351,-0.553667426109314,0.5517033934593201
corebench_hard,capsule-4252248,1.316786766052246,-1.0253009796142578,0.3756348788738251,-0.07638329267501831,-0.6011107563972473,0.585203230381012,-0.15743419528007507,0.4989588260650635,-0.5505800843238831,0.5534531474113464
corebench_hard,capsule-3449234,1.312703013420105,-1.034088373184204,0.3730181157588959,-0.07722717523574829,-0.6006249785423279,0.5829555988311768,-0.15826280415058136,0.49658310413360596,-0.5501044392585754,0.5506708025932312
corebench_hard,capsule-9832712,1.2913641929626465,-0.7377023100852966,0.4497969448566437,-0.27310144901275635,-0.490498811006546,0.5432438850402832,-0.2898640036582947,0.5222947001457214,-0.45900654792785645,0.5362059473991394
corebench_hard,capsule-9137200,1.2784850597381592,-0.32518336176872253,0.6098417043685913,-0.5164127945899963,-0.23281677067279816,0.4120665192604065,-0.41290414333343506,0.5076570510864258,-0.39223581552505493,0.43574994802474976
corebench_hard,capsule-1624349,1.2762370109558105,-0.26788991689682007,0.5341840982437134,-0.5668938755989075,-0.20520827174186707,0.34179598093032837,-0.45906952023506165,0.5812118649482727,-0.3583870232105255,0.43142935633659363
corebench_hard,capsule-3301293,1.2630645036697388,-0.1013324186205864,0.5840644836425781,-0.7136422395706177,-0.1368526965379715,0.24415874481201172,-0.5869494676589966,0.3765582740306854,-0.2136732041835785,0.3668937683105469
corebench_hard,capsule-9054015,1.2467267513275146,-0.559683084487915,0.44957101345062256,-0.281500905752182,-0.4921869933605194,0.506022036075592,-0.27046266198158264,0.49350494146347046,-0.42251595854759216,0.5286279916763306
corebench_hard,capsule-2345790,1.2386181354522705,-0.6929793357849121,0.41485288739204407,-0.24098093807697296,-0.5506342649459839,0.4781261086463928,-0.23817774653434753,0.5191157460212708,-0.4306168258190155,0.5104475617408752
corebench_hard,capsule-7186268,1.2290171384811401,-0.48620566725730896,0.537506639957428,-0.46644315123558044,-0.30631840229034424,0.3659763038158417,-0.4093939960002899,0.5147072076797485,-0.37109723687171936,0.45386195182800293
corebench_hard,capsule-9660931,1.2268146276474,-1.1034165620803833,0.3014109432697296,0.009491383098065853,-0.5843154191970825,0.5694020390510559,-0.06772352010011673,0.4453243911266327,-0.5466234683990479,0.49678468704223633
corebench_hard,capsule-9911222,1.2262353897094727,-0.9309279918670654,0.3531714081764221,-0.16962429881095886,-0.5196439623832703,0.537952721118927,-0.21601398289203644,0.4763611853122711,-0.4938025176525116,0.5227858424186707
corebench_hard,capsule-6049678,1.225855827331543,0.2114757001399994,0.6639487147331238,-0.7209761142730713,0.034756600856781006,0.10946934670209885,-0.5113744735717773,0.3946227431297302,-0.07231148332357407,0.3262460231781006
corebench_hard,capsule-3821950,1.2189170122146606,-1.1046470403671265,0.30155032873153687,0.007069889456033707,-0.5806813836097717,0.5661260485649109,-0.06984100490808487,0.4406774342060089,-0.5397951006889343,0.49662184715270996
corebench_hard,capsule-8536428,1.2132948637008667,-1.112958550453186,0.29556670784950256,0.008849992416799068,-0.5779946446418762,0.5657483339309692,-0.06807978451251984,0.44205164909362793,-0.5381634831428528,0.49074724316596985
corebench_hard,capsule-4671827,1.2092204093933105,-0.30735036730766296,0.5229800939559937,-0.5539433360099792,-0.21216048300266266,0.37402844429016113,-0.488028883934021,0.48009631037712097,-0.27797406911849976,0.388598769903183
corebench_hard,capsule-3849634,1.1860839128494263,0.2377794086933136,0.5816762447357178,-0.6975067853927612,0.3448839783668518,-0.12634694576263428,-0.5726392865180969,0.27636054158210754,0.09587883949279785,0.18313932418823242
corebench_hard,capsule-5507257,1.1462737321853638,-1.0585397481918335,0.2755904793739319,0.04571576416492462,-0.5544020533561707,0.5337865352630615,-0.043293967843055725,0.3992791473865509,-0.525393009185791,0.454178124666214
corebench_hard,capsule-4933686,1.1376303434371948,-0.8792761564254761,0.36634179949760437,-0.14254166185855865,-0.4227070212364197,0.49653878808021545,-0.17553593218326569,0.46560004353523254,-0.49998000264167786,0.4656931459903717
corebench_hard,capsule-9240688,1.1174556016921997,-0.773838460445404,0.40113353729248047,-0.19399577379226685,-0.42754197120666504,0.4996360242366791,-0.14867328107357025,0.4733447730541229,-0.42852938175201416,0.4335203170776367
corebench_hard,capsule-0851068,1.1112380027770996,0.30158913135528564,0.4126646816730499,-0.7390143275260925,0.2382049560546875,-0.05457626283168793,-0.5771360993385315,0.28541111946105957,0.16119793057441711,0.1347774863243103
corebench_hard,capsule-3593259,1.085997462272644,0.1246749684214592,0.39320915937423706,-0.653217077255249,0.2424052208662033,-0.03716713562607765,-0.5934982895851135,0.3121046721935272,0.05710362270474434,0.2916031777858734
corebench_hard,capsule-9641396,1.0735490322113037,0.25794848799705505,0.3067358732223511,-0.6473333835601807,0.3077278435230255,-0.21999205648899078,-0.608758807182312,0.16841939091682434,0.2564796805381775,0.17763181030750275
corebench_hard,capsule-9052293,1.0572963953018188,0.4347051978111267,0.34863871335983276,-0.7080256938934326,0.2779145836830139,-0.11729267984628677,-0.4880227744579315,0.35281437635421753,0.13384903967380524,0.15320688486099243
corebench_hard,capsule-4728591,1.0233584642410278,-0.21536579728126526,0.5386801958084106,-0.467743843793869,-0.09452731162309647,0.2998034954071045,-0.23818513751029968,0.47159355878829956,-0.257013201713562,0.3070763349533081
corebench_hard,capsule-8234136,0.9689684510231018,-0.8174911737442017,0.24115829169750214,0.07973088324069977,-0.49561765789985657,0.42224961519241333,-0.058239713311195374,0.3257390260696411,-0.4080260396003723,0.41769710183143616
corebench_hard,capsule-0921079,0.9521144032478333,0.3172298073768616,0.2794841527938843,-0.5564410090446472,0.39956262707710266,-0.295573353767395,-0.47678977251052856,0.06991463899612427,0.18165628612041473,0.08095894753932953
corebench_hard,capsule-1175539,0.943696916103363,0.46243196725845337,0.2633507549762726,-0.5895736217498779,0.27329525351524353,-0.23872967064380646,-0.5435709953308105,0.048396527767181396,0.2072536200284958,0.03413672745227814
corebench_hard,capsule-1724988,0.9255046248435974,0.16240215301513672,0.3295828104019165,-0.591320812702179,0.04238775745034218,-0.05431091785430908,-0.5189205408096313,0.2706795930862427,0.03364203870296478,0.22327017784118652
corebench_hard,capsule-3639589,0.8566932678222656,-0.2615051865577698,0.3095155358314514,-0.3979092240333557,-0.3207460045814514,0.2389211505651474,-0.2780030071735382,0.3156532049179077,-0.164931520819664,0.34015488624572754
corebench_hard,capsule-0504157,0.822836697101593,-0.3424462378025055,0.3552785813808441,-0.36045345664024353,0.10755202174186707,0.00444828113541007,-0.4681498408317566,0.2402617633342743,-0.06758807599544525,0.35758259892463684
corebench_hard,capsule-9670283,0.8217257261276245,0.10516075044870377,0.5382515788078308,-0.3724520206451416,0.09970079362392426,0.09632930159568787,-0.3119395971298218,0.2098461389541626,-0.13414721190929413,0.2612299621105194
corebench_hard,capsule-2414499,0.7828067541122437,0.3990691006183624,0.09252064675092697,-0.41983485221862793,0.3036676049232483,-0.28283265233039856,-0.4172937572002411,-0.007513910997658968,0.28396540880203247,-0.030493203550577164
corebench_hard,capsule-1900704,0.7826338410377502,-0.39907360076904297,0.23745456337928772,-0.14647705852985382,-0.23450607061386108,0.40388306975364685,-0.04513353854417801,0.35865452885627747,-0.31568142771720886,0.2936597168445587
corebench_hard,capsule-4180912,0.666389524936676,0.40381020307540894,0.1719539761543274,-0.41236555576324463,0.27730852365493774,-0.04578012973070145,-0.3059965670108795,0.10232964158058167,0.22063057124614716,0.11261683702468872
corebench_hard,capsule-6003668,0.6356469988822937,0.0031804118771106005,0.31054458022117615,-0.2767181396484375,0.19940981268882751,0.028809528797864914,-0.3163512051105499,0.17159372568130493,0.018950005993247032,0.2460901141166687
gaia,5a0c1adf-205e-4841-a666-7c3ef95def9d,1.2203879356384277,0.3270559310913086,0.3611529469490051,-0.047909244894981384,0.47280821204185486,0.3514678478240967,0.018384385854005814,-0.8358849287033081,0.1208043023943901,0.5439737439155579
gaia,d1af70ea-a9a4-421a-b9cc-94b5e02f1788,1.2046936750411987,-0.19850890338420868,0.03518480435013771,0.038705870509147644,0.08484255522489548,0.5494099855422974,-0.44848161935806274,-0.505932629108429,0.5414718985557556,0.6238635778427124
gaia,0bb3b44a-ede5-4db5-a520-4e844b0079c5,1.1640889644622803,-0.36717474460601807,0.012655715458095074,0.09220487624406815,-0.004135819151997566,0.596758246421814,-0.4748421311378479,-0.30663275718688965,0.5249789357185364,0.6286512017250061
gaia,d5141ca5-e7a0-469f-bf3e-e773507c86e2,1.1332919597625732,-0.3489367365837097,0.028721941635012627,0.1405644416809082,0.04763130471110344,0.6569397449493408,-0.6034021377563477,-0.1751953661441803,0.3493035137653351,0.5595787167549133
gaia,dc28cf18-6431-458b-83ef-64b3ce566c10,1.1150455474853516,0.7825481295585632,0.5403623580932617,-0.4346441924571991,0.5441668033599854,-0.24803683161735535,0.420772522687912,-0.2860402762889862,-0.36124590039253235,-0.1241471990942955
gaia,8f80e01c-1296-4371-9486-bb3d68651a60,1.110949158668518,-0.7793065905570984,-0.5420675873756409,0.432498037815094,-0.5448887348175049,0.24500635266304016,-0.41452643275260925,0.2877079248428345,0.35803234577178955,0.11657217890024185
gaia,c526d8d6-5987-4da9-b24c-83466fa172f3,1.109423041343689,-0.793066143989563,-0.5386636853218079,0.43615812063217163,-0.5407106280326843,0.24975673854351044,-0.4131530821323395,0.2766653299331665,0.36284133791923523,0.1295670121908188
gaia,e142056d-56ab-4352-b091-b56054bd1359,1.1092561483383179,-0.7791149020195007,-0.5375459790229797,0.4324575960636139,-0.5465142130851746,0.2520614564418793,-0.41319334506988525,0.27980533242225647,0.3559168875217438,0.1287032663822174
gaia,ded28325-3447-4c56-860f-e497d6fb3577,1.1066796779632568,-0.7836832404136658,-0.5369776487350464,0.43045803904533386,-0.5477309823036194,0.2476588785648346,-0.40726539492607117,0.2814939320087433,0.3584597110748291,0.1271190345287323
gaia,076c8171-9b3b-49b9-a477-244d2a532826,1.100319743156433,0.5091468095779419,0.3914327025413513,-0.17327894270420074,0.6003038287162781,0.14857999980449677,0.1811407208442688,-0.7135859131813049,-0.008270438760519028,0.32083117961883545
gaia,ebbc1f13-d24d-40df-9068-adcf735b4240,1.08749258518219,-0.48012882471084595,-0.020801400765776634,0.19036532938480377,-0.02660670503973961,0.533417284488678,-0.49841073155403137,-0.22843796014785767,0.4986169636249542,0.5581313371658325
gaia,8d46b8d6-b38a-47ff-ac74-cda14cf2d19b,1.086449146270752,-0.6337810754776001,-0.5816518664360046,0.28976425528526306,-0.6224669814109802,0.1100965216755867,-0.26004889607429504,0.4812116026878357,0.2405625283718109,-0.03798382356762886
gaia,ecbc4f94-95a3-4cc7-b255-6741a458a625,1.0860505104064941,-0.43090325593948364,-0.19996748864650726,0.23935121297836304,-0.16458329558372498,0.6319903135299683,-0.6331077814102173,-0.007863122969865799,0.35608434677124023,0.35783669352531433
gaia,cabe07ed-9eca-40ea-8ead-410ef5e83f91,1.085924506187439,0.11747723817825317,0.13932260870933533,-0.006974763236939907,0.30863869190216064,0.4352710545063019,-0.28587985038757324,-0.6535429358482361,0.334053635597229,0.5045953392982483
gaia,72c06643-a2fa-4186-aa5c-9ec33ae9b445,1.085136890411377,-0.6888593435287476,-0.5568403005599976,0.4499194622039795,-0.5334111452102661,0.30195412039756775,-0.3406568169593811,0.2836306095123291,0.279409259557724,0.121477872133255
gaia,11af4e1a-5f45-467d-9aeb-46f4bb0bf034,1.0827330350875854,0.6927841901779175,0.561246931552887,-0.4544025659561157,0.5647763013839722,-0.1253330558538437,0.30715709924697876,-0.2572653591632843,-0.3788835108280182,-0.10984903573989868
gaia,9b54f9d9-35ee-4a14-b62f-d130ea00317f,1.0808919668197632,-0.11627426743507385,0.02157878503203392,0.22122465074062347,0.2522525191307068,0.34872713685035706,-0.19479525089263916,-0.5534015893936157,0.486186683177948,0.5942251086235046
gaia,32102e3e-d12a-4209-9163-7b3a104efe5d,1.0801538228988647,0.38679438829421997,0.15137945115566254,0.013663275167346,0.5113164186477661,0.22154732048511505,0.147981196641922,-0.7255443930625916,0.10521720349788666,0.5231809020042419
gaia,16d825ff-1623-4176-a5b5-42e0f5c2b0ac,1.079776406288147,0.0010209238389506936,-0.13843441009521484,0.2758680284023285,0.10218430310487747,0.3600737452507019,0.09619849920272827,-0.5018473863601685,0.4690316319465637,0.6704174280166626
gaia,73c1b9fe-ee1d-4cf4-96ca-35c08f97b054,1.0689853429794312,0.3112967908382416,0.28060102462768555,-0.11881568282842636,0.35038113594055176,0.42997297644615173,-0.0792342945933342,-0.6805259585380554,0.19445139169692993,0.48479583859443665
gaia,dc22a632-937f-4e6a-b72f-ba0ff3f5ff97,1.065010905265808,-0.3071686625480652,0.05081620067358017,0.06217717379331589,0.1530480682849884,0.45828309655189514,-0.43949902057647705,-0.18898150324821472,0.6292726397514343,0.5191293954849243
gaia,0512426f-4d28-49f0-be77-06d05daec096,1.0630191564559937,-0.12096623331308365,-0.0675676167011261,0.12719255685806274,0.010255465283989906,0.5282396674156189,-0.1303360015153885,-0.5181423425674438,0.4737524092197418,0.565883219242096
gaia,9318445f-fe6a-4e1b-acbf-c68228c9906a,1.054377555847168,-0.6141631007194519,-0.574500560760498,0.38866421580314636,-0.6016536355018616,0.28016796708106995,-0.2052050679922104,0.043407127261161804,0.28631311655044556,0.25328171253204346
gaia,3f57289b-8c60-48be-bd80-01f8099ca449,1.0507478713989258,0.33010128140449524,0.3925012946128845,-0.16857820749282837,0.4570387601852417,0.3586443364620209,-0.1269429475069046,-0.6071178913116455,0.2118869572877884,0.3930424451828003
gaia,d700d50d-c707-4dca-90dc-4528cddd0c80,1.0464903116226196,0.5283466577529907,0.6158169507980347,-0.28028950095176697,0.5364744663238525,0.023323753848671913,0.2052500993013382,-0.47876736521720886,-0.2362537682056427,0.14777915179729462
gaia,edd4d4f2-1a58-45c4-b038-67337af4e029,1.036288857460022,0.3003038167953491,0.3981688916683197,-0.11114383488893509,0.5102542042732239,0.18010647594928741,-0.0036790871527045965,-0.6876979470252991,0.0942864716053009,0.35829249024391174
gaia,1dcc160f-c187-48c2-b68e-319bd4354f3d,1.0259591341018677,-0.3248652517795563,-0.33520153164863586,0.35051870346069336,0.06963846832513809,0.4832228124141693,-0.338360071182251,-0.18115165829658508,0.5146072506904602,0.40852266550064087
gaia,0e9e85b8-52b9-4de4-b402-5f635ab9631f,1.0228947401046753,-0.6005961298942566,-0.3122781217098236,0.3803855776786804,-0.26359039545059204,0.38851064443588257,-0.4470985233783722,0.08016165345907211,0.49201056361198425,0.3678114116191864
gaia,56db2318-640f-477a-a82f-bc93ad13e882,1.0220801830291748,0.4419213533401489,0.18484807014465332,-0.009231330826878548,0.504433810710907,0.2636551558971405,0.12268920987844467,-0.7040507197380066,0.09847519546747208,0.40741753578186035
gaia,a0068077-79f4-461a-adfe-75c1a4148545,1.0201961994171143,0.03241872414946556,0.07261421531438828,0.08072645962238312,0.18043887615203857,0.4987189769744873,0.012765336781740189,-0.4759728014469147,0.08560623973608017,0.7167219519615173
gaia,dd3c7503-f62a-4bd0-9f67-1b63b94194cc,1.0140618085861206,0.7147216200828552,0.5084898471832275,-0.39465975761413574,0.5158568620681763,-0.22285820543766022,0.33518457412719727,-0.33187350630760193,-0.2638286352157593,-0.07832353562116623
gaia,5d0080cb-90d7-4712-bc33-848150e917d3,1.0111950635910034,0.3243882656097412,0.4283474385738373,-0.15509289503097534,0.3300001323223114,0.21339093148708344,0.0019363139290362597,-0.7001923322677612,0.09390504658222198,0.40181249380111694
gaia,5f982798-16b9-4051-ab57-cfc7ebdb2a91,1.0104026794433594,-0.501751720905304,-0.6451451182365417,0.4808782935142517,-0.3212321996688843,0.2621519863605499,-0.1075250431895256,0.02943290024995804,0.37215638160705566,0.2249787300825119
gaia,bfcd99e1-0690-4b53-a85c-0174a8629083,1.0096030235290527,-0.08883588761091232,-0.058069147169589996,0.05708381161093712,0.15008105337619781,0.3895981013774872,-0.1205642893910408,-0.43833768367767334,0.5032405257225037,0.6151667237281799
gaia,46719c30-f4c3-4cad-be07-d5cb21eee6bb,1.0093029737472534,-0.4147503077983856,-0.4272801876068115,0.3385522663593292,-0.13768894970417023,0.42914044857025146,-0.29968756437301636,-0.13777917623519897,0.5144615173339844,0.38068410754203796
gaia,7cc4acfa-63fd-4acc-a1a1-e8e529e0a97f,1.006849765777588,0.5066626071929932,0.5113535523414612,-0.23429374396800995,0.5938472747802734,0.06068738177418709,0.12352141737937927,-0.5351350903511047,-0.134272962808609,0.14620719850063324
gaia,3da89939-209c-4086-8520-7eb734e6b4ef,1.0067787170410156,-0.4462617337703705,-0.5098573565483093,0.3792056143283844,-0.3302704095840454,0.41794124245643616,-0.27934786677360535,-0.08591897785663605,0.33121225237846375,0.36191120743751526
gaia,65afbc8a-89ca-4ad5-8d62-355bb401f61d,0.997887909412384,-0.4108272194862366,-0.19247080385684967,0.15813188254833221,-0.08560056239366531,0.5762245655059814,-0.4924708604812622,-0.1309366673231125,0.4243623912334442,0.3932073414325714
gaia,0ff53813-3367-4f43-bcbd-3fd725c1bf4b,0.9960103631019592,0.09831518679857254,0.23833726346492767,-0.028126247227191925,0.3709934949874878,0.25911054015159607,-0.06399037688970566,-0.561176598072052,0.28816771507263184,0.5723739862442017
gaia,624cbf11-6a41-4692-af9c-36b3e5ca3130,0.9947419762611389,-0.4025115966796875,-0.498583048582077,0.44825050234794617,-0.2918281555175781,0.33241093158721924,0.0005128728807903826,-0.11671716719865799,0.34533166885375977,0.45984792709350586
gaia,7a4a336d-dcfa-45a0-b014-824c7619e8de,0.9924428462982178,-0.5870614051818848,-0.3823466897010803,0.32254528999328613,-0.4506779909133911,0.3588825464248657,-0.3268858790397644,-0.024077046662569046,0.421146035194397,0.34353020787239075
gaia,df6561b2-7ee5-4540-baab-5095f742716a,0.991530179977417,-0.6442841291427612,-0.4648388624191284,0.36735624074935913,-0.5947535037994385,0.2409273087978363,-0.22431595623493195,0.13237756490707397,0.2911583483219147,0.2602189779281616
gaia,6359a0b1-8f7b-499b-9336-840f9ab90688,0.9898914098739624,-0.6479496359825134,-0.4613760709762573,0.36218971014022827,-0.5986949801445007,0.24189017713069916,-0.22228942811489105,0.12876471877098083,0.29181256890296936,0.2602722644805908
gaia,f918266a-b3e0-4914-865d-4faa564f1aef,0.9898081421852112,0.3600233495235443,0.3856515884399414,-0.13779252767562866,0.49838098883628845,0.29545462131500244,0.010973736643791199,-0.5954114198684692,-0.019101936370134354,0.34832337498664856
gaia,27d5d136-8563-469e-92bf-fd103c28b57c,0.9850755333900452,0.63899165391922,0.492046594619751,-0.40354758501052856,0.32711899280548096,-0.28139007091522217,0.5061677098274231,-0.19718028604984283,-0.2769980728626251,-0.08609484881162643
gaia,e4e91f1c-1dcd-439e-9fdd-cb976f5293fd,0.9831739664077759,-0.08951784670352936,0.24343758821487427,0.019940311089158058,0.20762115716934204,0.23445741832256317,-0.20022287964820862,-0.48273026943206787,0.5665215253829956,0.4634980261325836
gaia,0b260a57-3f3a-4405-9f29-6d7a1012dbfb,0.9823131561279297,-0.1056026816368103,-0.20665104687213898,0.20045828819274902,0.24871529638767242,0.4078843593597412,-0.19236332178115845,-0.41617706418037415,0.5117805004119873,0.4262577295303345
gaia,5b2a14e8-6e59-479c-80e3-4696e8980152,0.981781005859375,-0.27000778913497925,0.23446598649024963,-0.03149331733584404,-0.0030708329286426306,0.43761706352233887,-0.6747666001319885,-0.2637256979942322,0.33287790417671204,0.2841491103172302
gaia,cca530fc-4052-43b2-b130-b30968d8aa44,0.979646623134613,-0.6517395973205566,-0.4760652780532837,0.3618854880332947,-0.5433937311172485,0.30680790543556213,-0.21210108697414398,0.13871191442012787,0.26640814542770386,0.27838683128356934
gaia,853c8244-429e-46ca-89f2-addf40dfb2bd,0.9687365293502808,-0.47339242696762085,-0.4848780930042267,0.40489405393600464,-0.09778273850679398,0.21218518912792206,-0.30071625113487244,-0.04463464766740799,0.5962000489234924,0.1922069489955902
gaia,0a3cd321-3e76-4622-911b-0fda2e5d6b1a,0.9534292221069336,-0.22842146456241608,-0.0986533835530281,0.1991405040025711,0.04423660784959793,0.5753238201141357,-0.22421862185001373,-0.2364547997713089,0.2424839735031128,0.6014151573181152
gaia,da52d699-e8d2-4dc5-9191-a2199e0b6a9b,0.9448698163032532,0.059847284108400345,0.2516413629055023,-0.042884767055511475,0.5786241888999939,0.26363468170166016,-0.19902338087558746,-0.3734063506126404,0.3488280177116394,0.35011959075927734
gaia,8b3379c0-0981-4f5b-8407-6444610cb212,0.9430707097053528,-0.20320063829421997,-0.32654500007629395,0.30731943249702454,-0.1283477395772934,0.35762420296669006,-0.06061000004410744,-0.2716127038002014,0.4810976982116699,0.4848043620586395
gaia,0a65cb96-cb6e-4a6a-8aae-c1084f613456,0.9424846768379211,0.3119065761566162,0.3517675995826721,-0.11229795962572098,0.42424142360687256,0.2091207504272461,0.0692128986120224,-0.6455044150352478,0.09108275920152664,0.313769668340683
gaia,72e110e7-464c-453c-a309-90a95aed6538,0.9402254223823547,-0.08704044669866562,-0.13775692880153656,0.26315954327583313,0.08238044381141663,0.39689451456069946,-0.05577000603079796,-0.3168753385543823,0.34524428844451904,0.6393498778343201
gaia,7d4a7d1d-cac6-44a8-96e8-ea9584a70825,0.9297963380813599,0.13430893421173096,0.13093078136444092,-0.0027630776166915894,0.27208399772644043,0.3531864881515503,-0.05605852231383324,-0.6235607266426086,0.20204727351665497,0.4645499587059021
gaia,6f37996b-2ac7-44b0-8e68-6d28256631b4,0.9276717901229858,0.5861508846282959,0.48707303404808044,-0.3479858636856079,0.2928605377674103,-0.17942316830158234,0.43242591619491577,-0.18383339047431946,-0.40434327721595764,-0.0005801895749755204
gaia,384d0dd8-e8a4-4cfe-963c-d37f256e7662,0.9235612154006958,-0.27125224471092224,-0.42717310786247253,0.32745561003685,-0.1942531317472458,0.18279604613780975,0.07157027721405029,-0.284119188785553,0.454142689704895,0.4472370445728302
gaia,872bfbb1-9ccf-49f6-8c5f-aa22818ccd66,0.9160659313201904,-0.3159675598144531,-0.3855726420879364,0.3069981634616852,-0.2015490084886551,0.2812977135181427,-0.17373964190483093,-0.32595062255859375,0.4997703731060028,0.30052053928375244
gaia,54612da3-fd56-4941-80f4-5eb82330de25,0.9140875935554504,0.37125155329704285,0.3342909514904022,-0.14819248020648956,0.4100295305252075,0.2143050879240036,0.03899258375167847,-0.6098958849906921,-0.012263933196663857,0.33786100149154663
gaia,983bba7c-c092-455f-b6c9-7857003d48fc,0.9088392853736877,-0.16784025728702545,-0.2975689470767975,0.39706727862358093,0.0036201600451022387,0.09464996308088303,0.06046653166413307,-0.46623700857162476,0.411239892244339,0.4250365197658539
gaia,f46b4380-207e-4434-820b-f32ce04ae2a4,0.9070193767547607,0.13445621728897095,0.3462216556072235,-0.04818165674805641,0.38474905490875244,0.16404201090335846,-0.17718398571014404,-0.5066623091697693,0.3033393323421478,0.3813607692718506
gaia,ad2b4d70-9314-4fe6-bfbe-894a45f6055f,0.9036344289779663,-0.43323376774787903,-0.37453338503837585,0.2763637900352478,-0.1612798124551773,0.34342697262763977,-0.36191225051879883,-0.14018917083740234,0.4410288631916046,0.3328809142112732
gaia,7bd855d8-463d-4ed5-93ca-5fe35145f733,0.8973587155342102,0.26752370595932007,0.26379361748695374,-0.13347288966178894,0.4134310185909271,0.28835329413414,0.013919346034526825,-0.5382422208786011,0.04609105736017227,0.41443324089050293
gaia,c714ab3a-da30-4603-bacd-d008800188b9,0.8924838304519653,0.6089624166488647,0.49174031615257263,-0.3922252058982849,0.524148166179657,-0.03303222730755806,0.20502503216266632,-0.21412675082683563,-0.16460256278514862,-0.10038064420223236
gaia,1f975693-876d-457b-a649-393859e79bf3,0.8897950649261475,-0.34997883439064026,-0.2335253208875656,0.37742695212364197,0.09853217750787735,0.3571975827217102,-0.40371736884117126,-0.047545287758111954,0.4352591931819916,0.32055041193962097
gaia,7619a514-5fa8-43ef-9143-83b66a43d7a4,0.8891417384147644,-0.33203351497650146,-0.3211303949356079,0.40361541509628296,0.045539338141679764,0.407114714384079,-0.24220608174800873,-0.060266997665166855,0.3624061942100525,0.4038470983505249
gaia,08c0b6e9-1b43-4c2e-ae55-4e3fce2c2715,0.8880535364151001,-0.1843927651643753,0.37498998641967773,-0.16465967893600464,0.09421563148498535,0.32487431168556213,-0.5228540897369385,-0.13308556377887726,0.27398091554641724,0.3746134340763092
gaia,3627a8be-a77f-41bb-b807-7e1bd4c0ebdf,0.8839654326438904,0.47228822112083435,0.424164354801178,-0.3541448712348938,0.3738512396812439,-8.40441498439759e-06,0.23021744191646576,-0.47554951906204224,0.01261926256120205,0.23872463405132294
gaia,cffe0e32-c9a6-4c52-9877-78ceb4aaa9fb,0.882172703742981,0.13989004492759705,0.13457155227661133,0.0024642967619001865,0.39069950580596924,0.23535554111003876,-0.17351146042346954,-0.48016899824142456,0.3672167956829071,0.39567410945892334
gaia,cca70ce6-1952-45d2-acd4-80c903b0bc49,0.8815826177597046,-0.5887035131454468,-0.4512324333190918,0.31957054138183594,-0.43867841362953186,0.305390328168869,-0.2664148807525635,0.0796913132071495,0.29437965154647827,0.14752259850502014
gaia,7673d772-ef80-4f0f-a602-1bf4485c9b43,0.8740254640579224,-0.6900182366371155,-0.3368731141090393,0.32494843006134033,-0.42891812324523926,0.24841077625751495,-0.42589372396469116,0.0956958532333374,0.2811484634876251,0.17198637127876282
gaia,4d0aa727-86b1-406b-9b33-f870dd14a4a5,0.8723504543304443,0.36278292536735535,0.35435575246810913,-0.0652972012758255,0.6171984076499939,0.13419578969478607,-0.03484822437167168,-0.4514229893684387,-0.09488967061042786,0.13498124480247498
gaia,05407167-39ec-4d3a-a234-73a9120c325d,0.8710848689079285,-0.051817089319229126,-0.059651315212249756,0.1719718724489212,0.09765440225601196,0.33778953552246094,-0.20945444703102112,-0.359942764043808,0.39030176401138306,0.5255975127220154
gaia,114d5fd0-e2ae-4b6d-a65a-870da2d19c08,0.8691379427909851,-0.2063068002462387,0.09801659733057022,0.013791730627417564,0.012475010007619858,0.5279241800308228,-0.37445545196533203,-0.23672600090503693,0.28212472796440125,0.43691331148147583
gaia,65da0822-a48a-4a68-bbad-8ed1b835a834,0.868419349193573,0.10606039315462112,0.2767964005470276,-0.0912562757730484,0.4097857177257538,0.2006264477968216,-0.4068124294281006,-0.3970421850681305,0.31990769505500793,0.18855541944503784
gaia,2d83110e-a098-4ebb-9987-066c06fa42d0,0.8670080900192261,0.6722890138626099,0.37798187136650085,-0.296623557806015,0.44994252920150757,-0.1638307273387909,0.3637739419937134,-0.22592324018478394,-0.32630258798599243,-0.04137953370809555
gaia,a56f1527-3abf-41d6-91f8-7296d6336c3f,0.863730251789093,-0.026061439886689186,0.486724317073822,-0.16441033780574799,0.2002078890800476,0.33160200715065,-0.3781036138534546,-0.26162490248680115,-0.01883336715400219,0.3468298017978668
gaia,b2c257e0-3ad7-4f05-b8e3-d9da973be36e,0.861829936504364,-0.5219703316688538,-0.5050545334815979,0.3165454566478729,-0.5513108372688293,0.17569172382354736,-0.06980756670236588,0.14427821338176727,0.11710144579410553,0.11513674259185791
gaia,e8cb5b03-41e0-4086-99e5-f6806cd97211,0.8616669774055481,0.0412558950483799,0.14971387386322021,0.09748123586177826,0.19704781472682953,0.40612855553627014,-0.21534283459186554,-0.5467166304588318,0.20468799769878387,0.34585559368133545
gaia,a7feb290-76bb-4cb7-8800-7edaf7954f2f,0.8575329780578613,-0.3866502642631531,-0.5392938256263733,0.46240314841270447,-0.07682045549154282,0.28596460819244385,-0.25583717226982117,0.11895748227834702,0.23498015105724335,0.09061957895755768
gaia,50ec8903-b81f-4257-9450-1085afd2c319,0.8572362661361694,0.4681858718395233,0.40587958693504333,-0.3710794150829315,0.5791312456130981,0.1646459400653839,0.0455271452665329,-0.23073579370975494,0.0033061529975384474,0.12079684436321259
gaia,023e9d44-96ae-4eed-b912-244ee8c3b994,0.8494343757629395,-0.0937003567814827,0.20063640177249908,-0.06959559768438339,0.25086545944213867,0.29217275977134705,-0.5670840740203857,-0.29000645875930786,0.3462788760662079,0.0504448339343071
gaia,676e5e31-a554-4acc-9286-b60d90a92d26,0.846740186214447,-0.16695138812065125,-0.2544751465320587,0.1748429834842682,-0.07935404777526855,0.3527725338935852,-0.2821097671985626,-0.3091311454772949,0.4358833432197571,0.3546173572540283
gaia,5188369a-3bbe-43d8-8b94-11558f909a08,0.840290367603302,0.3804975748062134,0.3182809054851532,-0.17947383224964142,0.21417470276355743,0.12522442638874054,0.14864511787891388,-0.576840877532959,0.03721151500940323,0.39344239234924316
gaia,f0f46385-fc03-4599-b5d3-f56496c3e69f,0.8343148827552795,0.5320703387260437,0.3587488532066345,-0.2227320373058319,0.49248141050338745,-0.049123022705316544,0.27742472290992737,-0.3023260235786438,-0.29316917061805725,0.1360379010438919
gaia,9e1fc53b-46ff-49a1-9d05-9e6faac34cc5,0.8341715335845947,-0.2028595209121704,0.12344443053007126,0.011897172778844833,0.03982894495129585,0.4588882625102997,-0.3594355881214142,-0.1645471453666687,0.2906973958015442,0.4769933223724365
gaia,544b7f0c-173a-4377-8d56-57b36eb26ddf,0.833901584148407,0.49123966693878174,0.3683016896247864,-0.29623693227767944,0.5603904128074646,-0.09772742539644241,0.13113419711589813,-0.3601187765598297,-0.038732677698135376,0.004407800268381834
gaia,305ac316-eef6-4446-960a-92d80d542f82,0.8333725333213806,0.1247047558426857,0.2616220712661743,-0.04441428929567337,0.39744246006011963,0.20505660772323608,-0.18866075575351715,-0.509705662727356,0.1478687971830368,0.32683998346328735
gaia,de9887f5-ead8-4727-876f-5a4078f8598c,0.832258939743042,-0.04500461369752884,-0.13796180486679077,0.20373930037021637,0.02695416659116745,0.19127029180526733,0.09702510386705399,-0.5627214908599854,0.3430873453617096,0.3886163532733917
gaia,851e570a-e3de-4d84-bcfa-cc85578baa59,0.8300527930259705,-0.41631004214286804,-0.06926615536212921,0.15496429800987244,-0.150984987616539,0.5068863034248352,-0.49351996183395386,0.06866186857223511,0.27289098501205444,0.2402077615261078
gaia,0383a3ee-47a7-41a4-b493-519bdefe0488,0.8269679546356201,-0.1494530737400055,0.07780086249113083,0.03522222116589546,0.07172831892967224,0.4666920304298401,-0.365276962518692,-0.3165406584739685,0.3507300317287445,0.3114470839500427
gaia,5cfb274c-0207-4aa7-9575-6ac0bd95d9b2,0.8241010308265686,0.3482142388820648,0.5721492767333984,-0.2990424931049347,0.32872849702835083,-0.11768725514411926,0.0982905775308609,-0.35824501514434814,-0.002750020707026124,0.049401067197322845
gaia,8e867cd7-cff9-4e6c-867a-ff5ddc2550be,0.8221441507339478,-0.1297629028558731,0.10534557700157166,0.09270796179771423,0.07212755084037781,0.5446382761001587,-0.136375293135643,-0.3337056040763855,0.06021343916654587,0.46990635991096497
gaia,a1e91b78-d3d8-4675-bb8d-62741b4b68a6,0.8204811811447144,0.25447240471839905,0.39484596252441406,-0.04657876864075661,0.5145223140716553,0.04768230766057968,0.10250265896320343,-0.4043756127357483,0.02256747893989086,0.2712450325489044
gaia,a0c07678-e491-4bbc-8f0b-07405144218f,0.8188337087631226,-0.09863347560167313,-0.20988772809505463,0.21106553077697754,-0.03219189867377281,0.3430958688259125,-0.010228927247226238,-0.44341498613357544,0.2711068093776703,0.43922159075737
gaia,99c9cc74-fdc8-46c6-8f8d-3ce2d3bfeea3,0.8184754848480225,-0.23846273124217987,-0.09306976944208145,0.2210649847984314,-0.07531965523958206,0.2888106107711792,-0.14559896290302277,-0.3530803322792053,0.4014139175415039,0.4650675058364868
gaia,04a04a9b-226c-43fd-b319-d5e89743676f,0.8037843704223633,0.05629924312233925,0.026372132822871208,-0.027462271973490715,-0.02705426886677742,0.1837461143732071,0.06827690452337265,-0.45801499485969543,0.28545841574668884,0.560534656047821
gaia,50f58759-7bd6-406f-9b0d-5692beb2a926,0.8014422059059143,-0.3054729998111725,-0.3629809617996216,0.23881620168685913,0.057248007506132126,0.3612258732318878,-0.42466846108436584,0.08627772331237793,0.32669350504875183,0.15888361632823944
gaia,65638e28-7f37-4fa7-b7b9-8c19bb609879,0.8007878661155701,0.010333738289773464,0.207543283700943,0.04763635993003845,0.20273378491401672,0.3563248813152313,-0.05568457022309303,-0.37469494342803955,0.19177626073360443,0.4975683093070984
gaia,b816bfce-3d80-4913-a07d-69b752ce6377,0.7958806157112122,0.257581502199173,0.0027914680540561676,0.13141894340515137,0.24629628658294678,0.22807811200618744,0.1688041090965271,-0.5381994247436523,0.18495653569698334,0.38872015476226807
gaia,b4cc024b-3f5e-480e-b96a-6656493255b5,0.7932289838790894,0.0635877400636673,-0.05529411882162094,0.055535733699798584,0.19009250402450562,0.33072566986083984,-0.1713399738073349,-0.3084384500980377,0.44485026597976685,0.3939194679260254
gaia,4d51c4bf-4b0e-4f3d-897b-3f6687a7d9f2,0.7904561161994934,-0.1521022468805313,0.07125893980264664,0.06075327843427658,0.3089523911476135,0.17675995826721191,-0.2023119479417801,-0.1668543666601181,0.5638400912284851,0.3204219937324524
gaia,b9763138-c053-4832-9f55-86200cb1f99c,0.784588634967804,0.08020047098398209,0.08795687556266785,-0.01192956231534481,0.24272672832012177,0.137020543217659,-0.05651697516441345,-0.5890759825706482,0.16463975608348846,0.3907669186592102
gaia,c8b7e059-c60d-472e-ad64-3b04ae1166dc,0.7779073715209961,-0.4272546172142029,-0.2663125991821289,0.30143994092941284,-0.3154102563858032,0.17227010428905487,-0.05824022740125656,-0.2407940924167633,0.358727365732193,0.3523232936859131
gaia,7dd30055-0198-452e-8c25-f73dbe27dcb8,0.776863694190979,-0.37269607186317444,-0.3137610852718353,0.3302314281463623,0.024781975895166397,0.09827312082052231,-0.1972845196723938,-0.1473444104194641,0.5011866688728333,0.2718952000141144
gaia,366e2f2b-8632-4ef2-81eb-bc3877489217,0.775177538394928,-0.2395409345626831,-0.06050967797636986,0.22531287372112274,0.18454059958457947,0.15706788003444672,-0.09297934174537659,-0.3426329493522644,0.46339312195777893,0.38336890935897827
gaia,e1fc63a2-da7a-432f-be78-7c4a95598703,0.7738275527954102,0.1575857549905777,0.14997072517871857,0.017390910536050797,0.44721826910972595,0.16669295728206635,-0.13185977935791016,-0.364249587059021,0.3481810688972473,0.2773623466491699
gaia,2dfc4c37-fec1-4518-84a7-10095d30ad75,0.7733574509620667,-0.4801173508167267,-0.3680417239665985,0.31864020228385925,-0.2553587257862091,0.31769949197769165,-0.3497052490711212,0.22919562458992004,0.13430647552013397,0.0457356795668602
gaia,87c610df-bef7-4932-b950-1d83ef4e282b,0.7717379927635193,0.13906672596931458,0.2190697342157364,-0.06125003471970558,0.18334782123565674,0.27129262685775757,0.0720335990190506,-0.42048540711402893,0.11053261160850525,0.49234750866889954
gaia,bda648d7-d618-4883-88f4-3466eabd860e,0.771276593208313,0.3502359092235565,0.44390764832496643,-0.3295585513114929,0.21763813495635986,0.09731736034154892,0.14615915715694427,-0.34464263916015625,-0.1365816444158554,0.27124181389808655
gaia,42576abe-0deb-4869-8c63-225c2d75a95a,0.7698487043380737,0.40010061860084534,0.3396606743335724,-0.2510266900062561,0.4484882056713104,0.010408331640064716,0.058700572699308395,-0.36275094747543335,0.2360779047012329,0.14921942353248596
gaia,b7f857e4-d8aa-4387-af2a-0e844df5b9d8,0.7681525945663452,0.3863096237182617,0.40502452850341797,-0.24552501738071442,0.5207469463348389,0.09602974355220795,-0.031886257231235504,-0.12206018716096878,-0.25513356924057007,0.06575208157300949
gaia,2b3ef98c-cc05-450b-a719-711aee40ac65,0.7667011022567749,-0.2908923625946045,-0.15097302198410034,0.31728246808052063,0.03794117271900177,0.21374185383319855,-0.10208670794963837,-0.31379151344299316,0.45535653829574585,0.3178175687789917
gaia,4fc2f1ae-8625-45b5-ab34-ad4433bc21f8,0.7665554285049438,0.20480014383792877,0.4273953437805176,-0.1259881854057312,0.5377777814865112,0.024535903707146645,-0.07310698926448822,-0.26065176725387573,-0.033891111612319946,0.15756851434707642
gaia,d0633230-7067-47a9-9dbf-ee11e0a2cdd6,0.7609615921974182,-0.4355814456939697,-0.3640579283237457,0.3888484537601471,-0.2549562156200409,0.2939548194408417,-0.08210102468729019,-0.04310700669884682,0.2043171226978302,0.3058837056159973
gaia,f2feb6a4-363c-4c09-a804-0db564eafd68,0.759854257106781,-0.18050281703472137,-0.10975867509841919,0.25124460458755493,0.14502041041851044,0.3772106170654297,-0.2317778766155243,-0.23927584290504456,0.2475995123386383,0.40817829966545105
gaia,9d191bce-651d-4746-be2d-7ef8ecadb9c2,0.7541983127593994,0.3225325047969818,0.5419310927391052,-0.38946253061294556,0.2883402407169342,-0.09593690931797028,-0.10618197917938232,0.03922467678785324,-0.040423352271318436,-0.1290486752986908
gaia,e961a717-6b25-4175-8a68-874d28190ee4,0.7460787892341614,0.47204458713531494,0.2773282825946808,-0.3162323534488678,0.5007440447807312,0.22267240285873413,0.0062979138456285,-0.233596071600914,0.019892672076821327,0.15617156028747559
gaia,bec74516-02fc-48dc-b202-55e78d0e17cf,0.7451937198638916,-0.43395882844924927,-0.29544803500175476,0.28251466155052185,-0.4218873381614685,0.35546213388442993,-0.2413177192211151,0.07378736883401871,-0.0029788922984153032,0.14205510914325714
gaia,4b6bb5f7-f634-410e-815d-e673ab7f8632,0.7393872737884521,-0.06593873351812363,-0.2337765395641327,0.19036361575126648,0.08283884078264236,0.41114121675491333,-0.2399560660123825,-0.17754405736923218,0.32934921979904175,0.28693678975105286
gaia,48eb8242-1099-4c26-95d4-ef22b002457a,0.7388426661491394,-0.500266432762146,-0.4066355228424072,0.3680570721626282,-0.33229780197143555,0.1668873131275177,-0.15161466598510742,0.1274000108242035,0.24364063143730164,0.09065482765436172
gaia,08cae58d-4084-4616-b6dd-dd6534e4825b,0.7377164363861084,-0.21026711165905,-0.08448287844657898,0.11998707801103592,0.03454380854964256,0.36598658561706543,-0.19808201491832733,-0.28342247009277344,0.15658457577228546,0.49342507123947144
gaia,b415aba4-4b68-4fc6-9b89-2c812e55a3e1,0.7324637174606323,-0.34808915853500366,-0.20735739171504974,0.30102843046188354,-0.07410183548927307,0.3515598773956299,-0.27557578682899475,-0.016490167006850243,0.3139979839324951,0.3146328628063202
gaia,935e2cff-ae78-4218-b3f5-115589b19dae,0.7311923503875732,0.08136148750782013,0.35238227248191833,-0.1939476877450943,0.31484490633010864,0.1347690373659134,-0.20071616768836975,-0.3030531406402588,0.11859101802110672,0.3307132124900818
gaia,d8152ad6-e4d5-4c12-8bb7-8d57dc10c6de,0.7290569543838501,-0.03773847222328186,-0.16508889198303223,0.10441354662179947,0.1587449312210083,0.3577823340892792,-0.2865053713321686,-0.2497541904449463,0.395351380109787,0.1984795480966568
gaia,f3917a3d-1d17-4ee2-90c5-683b072218fe,0.7233589887619019,0.06403723359107971,-0.06679737567901611,-0.0003662380331661552,0.03287087008357048,0.4695584177970886,-0.013249974697828293,-0.2868935763835907,0.024872932583093643,0.4627293646335602
gaia,17b5a6a3-bc87-42e8-b0fb-6ab0781ef2cc,0.7121128439903259,0.10837677121162415,0.2780405282974243,-0.03755522891879082,0.06872016191482544,0.16540122032165527,0.06263090670108795,-0.4542539119720459,-0.035300835967063904,0.4298747777938843
gaia,708b99c5-e4a7-49cb-a5cf-933c8d46470d,0.7053915858268738,-0.1930394470691681,0.21380503475666046,0.003045950084924698,0.11142758280038834,0.22138763964176178,-0.5047242045402527,-0.19470562040805817,0.22359736263751984,0.2185731679201126
gaia,8131e2c0-0083-4265-9ce7-78c2d568425d,0.6984018683433533,-0.20942166447639465,-0.07369844615459442,0.11069738119840622,-0.03951660543680191,0.18898794054985046,-0.23548787832260132,-0.11988301575183868,0.4996923506259918,0.33657529950141907
gaia,e2d69698-bc99-4e85-9880-67eaccd66e6c,0.6939259767532349,0.04263962432742119,0.2111765444278717,-0.1746380776166916,0.2594793736934662,0.2965596616268158,-0.30915284156799316,-0.1790037751197815,0.1843014359474182,0.29929453134536743
gaia,42d4198c-5895-4f0a-b0c0-424a66465d83,0.6933925151824951,-0.5261289477348328,-0.16398979723453522,0.14331704378128052,-0.2951693534851074,0.26769015192985535,-0.38898220658302307,0.10576225072145462,0.32369887828826904,0.08546365052461624
gaia,71345b0a-9c7d-4b50-b2bf-937ec5879845,0.6855438351631165,0.01895422488451004,0.2750195264816284,-0.058391109108924866,0.22096703946590424,0.38233911991119385,-0.24424391984939575,-0.044227298349142075,0.14814066886901855,0.33519938588142395
gaia,a26649c6-1cb2-470a-871e-6910c64c3e53,0.6855118274688721,0.17313413321971893,0.5516817569732666,-0.18203812837600708,0.22643347084522247,0.10606644302606583,-0.14331701397895813,-0.13909871876239777,-0.1674375832080841,0.04460989311337471
gaia,cf106601-ab4f-4af9-b045-5295fe67b37d,0.6809513568878174,0.3450625240802765,0.3567507266998291,-0.29845210909843445,0.3978278338909149,0.2165912687778473,0.017519468441605568,-0.10781114548444748,-0.052722010761499405,0.16571490466594696
gaia,20194330-9976-4043-8632-f8485c6c71b2,0.6654868125915527,-0.389641135931015,-0.19658556580543518,0.15086990594863892,-0.24765624105930328,0.3133343756198883,-0.34423619508743286,0.05488545447587967,0.26559802889823914,0.1729155331850052
gaia,840bfca7-4f7b-481a-8794-c560c340185d,0.6558681726455688,0.10749310255050659,0.3344028890132904,-0.33058962225914,0.0014579924754798412,0.23686973750591278,-0.3204568028450012,-0.1751459538936615,-0.1137966588139534,0.08136641979217529
gaia,67e8878b-5cef-4375-804e-e6291fdbe78a,0.6556304097175598,-0.02839759923517704,0.2604590356349945,0.018180977553129196,0.3558140695095062,0.18120689690113068,-0.020662670955061913,-0.26040250062942505,0.06690698862075806,0.35990169644355774
gaia,7b5377b0-3f38-4103-8ad2-90fe89864c04,0.6500335931777954,0.2840486466884613,0.3173848092556,-0.3259768486022949,0.37522152066230774,0.08740482479333878,-0.21805904805660248,-0.06931491941213608,0.05785806104540825,-0.10685043036937714
gaia,3ff6b7a9-a5bd-4412-ad92-0cd0d45c0fee,0.642419695854187,0.35768944025039673,0.21127307415008545,0.0019903259817510843,0.298282265663147,0.16499097645282745,0.1491759568452835,-0.2570198178291321,-0.35439082980155945,0.19484096765518188
gaia,ad37a656-079a-49f9-a493-7b739c9167d1,0.6264236569404602,0.41284602880477905,0.2873096466064453,-0.3618408143520355,0.1529272049665451,-0.056346796452999115,0.26464375853538513,-0.0899123027920723,-0.23560062050819397,-0.13689808547496796
gaia,0bdb7c40-671d-4ad1-9ce3-986b159c0ddc,0.6187547445297241,-0.11740688979625702,0.2504168152809143,-0.04934132099151611,0.12703858315944672,0.3615250885486603,-0.22059643268585205,-0.13893379271030426,0.10427722334861755,0.30337435007095337
gaia,56137764-b4e0-45b8-9c52-1866420c3df5,0.6066498160362244,0.3605169951915741,0.2348218411207199,-0.11645050346851349,0.32055944204330444,0.020818717777729034,0.2707849442958832,-0.29496392607688904,0.18005210161209106,0.05816538631916046
gaia,ed58682d-bc52-4baa-9eb0-4eb81e1edacc,0.6033142805099487,0.1241520568728447,0.3172627389431,-0.2849273085594177,0.10900425165891647,0.28521960973739624,-0.20038281381130219,0.1822309046983719,-0.11971449106931686,-0.034982748329639435
gaia,50ad0280-0819-4bd9-b275-5de32d3b5bcb,0.5788124203681946,-0.1699257642030716,-0.03289346396923065,0.023461967706680298,0.25849449634552,0.05323575437068939,-0.3704022467136383,0.14503921568393707,0.32317325472831726,-0.03260033577680588
gaia,23dd907f-1261-4488-b21c-e9185af91d5e,0.5758522152900696,0.0017626264598220587,-0.024945838376879692,-0.14074543118476868,0.02939632534980774,0.36569276452064514,-0.27813300490379333,-0.18527229130268097,0.03431032970547676,0.2524239420890808
gaia,c365c1c7-a3db-4d5e-a9a1-66f56eae7865,0.5719332695007324,-0.2900199890136719,-0.338419109582901,0.27065563201904297,-0.02963724359869957,0.20349201560020447,-0.26302236318588257,0.08879700303077698,0.1302553117275238,-0.05482923984527588
gaia,c61d22de-5f6c-4958-a7f6-5e9707bd3466,0.5605851411819458,0.03931177407503128,0.06919359415769577,0.06946021318435669,0.09502337127923965,-0.08950770646333694,0.10178624838590622,-0.39182227849960327,0.20069772005081177,0.28885534405708313
gaia,e0c10771-d627-4fd7-9694-05348e54ee36,0.5596561431884766,0.04085724428296089,0.20636025071144104,0.00521070696413517,0.04432276636362076,0.18523067235946655,0.024422263726592064,-0.3637273907661438,-0.1934090405702591,0.25303614139556885
gaia,2a649bb1-795f-4a01-b3be-9a01868dae73,0.5561040639877319,0.11779168248176575,0.024780629202723503,-0.0376356765627861,-0.014012213796377182,-0.00545521592721343,0.2724532186985016,-0.2532339096069336,0.24677731096744537,0.3282344937324524
gaia,08f3a05f-5947-4089-a4c4-d4bcfaa6b7a0,0.5470346212387085,0.2931847870349884,0.1695580780506134,-0.10481253266334534,0.4112696945667267,0.059389058500528336,0.21032410860061646,-0.12009326368570328,0.03686229884624481,0.1637803167104721
gaia,e9a2c537-8232-4c3f-85b0-b52de6bcba99,0.5440203547477722,-0.3614147901535034,-0.2707078456878662,0.2868952751159668,-0.0655120313167572,0.07959559559822083,-0.17721395194530487,0.04395835101604462,0.3043369948863983,0.06149044632911682
gaia,33d8ea3b-6c6b-4ff1-803d-7e270dea8a57,0.5407462120056152,0.3835679888725281,0.23203672468662262,-0.1266898810863495,0.2860225439071655,-0.11412274837493896,0.30337411165237427,-0.1650923788547516,0.09160054475069046,0.0004320682492107153
gaia,a3fbeb63-0e8c-4a11-bff6-0e3b484c3e9c,0.5361913442611694,0.03336581960320473,0.15187391638755798,-0.1039668396115303,-0.0406273677945137,0.22210319340229034,-0.1303454041481018,-0.3769594728946686,-0.10873395949602127,0.17814187705516815
gaia,c3a79cfe-8206-451f-aca8-3fec8ebe51d3,0.5057371258735657,-0.18907035887241364,-0.05675867944955826,0.012285539880394936,0.12236594408750534,0.03132094070315361,-0.2917591631412506,0.23494099080562592,0.21397385001182556,-0.22436057031154633
gaia,9f41b083-683e-4dcf-9185-ccfeaa88fa45,0.5014336705207825,-0.1345003843307495,0.022815005853772163,0.1862848550081253,0.08640578389167786,0.17041949927806854,-0.13951528072357178,-0.27465516328811646,0.10023240000009537,0.2734188437461853
gaia,00d579ea-0889-4fd9-a771-2c8d79835c8d,0.4781145751476288,-0.08000265061855316,0.08067291975021362,0.10234051942825317,-0.08068278431892395,0.11989588290452957,0.12466244399547577,-0.18730008602142334,0.1669158786535263,0.33502861857414246
gaia,db4fd70a-2d37-40ea-873f-9433dc5e301f,0.47722557187080383,-0.3822799623012543,-0.21786190569400787,0.2485562562942505,-0.12216096371412277,0.1600666493177414,-0.19324876368045807,0.07915200293064117,0.026285164058208466,0.1834518313407898
gaia,3cef3a44-215e-4aed-8e3b-b1e3f08063b7,0.4680788516998291,0.19640471041202545,0.09112024307250977,0.002663790015503764,0.35838887095451355,0.04064401984214783,0.06483767181634903,-0.266408771276474,0.03465418517589569,0.06568743288516998
gaia,14569e28-c88c-43e4-8c32-097d35b9a67d,0.4412074387073517,-0.27820369601249695,-0.33221521973609924,0.1497405767440796,-0.16997621953487396,0.08724644035100937,-0.14118382334709167,0.06343641877174377,-0.0012022916926071048,-0.0375826470553875
gaia,e29834fd-413a-455c-a33e-c3915b07401c,0.4190569519996643,-0.1793467402458191,-0.02908858098089695,0.00584840402007103,-0.0506957583129406,0.08977517485618591,-0.33464011549949646,0.1666875183582306,-0.054550398141145706,-0.14613094925880432
gaia,389793a7-ca17-4e82-81cb-2b3a2391b4b9,0.39823633432388306,0.1600879728794098,0.1392432302236557,-0.02340303361415863,0.0649649053812027,0.09853280335664749,0.1396929770708084,-0.1848902702331543,-0.16688908636569977,0.20778867602348328
gaia,4b650a35-8529-4695-89ed-8dc7a500a498,0.35802164673805237,0.12488019466400146,-0.028587957844138145,0.0028517330065369606,0.14542986452579498,0.20159119367599487,-0.003021680284291506,-0.05956299230456352,-0.1231105774641037,0.21645353734493256
gaia,6b078778-0b90-464d-83f6-59511c811b01,0.3101902902126312,-0.2823486328125,-0.029605481773614883,0.07616737484931946,-0.15993106365203857,0.06005318462848663,-0.06062472239136696,-0.13768158853054047,0.10222829133272171,0.16514699161052704
gaia,ec09fa32-d03f-4bf8-84b0-1f16922c3ae4,0.293512761592865,-0.09522119164466858,0.009969512932002544,0.021374717354774475,-0.18874460458755493,0.0862358808517456,0.09092290699481964,-0.04515166953206062,-0.11557840555906296,0.13736194372177124
online_mind2web,73d08420706ae205a9c5be28b6d4e80f,1.2552604675292969,0.08412148058414459,-0.05818365886807442,-0.24100662767887115,0.050952792167663574,0.4326648712158203,1.137797236442566,-0.02293292060494423,0.14875560998916626,-0.0847209170460701
online_mind2web,5e1b8254c123c80178cc28e0afdb14f0,1.2344334125518799,-0.04248308017849922,0.07012689858675003,0.2006029188632965,-0.03509699925780296,-0.44830238819122314,-1.1196740865707397,-0.14580859243869781,-0.03886357322335243,-0.004360014107078314
online_mind2web,7be8cd8dba885cddd9af5320f49bc41b,1.2189289331436157,0.03989399969577789,0.07069465517997742,0.11076799035072327,-0.03317121043801308,-0.3622761368751526,-1.0233910083770752,-0.49141284823417664,0.06869455426931381,-0.20649799704551697
online_mind2web,1223b07536a87e0170ff87cbbebd1d3c,1.2069939374923706,-0.16298700869083405,0.28622984886169434,0.17004720866680145,-0.18978406488895416,0.17582951486110687,-0.38146302103996277,-1.0443389415740967,0.09657716751098633,-0.183226078748703
online_mind2web,a8b9edd598561d2de901864d5f40fe67,1.1839169263839722,0.004864437505602837,0.045531027019023895,-0.17318420112133026,-0.07149812579154968,0.6966099739074707,0.9253738522529602,0.1439792960882187,0.018973425030708313,-0.04253523424267769
online_mind2web,bfa2de159be6978acf2702be31a2eeeb,1.1615620851516724,0.04952399060130119,-0.012304580770432949,-0.18879882991313934,0.0016557530034333467,0.4339786469936371,1.014693021774292,-0.19650201499462128,0.20590847730636597,-0.12031865119934082
online_mind2web,16200f51d63f0a47a58fa17acd49e368,1.1611733436584473,0.31084516644477844,-0.26009872555732727,-0.35855111479759216,0.2040823996067047,0.4867728352546692,0.5618388652801514,-0.363461434841156,0.4359186887741089,-0.48551395535469055
online_mind2web,905cb53061c33aa2d77e485fe1fca516,1.1304610967636108,-0.3644413650035858,0.3997041881084442,0.3774590790271759,-0.34526678919792175,-0.2792353332042694,-0.4646153450012207,0.15315327048301697,-0.4562191069126129,0.5753805637359619
online_mind2web,a96fca87a17d792644e736d1d10d3cbe,1.125805139541626,-0.0059249261394143105,-0.12067604809999466,0.018840117380023003,0.12642528116703033,0.706867516040802,0.8033288717269897,0.29438966512680054,0.06468624621629715,0.02622244507074356
online_mind2web,3c1ffc3f494e423b3c434c79e35da8f3,1.1110246181488037,-0.2297055423259735,0.30416372418403625,0.316551148891449,-0.17369845509529114,-0.45512691140174866,-0.7768830060958862,0.20488230884075165,-0.3005586862564087,0.2616952061653137
online_mind2web,c8c1ff115879b3afd14280beb1559b13,1.1083781719207764,-0.5397703647613525,0.44982996582984924,0.46165579557418823,-0.48334723711013794,0.19061242043972015,0.05851595476269722,-0.2997555136680603,-0.4911331236362457,0.45670801401138306
online_mind2web,7e1047f4803237f319c004f7a7f6bccb,1.1080350875854492,-0.5341249108314514,0.4488610625267029,0.4645709991455078,-0.48544421792030334,0.18372274935245514,0.05097911134362221,-0.2865327000617981,-0.49104294180870056,0.46390318870544434
online_mind2web,a13e4231a3d6a7000c622c56448d97ba,1.1059550046920776,-0.5387282371520996,0.4473966360092163,0.46535688638687134,-0.48067668080329895,0.18480084836483002,0.05032775178551674,-0.29215899109840393,-0.49142342805862427,0.46024730801582336
online_mind2web,b3a7da968de13bbdcaed12ffe4993df6,1.1000930070877075,-0.529369056224823,0.4451509118080139,0.46059197187423706,-0.4803377687931061,0.1826781928539276,0.05433885380625725,-0.2871370017528534,-0.4905759394168854,0.4579733908176422
online_mind2web,733f1d8bf79d5bc2240c5357f928ffff,1.0994583368301392,-0.5421731472015381,0.44629696011543274,0.46032264828681946,-0.47878172993659973,0.1837155669927597,0.047995675355196,-0.29685255885124207,-0.48676052689552307,0.45539724826812744
online_mind2web,330cd04c773ac498f51afa4665461ec8,1.0989104509353638,-0.2908828854560852,0.31362271308898926,0.3115216791629791,-0.22894568741321564,-0.47712036967277527,-0.5987204909324646,0.21167784929275513,-0.397763729095459,0.41309741139411926
online_mind2web,9d090a15c214eb070d9caa8a034d03c1,1.0980877876281738,-0.5336403846740723,0.4428117871284485,0.46032971143722534,-0.4798721671104431,0.17703086137771606,0.05155269801616669,-0.2912250757217407,-0.4896872639656067,0.4570891857147217
online_mind2web,239a29bde438fe44fe17fe1390ef1634,1.0973727703094482,-0.5328059792518616,0.4419980049133301,0.45837679505348206,-0.47942182421684265,0.18607988953590393,0.05314489081501961,-0.29054540395736694,-0.48935896158218384,0.4555998146533966
online_mind2web,c801d1c951f59297f526bab84fa86c6e,1.0956588983535767,-0.5366570353507996,0.44417473673820496,0.45993179082870483,-0.47953853011131287,0.1808118224143982,0.04882516711950302,-0.2962612509727478,-0.48197630047798157,0.45445993542671204
online_mind2web,59912927c1fddee6ded8a49986896bc2,1.0952279567718506,-0.5341493487358093,0.4455709457397461,0.4610779881477356,-0.47942423820495605,0.18184338510036469,0.05290927737951279,-0.2878742814064026,-0.48772454261779785,0.44937407970428467
online_mind2web,d5c34bf39eb6096ae5d439325cde4d32,1.0940829515457153,0.5358418822288513,-0.4435953199863434,-0.45830094814300537,0.4782256484031677,-0.18468566238880157,-0.04785056412220001,0.28527626395225525,0.4877060651779175,-0.4537213146686554
online_mind2web,92160852a6bbbc165cee4e14ab0b1d59,1.093799352645874,-0.5339075922966003,0.4421069920063019,0.45740386843681335,-0.4741511642932892,0.1879890412092209,0.0568508617579937,-0.29604941606521606,-0.4850928783416748,0.45317599177360535
online_mind2web,f389398d2eeb29e5571e00439c57eb76,1.0916763544082642,-0.5359972715377808,0.4414291977882385,0.4585115611553192,-0.4770134687423706,0.17764124274253845,0.04753293842077255,-0.287113219499588,-0.48561665415763855,0.455026775598526
online_mind2web,96afb3c51146b0c2a9c55f039a5ea6d6,1.091365098953247,-0.5308265686035156,0.44305580854415894,0.45665884017944336,-0.47844645380973816,0.17865848541259766,0.05214390903711319,-0.2921220064163208,-0.4826714098453522,0.452090859413147
online_mind2web,0b838cd54f826c59c71f600c56b89a11,1.0907121896743774,-0.5286138653755188,0.44231489300727844,0.45702090859413147,-0.47784310579299927,0.18051737546920776,0.05225879326462746,-0.2873873710632324,-0.482846736907959,0.4536060392856598
online_mind2web,1bc154377120ec15b18dbabdba49c741,1.0888423919677734,-0.5347108244895935,0.440771222114563,0.4555017948150635,-0.474347859621048,0.17919203639030457,0.04713694006204605,-0.2943238615989685,-0.4835105538368225,0.45174092054367065
online_mind2web,c7c07ec10c668625a21ba64165d719bb,1.0884603261947632,-0.21541860699653625,0.3300226926803589,0.13345202803611755,-0.3005664646625519,-0.10529529303312302,-0.23447975516319275,-0.948380708694458,-0.044242121279239655,0.015168340876698494
online_mind2web,7fff82864f21ddeccf4104a220892824,1.0881340503692627,-0.5261305570602417,0.4417705237865448,0.45647183060646057,-0.47397667169570923,0.1798374056816101,0.046823807060718536,-0.2890284061431885,-0.48396575450897217,0.4511760473251343
online_mind2web,c43a7dccf5c44f7b45a821e712dd1970,1.0865600109100342,-0.5344934463500977,0.4431917369365692,0.45352786779403687,-0.4722183346748352,0.1856643706560135,0.05505632236599922,-0.2915256917476654,-0.4813500940799713,0.4486962854862213
online_mind2web,949dc965a6c23a95663b3bc2ca2c3a8a,1.0849096775054932,-0.5350498557090759,0.4373185634613037,0.45553818345069885,-0.47401076555252075,0.1808604598045349,0.05287821590900421,-0.2893986701965332,-0.4843798577785492,0.44687607884407043
online_mind2web,bd1e3770b7181f6fce9c35e18caa9785,1.083216905593872,0.002650788752362132,0.12651367485523224,0.1154690757393837,-0.03142257034778595,-0.4510040581226349,-0.8851476311683655,-0.37801918387413025,0.08236866444349289,-0.08036509156227112
online_mind2web,84f806c7fc15576673915f195efa72df,1.073486566543579,-0.45646774768829346,0.4698217809200287,0.48150286078453064,-0.3936992287635803,0.08802127838134766,-0.153619185090065,-0.13164271414279938,-0.4723249077796936,0.5225223898887634
online_mind2web,7e6993f2c5cd72c44809024f0bc85dc1,1.072082281112671,-0.4484935402870178,0.46306708455085754,0.4806007146835327,-0.39557945728302,0.08875227719545364,-0.16380003094673157,-0.1309288889169693,-0.4750387370586395,0.5195744633674622
online_mind2web,9ef1a8972f375db59c0e6329e11b7939,1.0676952600479126,-0.2058565318584442,0.037744972854852676,0.00976421870291233,-0.1366712898015976,0.3624761402606964,0.9216010570526123,0.2236749827861786,-0.21572144329547882,0.20608316361904144
online_mind2web,84ef883a37af638c3bcf7561f28ce80a,1.0618752241134644,-0.4108978509902954,0.4776795208454132,0.44198402762413025,-0.36868685483932495,-0.04192514345049858,-0.2826038897037506,-0.004743386059999466,-0.4215739369392395,0.5556541681289673
online_mind2web,d71be72aa25c3eab8eea47a0e60382e2,1.0615633726119995,-0.07814576476812363,0.07780507951974869,0.06570863723754883,-0.11997026950120926,0.14283110201358795,-0.4731610417366028,-0.8810743093490601,0.12888455390930176,-0.2548868954181671
online_mind2web,d4fb78b7e74508cd3b33f01cf9200997,1.0589429140090942,-0.25273486971855164,0.20785826444625854,0.11440381407737732,-0.23840726912021637,0.4205598831176758,0.8396909236907959,0.10019276291131973,-0.2712216377258301,0.20658548176288605
online_mind2web,f2be37a9a60fbc25b6b11cf622d17352,1.0550811290740967,-0.5139678120613098,0.4428490698337555,0.4336402714252472,-0.46573173999786377,0.19807031750679016,0.03171512112021446,-0.34943583607673645,-0.4355344772338867,0.4001220166683197
online_mind2web,afcebfed28bea091d58f49ea6cb8194b,1.0513278245925903,-0.4590023458003998,0.4802356958389282,0.39967671036720276,-0.47412818670272827,0.18739308416843414,0.016829976812005043,-0.46675780415534973,-0.35824593901634216,0.32942748069763184
online_mind2web,8244409b2c82043f966cad05f9afe132,1.049344778060913,-0.444007933139801,0.4789605736732483,0.39859113097190857,-0.46941524744033813,0.19355398416519165,0.016365917399525642,-0.4698343873023987,-0.3610399067401886,0.3219790756702423
online_mind2web,824eb7bb0ef1ce40bfd49c12182d9428,1.0487391948699951,-0.5147517919540405,0.4385528564453125,0.4363501965999603,-0.4656556248664856,0.19621698558330536,0.022672269493341446,-0.3480314612388611,-0.42836108803749084,0.39579588174819946
online_mind2web,3ae28b3c440efe87dc700480b78ac608,1.0469576120376587,-0.20147497951984406,0.2933504283428192,0.259637713432312,-0.17928093671798706,-0.5140700340270996,-0.743191659450531,0.03420187905430794,-0.22472655773162842,0.20552104711532593
online_mind2web,85b284c18d7e78c9b5a9e074e7aa3b98,1.0459352731704712,-0.4594760239124298,0.4776533246040344,0.3875862956047058,-0.41135677695274353,0.3105940520763397,0.20383690297603607,-0.1060270443558693,-0.5002671480178833,0.3832276165485382
online_mind2web,0170ca95038b05fa58d463fe627ac605,1.0449845790863037,0.10809359699487686,-0.012171599082648754,-0.2079501748085022,0.05457301065325737,0.21896503865718842,0.658237636089325,-0.5944066643714905,0.36007019877433777,-0.28536078333854675
online_mind2web,1ab384fb3a791edfb410213cc6b82151,1.0439121723175049,-0.5081323981285095,0.43705427646636963,0.43187835812568665,-0.4599214494228363,0.19827230274677277,0.024782270193099976,-0.34103846549987793,-0.4336899518966675,0.39543551206588745
online_mind2web,47e314cc452c540524ffb7cf520285a3,1.0413771867752075,-0.46118542551994324,0.4719570279121399,0.3936067521572113,-0.4132882356643677,0.299940824508667,0.1923939287662506,-0.12894205749034882,-0.48853376507759094,0.39206936955451965
online_mind2web,bc2ce7f206045dd2d322e5695a947219,1.0389115810394287,0.17285466194152832,-0.04654998704791069,-0.18525570631027222,0.15631593763828278,0.5966895222663879,0.5831029415130615,-0.2469072937965393,0.4118610620498657,-0.3029455840587616
online_mind2web,fc53ddd3421411a41c1020a3fdc84ec4,1.0364785194396973,-0.3961225152015686,0.4449419379234314,0.31866133213043213,-0.4395257830619812,0.047550786286592484,0.018255148082971573,-0.6361306309700012,-0.33107370138168335,0.254401296377182
online_mind2web,f27b393bbd2082f92b566270c4b74fe6,1.0356311798095703,-0.3875662386417389,0.4506889581680298,0.41737809777259827,-0.3083628714084625,-0.1087324470281601,-0.35660886764526367,0.09445399045944214,-0.41505447030067444,0.5290887951850891
online_mind2web,561693d6eec7bbfba3fefe9e4b26decb,1.0337036848068237,0.4613674581050873,-0.40936803817749023,-0.3578668534755707,0.4582056999206543,-0.039805322885513306,-0.046622686088085175,0.4867730438709259,0.4484831690788269,-0.3479892611503601
online_mind2web,1b867afecf072cb877ebfa4069263746,1.030956745147705,-0.0846802294254303,0.01286279410123825,-0.042560771107673645,-0.06845177710056305,0.6447390913963318,0.770174503326416,0.20569710433483124,-0.01028410717844963,0.07024803012609482
online_mind2web,fcf4952d2a1d80ea505c555c3c3b54e7,1.0275787115097046,-0.4721892774105072,0.4583843946456909,0.42682209610939026,-0.4470826983451843,0.030598856508731842,-0.10112036764621735,-0.14139136672019958,-0.4387672245502472,0.4899713397026062
online_mind2web,dcd26e662a616d373ddd339747c6ce5b,1.0271774530410767,-0.23131385445594788,0.12915240228176117,0.04829813912510872,-0.22406885027885437,0.44568637013435364,0.7980737686157227,0.07652734965085983,-0.1906241476535797,0.32881850004196167
online_mind2web,c3a333968fc3c43d7f2688f425a0d633,1.0253827571868896,-0.3722916841506958,0.29831165075302124,0.3897992968559265,-0.39527714252471924,-0.13518717885017395,-0.3510001003742218,-0.03298572823405266,-0.4921029806137085,0.5191360712051392
online_mind2web,783ce6a3499fa7cf25bc12f8f0ecbbbb,1.0245097875595093,0.0342482328414917,0.07830065488815308,-0.11284127831459045,-0.008527723141014576,0.4377710819244385,0.8391105532646179,-0.3102215826511383,0.16355037689208984,-0.10930366069078445
online_mind2web,48c73f3f53e2611c4a1052457c1033db,1.01971435546875,-0.30823540687561035,0.457580029964447,0.3315364718437195,-0.34769296646118164,0.20103371143341064,-0.15691153705120087,-0.718591034412384,-0.09955929964780807,0.09116026759147644
online_mind2web,207e933d1bba815bcb58664b5d82c085,1.0168195962905884,-0.3521375060081482,0.4845365285873413,0.23859135806560516,-0.2822214365005493,0.3919318616390228,0.5321456789970398,0.07682835310697556,-0.3536773920059204,0.30788299441337585
online_mind2web,b2f4fde2fce122a93c7b578086cb0585,1.0165684223175049,-0.46570271253585815,0.4592488408088684,0.37005987763404846,-0.45593148469924927,0.1699027419090271,0.0641447901725769,-0.4430379569530487,-0.3808046877384186,0.321570485830307
online_mind2web,a48e2f1ee8d87eaeea56fe5e730427e6,1.0158216953277588,-0.4733980596065521,0.36540544033050537,0.41696566343307495,-0.45479816198349,-0.017979640513658524,-0.10351652652025223,-0.14399291574954987,-0.5344904661178589,0.4474572539329529
online_mind2web,3dca7cbe7d086619d837ff9f5312cebc,1.0145453214645386,-0.4312480092048645,0.46185970306396484,0.45257455110549927,-0.37948617339134216,0.1129077672958374,-0.17759118974208832,-0.1746830940246582,-0.42161133885383606,0.4632464051246643
online_mind2web,ef289e34a2f59a707cb07e2a6229ff03,1.0104819536209106,-0.47483891248703003,0.4858624339103699,0.43703916668891907,-0.4026613235473633,0.13845480978488922,-0.0663856714963913,-0.36764758825302124,-0.37670642137527466,0.3622468411922455
online_mind2web,157f4a79d55e8fa3fd55ba772ba40fbc,1.0087743997573853,-0.39845478534698486,0.5203178524971008,0.39019811153411865,-0.39477118849754333,0.14249035716056824,-0.09196816384792328,-0.5268709063529968,-0.2644359767436981,0.25003066658973694
online_mind2web,07ec4a12cba8090e2dc524d558ac7675,1.0073984861373901,0.47013235092163086,-0.34316083788871765,-0.39661291241645813,0.4631511867046356,-0.07054488360881805,0.07229874283075333,0.2962787449359894,0.46370020508766174,-0.46073734760284424
online_mind2web,9af05e392cf3f5a8ff17aa764ba5bda6,1.0070116519927979,-0.4810558557510376,0.4103674590587616,0.4146892726421356,-0.43618935346603394,0.005384264513850212,-0.11833320558071136,-0.16509667038917542,-0.4634401202201843,0.4768410921096802
online_mind2web,eb2db4b769c145dbe6ba4f74f3e0de98,1.005820631980896,-0.4709988832473755,0.36940404772758484,0.424274206161499,-0.44755712151527405,0.22710812091827393,-0.06669988483190536,-0.3076202869415283,-0.46399831771850586,0.3590935468673706
online_mind2web,0e5536aaad9d3462b06cf725e6ed535a,1.0051229000091553,-0.40951675176620483,0.4059528708457947,0.4174451529979706,-0.3958006501197815,0.2659119665622711,-0.0838375985622406,-0.5516077280044556,-0.26637789607048035,0.2481721192598343
online_mind2web,9bb63ad0e38d5691a618932a8b31c05a,1.0036722421646118,-0.076279416680336,0.37413689494132996,0.140117809176445,-0.19997921586036682,-0.3645576238632202,-0.7451528906822205,-0.3396512567996979,0.0034385863691568375,0.06500013917684555
online_mind2web,b64f938af842f6a1b4489d0e49a785a7,1.0007792711257935,-0.46541669964790344,0.34601595997810364,0.38715776801109314,-0.4589027464389801,0.06467532366514206,-0.07779444009065628,-0.3024963438510895,-0.4676256775856018,0.44825953245162964
online_mind2web,415bf9da6f3db3a735ecbba3b0c76c15,0.9950668811798096,-0.4865609407424927,0.3799480199813843,0.44772157073020935,-0.39729270339012146,0.2199392467737198,-0.03205827623605728,-0.3712712824344635,-0.4341968894004822,0.3342621624469757
online_mind2web,da8f3823a827c7d3a492f383808e7912,0.9933220744132996,-0.3267403244972229,0.19863495230674744,0.13780009746551514,-0.26208019256591797,0.44138839840888977,0.6673211455345154,0.06618860363960266,-0.3311357796192169,0.3246305286884308
online_mind2web,8ae510355d978424f490798f900bfa2c,0.9894748330116272,-0.4779035747051239,0.3462974429130554,0.4046647548675537,-0.44814741611480713,0.23188486695289612,0.10953222215175629,-0.18583397567272186,-0.44603845477104187,0.4419235587120056
online_mind2web,92a3d4236f167af4afdc08876a902ba6,0.9884617328643799,0.47327059507369995,-0.38370832800865173,-0.4207761883735657,0.40656208992004395,-0.12984010577201843,-0.17765085399150848,0.24464057385921478,0.37296029925346375,-0.4900127053260803
online_mind2web,b3f8bd9198d9d157e0848109563c4b23,0.9877615571022034,-0.47480344772338867,0.4610559046268463,0.3742431402206421,-0.4005430042743683,0.26259198784828186,0.205812007188797,-0.19315259158611298,-0.38706305623054504,0.4051775336265564
online_mind2web,4091bdd3fa64a5b0d912bc08eaf9c824,0.9858721494674683,0.2754295766353607,-0.284076064825058,-0.334479957818985,0.20121636986732483,0.40216609835624695,0.5941768288612366,-0.014952173456549644,0.3129698634147644,-0.3548555076122284
online_mind2web,ba2a469af584f16da93ce6a7430cf7e5,0.9836899042129517,-0.47046202421188354,0.36234796047210693,0.4163014590740204,-0.4369525909423828,0.22178365290164948,-0.06232861801981926,-0.30234047770500183,-0.4560300409793854,0.34593257308006287
online_mind2web,05483c50cc9b04c8ac44c574758fb2bd,0.9826526641845703,-0.1926318109035492,0.3249022364616394,0.11367237567901611,-0.10806716233491898,0.45729681849479675,0.6361115574836731,0.2896793484687805,-0.24703462421894073,0.277031272649765
online_mind2web,7c09c2c7c87cf6bb1138701eb54284ea,0.9821078181266785,-0.48292025923728943,0.4496918320655823,0.3796452283859253,-0.40869590640068054,0.24057315289974213,0.18017977476119995,-0.2016151249408722,-0.42284879088401794,0.37597885727882385
online_mind2web,29526b17a32485742b5ab63507e99417,0.981395959854126,0.40594756603240967,-0.3748222887516022,-0.46762412786483765,0.30739152431488037,-0.20458514988422394,0.15771043300628662,0.03089345432817936,0.48039668798446655,-0.4593706429004669
online_mind2web,34ccd15a8ea8fd3895af83f5ccf62369,0.9809603095054626,0.4103178083896637,-0.36747676134109497,-0.36540037393569946,0.3981119692325592,-0.10160408169031143,0.06339113414287567,0.5786595940589905,0.3336999714374542,-0.27329280972480774
online_mind2web,5d542a7ec1fa142ba73cc87d970caf39,0.9803922176361084,-0.40599122643470764,0.39362698793411255,0.4913957118988037,-0.34018099308013916,0.15965056419372559,-0.24489495158195496,-0.22467297315597534,-0.36101600527763367,0.42750614881515503
online_mind2web,c8d7f2aa7eb5dd074c48c9f76f8659ad,0.9784947037696838,0.3743463158607483,-0.2019280642271042,-0.3581697940826416,0.2793213427066803,0.3078492283821106,0.46019163727760315,-0.09182900190353394,0.5287920236587524,-0.3402496874332428
online_mind2web,ec78d3a635e417bc2a80d03ca93d7165,0.9781394600868225,-0.4034672677516937,0.39788079261779785,0.3817763924598694,-0.3995715379714966,0.2167200744152069,-0.06309565156698227,-0.5360941886901855,-0.3170762062072754,0.23271042108535767
online_mind2web,d1970c16271496cbbe166ecbecc0a1d8,0.9777020812034607,-0.3268517851829529,0.3054012656211853,0.3067348897457123,-0.31095021963119507,0.1724061667919159,-0.1679350882768631,-0.7562569975852966,-0.18117548525333405,0.0958113819360733
online_mind2web,11857213ca01510f12813740afd59918,0.9771970510482788,-0.42862531542778015,0.3720490038394928,0.4303506910800934,-0.3866554796695709,0.2786719799041748,-0.10245928168296814,-0.46639466285705566,-0.31747376918792725,0.2744447588920593
online_mind2web,9ed3827266b3b804f485859c3d00401e,0.9771438837051392,-0.4039531350135803,0.39257487654685974,0.4821164906024933,-0.35151734948158264,0.16697686910629272,-0.24022841453552246,-0.2222893238067627,-0.36575430631637573,0.4194217920303345
online_mind2web,bb518416a786fdb9b9bbf0c78515595e,0.9753594398498535,-0.3722865879535675,0.29593777656555176,0.31771528720855713,-0.38388001918792725,0.02080480568110943,-0.12447747588157654,-0.7027779221534729,-0.24901841580867767,0.2088194042444229
online_mind2web,b99c02965196d51e80ac7539e33f335b,0.9739346504211426,-0.35535144805908203,0.40616461634635925,0.28531232476234436,-0.43217119574546814,0.16139118373394012,-0.11949959397315979,-0.6074731945991516,-0.26702436804771423,0.18641602993011475
online_mind2web,c6c9dc6079677cef594cec2fa6b16602,0.9723005294799805,-0.41753941774368286,0.3298988342285156,0.4213208556175232,-0.3884141743183136,0.3821624219417572,-0.2015901505947113,-0.37954506278038025,-0.3026805818080902,0.29291895031929016
online_mind2web,8f2611047de227a2ca8bda13f6e2e5fb,0.9640787839889526,-0.4479636251926422,0.44517040252685547,0.3961777091026306,-0.4311353862285614,0.04810762032866478,-0.12475927919149399,-0.18224593997001648,-0.39187091588974,0.42869696021080017
online_mind2web,eb323dc584156d0eb3a2b90bb8c4b791,0.9618485569953918,-0.43890470266342163,0.3801628649234772,0.3585929274559021,-0.4367929995059967,0.27174678444862366,0.15825113654136658,-0.29925042390823364,-0.3857622444629669,0.3521345555782318
online_mind2web,2e4e21cf1449c6894b17d571c47b77ea,0.9591695666313171,-0.294094443321228,0.3466813266277313,0.20392796397209167,-0.19678455591201782,0.33243805170059204,0.6506343483924866,0.0860014334321022,-0.2862011194229126,0.31041935086250305
online_mind2web,bf3b311cc8dce16d3de844f4b5875dfd,0.9541981816291809,0.19901326298713684,-0.32269415259361267,-0.2079571634531021,0.07046187669038773,0.3492717444896698,0.17712686955928802,-0.5673360228538513,0.34373584389686584,-0.40590938925743103
online_mind2web,b7258ee05d75e6c50673a59914db412e,0.9541469216346741,-0.44498348236083984,0.35997432470321655,0.39113572239875793,-0.4218638837337494,0.24837617576122284,-0.08833891898393631,-0.37563878297805786,-0.3995245397090912,0.28220507502555847
online_mind2web,59b7b990b4828bc305ab0d7ed6071b55,0.9526944756507874,-0.42137736082077026,0.30071955919265747,0.32876285910606384,-0.3840324282646179,0.2918526530265808,0.32137829065322876,-0.2139216512441635,-0.40547850728034973,0.4037218689918518
online_mind2web,c03ee2be3d73556ab789c0ad1cbd3451,0.9524303674697876,-0.4241950511932373,0.31922319531440735,0.4242134690284729,-0.31683170795440674,0.30987516045570374,-0.1423311084508896,-0.5246784687042236,-0.2601897716522217,0.2561516761779785
online_mind2web,79f0bd7df6e685f30f20025cc6755c0a,0.9517707228660583,-0.4397023022174835,0.35661426186561584,0.39276525378227234,-0.42983898520469666,0.23489059507846832,-0.09861461818218231,-0.364113450050354,-0.40237921476364136,0.2833401560783386
online_mind2web,3443e9c3151fef19a3c3a45eb2c13640,0.9510847330093384,-0.4860270321369171,0.36316320300102234,0.4125499129295349,-0.42502304911613464,0.141543447971344,-0.06904393434524536,-0.2678993344306946,-0.45045191049575806,0.34979140758514404
online_mind2web,2fc51dd3febd447f0fdcdabca8d944ce,0.9502202868461609,-0.4409416913986206,0.3631831109523773,0.3800584375858307,-0.3768317699432373,0.2590639889240265,-0.07558049261569977,-0.5017889142036438,-0.2954467535018921,0.26955997943878174
online_mind2web,515f2e5811cfdd5e0e669e40f17886d8,0.9499406814575195,-0.1157349944114685,0.04461909830570221,0.015950897708535194,-0.018734008073806763,0.5266857147216797,0.7310762405395508,0.22007153928279877,-0.19403421878814697,0.042895250022411346
online_mind2web,e4e19e04286f644d747d8c5a79d17fac,0.949608325958252,0.48900070786476135,-0.3568277060985565,-0.41326993703842163,0.42700618505477905,-0.13705573976039886,0.07201805710792542,0.26840296387672424,0.4449974298477173,-0.3567490577697754
online_mind2web,199be0b54a436daee74247971fc684ee,0.9476768970489502,-0.37863779067993164,0.4241184890270233,0.40470290184020996,-0.30503323674201965,0.22609849274158478,-0.200224369764328,-0.5376933813095093,-0.20966202020645142,0.19262050092220306
online_mind2web,62c8d970b3d13891f355911e5a8f4030,0.9471065402030945,-0.17600977420806885,0.3386726379394531,0.2400790899991989,-0.19273634254932404,0.1697893589735031,-0.47652798891067505,-0.6563042998313904,0.010440674610435963,-0.027833756059408188
online_mind2web,cfafe3771369d1d261e9f7ecd44c296d,0.9454889893531799,-0.22958514094352722,0.27506837248802185,0.0882914811372757,-0.1892533153295517,0.3391491770744324,0.7465782165527344,-0.04982580244541168,-0.20624025166034698,0.23928165435791016
online_mind2web,367d843c640637745e8fafa741cca13b,0.9443507790565491,-0.41954752802848816,0.383419007062912,0.3668648898601532,-0.3593258857727051,0.19840244948863983,-0.013007009401917458,-0.5215742588043213,-0.3406732976436615,0.23119807243347168
online_mind2web,c073ac1bcf40f84c599affc97edbc396,0.9440008997917175,-0.4264982342720032,0.4958759844303131,0.4017561674118042,-0.38033196330070496,-0.003319305134937167,-0.19912344217300415,-0.20048314332962036,-0.33324140310287476,0.38507118821144104
online_mind2web,33bd2cdcea4fcc42a09a8a1e4e5841c6,0.9433245658874512,-0.45509621500968933,0.33097004890441895,0.3664208948612213,-0.43512746691703796,0.2783081829547882,0.16039198637008667,-0.2807401716709137,-0.36249658465385437,0.37857624888420105
online_mind2web,c181f903ec1107b850032c17cad88393,0.9401949048042297,-0.26804766058921814,0.2560918927192688,0.19002409279346466,-0.33189794421195984,0.10034274309873581,-0.29518938064575195,-0.7492288947105408,-0.11504434049129486,0.018259650096297264
online_mind2web,f00e7accfb4a5e09680bdb326e6274ad,0.9393436908721924,0.42500874400138855,-0.3271400034427643,-0.39290955662727356,0.4428004324436188,-0.09735410660505295,0.21906113624572754,0.15023954212665558,0.4625179171562195,-0.3618500530719757
online_mind2web,4639a54f3ab549864fd8d60b7398b1e1,0.9363763928413391,-0.3170536756515503,0.33984318375587463,0.19334445893764496,-0.1961783468723297,0.3244335949420929,0.6166592836380005,0.1349492371082306,-0.28298264741897583,0.3187837600708008
online_mind2web,636b07af4dd97c1793733db1fd1b90b8,0.9352420568466187,-0.4446643590927124,0.395855188369751,0.36034202575683594,-0.4240629971027374,0.19264335930347443,0.17242884635925293,-0.27212563157081604,-0.37840139865875244,0.3524448871612549
online_mind2web,f2097f92a10d42a842c14179f422311e,0.9343013167381287,0.12381089478731155,0.0929352417588234,-0.1327105313539505,0.10905766487121582,0.363510400056839,0.550430953502655,-0.4306556284427643,0.3949342370033264,-0.24129845201969147
online_mind2web,753f372c189d3b306623cb0c65b50320,0.9338646531105042,-0.41208240389823914,0.39696499705314636,0.4389198124408722,-0.3259052336215973,0.15203428268432617,-0.21571704745292664,-0.2615807056427002,-0.3534731864929199,0.39069315791130066
online_mind2web,29b7372d5a3884a2ba831af2d117af3c,0.930980384349823,0.09749089181423187,0.07920162379741669,-0.10564351081848145,-0.003053242340683937,0.23235562443733215,0.2966870963573456,-0.6707966327667236,0.3476993441581726,-0.36933234333992004
online_mind2web,d730f4ff450da1bd60a836163736ef6a,0.9301307201385498,-0.45067426562309265,0.3555752635002136,0.36474841833114624,-0.43507540225982666,0.13830767571926117,0.1822264939546585,-0.3271823823451996,-0.3711663782596588,0.3452957272529602
online_mind2web,e7301bb694871429bf2eb36c3a72186c,0.9298368096351624,-0.45106270909309387,0.3567131459712982,0.31287187337875366,-0.4409639835357666,0.1920999437570572,0.16662411391735077,-0.3341512680053711,-0.38843587040901184,0.3432327210903168
online_mind2web,5dec0e6620849459f29e6465982c597e,0.9282185435295105,-0.410616010427475,0.3503114581108093,0.40015488862991333,-0.3696386218070984,0.17912675440311432,-0.015534451231360435,-0.06762082129716873,-0.3931850790977478,0.5006197094917297
online_mind2web,4e801ba102dfaf22c7cf7a126b107609,0.9277509450912476,-0.08777934312820435,0.1389184147119522,0.07449749857187271,-0.03749395161867142,0.5088309049606323,0.7534581422805786,0.07128433138132095,0.019403086975216866,0.049007587134838104
online_mind2web,301f267f421b93045874726183e8f722,0.9274187088012695,-0.42874422669410706,0.37719103693962097,0.37693485617637634,-0.3169936239719391,0.36338552832603455,0.17241938412189484,-0.09054321050643921,-0.40681514143943787,0.3738895058631897
online_mind2web,43a1ca251f11c6b0bdd0379766cc49e6,0.9272969961166382,-0.38931310176849365,0.22561879456043243,0.2859833240509033,-0.36927497386932373,0.3479160666465759,0.4056086242198944,-0.174309641122818,-0.3489711880683899,0.39127570390701294
online_mind2web,5c00e9561eae94789443f405525a5869,0.9213257431983948,0.16885314881801605,-0.04867374897003174,-0.05162491276860237,0.00987193826586008,-0.37563738226890564,-0.6983433961868286,-0.3568390905857086,0.1808023750782013,-0.23430481553077698
online_mind2web,1fc28d91d25ccd1c6ba268101326a654,0.9204605221748352,0.4356527328491211,-0.31592634320259094,-0.3621405065059662,0.40884965658187866,0.026688629761338234,0.17925308644771576,0.1525409072637558,0.43572622537612915,-0.4507375657558441
online_mind2web,64b76158720a69e4a5c31a55d54928bf,0.9204311370849609,-0.4248664677143097,0.2806752622127533,0.35957762598991394,-0.4355684816837311,0.11205342411994934,-0.153096005320549,-0.30865928530693054,-0.43825942277908325,0.3550530970096588
online_mind2web,d392e154c1c6ffbb26e2331c3afafc67,0.9164009690284729,0.026352409273386,0.028639281168580055,-0.1508965939283371,-0.02366546541452408,0.5066831111907959,0.6801670789718628,-0.2519282400608063,0.12014549225568771,-0.1355835199356079
online_mind2web,4464a8421f8bc8786524a499258dfad3,0.9148237109184265,-0.3833467960357666,0.28311508893966675,0.3529779314994812,-0.29687735438346863,0.4348599910736084,0.1860138326883316,0.039063550531864166,-0.455318808555603,0.33387574553489685
online_mind2web,9829f3087ab1f9c8eba6b6dd2b831d25,0.9146028757095337,-0.3960111737251282,0.31604573130607605,0.31471481919288635,-0.41219770908355713,-0.2049749791622162,-0.27043548226356506,-0.18342022597789764,-0.4132148325443268,0.3848656117916107
online_mind2web,20a460a8fe1971b84411c5b1e6ac4186,0.9137954115867615,0.3824700117111206,-0.22707977890968323,-0.3598618507385254,0.30861014127731323,0.29569125175476074,0.2181708812713623,-0.03468000516295433,0.4474519193172455,-0.47145336866378784
online_mind2web,2c8ef01a92c71ba9ef2e59bb17eea2b3,0.9136685729026794,-0.24070800840854645,0.2219080775976181,0.2720228135585785,-0.28054362535476685,0.10851926356554031,-0.4072628319263458,-0.6663175821304321,-0.09468402713537216,0.04756361246109009
online_mind2web,64345c365f544375357c7b67917f08a0,0.9074267148971558,-0.4011600613594055,0.3501385748386383,0.33932164311408997,-0.40909790992736816,-0.024338049814105034,-0.21032625436782837,-0.20360426604747772,-0.3831399381160736,0.43040159344673157
online_mind2web,fd787623166785d84093565bf945fd24,0.9052836298942566,0.419411838054657,-0.36437639594078064,-0.3326905369758606,0.4051821231842041,-0.17866815626621246,-0.07958126068115234,0.12118647247552872,0.45943450927734375,-0.3845660388469696
online_mind2web,ab6ee3b83aab6cd283320f5e01003cff,0.9048417210578918,-0.049235038459300995,0.06643170118331909,0.025507116690278053,-0.05048448219895363,0.42526137828826904,-0.2191820591688156,-0.6746128797531128,0.1122274324297905,-0.3384383022785187
online_mind2web,e4e097222d13a2560db6f6892612dab6,0.9040938019752502,-0.2971452474594116,0.4881051778793335,0.18297913670539856,-0.15215617418289185,0.4094540774822235,0.5135255455970764,0.0495559498667717,-0.22394603490829468,0.1963091939687729
online_mind2web,a0a18ca6a3529f3e97c771aadd42d3a0,0.9009938836097717,-0.36634621024131775,0.34609541296958923,0.26004844903945923,-0.4143790602684021,0.11696560680866241,0.15110987424850464,-0.4985950291156769,-0.33612412214279175,0.23362623155117035
online_mind2web,608c595eec271fa5dc03506923519994,0.8985295295715332,0.01588401198387146,0.03643506020307541,-0.10545209795236588,-0.040613751858472824,0.5742749571800232,0.6264482736587524,-0.148624986410141,0.19202695786952972,-0.10984206199645996
online_mind2web,0a54069a0ef542e571d1fee7f39c93d5,0.8927994966506958,-0.3403468728065491,0.5433030724525452,0.2639833688735962,-0.2160225808620453,0.3606778681278229,0.3558645248413086,-0.0075121535919606686,-0.26614052057266235,0.2407163381576538
online_mind2web,b4aa7315e31dfcdc52baf7771be260c9,0.8914318680763245,-0.119333915412426,0.06819867342710495,-0.01999383419752121,-0.1254836469888687,0.39550402760505676,0.7834396958351135,0.03978586569428444,-0.0250990092754364,0.037944793701171875
online_mind2web,7abdceee212151f187ee1a1744c57606,0.8888737559318542,0.09839440882205963,0.07528465986251831,-0.09268905222415924,0.04668261483311653,0.5536758303642273,0.48564237356185913,-0.29622361063957214,0.27874553203582764,-0.2565254271030426
online_mind2web,2218042362d8fae73756eb309848c2b2,0.8814704418182373,-0.441976398229599,0.3051336109638214,0.36974063515663147,-0.40437114238739014,0.16997495293617249,-0.17245085537433624,-0.2688981890678406,-0.4171158969402313,0.28060078620910645
online_mind2web,95cad96f2e43f3c0d8efad1331c77c8c,0.8791302442550659,0.36629489064216614,-0.25025734305381775,-0.19243335723876953,0.42630767822265625,0.05431818589568138,-0.06876864284276962,0.45975106954574585,0.4060378968715668,-0.32795581221580505
online_mind2web,26810ed9c123a62992e3eed31db3c5ee,0.8786367177963257,0.3950892388820648,-0.28325238823890686,-0.3550901412963867,0.3532027006149292,0.10798602551221848,0.2853311598300934,0.14038650691509247,0.4583463966846466,-0.34360554814338684
online_mind2web,4f903626f632586fe4728d6664947bab,0.876394510269165,-0.40267473459243774,0.23142491281032562,0.2606610655784607,-0.4014207124710083,0.070881687104702,0.4054534435272217,-0.24579936265945435,-0.31783875823020935,0.39315590262413025
online_mind2web,9d46ccb915eff39ee1ae1e7328f5f20d,0.8725846409797668,-0.3351561427116394,0.2713897228240967,0.2457362413406372,-0.3109283745288849,-0.026999320834875107,0.028874926269054413,-0.6626201868057251,-0.18742716312408447,0.23437483608722687
online_mind2web,0e42c3a73f2aece1f854e0ba55b7c8b0,0.8707957863807678,-0.42187559604644775,0.29204946756362915,0.34348389506340027,-0.4197878837585449,0.13634493947029114,0.03023133985698223,-0.3303420841693878,-0.3579356372356415,0.3493446409702301
online_mind2web,c577a14301a725e09ccd269a3e0b271e,0.8705689907073975,-0.3955117166042328,0.2975462079048157,0.29040902853012085,-0.42433902621269226,0.20060522854328156,0.2853657007217407,-0.2979845404624939,-0.3210363984107971,0.3023581802845001
online_mind2web,cf757a775fa1224acfc7998489e199a8,0.8683137893676758,-0.20087930560112,0.3375895917415619,0.2304014414548874,-0.23938506841659546,-0.15070588886737823,-0.5734513401985168,-0.3699706792831421,-0.15017852187156677,0.13646061718463898
online_mind2web,627f7a18d85f29a687234f1ade4585c2,0.8639740347862244,0.03325846046209335,0.06120443344116211,-0.10930486768484116,0.023686081171035767,0.25071918964385986,0.7497034668922424,-0.18024684488773346,0.20737497508525848,-0.17259176075458527
online_mind2web,2d5a7f95f951a26838289dfd629ae850,0.8589343428611755,-0.10776513814926147,0.06329667568206787,0.03225689381361008,0.002150916727259755,0.418408066034317,0.7379772663116455,0.08665850758552551,-0.008147520944476128,0.07392413914203644
online_mind2web,01abae9608f2d8752a83e08f136f720c,0.8584783673286438,-0.23843899369239807,0.34456896781921387,0.35355672240257263,-0.21134716272354126,-0.13250355422496796,-0.5663850903511047,-0.12481793761253357,-0.24991562962532043,0.1794457733631134
online_mind2web,e43cbc8a0bf9e999884928d11006f894,0.8579016327857971,-0.3810431957244873,0.40726760029792786,0.33178451657295227,-0.3638681173324585,0.2246902585029602,0.035616252571344376,-0.36625218391418457,-0.28350865840911865,0.24774019420146942
online_mind2web,99daaed9a83c266341d28aa40067d376,0.8569461107254028,-0.36823636293411255,0.2709329128265381,0.3413771390914917,-0.31517913937568665,0.36424311995506287,0.2004142850637436,-0.31220152974128723,-0.29011455178260803,0.30099931359291077
online_mind2web,c1d6ea6f2196d25782cc3646ff3090db,0.8549338579177856,-0.43582892417907715,0.306768536567688,0.3373252749443054,-0.35924232006073,0.19556055963039398,0.203700453042984,-0.1741059422492981,-0.38634055852890015,0.3669494092464447
online_mind2web,1c3b747ae12ccee895745f82e3f2ef8a,0.8544384837150574,-0.34154391288757324,0.41265830397605896,0.3106640875339508,-0.2686927616596222,0.08419565856456757,-0.01088679302483797,0.16384360194206238,-0.4637700319290161,0.37674325704574585
online_mind2web,c521933dad9c0ef9f1dfa2f38b8e4405,0.8528425693511963,0.33526161313056946,-0.3160828649997711,-0.259215384721756,0.3752583861351013,-0.20289748907089233,-0.2572903335094452,0.4738595485687256,0.14310315251350403,-0.2589082419872284
online_mind2web,9b5dfe54a1c14c5c6336bae7374c3bb5,0.8515666127204895,-0.15048159658908844,0.09392709285020828,0.16291269659996033,-0.1765746921300888,-0.3531601130962372,-0.4472883343696594,-0.56415855884552,-0.12409811466932297,-0.012654446065425873
online_mind2web,d8e2a81fa621ce4737e5ea85671b630e,0.8498063683509827,-0.33342617750167847,0.46598708629608154,0.22517406940460205,-0.32774680852890015,0.19626806676387787,0.2934413254261017,-0.2573781907558441,-0.346912682056427,0.18890370428562164
online_mind2web,e7f6cca9a8875f98fee3b711ead3a444,0.8497777581214905,0.40773481130599976,-0.43781933188438416,-0.338630735874176,0.3416598439216614,-0.1696625053882599,-0.007124293129891157,0.035609494894742966,0.4090239405632019,-0.3187938630580902
online_mind2web,52efbab520734ef9bf7c09ba0f62cdc8,0.849168598651886,0.2656058669090271,-0.21875374019145966,-0.3194252550601959,0.18467427790164948,0.22631552815437317,0.5162431597709656,-0.17952439188957214,0.30988284945487976,-0.3018525540828705
online_mind2web,28e7574e7bd6d14f36d2988a5ef2bd23,0.848972737789154,-0.3195383846759796,0.35561686754226685,0.30390822887420654,-0.2609393000602722,0.24186699092388153,0.2462097406387329,0.02615014836192131,-0.3658929467201233,0.42445433139801025
online_mind2web,f05e87c5b92d9869e08806103c1c15a1,0.8470434546470642,-0.32451751828193665,0.35355138778686523,0.27273279428482056,-0.3753379285335541,0.14431658387184143,-0.24838776886463165,-0.45378732681274414,-0.21175430715084076,0.20960840582847595
online_mind2web,a5c87cc1c94a090c9a8dc2c8b6a125d0,0.8451146483421326,-0.3523868918418884,0.21171410381793976,0.2933964431285858,-0.3165995478630066,0.4182181656360626,-0.11866672337055206,-0.4761943519115448,-0.19207146763801575,0.17446614801883698
online_mind2web,0b2623e9fa5cea997f76490bcbc5220f,0.8396182656288147,-0.14671467244625092,0.3686084449291229,0.19834543764591217,-0.1449025571346283,0.22900532186031342,-0.3319394886493683,-0.5827098488807678,0.06748100370168686,-0.04491337016224861
online_mind2web,7072d09436972a5d5fe7476e3e9f1559,0.8393999934196472,-0.32364651560783386,0.33962246775627136,0.2679930031299591,-0.35717201232910156,0.0706118494272232,-0.22197461128234863,-0.4927602708339691,-0.2397996336221695,0.1878337860107422
online_mind2web,246d654fab7c31d9651007e39e75f74f,0.838997483253479,-0.1555146425962448,0.027751894667744637,-0.015782402828335762,-0.169083833694458,0.12284950911998749,0.7954575419425964,-0.11415675282478333,-0.03712614253163338,0.10978776961565018
online_mind2web,b962927dfe03bf2274a54381127ed433,0.8325591683387756,-0.20071446895599365,0.3061792254447937,0.17577040195465088,-0.25947073101997375,0.06147615984082222,-0.15579302608966827,-0.6741833686828613,-0.12462026625871658,0.055539604276418686
online_mind2web,180ed2ec377ef3a4af9035a21522091a,0.830994725227356,-0.023430416360497475,0.22958219051361084,-0.005812112707644701,-0.04418320208787918,0.24150794744491577,-0.17101804912090302,-0.6521583795547485,0.18338234722614288,-0.29890701174736023
online_mind2web,87f4c5128e36cdb9366a138a7b61bb00,0.8288947939872742,-0.2083854079246521,0.4217911660671234,0.10921194404363632,-0.19967308640480042,0.385670930147171,0.49786245822906494,-0.22688457369804382,-0.0950741320848465,-0.015405955724418163
online_mind2web,9586827ad04ee2362f4f0076bf0f0468,0.8269214630126953,0.22248032689094543,-0.17176727950572968,-0.27513134479522705,0.10705216228961945,0.27604252099990845,0.2433224767446518,-0.4083777070045471,0.34309321641921997,-0.3837278485298157
online_mind2web,4c186c6ed888d0c8d4cf4adb39443080,0.8254945874214172,0.08439046144485474,-0.16605980694293976,-0.062248483300209045,-0.014668967574834824,0.1578904688358307,-0.1194339469075203,-0.6809143424034119,0.2385854572057724,-0.3000235855579376
online_mind2web,512fd4deab099b8dc0dcfc0ec48a3c63,0.824959397315979,-0.21544742584228516,0.1862044483423233,0.27912551164627075,-0.26055991649627686,0.5153627991676331,-0.23964925110340118,-0.40641772747039795,-0.1066758781671524,0.02230793982744217
online_mind2web,5e4e89c9b6fdaee7a41aca5601b82e04,0.8227387070655823,0.20239217579364777,0.0124810840934515,-0.17782090604305267,0.14666900038719177,0.41483911871910095,0.4410698115825653,-0.2800939381122589,0.25654566287994385,-0.33572134375572205
online_mind2web,255bf27c43fd3f9254d6b81a5f36d3a9,0.8179528713226318,-0.37837380170822144,0.36748844385147095,0.30294692516326904,-0.33916905522346497,0.020126527175307274,0.22122687101364136,-0.027818378061056137,-0.36127933859825134,0.38281020522117615
online_mind2web,82eb3bfedd78456a0230b389f4e7a938,0.8166239857673645,0.16529116034507751,-0.13312844932079315,-0.052493177354335785,0.12927910685539246,-0.43896248936653137,-0.6182129979133606,-0.15331684052944183,0.13910433650016785,-0.10932285338640213
online_mind2web,dd44c665cec1e9c929a4c5f074e7844a,0.8142147064208984,-0.3551211655139923,0.22225187718868256,0.2132721245288849,-0.40350645780563354,0.2911483943462372,0.2747848629951477,-0.2298358976840973,-0.32376179099082947,0.2955113351345062
online_mind2web,db1ffb5e60578597d1c3aa3c389ac7b1,0.8140113353729248,-0.3558386266231537,0.19959615170955658,0.24680419266223907,-0.3341274559497833,0.263693630695343,0.4093543291091919,-0.09853028506040573,-0.3104590177536011,0.3271452784538269
online_mind2web,78baf9dbe7c3532f7d7ef4cc22a7f065,0.8118957877159119,-0.33315059542655945,0.3270306885242462,0.2681526243686676,-0.30360594391822815,-0.08028816431760788,0.19293613731861115,-0.46783870458602905,-0.22256574034690857,0.2757973372936249
online_mind2web,47bfe8a7e0e4e7efc837287b407fbe90,0.8113558292388916,-0.33977410197257996,0.27835890650749207,0.2626339793205261,-0.31058743596076965,0.11397987604141235,0.03839671239256859,-0.5548897385597229,-0.26788365840911865,0.14575143158435822
online_mind2web,662ae0f2d3ac851dbcdd245f908277e3,0.810941219329834,-0.060704026371240616,0.19410617649555206,0.11891987174749374,-0.12245514243841171,-0.45490339398384094,-0.47779229283332825,-0.37872907519340515,0.0015986497746780515,0.11022868752479553
online_mind2web,75146b7b67388b9244e0f21a1527c022,0.8099715709686279,-0.3364395499229431,0.3565542995929718,0.31096991896629333,-0.29659536480903625,-0.031539034098386765,-0.031202105805277824,0.09726770222187042,-0.4123244881629944,0.4034985303878784
online_mind2web,6ca20f1da01edeb49a7a42c816d8c6fe,0.8015311360359192,0.1329837441444397,0.024524955078959465,-0.09179787337779999,-0.004132052883505821,0.39251062273979187,0.11632920801639557,-0.5306679010391235,0.18461178243160248,-0.38745278120040894
online_mind2web,e3ab665e01e7632ce33ac1aeca14aff6,0.8010383248329163,-0.09135129302740097,0.2505739629268646,-0.01011337898671627,-0.16953174769878387,0.09758604317903519,-0.18664073944091797,-0.6806017160415649,0.07678849995136261,-0.1912035197019577
online_mind2web,b6d10e9bd19b4009a02dea0e98f4e1ae,0.8009249567985535,0.39568740129470825,-0.20813725888729095,-0.40066850185394287,0.30779147148132324,-0.052756115794181824,-0.04808923974633217,0.07028470933437347,0.4763125777244568,-0.3255448341369629
online_mind2web,c2153fc053112e89c2f103869c4d6890,0.7994622588157654,0.39059776067733765,-0.24967066943645477,-0.3846471607685089,0.31834879517555237,-0.24232201278209686,-0.09809987992048264,0.23876778781414032,0.25191447138786316,-0.3724117577075958
online_mind2web,2532fd402d3c741b79894e6ff2269f53,0.797324538230896,0.3346761167049408,-0.08477137237787247,-0.27610263228416443,0.27407339215278625,-0.5282930135726929,-0.1300421953201294,-0.038309596478939056,0.2818937301635742,-0.31663092970848083
online_mind2web,c0fa2c0e622971955cabf5bcf7b777e8,0.7886916399002075,0.27970588207244873,-0.1510590761899948,-0.1433616280555725,0.223847433924675,-0.21673841774463654,-0.60701984167099,0.1351303607225418,0.1144256591796875,-0.28592562675476074
online_mind2web,e9f4dfc67e0e6aa37f05f7cc5aa7428c,0.7876022458076477,-0.3763425350189209,0.35323435068130493,0.26179030537605286,-0.3701552152633667,-0.07337919622659683,0.05597754567861557,-0.25030890107154846,-0.35590365529060364,0.3035684823989868
online_mind2web,0a0fa834ce41b5297c6474293383759d,0.7830864787101746,-0.2527954876422882,0.22678807377815247,0.13048475980758667,-0.2381589263677597,0.378183513879776,0.5012572407722473,-0.22053687274456024,-0.1238301694393158,0.17260830104351044
online_mind2web,a11ecdff735b51372d536c866011af6f,0.7830839157104492,0.3438122570514679,-0.17936953902244568,-0.30036288499832153,0.2735217809677124,-0.42683008313179016,-0.1336236447095871,0.05558169633150101,0.3771132528781891,-0.2658420503139496
online_mind2web,62f1626ce249c31098854f8b38bdd6cf,0.7829710841178894,-0.08339154720306396,0.07375189661979675,0.11222076416015625,-0.14657273888587952,-0.3871166706085205,-0.5407009720802307,0.05838102847337723,-0.27439719438552856,0.22936499118804932
online_mind2web,47b93b9e649eadeb8d96a6e3df715c2d,0.7798339128494263,0.26965293288230896,-0.22539184987545013,-0.2768075466156006,0.22312596440315247,0.21997493505477905,0.10814212262630463,-0.2776238024234772,0.3162401616573334,-0.44018781185150146
online_mind2web,50d91eabde542906937ab4c5b6f8f23a,0.778425931930542,-0.23263868689537048,0.15533214807510376,0.25537627935409546,-0.2468888908624649,-0.07933457940816879,-0.5842649340629578,-0.18381033837795258,-0.265906423330307,0.05912436917424202
online_mind2web,39c388cdc468688c8139cc2bb5157c13,0.7737614512443542,-0.2832777798175812,0.3432498276233673,0.21247895061969757,-0.2898961305618286,0.13715924322605133,0.15866373479366302,-0.5089646577835083,-0.15066403150558472,0.1611451506614685
online_mind2web,f158345f8489e0d1d91e28768c39bca1,0.7694264650344849,-0.3498726785182953,0.2718552350997925,0.20190325379371643,-0.3820789158344269,-0.018685592338442802,0.2806885242462158,-0.0905376523733139,-0.336867094039917,0.3613182008266449
online_mind2web,fe33894188d20d7469f37a9fd855e7ff,0.7655336856842041,-0.23995079100131989,0.445538192987442,0.2282385528087616,-0.22217407822608948,0.02042735181748867,-0.04279916360974312,0.2822817265987396,-0.3298300504684448,0.3088098466396332
online_mind2web,0632e496d37badee0350dad358f047c5,0.7645634412765503,0.16033796966075897,-0.18397042155265808,-0.18401597440242767,0.29656875133514404,0.09899744391441345,0.5653173327445984,0.10782497376203537,0.1271325945854187,-0.26781362295150757
online_mind2web,871e7771cecb989972f138ecc373107b,0.7640405893325806,0.3454068601131439,-0.13664159178733826,-0.3982529640197754,0.23699067533016205,0.0050927987322211266,0.3507152497768402,0.04800562560558319,0.37461426854133606,-0.29094594717025757
online_mind2web,987bad7c6d4726d64232a8a1c3386888,0.7596918940544128,-0.18600331246852875,0.28535282611846924,0.03999971225857735,-0.30932751297950745,0.02318751998245716,-0.05382711812853813,-0.6240527629852295,-0.04371527582406998,0.06028429791331291
online_mind2web,ade4c09ad3fdb1607209750924cd232f,0.7584303021430969,0.3304224908351898,-0.2820430099964142,-0.20088505744934082,0.32083138823509216,-0.0896352082490921,-0.1883595585823059,0.20604543387889862,0.4164802134037018,-0.3048875331878662
online_mind2web,b69eb4de621e9e265676daac44938f3f,0.7577210664749146,-0.24261891841888428,0.3513568043708801,0.18034295737743378,-0.14045122265815735,0.34007471799850464,0.2781565189361572,0.21865080296993256,-0.29017674922943115,0.27093705534935
online_mind2web,461ab9b0c7b20ac5f912704480979c65,0.7566463351249695,-0.0485459566116333,0.22697319090366364,-0.03434862941503525,0.029173608869314194,0.25924351811408997,0.5027593970298767,-0.41746997833251953,0.13830870389938354,-0.07470734417438507
online_mind2web,23204728192da9f73197a613d9681c18,0.7503755688667297,0.16156096756458282,-0.14355407655239105,-0.12323176115751266,0.09559328854084015,0.2757513225078583,-0.05898432806134224,-0.4256118834018707,0.2506659924983978,-0.4411742687225342
online_mind2web,34992feb69eb8e788faa06868b365c49,0.7485666275024414,-0.002739393850788474,0.21853536367416382,-0.13101616501808167,-0.10926438122987747,0.3237896263599396,0.444367378950119,-0.37067803740501404,0.14180870354175568,-0.15387104451656342
online_mind2web,fa9adb815b85d259f943d81874a052e5,0.7483085989952087,-0.11783980578184128,0.28282102942466736,-0.03872733563184738,-0.2501969337463379,0.3363388478755951,0.30938032269477844,-0.4142259955406189,-0.13655170798301697,-0.12965431809425354
online_mind2web,7211af65d266402f99499053924262e9,0.7434911131858826,-0.3311198949813843,0.1991415023803711,0.17327992618083954,-0.3679641783237457,-0.02070268988609314,0.3539324998855591,-0.037101928144693375,-0.3873843252658844,0.2656278610229492
online_mind2web,8689af4d33ce00bf2cdd8987d3bbfd86,0.7423372864723206,-0.07709993422031403,0.2036442905664444,-0.020217621698975563,-0.16562673449516296,0.3773392140865326,0.4213733971118927,-0.35895705223083496,-0.1055518314242363,-0.14771898090839386
online_mind2web,5916018d1cad999881018cac1216a692,0.7417029142379761,0.15774917602539062,-0.11691558361053467,-0.26813656091690063,0.0719343051314354,0.12493244558572769,0.6112805008888245,0.17089156806468964,0.19937345385551453,-0.03400745615363121
online_mind2web,38203be65401943aea2179c4c680059a,0.7415005564689636,0.04356484115123749,-0.13582830131053925,0.028250014409422874,0.039929259568452835,0.21246583759784698,-0.3332497477531433,-0.5728165507316589,0.1453070342540741,-0.15346409380435944
online_mind2web,f27c0a7b8b0bb33d37698dff227fc8d7,0.7413986325263977,0.14251703023910522,-0.12240950018167496,-0.10219496488571167,0.12304864078760147,0.21342559158802032,0.5692010521888733,0.3691772222518921,-0.012995047494769096,-0.055695824325084686
online_mind2web,c39d6c245f8243993e707d54d2f4acec,0.7380213141441345,-0.2525237202644348,0.24776293337345123,0.20450736582279205,-0.20815184712409973,0.23178768157958984,0.4883139133453369,-0.2638976275920868,-0.12603925168514252,0.14294996857643127
online_mind2web,547f5729c59d5d12a457a3ebb74c31c6,0.7370443940162659,-0.19271056354045868,0.1468135118484497,0.04013235121965408,-0.13895270228385925,0.2887444794178009,0.5470449328422546,0.19753263890743256,-0.2007683664560318,0.19698524475097656
online_mind2web,c3307a70bb12ebf56cc9ec926b368f15,0.7355721592903137,0.27071404457092285,-0.1546301394701004,-0.2980251610279083,0.23371072113513947,0.2514566481113434,0.2957512438297272,-0.04974450543522835,0.28026852011680603,-0.3768182694911957
online_mind2web,bb5d90e6f2fbc0ae146f7c1998c2b4a1,0.7354612350463867,-0.2909105718135834,0.3007689118385315,0.18548715114593506,-0.28193914890289307,0.19340761005878448,0.28322291374206543,0.008333565667271614,-0.32192355394363403,0.3394410014152527
online_mind2web,005be9dd91c95669d6ddde9ae667125c,0.7353703379631042,-0.2504863739013672,0.10646156221628189,0.21665535867214203,-0.21826395392417908,0.35621485114097595,-0.26063796877861023,-0.46866345405578613,-0.1059761494398117,0.09570387005805969
online_mind2web,26a0e5c21c145dd8448aa92f35bec5ea,0.729239284992218,0.21061508357524872,-0.09595410525798798,-0.22372262179851532,0.22350844740867615,0.21999625861644745,0.4858066439628601,0.09358309954404831,0.3174925744533539,-0.16914232075214386
online_mind2web,0059adc6b12a3822305deb68929b2de8,0.7233969569206238,0.32097652554512024,-0.155813530087471,-0.15682820975780487,0.25133371353149414,-0.10205911844968796,-0.3335311710834503,0.39702746272087097,0.2502986788749695,-0.26329120993614197
online_mind2web,a7a73c8fa75441fc76df9746c327bdd6,0.722196638584137,-0.1590522825717926,0.06136081740260124,0.16324511170387268,-0.047765832394361496,-0.32254064083099365,-0.4699733853340149,-0.345763623714447,-0.18365991115570068,-0.10335107892751694
online_mind2web,8fdec8eeffd3491e6526cc78c028120b,0.7216403484344482,0.26684051752090454,-0.18842506408691406,-0.23270511627197266,0.1081644669175148,-0.21741053462028503,-0.2668032944202423,-0.254911869764328,0.39900901913642883,-0.2770739793777466
online_mind2web,4e0f5561a76478da87995dee00b09572,0.7171253561973572,0.20506921410560608,-0.06220076605677605,-0.16476359963417053,0.2656654417514801,0.41314953565597534,0.2548043727874756,0.3103598952293396,0.24372781813144684,-0.14604917168617249
online_mind2web,d9a8689393effeed75ea0866e44e1def,0.712149441242218,-0.04269712045788765,-0.14539965987205505,-0.08792734146118164,-0.016102202236652374,0.32733651995658875,0.5135161876678467,0.28955793380737305,-0.1463238149881363,0.043848827481269836
online_mind2web,828c2d98616a9478d5864d847d5a1b28,0.7116495370864868,-0.08193016052246094,0.10464946925640106,0.06646682322025299,0.032671380788087845,0.2913341224193573,0.4830290973186493,0.3183288276195526,-0.14442867040634155,0.22276157140731812
online_mind2web,4c572a627b53b0f9a734ab37f21819b8,0.7103675007820129,-0.11325594037771225,0.20593956112861633,0.138691708445549,-0.28674647212028503,-0.05811028182506561,-0.4414476454257965,-0.3859667479991913,-0.107123002409935,0.0453152135014534
online_mind2web,47186fac8e7c7277af01144644eb4e0b,0.7098343372344971,-0.24997958540916443,0.15537762641906738,0.1373019963502884,-0.32342955470085144,-0.04638061672449112,0.07102591544389725,-0.47938188910484314,-0.28135403990745544,0.2002527266740799
online_mind2web,fb7b4f784cfde003e2548fdf4e8d6b4f,0.7086625099182129,0.14781752228736877,0.11300434172153473,-0.11700132489204407,0.04337822273373604,-0.5475780367851257,-0.37218931317329407,-0.11266925930976868,0.14522306621074677,-0.04136287793517113
online_mind2web,1aeca99e6a60b0e3aefb3ef212bdce79,0.7064191102981567,-0.2384905219078064,0.3220981955528259,0.23895315825939178,-0.24863167107105255,0.36122843623161316,0.12275116890668869,-0.2675737142562866,-0.21596112847328186,0.1121411845088005
online_mind2web,9d09bc948462db032bac98968b11b008,0.7011764049530029,0.21172396838665009,0.044966816902160645,-0.20491623878479004,0.15164656937122345,0.27269136905670166,0.5341928601264954,0.13560405373573303,0.2071157693862915,-0.06025758385658264
online_mind2web,75a1b5dcd2c28508a971d98d51fe5767,0.6963402032852173,0.1925092339515686,-0.44188326597213745,-0.23834927380084991,0.13663320243358612,0.16717179119586945,0.25165340304374695,-0.09234718978404999,0.16264227032661438,-0.29646846652030945
online_mind2web,7680a920359cb1a508fbddb001b98167,0.6879528760910034,-0.010669007897377014,-0.08642683923244476,-0.05821244791150093,-0.08085963875055313,0.4181497097015381,0.5039581656455994,-0.13895882666110992,0.08495640754699707,-0.023074865341186523
online_mind2web,2c20d87a046fadcb6ff07ee877bfbf37,0.686077892780304,0.08851484954357147,0.1924218386411667,0.0028299838304519653,-0.005865941755473614,-0.038552720099687576,-0.4899706244468689,-0.32109978795051575,0.2081947773694992,-0.2136039286851883
online_mind2web,d7c955b47af68e01766fa86d0bee08a7,0.6847957968711853,-0.16951312124729156,0.20566363632678986,0.07636815309524536,-0.18912972509860992,0.07201424986124039,0.015239663422107697,-0.5975145101547241,-0.10961519926786423,-0.10289891809225082
online_mind2web,3621b099326c7aebd2e2dac6be3b52d1,0.682906985282898,0.09599819779396057,0.039451196789741516,0.03722122311592102,0.042843278497457504,-0.08829853683710098,-0.586055338382721,-0.24416807293891907,0.18255656957626343,-0.13184140622615814
online_mind2web,2207bb4f21786690cfed20b37253fb8b,0.678745448589325,0.3513268232345581,-0.07343544065952301,-0.3369752764701843,0.20351025462150574,-0.14210250973701477,-0.07403060048818588,-0.09994536638259888,0.39374271035194397,-0.3311159908771515
online_mind2web,63d6866fc000fcb1f153e07604bd1395,0.6779264211654663,-0.17401652038097382,0.2314126044511795,0.10902354121208191,-0.1368221491575241,0.30219709873199463,0.0007359132869169116,-0.5207626819610596,0.09393082559108734,-0.06391914188861847
online_mind2web,ba01ea557b73f864c35ebba0dd6f3cb2,0.6751559376716614,-0.26486700773239136,0.3720543086528778,0.23391912877559662,-0.26621726155281067,0.1859692484140396,0.04780905321240425,-0.2514704167842865,-0.19690276682376862,0.23009346425533295
online_mind2web,d02d236836924919f35f2438d9ed2374,0.6733126044273376,-0.3236214518547058,0.16370950639247894,0.23794502019882202,-0.29822561144828796,0.1734512448310852,0.2695879340171814,-0.0743175595998764,-0.257962703704834,0.32582488656044006
online_mind2web,b320c68bffc1f3c7f2a8dc9d5478fb27,0.6720420718193054,0.1861894130706787,-0.16076435148715973,-0.12990592420101166,0.044255275279283524,0.13355287909507751,-0.238788440823555,-0.4255954623222351,0.27305179834365845,-0.27643486857414246
online_mind2web,c94551d2b18f9ad0ab31b0bd98ca42e3,0.6717253923416138,-0.2381368726491928,0.2178504317998886,0.1696494221687317,-0.2967020571231842,-0.04435555636882782,0.0218991506844759,-0.5087928771972656,-0.158095121383667,0.025136951357126236
online_mind2web,816851ff92ff0219acf4364dcc2c4692,0.6694984436035156,-0.22393867373466492,0.10133980959653854,0.07923275977373123,-0.18529240787029266,0.24702182412147522,0.44274988770484924,-0.2968443036079407,-0.1785769760608673,0.14245611429214478
online_mind2web,c00437fd76a7a83b57f3dc4e5dbc41f8,0.6679881811141968,-0.34046462178230286,0.3185742199420929,0.2351304292678833,-0.26620492339134216,0.0484803281724453,0.035986389964818954,-0.13342484831809998,-0.3404636085033417,0.28496360778808594
online_mind2web,aa4b5cb7114fcc138ade82b4b9716d24,0.6620442867279053,-0.1092771664261818,0.13570527732372284,0.18693387508392334,0.0234693456441164,0.40851324796676636,-0.36729153990745544,-0.19838300347328186,0.01435330230742693,-0.20746958255767822
online_mind2web,3ec0f6138d37fadcb989347a6088ec45,0.6620287299156189,0.16570055484771729,-0.25427842140197754,-0.2175402045249939,0.11673502624034882,0.06864652782678604,0.41080984473228455,0.3657838702201843,0.0732153058052063,-0.006188735365867615
online_mind2web,6174e5ddd40cfbdc33ee1502f40bac39,0.6603029370307922,-0.11699942499399185,0.29105329513549805,0.047389622777700424,-0.15910294651985168,0.0699886605143547,0.1114511713385582,-0.5413209795951843,0.10312697291374207,-0.0523928627371788
online_mind2web,78f397336b6fd1cbba0127db7a8cd502,0.6566959619522095,-0.03089766576886177,-0.01176588237285614,-0.08444008231163025,0.01549904327839613,0.359388530254364,0.46139487624168396,-0.2457313984632492,0.06050249561667442,-0.132857084274292
online_mind2web,4d3157aab34b54e5f0c4b965dfe930f3,0.6522010564804077,-0.21262304484844208,0.17719896137714386,0.13448339700698853,-0.25887733697891235,0.059278327971696854,0.20601336658000946,-0.5066484212875366,-0.03183881193399429,0.07212283462285995
online_mind2web,c698ff3fc0f6cbce39947c597ab5749b,0.6518253087997437,0.2839716374874115,-0.010612462647259235,-0.13401415944099426,0.27837443351745605,0.08841116726398468,-0.3680144250392914,0.20016896724700928,0.2648366391658783,-0.2754165232181549
online_mind2web,7562d9b4e4829a44245aafce2e1f62db,0.6508750319480896,-0.3729688823223114,0.2608049511909485,0.25164613127708435,-0.26954174041748047,0.1385425180196762,0.07752150297164917,-0.2292463630437851,-0.28960666060447693,0.2408546805381775
online_mind2web,123e8c2fc453f55fadd1d0b9aaf94df4,0.6483799815177917,-0.12942130863666534,0.15549048781394958,0.26416686177253723,-0.1403476446866989,0.05863620713353157,-0.43809768557548523,-0.06703973561525345,-0.32648858428001404,0.016756607219576836
online_mind2web,502e864440283214e0180645015f568b,0.6457523703575134,-0.18560953438282013,0.19930003583431244,0.11150495707988739,-0.13883787393569946,0.36627548933029175,0.42076268792152405,-0.0485440157353878,-0.15880829095840454,0.08240588754415512
online_mind2web,8103786e0e5976ebf961bd062d5f39cd,0.6302047967910767,-0.07573963701725006,0.04241431504487991,-0.02279360219836235,-0.08730366080999374,0.1289607584476471,0.28016990423202515,-0.49595195055007935,0.11226947605609894,-0.18308140337467194
online_mind2web,27fa3ac20745d3d35e89fae157f63069,0.6289512515068054,-0.2300686240196228,0.3235546350479126,0.09345275908708572,-0.2933356761932373,-0.006593008060008287,0.21433207392692566,-0.33801594376564026,-0.17080530524253845,0.08186517655849457
online_mind2web,cad62d2be0c53f08a416457486b3db23,0.6281365752220154,-0.17140023410320282,0.3489523231983185,0.10583784431219101,-0.11112231761217117,-0.19753573834896088,-0.015388102270662785,0.276280015707016,-0.14490051567554474,0.3356398046016693
online_mind2web,1df24ec81137386d6476bcf343a79012,0.621076226234436,-0.1806153804063797,0.2424660176038742,0.23140035569667816,-0.2439492642879486,-0.10177263617515564,-0.26491817831993103,-0.12454788386821747,-0.14171640574932098,0.31265559792518616
online_mind2web,be9e7dca1222714571ef3d7d59d2a41c,0.6147056818008423,-0.16399388015270233,-0.011344948783516884,0.07101589441299438,-0.21097108721733093,0.043883565813302994,-0.02486211620271206,-0.5534684062004089,-0.13376250863075256,-0.03766626492142677
online_mind2web,bb314cb80f0f8489135cbf59074d11e2,0.6015656590461731,-0.07144711911678314,-0.05421129986643791,-0.010100248269736767,-0.11956478655338287,0.41826528310775757,0.18134237825870514,-0.35605648159980774,-0.0647205337882042,-0.07582046836614609
online_mind2web,070c907d34a4ce71dfdbea38f9c5d4d8,0.5921884775161743,-0.14168225228786469,0.20222806930541992,0.2515227198600769,-0.10168163478374481,-0.115379199385643,-0.34495580196380615,-0.31631892919540405,-0.056955013424158096,0.024078423157334328
online_mind2web,ce616721ce9aeda69890fbccb29677a6,0.5807474851608276,0.17866387963294983,-0.09298259019851685,-0.1344907432794571,0.018161669373512268,-0.059730712324380875,-0.41360798478126526,-0.23524899780750275,0.21738795936107635,-0.1815636157989502
online_mind2web,8ea6c3a2ea3f59150619935261a76d19,0.5794641971588135,0.13204026222229004,-0.07450514286756516,-0.20503100752830505,0.0009009309578686953,-0.47412002086639404,0.1384478658437729,-0.04303056001663208,0.06651438772678375,-0.1948225200176239
online_mind2web,442a450e696a96085257db6297891a4d,0.5748807191848755,0.008707258850336075,0.17614713311195374,0.04067639634013176,-0.004943445790559053,0.19549398124217987,0.4647509455680847,0.07159935683012009,0.14376282691955566,0.13332462310791016
online_mind2web,aafd1fddea1558466ac6133934d35156,0.574616551399231,-0.18949255347251892,0.24483193457126617,0.0611470527946949,-0.3373371362686157,-0.1448565125465393,0.07252802699804306,-0.3010973334312439,-0.1401914656162262,0.12707965075969696
online_mind2web,354b4ddf048815f8fd4163d0d7e1aaa3,0.5700461864471436,0.20123820006847382,-0.14415393769741058,-0.14888377487659454,0.14096835255622864,0.16531743109226227,0.11560806632041931,-0.25083374977111816,0.3505827784538269,-0.18871384859085083
online_mind2web,323bd85e3559655d89e5496b951a25e8,0.5635804533958435,0.23036302626132965,-0.09803223609924316,-0.17106974124908447,0.14842753112316132,-0.3551080524921417,0.03748486563563347,-0.1936328411102295,0.29960477352142334,-0.04419826343655586
online_mind2web,71f8de1834599fba443f40dbbfab8edd,0.5554709434509277,0.13590659201145172,0.0434417799115181,-0.17571625113487244,0.022562269121408463,0.2147495597600937,0.2005191296339035,-0.27948197722435,0.15633772313594818,-0.2939363420009613
online_mind2web,a69d2934fe54fef165490a5a2d95bf38,0.5523335933685303,-0.12484971433877945,0.03866121917963028,0.10301470756530762,-0.11891798675060272,-0.052751991897821426,0.10564985871315002,-0.5093259215354919,0.07108351588249207,-0.020340146496891975
online_mind2web,d1807551297ac60ecaaabbd2a2ed301a,0.5508225560188293,-0.14497309923171997,0.1289505511522293,0.10923746228218079,-0.1892809122800827,0.28702375292778015,0.09561538696289062,-0.3733985126018524,-0.07583662122488022,0.04810978099703789
online_mind2web,b922508886ded315c9835457a6eb43ea,0.549964189529419,-0.11856640875339508,0.12158972024917603,0.10877355188131332,-0.14821922779083252,0.2093696892261505,0.05777348577976227,-0.4530264437198639,-0.02735862508416176,-0.026852445676922798
online_mind2web,6b5be1764692d1dc8f17dc4375b2daa8,0.5413925647735596,0.29230570793151855,-0.1754097044467926,-0.2332332730293274,0.2352331429719925,-0.13093620538711548,0.08539316803216934,0.2572237551212311,0.1759832203388214,-0.17616620659828186
online_mind2web,f707d765bca668830745d20807d7bee6,0.5395326614379883,-0.1720038503408432,0.2537000775337219,0.15467502176761627,-0.2445976883172989,0.08274576812982559,0.035176683217287064,0.054659660905599594,-0.2343904823064804,0.2774319648742676
online_mind2web,e24662008c3be5d56f986f232fcec447,0.5391229391098022,-0.03264417499303818,0.168212890625,0.12227252870798111,0.11606943607330322,0.45135924220085144,-0.11019311845302582,0.017607904970645905,-0.0037620882503688335,-0.1332044154405594
online_mind2web,046138801a05ddf56ad94e8672942496,0.5378950238227844,-0.10526175051927567,0.1284690499305725,0.14581982791423798,-0.0028386919293552637,0.0713917538523674,-0.07525697350502014,0.3833862543106079,-0.20377595722675323,0.22865964472293854
online_mind2web,690d7b4a285fdb1e9dabf973bf46ae4d,0.5268903970718384,-0.0885138288140297,0.18425726890563965,0.12175853550434113,-0.16251665353775024,-0.05783144012093544,0.02883838675916195,0.2399444878101349,-0.3249511122703552,0.18730515241622925
online_mind2web,d9d8b7d84a3f8d057e368254fe8d65e2,0.5174925923347473,-0.15157616138458252,0.2543957233428955,0.16383329033851624,-0.1444149613380432,0.19665931165218353,0.2142341285943985,-0.2315387725830078,-0.08466633409261703,0.10017316043376923
online_mind2web,15be05973fba714e490cd9c884e4f072,0.5133452415466309,0.01923714391887188,-0.0015821714187040925,-0.0335141196846962,-0.06367073208093643,0.4190913438796997,0.19235259294509888,-0.16671890020370483,0.09449928998947144,-0.0947696641087532
online_mind2web,9c97bab9c2abfb90a426cbe9addae8d0,0.5007967948913574,-0.15039463341236115,0.09650975465774536,0.049756862223148346,-0.14753828942775726,0.2782674729824066,0.2908859848976135,-0.17225030064582825,-0.15366238355636597,0.04370637238025665
online_mind2web,3ef64f34eae59c9fac7ee9a4f18b4a0c,0.4982520043849945,0.21409057080745697,0.10561864823102951,-0.1330561488866806,0.16984091699123383,0.02302240952849388,0.018049508333206177,-0.1728239208459854,0.2269052416086197,-0.32915037870407104
online_mind2web,6ebde509dca8f15c0fa1bd74f071e8d6,0.49680396914482117,-0.1550477296113968,0.15340730547904968,0.12388056516647339,-0.14321303367614746,-0.03592299297451973,-0.046712204813957214,0.27221614122390747,-0.09839700907468796,0.3164931833744049
online_mind2web,0b51b4fa0295ae80ccd176ebdad6fff6,0.4918873608112335,-0.2058580368757248,0.08139923214912415,0.18574699759483337,-0.23263292014598846,0.05981059744954109,-0.035304244607686996,0.006269612815231085,-0.2709179222583771,0.2616252899169922
online_mind2web,60cbbbd58eb9d28b053aef945f464228,0.49143272638320923,0.18333323299884796,-0.2519454061985016,-0.10080748796463013,0.10543988645076752,0.04738549515604973,0.09261978417634964,-0.3005775213241577,0.1493786722421646,-0.18238769471645355
online_mind2web,e7301bb694871429bf2eb36c3a72186c_110325,0.49133914709091187,-0.2449224293231964,0.1360882669687271,0.1805000901222229,-0.16016967594623566,-0.013862772844731808,0.1153150126338005,0.10878708213567734,-0.2554667592048645,0.2721615433692932
online_mind2web,4e3f6a538cc1f7321cfc50260db9545d,0.4872872829437256,0.2699821889400482,0.08590389788150787,-0.11528627574443817,0.2604340612888336,-0.10309784859418869,-0.1874803900718689,0.16140058636665344,0.20316533744335175,-0.18933624029159546
online_mind2web,56f8890a837c49f7df766b9c981646f3,0.4868418276309967,0.20496316254138947,-0.1498938500881195,-0.16509579122066498,0.18037661910057068,-0.2280121147632599,-0.01601480506360531,0.27931487560272217,-0.05974134802818298,-0.1446465700864792
online_mind2web,6b2cfae0ef25c73d1224b6ab74cb8b63,0.48520591855049133,-0.1591208577156067,0.10251050442457199,0.20404981076717377,-0.12455771118402481,0.15014463663101196,-0.3182954788208008,-0.16435861587524414,-0.12721800804138184,0.02667991630733013
online_mind2web,d730f4ff450da1bd60a836163736ef6a_110325,0.48496752977371216,-0.2426808923482895,0.1349567472934723,0.1766236126422882,-0.157540962100029,-0.015711873769760132,0.11641063541173935,0.10084421932697296,-0.25336194038391113,0.26982399821281433
online_mind2web,33bd2cdcea4fcc42a09a8a1e4e5841c6_110325,0.48286208510398865,-0.23957443237304688,0.1286238580942154,0.1783284693956375,-0.1553776115179062,-0.005936712957918644,0.1030568927526474,0.1113482192158699,-0.25404196977615356,0.270327091217041
online_mind2web,e7f6cca9a8875f98fee3b711ead3a444_110325,0.48024842143058777,0.24177640676498413,-0.1327555775642395,-0.1752455085515976,0.15652330219745636,0.009639116004109383,-0.1101706326007843,-0.10394493490457535,0.25106579065322876,-0.26783373951911926
online_mind2web,f2be37a9a60fbc25b6b11cf622d17352_110325,0.4797051250934601,-0.2432238906621933,0.13285472989082336,0.17537657916545868,-0.15650448203086853,-0.012764506042003632,0.11080096662044525,0.10352331399917603,-0.25030043721199036,0.26722434163093567
online_mind2web,62f1626ce249c31098854f8b38bdd6cf_110325,0.47454482316970825,-0.23704957962036133,0.12733574211597443,0.17319440841674805,-0.15256884694099426,-0.00900786742568016,0.10683330148458481,0.10774826258420944,-0.2490634322166443,0.2656465172767639
online_mind2web,3adeea7627f4343069f38adae40f73d0_110325,0.47447752952575684,0.23591449856758118,-0.1313035637140274,-0.17247822880744934,0.15386269986629486,0.012484431266784668,-0.11120259761810303,-0.10039766132831573,0.2483278065919876,-0.26494818925857544
online_mind2web,c09721cc937d4dcfb391a0bc2c574b28,0.4740857183933258,-0.05413423106074333,0.15878191590309143,0.03071686439216137,-0.08325204998254776,0.1721983104944229,-0.01809396967291832,-0.32782816886901855,-0.010796456597745419,-0.2326018512248993
online_mind2web,824eb7bb0ef1ce40bfd49c12182d9428_110325,0.474037766456604,-0.23810666799545288,0.13103578984737396,0.17222081124782562,-0.15484444797039032,-0.008794579654932022,0.10783009976148605,0.10307469964027405,-0.24733828008174896,0.26532870531082153
online_mind2web,65c4030f22fb6eb101acfee4825f1318,0.4731013774871826,0.1145051121711731,0.09370467066764832,-0.0158127062022686,0.05577787384390831,-0.011884708888828754,-0.2768217921257019,-0.26764407753944397,0.1519085168838501,-0.20050446689128876
online_mind2web,3c1ffc3f494e423b3c434c79e35da8f3_110325,0.4724215269088745,0.23651757836341858,-0.1270604282617569,-0.1735149621963501,0.1522589474916458,0.0074425190687179565,-0.10360799729824066,-0.10710887610912323,0.24798034131526947,-0.2645580470561981
online_mind2web,07bdc595306729a028ba06cc7451a80a,0.4695569574832916,-0.018099216744303703,0.34767287969589233,-0.011595116928219795,-0.005732902325689793,0.028115222230553627,0.2932526469230652,0.0896056592464447,-0.045339059084653854,0.05067181959748268
online_mind2web,636b07af4dd97c1793733db1fd1b90b8_110325,0.4693530201911926,-0.23669567704200745,0.12740570306777954,0.1712930053472519,-0.1514955759048462,-0.006572014652192593,0.10511671751737595,0.10398723185062408,-0.2465817928314209,0.2627912163734436
online_mind2web,a0a18ca6a3529f3e97c771aadd42d3a0_110325,0.46895724534988403,-0.23725305497646332,0.1290999948978424,0.17105397582054138,-0.15241505205631256,-0.008300911635160446,0.10535803437232971,0.10242380946874619,-0.24578720331192017,0.2620936632156372
online_mind2web,816851ff92ff0219acf4364dcc2c4692_110325,0.4660079777240753,-0.23513923585414886,0.1275503784418106,0.1702173948287964,-0.1509886384010315,-0.009336341172456741,0.1048751249909401,0.10092515498399734,-0.24441619217395782,0.2609821856021881
online_mind2web,2d5a7f95f951a26838289dfd629ae850_110325,0.46498870849609375,-0.23388627171516418,0.126084566116333,0.1689688265323639,-0.1502520740032196,-0.006795655004680157,0.1041012853384018,0.10532453656196594,-0.2434813380241394,0.26063641905784607
online_mind2web,9c97bab9c2abfb90a426cbe9addae8d0_110325,0.464878112077713,-0.2341298907995224,0.12717925012111664,0.1691814810037613,-0.15059399604797363,-0.009023775346577168,0.10537883639335632,0.10135840624570847,-0.24370990693569183,0.26034975051879883
online_mind2web,bbbc243b4f18a7a897f0bc84e11d293f,0.46426334977149963,0.23368854820728302,0.010508919134736061,-0.16475437581539154,0.149489626288414,-0.13614924252033234,-0.23076032102108002,-0.04525022208690643,0.1128094270825386,-0.2817416787147522
online_mind2web,c577a14301a725e09ccd269a3e0b271e_110325,0.4623187780380249,-0.23461328446865082,0.12630902230739594,0.16827206313610077,-0.14962925016880035,-0.010312320664525032,0.10457975417375565,0.10118615627288818,-0.24250343441963196,0.2588251829147339
online_mind2web,3084bc225219fcb73dc1cb0f97276c1c,0.45838695764541626,-0.1805388480424881,0.0666375607252121,0.16683587431907654,-0.04830004647374153,0.1479032039642334,-0.1056370809674263,-0.36301231384277344,-0.10251335054636002,-0.013764160685241222
online_mind2web,271b36efd4346721b5542488ff997042,0.4543397128582001,-0.18274296820163727,0.11732432246208191,0.09855447709560394,-0.15810814499855042,-0.07889613509178162,0.17878565192222595,-0.11976061761379242,-0.1467379331588745,0.28962886333465576
online_mind2web,3adeea7627f4343069f38adae40f73d0,0.45125794410705566,-0.17450132966041565,0.08222836256027222,0.09763044863939285,-0.2443997859954834,0.0681266337633133,0.24237866699695587,-0.16762597858905792,-0.14982877671718597,0.11693365126848221
online_mind2web,644a856c3897665e475e0dce50bf217d,0.4420655369758606,-0.005799488630145788,0.11733154207468033,0.09737728536128998,0.09083614498376846,0.358585000038147,0.047604236751794815,-0.022510427981615067,0.17773659527301788,-0.031229889020323753
online_mind2web,11abb668c751dd56bb41f296a8bb3a13,0.4205334782600403,0.10882129520177841,-0.035035546869039536,-0.03611418604850769,0.11002958565950394,0.2828039526939392,0.1461637020111084,0.11611456423997879,0.21767862141132355,-0.0013021755730733275
online_mind2web,7b182a5087347d494b48a29dbc0f1d3e,0.4176829159259796,-0.10403688997030258,0.13402554392814636,0.09640007466077805,-0.07724080979824066,0.27642908692359924,-0.12906236946582794,0.1514984667301178,-0.13251769542694092,0.08748822659254074
online_mind2web,a6f0434ce6aff5f9b03681241b03ad82,0.41527697443962097,0.026364903897047043,0.16404852271080017,-0.0887477770447731,-0.06095400080084801,0.09827928990125656,0.33557987213134766,-0.01792675256729126,0.08835037052631378,0.05959581583738327
online_mind2web,a172a5d9ffaf5ef02bd550ec4fe24e6d,0.39224037528038025,0.25712186098098755,-0.08760375529527664,-0.15986962616443634,0.1778521090745926,-0.06560774147510529,0.045775916427373886,0.04846993088722229,0.21964441239833832,-0.1788731962442398
online_mind2web,26784156ae9859a0dd6c5920eb106f91,0.38954171538352966,0.1897760033607483,-0.05457448214292526,-0.16299986839294434,0.09288738667964935,-0.3059794306755066,-0.05270635709166527,0.0758381336927414,0.06425256282091141,-0.0853591039776802
online_mind2web,3f312ae3efc3c3e90ababe050dd4e7ae,0.37474143505096436,0.12759874761104584,0.11223103851079941,-0.02269984409213066,0.1477159857749939,-0.072059266269207,-0.19115346670150757,-0.14000174403190613,0.16778779029846191,-0.12654893100261688
online_mind2web,8f80e64e44e1fada018997b2fe869683,0.3703254759311676,-0.1285756528377533,0.036976736038923264,0.00019158428767696023,-0.09006339311599731,0.2213900238275528,0.217091366648674,-0.17475365102291107,0.030642788857221603,0.0064971051178872585
online_mind2web,b7258ee05d75e6c50673a59914db412e_110325,0.31828227639198303,-0.11724238097667694,0.03182082623243332,0.09290552884340286,-0.08111132681369781,0.08683603256940842,-0.06630267947912216,0.1759604960680008,-0.13223329186439514,0.15715046226978302
online_mind2web,5e1b8254c123c80178cc28e0afdb14f0_110325,0.3137665092945099,0.11291538923978806,-0.023779381066560745,-0.08839196711778641,0.07346312701702118,-0.0865151658654213,0.07406330853700638,-0.18086056411266327,0.12888869643211365,-0.1496024876832962
online_mind2web,3dca7cbe7d086619d837ff9f5312cebc_110325,0.3109435439109802,0.11444711685180664,-0.026784181594848633,-0.09011202305555344,0.07576160132884979,-0.08410409837961197,0.0699094831943512,-0.1764976680278778,0.12723663449287415,-0.1510201245546341
online_mind2web,853afd530c72f4b00ffc32ae854efaf8,0.31001538038253784,0.05462932214140892,-0.1809433251619339,-0.004582906607538462,0.07975387573242188,0.07005560398101807,0.11535483598709106,0.16328291594982147,0.07247879356145859,0.08281520754098892
online_mind2web,fe33894188d20d7469f37a9fd855e7ff_110325,0.3092506527900696,0.09934400767087936,-0.006919249892234802,-0.07315508276224136,0.058108411729335785,-0.11135166883468628,0.09437759220600128,-0.18650415539741516,0.11311089247465134,-0.13407324254512787
online_mind2web,b1ce968a361e1088ce8d2ade6c2c9af0,0.3068023920059204,0.03837006539106369,0.08129984885454178,0.042139988392591476,-0.01338922418653965,0.1563645899295807,-0.20723474025726318,-0.11261646449565887,-0.008658836595714092,-0.0735488012433052
online_mind2web,8f2611047de227a2ca8bda13f6e2e5fb_110325,0.3051774203777313,-0.10715694725513458,0.021257469430565834,0.0834207832813263,-0.06973371654748917,0.09168519824743271,-0.07600361853837967,0.1774740368127823,-0.12146108597517014,0.14292308688163757
online_mind2web,9f1cba613830ca1c6a58f9498c06e679,0.2952333688735962,0.07314433157444,-0.10776501893997192,-0.1246744766831398,0.06642770767211914,-0.20718751847743988,-0.05882618948817253,0.08688592165708542,0.018627669662237167,-0.03619029372930527
online_mind2web,1ab384fb3a791edfb410213cc6b82151_110325,0.2846762239933014,-0.12722237408161163,0.10859151184558868,0.05185201019048691,-0.0959300547838211,-0.04692141339182854,0.17204096913337708,-0.0088961785659194,-0.10224878042936325,0.12257064133882523
online_mind2web,64345c365f544375357c7b67917f08a0_110325,0.28052544593811035,-0.1118769645690918,0.13762806355953217,0.0928763896226883,-0.1246904507279396,-0.02363772504031658,0.088343545794487,-0.07325690239667892,-0.09035445749759674,0.11698497831821442
online_mind2web,11857213ca01510f12813740afd59918_110325,0.2755718231201172,-0.0005916364025324583,-0.10876999795436859,0.029679369181394577,0.06319332867860794,0.06007455289363861,-0.1503628045320511,0.17483317852020264,-0.04763707518577576,0.013446657918393612
online_mind2web,d1807551297ac60ecaaabbd2a2ed301a_110325,0.27482378482818604,0.00031698017846792936,0.1098594218492508,-0.02791190892457962,-0.06494854390621185,-0.06110263615846634,0.15107828378677368,-0.1722976416349411,0.04585960879921913,-0.010671285912394524
online_mind2web,2c8ef01a92c71ba9ef2e59bb17eea2b3_110325,0.274170845746994,0.12415298074483871,-0.10766612738370895,-0.047974515706300735,0.09288442879915237,0.043596070259809494,-0.16701474785804749,0.020186427980661392,0.0965028628706932,-0.11460258811712265
online_mind2web,e43cbc8a0bf9e999884928d11006f894_110325,0.264055460691452,-0.11976674944162369,0.103268563747406,0.04325532913208008,-0.08889006823301315,-0.046555258333683014,0.16197726130485535,-0.020169014111161232,-0.09059039503335953,0.11077453196048737
online_mind2web,d8e2a81fa621ce4737e5ea85671b630e_110325,0.26103514432907104,-0.11596541851758957,0.10208909958600998,0.04042799025774002,-0.08668571710586548,-0.04826314002275467,0.1638430655002594,-0.022061921656131744,-0.08660175651311874,0.10680750757455826
online_mind2web,864244b6969e0f8733b0eb1ca06cd51f,0.2566426992416382,0.15518724918365479,-0.06031884253025055,-0.14906758069992065,0.04238460585474968,-0.045362457633018494,-0.14718684554100037,0.0476599745452404,0.05310014262795448,-0.09693652391433716
online_mind2web,eb323dc584156d0eb3a2b90bb8c4b791_110325,0.2534402310848236,-0.10861528664827347,0.09919258952140808,0.03149895742535591,-0.08150246739387512,-0.049957554787397385,0.16542492806911469,-0.03345267102122307,-0.0778111144900322,0.09860596060752869
online_mind2web,0a0fa834ce41b5297c6474293383759d_110325,0.2402327060699463,-0.12212222069501877,-0.0019636270590126514,0.10998112708330154,-0.014848834834992886,-0.029499569907784462,0.01740482822060585,0.09406691044569016,-0.1535845398902893,0.10854314267635345
online_mind2web,9f1cba613830ca1c6a58f9498c06e679_110325,0.23485367000102997,-0.12481546401977539,-0.0017662191530689597,0.10804256796836853,-0.01467951387166977,-0.031067511066794395,0.015426046214997768,0.08559116721153259,-0.15167969465255737,0.10829916596412659
online_mind2web,dd44c665cec1e9c929a4c5f074e7844a_110325,0.2342572957277298,-0.12522874772548676,0.0010904145892709494,0.10845135152339935,-0.01567208580672741,-0.03161415830254555,0.017521871253848076,0.08580683916807175,-0.15115153789520264,0.1065453514456749
online_mind2web,9c04b71bb8db6cf8e743b2290cbc8797,0.23316417634487152,-0.011493426747620106,-0.19990937411785126,0.07508299499750137,0.00800822488963604,0.015164468437433243,-0.07771073281764984,-0.04809926077723503,0.009090932086110115,0.005922860000282526
online_mind2web,8f80e64e44e1fada018997b2fe869683_110325,0.23074550926685333,0.12101230025291443,0.0021642802748829126,-0.10605672746896744,0.01306337770074606,0.029930828139185905,-0.016240820288658142,-0.08545937389135361,0.1493399292230606,-0.10514174401760101
online_mind2web,2dd41b1d0e8f389d0683f4a4627abfe6,0.22923892736434937,-0.03499976545572281,0.04218941181898117,0.04285404086112976,-0.0721445381641388,-0.14663243293762207,-0.042998090386390686,0.07266119122505188,-0.02604936622083187,0.12008793652057648
online_mind2web,b7a9a6b5d451164c09bbd27b670bc2ae,0.2226448655128479,0.014336403459310532,0.17477957904338837,-0.014713107608258724,0.06171441823244095,-0.03133967146277428,0.07307897508144379,0.020757269114255905,0.027555402368307114,-0.08651483058929443
online_mind2web,79f0bd7df6e685f30f20025cc6755c0a_110325,0.22000135481357574,-0.11654617637395859,-0.007703247480094433,0.10139593482017517,-0.006445934530347586,-0.030696969479322433,0.009617489762604237,0.0838441401720047,-0.14317286014556885,0.09723921865224838
online_mind2web,6db4a0e346976f2729ba9afcd3208941,0.19891658425331116,-0.05980992317199707,-0.028135256841778755,0.07954414188861847,-0.050285834819078445,0.04707949236035347,-0.08106733858585358,0.08698450773954391,-0.006509832106530666,0.11628930270671844
online_mind2web,2fc51dd3febd447f0fdcdabca8d944ce_110325,0.13049939274787903,0.007138192653656006,0.03201954439282417,0.017093241214752197,-0.04994208365678787,0.07217767834663391,-0.08331926167011261,0.01864815503358841,0.010112426243722439,0.024833759292960167
online_mind2web,502e864440283214e0180645015f568b_110325,0.12837007641792297,0.008681758306920528,0.03264366835355759,0.01571149379014969,-0.050394341349601746,0.0706837922334671,-0.07999797910451889,0.02233392558991909,0.011822543106973171,0.024338772520422935
online_mind2web,199be0b54a436daee74247971fc684ee_110325,0.08806590735912323,-0.007413237355649471,0.003467514179646969,0.04197874292731285,0.009448537603020668,-0.04110202565789223,0.004097077529877424,-0.06152746081352234,-0.01881793513894081,-0.0067960224114358425
scicode,58,1.1636744737625122,-0.619167149066925,0.3873029053211212,-0.4698916971683502,0.4385407567024231,-0.29507318139076233,-0.4186250865459442,0.45325154066085815,0.39566221833229065,0.40831097960472107
scicode,45,1.1631386280059814,-0.6206344366073608,0.3863397538661957,-0.4710114002227783,0.43731778860092163,-0.2938505709171295,-0.41734737157821655,0.45506519079208374,0.3951127529144287,0.4084225296974182
scicode,50,1.1610528230667114,-0.6138758063316345,0.3857967257499695,-0.4700123965740204,0.4378124475479126,-0.2933158576488495,-0.41672515869140625,0.45287778973579407,0.3946981430053711,0.40747302770614624
scicode,80,1.1610149145126343,-0.6186936497688293,0.3861677050590515,-0.4694252610206604,0.4362909495830536,-0.2939802408218384,-0.4176470637321472,0.45220717787742615,0.3947206437587738,0.4086209833621979
scicode,35,1.1591200828552246,-0.6081316471099854,0.38503971695899963,-0.4670616388320923,0.43665048480033875,-0.29313164949417114,-0.41646260023117065,0.4542886018753052,0.3940756916999817,0.40675869584083557
scicode,40,1.1590709686279297,-0.6060727834701538,0.38510891795158386,-0.4684312045574188,0.4373251497745514,-0.2922721803188324,-0.41582077741622925,0.4522596299648285,0.39407479763031006,0.40778884291648865
scicode,77,1.1590174436569214,-0.6184312701225281,0.38572201132774353,-0.4684682786464691,0.4369093179702759,-0.2939178943634033,-0.4147699773311615,0.4521915316581726,0.39398932456970215,0.4075058400630951
scicode,42,1.1584028005599976,-0.6095932722091675,0.38502341508865356,-0.4679907262325287,0.4374549388885498,-0.29224270582199097,-0.4163565933704376,0.4518585205078125,0.3938637375831604,0.4064585864543915
scicode,41,1.158086895942688,-0.6170448660850525,0.3849489390850067,-0.4694571793079376,0.4367507994174957,-0.29300132393836975,-0.41566118597984314,0.45071014761924744,0.3932955265045166,0.40668579936027527
scicode,2,1.156550645828247,-0.6153793334960938,0.38417866826057434,-0.4666345417499542,0.4365794360637665,-0.29177942872047424,-0.41441765427589417,0.4527423679828644,0.39359623193740845,0.4060739278793335
scicode,27,1.1565003395080566,-0.6139506101608276,0.3842259347438812,-0.4667801260948181,0.43646883964538574,-0.2924361824989319,-0.41448643803596497,0.45260897278785706,0.3923332095146179,0.40666505694389343
scicode,31,1.1560813188552856,-0.6119990944862366,0.38426488637924194,-0.465727835893631,0.4352016746997833,-0.29196301102638245,-0.4152834415435791,0.4534188508987427,0.3930051326751709,0.40597689151763916
scicode,62,1.1559035778045654,-0.6171048879623413,0.38408124446868896,-0.46792489290237427,0.434789776802063,-0.2920945882797241,-0.4149389863014221,0.4514505863189697,0.39252716302871704,0.4064726233482361
scicode,17,1.1549088954925537,-0.6074283719062805,0.3836365342140198,-0.4665992558002472,0.43491870164871216,-0.29212114214897156,-0.41474682092666626,0.452218621969223,0.3924877345561981,0.40480899810791016
scicode,71,1.1545659303665161,-0.6066490411758423,0.38250547647476196,-0.4677923321723938,0.43568727374076843,-0.2911846935749054,-0.41478127241134644,0.44972723722457886,0.39260876178741455,0.4059932827949524
scicode,5,1.1544023752212524,-0.6167792081832886,0.38336795568466187,-0.46519380807876587,0.435622900724411,-0.29196110367774963,-0.4125807583332062,0.4523647129535675,0.3921142816543579,0.4070010185241699
scicode,9,1.154352068901062,-0.6180513501167297,0.3833608031272888,-0.46567603945732117,0.4360983073711395,-0.2911119759082794,-0.414102166891098,0.45203399658203125,0.3924628794193268,0.4048934876918793
scicode,46,1.1542223691940308,-0.6161959767341614,0.3837983310222626,-0.4656122624874115,0.43501532077789307,-0.29172563552856445,-0.41453060507774353,0.4505140781402588,0.3927719295024872,0.40586057305336
scicode,13,1.1540204286575317,-0.611116886138916,0.3833962678909302,-0.46689531207084656,0.4354238212108612,-0.29085931181907654,-0.4133535623550415,0.4516824781894684,0.39194175601005554,0.40507999062538147
scicode,79,1.153583288192749,-0.6120787858963013,0.38327521085739136,-0.46707549691200256,0.4350092113018036,-0.2904773950576782,-0.41141077876091003,0.45251691341400146,0.3917742967605591,0.40566909313201904
scicode,39,1.1530207395553589,-0.6137639284133911,0.38312700390815735,-0.46673256158828735,0.43302682042121887,-0.29045233130455017,-0.412820965051651,0.4519626200199127,0.39223378896713257,0.40548452734947205
scicode,26,1.1520130634307861,-0.6164126992225647,0.3829849064350128,-0.46715033054351807,0.4340238571166992,-0.2914073169231415,-0.4140791594982147,0.4467470347881317,0.3917165994644165,0.4055194854736328
scicode,61,1.1508556604385376,-0.6018250584602356,0.3819769024848938,-0.4651106595993042,0.4335324764251709,-0.28946593403816223,-0.41351133584976196,0.4504489600658417,0.3908524513244629,0.4047617018222809
scicode,73,1.1506860256195068,-0.6075642108917236,0.3822813332080841,-0.46550503373146057,0.4330371022224426,-0.2903192639350891,-0.4120842516422272,0.45116567611694336,0.390821248292923,0.40414440631866455
scicode,22,1.1500275135040283,-0.6063232421875,0.38199007511138916,-0.4637010395526886,0.4343099892139435,-0.28949394822120667,-0.4126822352409363,0.45136910676956177,0.39051443338394165,0.40330398082733154
scicode,52,1.1494158506393433,-0.6130781173706055,0.3820226192474365,-0.4645513892173767,0.43166664242744446,-0.29003632068634033,-0.413269966840744,0.44895604252815247,0.3915853798389435,0.4040515422821045
scicode,28,1.1493455171585083,-0.6135951280593872,0.38206931948661804,-0.4616207480430603,0.4343611001968384,-0.2902621328830719,-0.4126121401786804,0.4504617750644684,0.3906688690185547,0.4040001332759857
scicode,12,1.149276614189148,-0.6142112612724304,0.3817689120769501,-0.4652392268180847,0.43323010206222534,-0.2901015877723694,-0.41264545917510986,0.44919753074645996,0.3905261754989624,0.40277665853500366
scicode,34,1.1485512256622314,-0.6059314608573914,0.3814007043838501,-0.4659484922885895,0.43255048990249634,-0.2895539402961731,-0.4121381640434265,0.4481250047683716,0.3902803361415863,0.403313010931015
scicode,67,1.1482882499694824,-0.6112721562385559,0.3812623918056488,-0.46509164571762085,0.4334661662578583,-0.2890819013118744,-0.41151493787765503,0.44885513186454773,0.39002078771591187,0.403114914894104
scicode,24,1.1473472118377686,-0.6133501529693604,0.38107991218566895,-0.46694955229759216,0.43260458111763,-0.289608895778656,-0.412027508020401,0.4442881643772125,0.3902733623981476,0.4032987058162689
scicode,76,1.1471129655838013,-0.614816427230835,0.3809129595756531,-0.46549007296562195,0.4326440393924713,-0.28929242491722107,-0.41143858432769775,0.4475895166397095,0.3888102173805237,0.4030260443687439
scicode,55,1.146937608718872,-0.6182191967964172,0.38066762685775757,-0.46355685591697693,0.43279972672462463,-0.28913402557373047,-0.41169625520706177,0.4481862783432007,0.38989686965942383,0.40295740962028503
scicode,37,1.1469124555587769,-0.6159976124763489,0.38103675842285156,-0.4641857147216797,0.4330069422721863,-0.28879207372665405,-0.41186949610710144,0.44695040583610535,0.3893051743507385,0.4036028981208801
scicode,18,1.1467657089233398,-0.6158913373947144,0.3811080753803253,-0.4627995789051056,0.4328673481941223,-0.2889924645423889,-0.4108670651912689,0.44899123907089233,0.3898561894893646,0.4029408097267151
scicode,64,1.146208643913269,-0.6056109070777893,0.3811950385570526,-0.4606633484363556,0.4317426085472107,-0.2888401746749878,-0.41250595450401306,0.44895413517951965,0.3896893560886383,0.4035651981830597
scicode,11,1.1461536884307861,-0.611015796661377,0.380426287651062,-0.46301335096359253,0.43200045824050903,-0.2882392704486847,-0.4109264314174652,0.44955262541770935,0.38929417729377747,0.4029247462749481
scicode,63,1.1454904079437256,-0.6079223155975342,0.3802974224090576,-0.46429672837257385,0.4307478666305542,-0.2887783348560333,-0.4117831587791443,0.4470489025115967,0.38919466733932495,0.40264567732810974
scicode,72,1.1453702449798584,-0.6136283874511719,0.3801127076148987,-0.4637804329395294,0.4312821328639984,-0.28856801986694336,-0.4113059639930725,0.4479438066482544,0.3889710605144501,0.402361124753952
scicode,75,1.1449397802352905,-0.6101165413856506,0.3802992105484009,-0.461658239364624,0.4321470856666565,-0.28864800930023193,-0.41065841913223267,0.4485619068145752,0.388929545879364,0.4024277329444885
scicode,33,1.144917607307434,-0.6201967000961304,0.3803806006908417,-0.463156133890152,0.43247082829475403,-0.2884911894798279,-0.4119330644607544,0.44594117999076843,0.3889830708503723,0.40188926458358765
scicode,59,1.1440482139587402,-0.6086064577102661,0.38009387254714966,-0.4601564109325409,0.4310755729675293,-0.28797686100006104,-0.41084012389183044,0.4487401247024536,0.38903453946113586,0.4029502868652344
scicode,65,1.1437952518463135,-0.6118021607398987,0.3795807361602783,-0.463955283164978,0.43126219511032104,-0.28807544708251953,-0.4105183780193329,0.4476484954357147,0.3878442943096161,0.400773286819458
scicode,69,1.1428101062774658,-0.6129133701324463,0.3793356716632843,-0.4627208709716797,0.43105828762054443,-0.2876652479171753,-0.409614622592926,0.44709643721580505,0.38801324367523193,0.40151306986808777
scicode,48,1.1427597999572754,-0.607659637928009,0.37934190034866333,-0.46154168248176575,0.43144428730010986,-0.28760504722595215,-0.41033393144607544,0.44678521156311035,0.3885078430175781,0.4014832377433777
scicode,23,1.1425634622573853,-0.6144371628761292,0.37926381826400757,-0.4637720584869385,0.4315788149833679,-0.28742051124572754,-0.41038787364959717,0.44644492864608765,0.3881286382675171,0.3990989327430725
scicode,32,1.1416796445846558,-0.615408182144165,0.37932178378105164,-0.4632192850112915,0.43083053827285767,-0.28801286220550537,-0.4088265001773834,0.4453573524951935,0.38793617486953735,0.40053969621658325
scicode,43,1.1415846347808838,-0.6075451970100403,0.3785972595214844,-0.4630567729473114,0.43088260293006897,-0.28607869148254395,-0.4104061424732208,0.44545918703079224,0.38782382011413574,0.4008524715900421
scicode,57,1.1413147449493408,-0.6108943819999695,0.3787808120250702,-0.46253499388694763,0.43039363622665405,-0.2869422733783722,-0.40945127606391907,0.4466124475002289,0.3879358470439911,0.4000050127506256
scicode,68,1.1405353546142578,-0.6116701364517212,0.37889429926872253,-0.45708465576171875,0.4297325611114502,-0.28681355714797974,-0.410390168428421,0.44780194759368896,0.38847070932388306,0.40192705392837524
scicode,60,1.140183448791504,-0.619323194026947,0.37867555022239685,-0.4597037136554718,0.4296090602874756,-0.2876087725162506,-0.4093467593193054,0.44673794507980347,0.3876604437828064,0.40074020624160767
scicode,54,1.139765977859497,-0.6058045625686646,0.37814661860466003,-0.4603979289531708,0.43053141236305237,-0.28632429242134094,-0.4092436134815216,0.4461034834384918,0.38732975721359253,0.40031662583351135
scicode,66,1.138763189315796,-0.6100124716758728,0.37792038917541504,-0.4610292613506317,0.43001893162727356,-0.28620120882987976,-0.40824732184410095,0.445614218711853,0.38682061433792114,0.39964261651039124
scicode,21,1.137958288192749,-0.6154022216796875,0.37773028016090393,-0.46149560809135437,0.42876705527305603,-0.2862866520881653,-0.40834730863571167,0.4450671374797821,0.3862476050853729,0.3993370532989502
scicode,15,0.9713870882987976,-0.4690611958503723,0.324207067489624,-0.38411152362823486,0.3523380756378174,-0.25504574179649353,-0.34411659836769104,0.3773547410964966,0.32729676365852356,0.3658066689968109
scicode,14,0.9583649635314941,-0.47199028730392456,0.3135751485824585,-0.40094634890556335,0.34435179829597473,-0.24477624893188477,-0.339853435754776,0.3753390312194824,0.3200587332248688,0.34937813878059387
scicode,8,0.8960396647453308,-0.4236626923084259,0.2990991771221161,-0.35628852248191833,0.30456414818763733,-0.24083034694194794,-0.3000527322292328,0.3772895932197571,0.29284587502479553,0.34291237592697144
scicode,30,0.8586028218269348,-0.4425569176673889,0.27086058259010315,-0.3844717741012573,0.33412808179855347,-0.20752044022083282,-0.3033371567726135,0.33226004242897034,0.2896154820919037,0.27390003204345703
scicode,16,0.7169699668884277,-0.34414079785346985,0.22271497547626495,-0.30110135674476624,0.2719043493270874,-0.18475085496902466,-0.24747265875339508,0.2775934338569641,0.24499768018722534,0.259600430727005
scicode,36,0.6389554738998413,-0.30875489115715027,0.20705047249794006,-0.23182673752307892,0.22475624084472656,-0.16315311193466187,-0.27300411462783813,0.2515171766281128,0.19403868913650513,0.24304960668087006
scicode,25,0.4833343029022217,-0.2111828625202179,0.1708865910768509,-0.18900655210018158,0.13154669106006622,-0.14896322786808014,-0.14764267206192017,0.20791618525981903,0.12043289095163345,0.222845658659935
scicode,56,0.46561917662620544,-0.20416224002838135,0.15798941254615784,-0.1333886981010437,0.16113199293613434,-0.13590708374977112,-0.20463262498378754,0.16073845326900482,0.12316324561834335,0.21617868542671204
scicode,53,0.41460585594177246,-0.1828306019306183,0.1494266539812088,-0.16009953618049622,0.08059749007225037,-0.13065552711486816,-0.134316086769104,0.18368598818778992,0.10935824364423752,0.1913907378911972
scicode,20,0.3987967371940613,-0.14648807048797607,0.11905648559331894,-0.16187500953674316,0.06253739446401596,-0.14792852103710175,-0.18203990161418915,0.15368910133838654,0.07600654661655426,0.17415863275527954
scicode,74,0.12882724404335022,0.06264577060937881,-0.013163035735487938,0.052197426557540894,-0.09073402732610703,0.001724872156046331,0.05327536538243294,0.015877487137913704,-0.03335096687078476,0.03550124168395996
scienceagentbench,74,1.0085561275482178,-0.5704647898674011,-0.4294902980327606,-0.41504746675491333,0.40676507353782654,0.35046276450157166,0.28010866045951843,0.16355246305465698,-0.4011123478412628,-0.32569289207458496
scienceagentbench,67,1.004463791847229,-0.5743330717086792,-0.42731907963752747,-0.41399893164634705,0.4061391353607178,0.35103943943977356,0.2741595506668091,0.16084742546081543,-0.4003859758377075,-0.3246980309486389
scienceagentbench,5,1.0012422800064087,-0.5759698152542114,-0.42691633105278015,-0.41257524490356445,0.40404796600341797,0.3499408960342407,0.27379193902015686,0.15977290272712708,-0.39852944016456604,-0.32400888204574585
scienceagentbench,62,0.9998815655708313,-0.5752121210098267,-0.4261346757411957,-0.4101985991001129,0.40513941645622253,0.3485903739929199,0.2732487618923187,0.16225917637348175,-0.398462176322937,-0.32325106859207153
scienceagentbench,44,0.9997487664222717,-0.5621690154075623,-0.42614513635635376,-0.4121374487876892,0.40394923090934753,0.3530727028846741,0.27211233973503113,0.15127252042293549,-0.39891502261161804,-0.3227129280567169
scienceagentbench,2,0.9993248581886292,-0.5709726214408875,-0.42607709765434265,-0.41241419315338135,0.4042234718799591,0.35068222880363464,0.2703515291213989,0.15905362367630005,-0.3965288996696472,-0.32407593727111816
scienceagentbench,12,0.996193528175354,-0.5713620781898499,-0.42454347014427185,-0.41075506806373596,0.4010560214519501,0.3472730219364166,0.27323946356773376,0.1616891771554947,-0.3963959813117981,-0.32259467244148254
scienceagentbench,87,0.9954283833503723,-0.5710269808769226,-0.4223683476448059,-0.409762978553772,0.40334928035736084,0.3441937565803528,0.27433860301971436,0.1679709553718567,-0.3945918679237366,-0.3228595554828644
scienceagentbench,10,0.9948756098747253,-0.5716238617897034,-0.42436787486076355,-0.410379558801651,0.4000105559825897,0.34818872809410095,0.2746284008026123,0.1535888910293579,-0.39710211753845215,-0.3214556872844696
scienceagentbench,61,0.9948391318321228,-0.5688643455505371,-0.42395666241645813,-0.4100452661514282,0.4008619487285614,0.34630051255226135,0.27337104082107544,0.15958276391029358,-0.3969111740589142,-0.32167887687683105
scienceagentbench,9,0.9941264390945435,-0.5776670575141907,-0.4227302074432373,-0.40941834449768066,0.40141794085502625,0.3460581600666046,0.27511096000671387,0.16211587190628052,-0.39438948035240173,-0.3218071758747101
scienceagentbench,1,0.994011640548706,-0.5664925575256348,-0.42389124631881714,-0.4105047881603241,0.40085524320602417,0.3456825315952301,0.2731318771839142,0.16140390932559967,-0.39486798644065857,-0.32110267877578735
scienceagentbench,26,0.9934987425804138,-0.5677787065505981,-0.42239871621131897,-0.4100341796875,0.4004687964916229,0.34753888845443726,0.27175211906433105,0.1577557623386383,-0.39680933952331543,-0.3211522698402405
scienceagentbench,29,0.9933582544326782,-0.5684561133384705,-0.4228902757167816,-0.40948233008384705,0.40038618445396423,0.34576162695884705,0.27339550852775574,0.1602715104818344,-0.3960455656051636,-0.3210986256599426
scienceagentbench,32,0.9922373294830322,-0.5683262348175049,-0.42185962200164795,-0.4088229238986969,0.40205317735671997,0.3423171639442444,0.2736520767211914,0.16630694270133972,-0.3938157558441162,-0.32089102268218994
scienceagentbench,64,0.9915899038314819,-0.5658816695213318,-0.42169418931007385,-0.409221887588501,0.40053072571754456,0.3456065356731415,0.2720458507537842,0.16069968044757843,-0.3941938281059265,-0.32073527574539185
scienceagentbench,8,0.9915422797203064,-0.5639791488647461,-0.42283353209495544,-0.4095088243484497,0.4003518223762512,0.3457601070404053,0.2706683278083801,0.1576942503452301,-0.39510589838027954,-0.32031434774398804
scienceagentbench,31,0.9911024570465088,-0.5725456476211548,-0.42092645168304443,-0.4086255729198456,0.40074771642684937,0.3419230282306671,0.27294132113456726,0.16711583733558655,-0.3937622308731079,-0.32116466760635376
scienceagentbench,34,0.9902092814445496,-0.5689689517021179,-0.42276155948638916,-0.40686100721359253,0.3997742831707001,0.34386295080184937,0.27318450808525085,0.1622578352689743,-0.3933406472206116,-0.32018086314201355
scienceagentbench,37,0.989701509475708,-0.5695710778236389,-0.42106375098228455,-0.4075464606285095,0.4010144770145416,0.3450890779495239,0.26951485872268677,0.16076889634132385,-0.39396771788597107,-0.3201964199542999
scienceagentbench,30,0.9881043434143066,-0.5657815337181091,-0.4213016629219055,-0.4073401391506195,0.39885440468788147,0.3440462052822113,0.270435631275177,0.16042771935462952,-0.3928603529930115,-0.3197886049747467
scienceagentbench,43,0.9877318143844604,-0.5717753767967224,-0.4210357666015625,-0.40604862570762634,0.3997751772403717,0.3440735936164856,0.271005243062973,0.16178302466869354,-0.3917907178401947,-0.31959837675094604
scienceagentbench,78,0.98661869764328,-0.5728966593742371,-0.42141127586364746,-0.40777257084846497,0.39788198471069336,0.34464776515960693,0.26949989795684814,0.1552441120147705,-0.39297419786453247,-0.318274587392807
scienceagentbench,60,0.9863376021385193,-0.5704914331436157,-0.4206177592277527,-0.4066777527332306,0.3978186547756195,0.3420727252960205,0.2708260118961334,0.16070237755775452,-0.3932863175868988,-0.31849050521850586
scienceagentbench,95,0.9861984252929688,-0.5760204792022705,-0.4197923243045807,-0.4069964587688446,0.3990015685558319,0.34418854117393494,0.27108967304229736,0.1542731672525406,-0.39341455698013306,-0.3177778124809265
scienceagentbench,59,0.9855101108551025,-0.5757291316986084,-0.41985923051834106,-0.40707269310951233,0.3986507058143616,0.34374740719795227,0.26857563853263855,0.15785622596740723,-0.3926661014556885,-0.31767508387565613
scienceagentbench,72,0.9853056073188782,-0.5738752484321594,-0.4193632900714874,-0.40608465671539307,0.3985223174095154,0.3424950838088989,0.2693018615245819,0.16059565544128418,-0.3928561806678772,-0.3182505667209625
scienceagentbench,36,0.9846007227897644,-0.568015456199646,-0.4186023771762848,-0.4054153859615326,0.3980574309825897,0.34285420179367065,0.26939430832862854,0.16040454804897308,-0.3926366865634918,-0.31840816140174866
scienceagentbench,68,0.9841888546943665,-0.5722604393959045,-0.42018991708755493,-0.40637150406837463,0.39663127064704895,0.3432543873786926,0.2695596516132355,0.15694841742515564,-0.3917224109172821,-0.31788167357444763
scienceagentbench,21,0.9841267466545105,-0.5748216509819031,-0.4184214472770691,-0.40536820888519287,0.39860862493515015,0.3421665132045746,0.26960232853889465,0.1608234941959381,-0.39133375883102417,-0.31850752234458923
scienceagentbench,15,0.9839761853218079,-0.5714048743247986,-0.4193814992904663,-0.40552249550819397,0.3969755172729492,0.3414708375930786,0.2691567540168762,0.16217483580112457,-0.391876757144928,-0.3183935880661011
scienceagentbench,65,0.983771562576294,-0.5705004930496216,-0.41991907358169556,-0.4049271047115326,0.39764925837516785,0.343100368976593,0.2686578333377838,0.15693043172359467,-0.3924936056137085,-0.3175062835216522
scienceagentbench,22,0.9798038005828857,-0.5706539750099182,-0.4184977114200592,-0.4045312702655792,0.39573997259140015,0.3414853513240814,0.26814576983451843,0.15588633716106415,-0.3895179331302643,-0.3163548409938812
scienceagentbench,42,0.9131072163581848,-0.4896630346775055,-0.35605156421661377,-0.3624410927295685,0.4065925180912018,0.309171199798584,0.22161109745502472,0.22257114946842194,-0.3430889844894409,-0.3136316239833832
scienceagentbench,56,0.9044052362442017,-0.4830966591835022,-0.36092609167099,-0.35644954442977905,0.3984593152999878,0.30733591318130493,0.21948528289794922,0.2164185643196106,-0.34041061997413635,-0.31065988540649414
scienceagentbench,35,0.9043253660202026,-0.4752669334411621,-0.3576890528202057,-0.35537511110305786,0.4035629630088806,0.304735004901886,0.22035087645053864,0.22129540145397186,-0.3379426598548889,-0.3100217580795288
scienceagentbench,47,0.8953244090080261,-0.4775131046772003,-0.3508036136627197,-0.3652205169200897,0.371796190738678,0.2843391001224518,0.21411031484603882,0.2722126841545105,-0.33731943368911743,-0.3038881719112396
scienceagentbench,70,0.8952291011810303,-0.4812917709350586,-0.3787473142147064,-0.3529956340789795,0.3347610533237457,0.2595987319946289,0.2831069827079773,0.21545398235321045,-0.377346009016037,-0.29148462414741516
scienceagentbench,24,0.8915465474128723,-0.48591309785842896,-0.39580097794532776,-0.3739839792251587,0.35164666175842285,0.25333258509635925,0.27144792675971985,0.19952243566513062,-0.3444359004497528,-0.2799478769302368
scienceagentbench,63,0.8912603259086609,-0.4808124601840973,-0.38188448548316956,-0.3719283640384674,0.3294314444065094,0.2882142663002014,0.30062851309776306,0.18161147832870483,-0.3429282605648041,-0.2786143124103546
scienceagentbench,25,0.8897080421447754,-0.49022558331489563,-0.37532833218574524,-0.3700335919857025,0.3365927040576935,0.2893458306789398,0.29467907547950745,0.18459969758987427,-0.3429463803768158,-0.2797204256057739
scienceagentbench,92,0.8803189396858215,-0.47217875719070435,-0.37558043003082275,-0.34437862038612366,0.32872456312179565,0.2520081698894501,0.27856478095054626,0.21715354919433594,-0.3716011643409729,-0.28442007303237915
scienceagentbench,75,0.8626624941825867,-0.48583683371543884,-0.3649202287197113,-0.35524991154670715,0.3578483760356903,0.2882421314716339,0.21968163549900055,0.1446394920349121,-0.36537691950798035,-0.26645350456237793
scienceagentbench,101,0.8595154881477356,-0.4896445572376251,-0.3663577437400818,-0.3319455087184906,0.3506380319595337,0.22647394239902496,0.28898271918296814,0.2222602367401123,-0.33989495038986206,-0.2677394151687622
scienceagentbench,85,0.8478634357452393,-0.48206275701522827,-0.36399680376052856,-0.3399814963340759,0.33585238456726074,0.32924193143844604,0.19710013270378113,0.11148421466350555,-0.32430320978164673,-0.3051959276199341
scienceagentbench,94,0.8153408169746399,0.4306629002094269,0.3414429724216461,0.35235363245010376,-0.25683102011680603,-0.4018987715244293,-0.15733455121517181,0.10630898922681808,0.3124640882015228,0.2507387399673462
scienceagentbench,93,0.7973169088363647,-0.4067501127719879,-0.30793997645378113,-0.2957881689071655,0.37349697947502136,0.28253936767578125,0.17703315615653992,0.20832647383213043,-0.3027595281600952,-0.26012328267097473
scienceagentbench,98,0.795347273349762,-0.40787604451179504,-0.34859251976013184,-0.317169189453125,0.2853797674179077,0.16127583384513855,0.2768307626247406,0.25086694955825806,-0.3203737139701843,-0.24658454954624176
scienceagentbench,7,0.793188214302063,-0.4234602749347687,-0.3295261561870575,-0.3174048364162445,0.3027423918247223,0.21271690726280212,0.23995143175125122,0.20156650245189667,-0.3532754182815552,-0.24475200474262238
scienceagentbench,52,0.7907907962799072,-0.4066631495952606,-0.3256813883781433,-0.3394124507904053,0.29813504219055176,0.30136820673942566,0.180685356259346,0.14195014536380768,-0.3219798803329468,-0.26058679819107056
scienceagentbench,89,0.7751211524009705,-0.4130043089389801,-0.3414399027824402,-0.32255032658576965,0.3117762506008148,0.22591541707515717,0.22499169409275055,0.18560965359210968,-0.308732807636261,-0.2270738035440445
scienceagentbench,102,0.7747049331665039,-0.42127707600593567,-0.3318840563297272,-0.34249287843704224,0.2660859525203705,0.31957200169563293,0.234701007604599,0.02568046748638153,-0.3018867075443268,-0.23002536594867706
scienceagentbench,77,0.7496578097343445,-0.4192908704280853,-0.30523431301116943,-0.31048619747161865,0.32753345370292664,0.23719888925552368,0.21708086133003235,0.13698679208755493,-0.303768128156662,-0.22519148886203766
scienceagentbench,91,0.7349457740783691,-0.3490560054779053,-0.27305036783218384,-0.29373234510421753,0.31152966618537903,0.24546349048614502,0.14478681981563568,0.2637895941734314,-0.2543313205242157,-0.25840747356414795
scienceagentbench,97,0.7213699817657471,-0.3383181691169739,-0.2809946537017822,-0.2886258661746979,0.2760228216648102,0.21657806634902954,0.14726029336452484,0.3169291317462921,-0.23776735365390778,-0.23739022016525269
scienceagentbench,38,0.7128295302391052,-0.023272065445780754,0.021004240959882736,0.02432309277355671,0.12309601902961731,-0.1730121672153473,0.16619223356246948,0.6523985266685486,0.0009719576919451356,-0.09360890835523605
scienceagentbench,49,0.7119219899177551,-0.19449183344841003,-0.16150416433811188,-0.1477283537387848,0.20291946828365326,-0.052609883248806,0.17697781324386597,0.5795645117759705,-0.10999453067779541,-0.188855841755867
scienceagentbench,86,0.7088649868965149,-0.35983213782310486,-0.31240004301071167,-0.2894119322299957,0.2314150333404541,0.3297632038593292,0.15943922102451324,-0.024604657664895058,-0.3069422245025635,-0.19646894931793213
scienceagentbench,33,0.6704966425895691,-0.29425323009490967,-0.22860899567604065,-0.2510364353656769,0.27876171469688416,0.13603632152080536,0.16056011617183685,0.35165178775787354,-0.19676846265792847,-0.22341445088386536
scienceagentbench,76,0.6678894758224487,0.08745221793651581,0.09114784002304077,0.07006188482046127,0.04649538919329643,-0.2950684428215027,0.14131790399551392,0.5524617433547974,0.12425337731838226,-0.05485348030924797
scienceagentbench,53,0.6655229330062866,0.270902156829834,0.20681342482566833,0.263724148273468,-0.1342620849609375,-0.3850570321083069,-0.049745410680770874,0.29674214124679565,0.20475517213344574,0.17846044898033142
scienceagentbench,19,0.6560556888580322,0.05187198892235756,0.06592265516519547,0.05551833659410477,0.12125921994447708,-0.2568419575691223,0.09727557003498077,0.5739783644676208,0.045393045991659164,-0.03653990477323532
scienceagentbench,51,0.6548279523849487,-0.12869732081890106,-0.08099835366010666,-0.1287374049425125,0.22126008570194244,0.0018909942591562867,0.12442957609891891,0.5469931960105896,-0.1217079907655716,-0.1649511158466339
scienceagentbench,54,0.6538513898849487,-0.38306859135627747,-0.26405972242355347,-0.2754083573818207,0.29550930857658386,0.2779048979282379,0.14303459227085114,-0.06458553671836853,-0.2517825663089752,-0.17135585844516754
scienceagentbench,39,0.653722882270813,0.024806316941976547,-0.0037701530382037163,0.0030805659480392933,0.05649574100971222,-0.26167967915534973,0.14965812861919403,0.5757025480270386,0.005141297355294228,-0.04247927665710449
scienceagentbench,55,0.6436980366706848,-0.30142828822135925,-0.22543561458587646,-0.23497922718524933,0.246412992477417,0.1573907434940338,0.15343508124351501,0.34669166803359985,-0.19545070827007294,-0.20219074189662933
scienceagentbench,58,0.6172520518302917,-0.3114652931690216,-0.20724162459373474,-0.2562253475189209,0.2847815752029419,0.29005947709083557,0.09401360154151917,-0.058774348348379135,-0.23365965485572815,-0.20068562030792236
scienceagentbench,48,0.6122189164161682,-0.31021982431411743,-0.20572665333747864,-0.2194429636001587,0.2903338372707367,0.1552698314189911,0.11149697005748749,0.2976941466331482,-0.16734056174755096,-0.21650545299053192
scienceagentbench,57,0.601435661315918,0.3077050447463989,0.2449507713317871,0.27279675006866455,-0.2467721700668335,-0.27567973732948303,-0.12034770101308823,0.0330975204706192,0.22240681946277618,0.15926790237426758
scienceagentbench,23,0.579261064529419,0.009575264528393745,-0.008807570673525333,-0.003976391162723303,0.08275338262319565,-0.17368201911449432,0.10386180132627487,0.5209857225418091,0.08535555005073547,-0.09453806281089783
scienceagentbench,3,0.5710808038711548,0.23382581770420074,0.22275063395500183,0.2082657665014267,-0.03152397274971008,-0.3028916120529175,-0.017219137400388718,0.29021477699279785,0.17824658751487732,0.15527641773223877
scienceagentbench,50,0.5696733593940735,-0.17352637648582458,-0.14733438193798065,-0.18941660225391388,0.23467184603214264,0.10372189432382584,0.026031265035271645,0.39201846718788147,-0.10877770930528641,-0.1868792027235031
scienceagentbench,4,0.5691587328910828,-0.33817970752716064,-0.22163473069667816,-0.24626527726650238,0.26735129952430725,0.10131403803825378,0.23313076794147491,0.12621130049228668,-0.18905024230480194,-0.16251958906650543
scienceagentbench,84,0.5678747892379761,-0.25587186217308044,-0.20692917704582214,-0.24007223546504974,0.23139724135398865,0.12289441376924515,0.11046510189771652,0.2806222438812256,-0.1859852820634842,-0.16684655845165253
scienceagentbench,99,0.5506071448326111,-0.05510593205690384,-0.05154037848114967,0.030369605869054794,0.055824898183345795,-0.20148321986198425,0.21843218803405762,0.45522817969322205,-0.014868045225739479,-0.026668477803468704
scienceagentbench,6,0.5438653826713562,-0.2928928732872009,-0.1871730089187622,-0.17809303104877472,0.18990913033485413,0.29665902256965637,0.035695817321538925,-0.18815690279006958,-0.24514122307300568,-0.09052745252847672
scienceagentbench,45,0.5437892079353333,0.2606934905052185,0.2511224150657654,0.23667991161346436,-0.10021091252565384,-0.26205480098724365,-0.17193587124347687,0.08799410611391068,0.19987697899341583,0.14372269809246063
scienceagentbench,69,0.5339795351028442,0.2156912237405777,0.16987216472625732,0.21507838368415833,-0.13822613656520844,-0.2964034378528595,0.021033598110079765,0.19637548923492432,0.20457223057746887,0.14900295436382294
scienceagentbench,80,0.5309107899665833,0.2719167172908783,0.21642838418483734,0.24823154509067535,-0.12190878391265869,-0.242288276553154,-0.0781874731183052,0.0568624809384346,0.24339093267917633,0.1767907589673996
scienceagentbench,14,0.515849769115448,-0.027983803302049637,0.06671778857707977,0.006847228854894638,0.1933983862400055,-0.08749491721391678,0.013119191862642765,0.4576793611049652,-0.018025953322649002,-0.0810992643237114
scienceagentbench,28,0.5025705695152283,-0.083595409989357,-0.08900086581707001,-0.06658565998077393,0.09382973611354828,-0.1530873328447342,0.19143442809581757,0.39986100792884827,-0.06037260219454765,-0.08832792937755585
scienceagentbench,83,0.48824045062065125,-0.08242998272180557,-0.024329211562871933,-0.0190013125538826,0.18105977773666382,-0.0406477116048336,0.02026115544140339,0.4314855635166168,-0.004574823658913374,-0.12798306345939636
scienceagentbench,17,0.4600391089916229,-0.25771766901016235,-0.1113547831773758,-0.1022428497672081,0.22655867040157318,-0.0109064606949687,0.23025192320346832,0.24619737267494202,-0.10129162669181824,-0.11595525592565536
scienceagentbench,88,0.45152968168258667,-0.19928888976573944,-0.1259344518184662,-0.03615842014551163,0.13043102622032166,-0.06828094273805618,0.25500714778900146,0.2823931574821472,-0.09369196742773056,-0.10716747492551804
scienceagentbench,27,0.4430069029331207,-0.17888420820236206,-0.20570498704910278,-0.11209140717983246,0.05074019730091095,-0.08834382146596909,0.22962045669555664,0.21991902589797974,-0.1570373773574829,-0.07243073731660843
scienceagentbench,13,0.4407888352870941,-0.11925280094146729,-0.08240057528018951,-0.0927305594086647,0.11165746301412582,-0.032691676169633865,0.21337935328483582,0.3091793358325958,-0.13242948055267334,-0.08191263675689697
scienceagentbench,11,0.4293801784515381,0.13282500207424164,0.05805381014943123,0.09012619405984879,-0.11599159240722656,-0.20613962411880493,0.05554060637950897,0.32239070534706116,0.09811350703239441,-0.01673339121043682
scienceagentbench,90,0.4238493740558624,0.09262984246015549,0.08216901868581772,0.044909775257110596,0.05471571907401085,-0.1930117905139923,-0.049953971058130264,0.3521260917186737,0.06250918656587601,-0.015385382808744907
scienceagentbench,73,0.4232860505580902,0.18991868197917938,0.12843482196331024,0.18088765442371368,-0.11940772831439972,-0.23734094202518463,0.03070838935673237,0.1900988072156906,0.08818260580301285,0.1204557940363884
scienceagentbench,81,0.4091552495956421,-0.23601122200489044,-0.22961850464344025,-0.18881431221961975,0.11429785937070847,0.024625074118375778,0.1631547212600708,0.04429629445075989,-0.17984235286712646,-0.06661243736743927
scienceagentbench,18,0.40820440649986267,0.08171062171459198,0.08221147954463959,0.06297142058610916,0.02670864388346672,-0.16334621608257294,0.011273622512817383,0.3483872711658478,0.0836021900177002,-0.004611619748175144
scienceagentbench,71,0.3755268156528473,-0.2429787963628769,-0.11018987745046616,-0.1505272537469864,0.21331456303596497,0.15781880915164948,0.08100937306880951,-0.04966261610388756,-0.10793434828519821,-0.12301024794578552
scienceagentbench,96,0.3566139340400696,0.10032114386558533,0.1325836032629013,0.10006282478570938,0.10685115307569504,-0.1387118697166443,-0.10234592109918594,0.210191011428833,0.10867974162101746,0.04957946017384529
scienceagentbench,66,0.3465512692928314,-0.17824137210845947,-0.12496503442525864,-0.11246850341558456,0.15997549891471863,0.14970655739307404,0.07555820792913437,0.05408260598778725,-0.07468943297863007,-0.1720920205116272
scienceagentbench,46,0.3335438370704651,-0.026591168716549873,0.053773000836372375,0.053679969161748886,0.14131717383861542,-0.026019368320703506,-0.10136628150939941,0.26456186175346375,0.03337324038147926,-0.05872812867164612
scienceagentbench,100,0.30453479290008545,-0.13246336579322815,-0.16472980380058289,-0.12415632605552673,0.011362019926309586,0.0542001873254776,0.13549715280532837,-0.028276003897190094,-0.1482662707567215,-0.07734394818544388
scienceagentbench,16,0.27662724256515503,-0.13512934744358063,-0.09967660158872604,-0.08105035126209259,0.10928851366043091,0.08329759538173676,0.04272954910993576,0.06712715327739716,-0.18224723637104034,-0.039870426058769226
scienceagentbench,79,0.27635133266448975,0.07539284974336624,0.07876726984977722,0.09405510872602463,-0.05991765111684799,-0.09871342778205872,-0.03513437137007713,-0.17171521484851837,0.07246525585651398,0.10960468649864197
scienceagentbench,40,0.2563405930995941,0.01225475873798132,0.06225653365254402,-0.02206380106508732,0.07695087790489197,0.07505839318037033,-0.05955270305275917,0.18744736909866333,0.043599553406238556,-0.09596167504787445
scienceagentbench,20,0.25329458713531494,-0.033753011375665665,0.012982354499399662,-0.008568228222429752,0.0619184635579586,-0.1324964165687561,0.09950465708971024,0.16818638145923615,0.06468308717012405,-0.012459849938750267
scienceagentbench,41,0.20210877060890198,-0.028701288625597954,-0.09948699176311493,-0.10111207515001297,0.0016871786210685968,0.05713216960430145,-0.049333225935697556,0.05973464995622635,-0.08921769261360168,-0.05914325639605522
scienceagentbench,82,0.14309173822402954,-0.02309664711356163,-0.012713241390883923,-0.04644794389605522,0.028747282922267914,-0.028157178312540054,0.08106891810894012,-0.00041860935743898153,-0.06597689539194107,0.07491113990545273
swebench_verified_mini,django__django-12050,1.402182698249817,0.4589986801147461,-0.4850359261035919,-0.5246482491493225,-0.23509874939918518,0.5812721252441406,-0.6276037096977234,0.7081683278083801,-0.09987165033817291,0.3963443636894226
swebench_verified_mini,sphinx-doc__sphinx-9367,1.3749629259109497,0.28761231899261475,-0.4148308336734772,-0.5769858360290527,-0.21510860323905945,0.6172310709953308,-0.6345340013504028,0.5647287368774414,0.02996593900024891,0.48562344908714294
swebench_verified_mini,sphinx-doc__sphinx-9698,1.308912754058838,0.30097827315330505,-0.346576988697052,-0.5405909419059753,-0.32154685258865356,0.6043973565101624,-0.5890485644340515,0.5190319418907166,-0.0040490576066076756,0.46456536650657654
swebench_verified_mini,sphinx-doc__sphinx-9230,1.3034281730651855,-0.2678910791873932,-0.09816518425941467,-0.6339307427406311,-0.2232433259487152,0.6020175218582153,-0.5317276120185852,-0.017341777682304382,0.4308028817176819,0.6375983357429504
swebench_verified_mini,sphinx-doc__sphinx-8269,1.2644305229187012,0.13352228701114655,-0.31462472677230835,-0.5958462953567505,-0.1833709329366684,0.5648366212844849,-0.6397110819816589,0.38762855529785156,0.11177591979503632,0.4691671133041382
swebench_verified_mini,sphinx-doc__sphinx-7757,1.2621490955352783,-0.2268463373184204,-0.15766605734825134,-0.6449450850486755,-0.16357535123825073,0.572390615940094,-0.5827452540397644,0.061520181596279144,0.3369884192943573,0.5838508009910583
swebench_verified_mini,django__django-11880,1.2529188394546509,0.4890700578689575,-0.4914109408855438,-0.41022545099258423,-0.22142665088176727,0.5091186761856079,-0.505238950252533,0.6893987059593201,-0.1562618464231491,0.3112064599990845
swebench_verified_mini,django__django-12708,1.242661952972412,0.01090892031788826,-0.2503587007522583,-0.5787468552589417,-0.13386322557926178,0.6157724261283875,-0.5820074677467346,0.26487451791763306,0.24500374495983124,0.5296869874000549
swebench_verified_mini,django__django-12209,1.216545581817627,0.05389225855469704,-0.21695828437805176,-0.543228805065155,-0.3481912612915039,0.5584685802459717,-0.5299648642539978,0.33251938223838806,0.09039725363254547,0.5523467063903809
swebench_verified_mini,sphinx-doc__sphinx-10466,1.2067127227783203,0.09407291561365128,-0.2654331922531128,-0.5949990749359131,-0.12233474850654602,0.5735883116722107,-0.5565585494041443,0.2443820983171463,0.23822304606437683,0.5113484859466553
swebench_verified_mini,django__django-12713,1.2045035362243652,0.27079492807388306,-0.31464913487434387,-0.5082316994667053,-0.29848533868789673,0.5536351799964905,-0.5344048142433167,0.48208004236221313,0.003114120801910758,0.42417019605636597
swebench_verified_mini,django__django-9296,1.1958777904510498,0.7137349843978882,-0.49658486247062683,-0.2960691452026367,-0.1943422555923462,0.4317816197872162,-0.44258296489715576,0.7589678764343262,-0.2710634768009186,0.16210633516311646
swebench_verified_mini,django__django-11999,1.1886506080627441,0.23366066813468933,-0.247542604804039,-0.4747695326805115,-0.22291681170463562,0.5802616477012634,-0.5734206438064575,0.4168015718460083,0.04886080324649811,0.4846535325050354
swebench_verified_mini,sphinx-doc__sphinx-8475,1.1844161748886108,-0.004382389597594738,-0.27016788721084595,-0.5219409465789795,-0.12321729212999344,0.5342611074447632,-0.632436990737915,0.3380599021911621,0.14469733834266663,0.4707576036453247
swebench_verified_mini,sphinx-doc__sphinx-9320,1.1668089628219604,0.1230207309126854,-0.3804648816585541,-0.4989094138145447,-0.1861220747232437,0.5109691619873047,-0.5328777432441711,0.4579939842224121,-0.0003681645612232387,0.42229223251342773
swebench_verified_mini,django__django-12304,1.1610221862792969,-0.32048937678337097,-0.05785348638892174,-0.5340456962585449,-0.0923103541135788,0.5221864581108093,-0.4529639482498169,-0.10951646417379379,0.48887234926223755,0.567498505115509
swebench_verified_mini,sphinx-doc__sphinx-8035,1.1581993103027344,-0.2887285053730011,-0.07976981997489929,-0.5895615220069885,-0.21935412287712097,0.5026687383651733,-0.479015976190567,-0.05280613526701927,0.3754510283470154,0.5598922967910767
swebench_verified_mini,sphinx-doc__sphinx-8551,1.1250172853469849,-0.5394372940063477,0.06298401951789856,-0.502958357334137,-0.17237918078899384,0.4306643307209015,-0.3818036615848541,-0.25502684712409973,0.511462926864624,0.5666888952255249
swebench_verified_mini,django__django-12774,1.1214516162872314,-0.04084496945142746,-0.19232620298862457,-0.5351444482803345,-0.18377625942230225,0.5637683868408203,-0.4594242572784424,0.06284382939338684,0.33360719680786133,0.5063225626945496
swebench_verified_mini,django__django-12039,1.121286153793335,-0.11270394921302795,-0.14143958687782288,-0.5127713680267334,-0.16359004378318787,0.54266357421875,-0.48117658495903015,0.06526140868663788,0.3327224552631378,0.5537179112434387
swebench_verified_mini,sphinx-doc__sphinx-8721,1.1179077625274658,0.17029598355293274,-0.3447054624557495,-0.4842788577079773,-0.11033181846141815,0.46483954787254333,-0.5968711972236633,0.39207425713539124,0.062185075134038925,0.3927804231643677
swebench_verified_mini,django__django-11951,1.1039810180664062,0.3965016007423401,-0.26183944940567017,-0.39512279629707336,-0.23890720307826996,0.4576239585876465,-0.5440860986709595,0.5170990824699402,-0.10936877876520157,0.39014488458633423
swebench_verified_mini,sphinx-doc__sphinx-8548,1.0785624980926514,-0.8377259969711304,0.20369437336921692,-0.3521639406681061,-0.04916974529623985,0.18206268548965454,-0.13614337146282196,-0.5808095932006836,0.6415568590164185,0.44130709767341614
swebench_verified_mini,django__django-11885,1.0598126649856567,-0.9731874465942383,0.2753017246723175,-0.25442877411842346,0.011557365767657757,0.048407554626464844,-0.009297320619225502,-0.6813939213752747,0.6370659470558167,0.3316078186035156
swebench_verified_mini,django__django-12262,1.045949101448059,0.2171195149421692,-0.3174140155315399,-0.4972502291202545,-0.2032310515642166,0.5150429606437683,-0.4590194523334503,0.23298871517181396,0.15290482342243195,0.3886716067790985
swebench_verified_mini,django__django-12143,1.0423623323440552,0.3088418245315552,-0.36091071367263794,-0.42059651017189026,-0.12332133948802948,0.43748143315315247,-0.48681652545928955,0.4943959414958954,0.0053894612938165665,0.30218592286109924
swebench_verified_mini,sphinx-doc__sphinx-8265,1.0271085500717163,-0.8216254711151123,0.21289226412773132,-0.32851362228393555,-0.06064515560865402,0.1853180229663849,-0.11935010552406311,-0.5597907900810242,0.6073373556137085,0.40892326831817627
swebench_verified_mini,sphinx-doc__sphinx-7590,1.0211762189865112,-1.0512629747390747,0.29534900188446045,-0.19277620315551758,0.04772012680768967,-0.018974941223859787,0.049205370247364044,-0.6956409215927124,0.5957273244857788,0.27302268147468567
swebench_verified_mini,django__django-12155,1.016610860824585,0.27234339714050293,-0.3037196695804596,-0.4203107953071594,-0.10100676119327545,0.4354884922504425,-0.5225116610527039,0.3966168463230133,0.018067536875605583,0.36618074774742126
swebench_verified_mini,sphinx-doc__sphinx-7748,1.01460599899292,-1.0437078475952148,0.2933580279350281,-0.19221648573875427,0.05044829472899437,-0.017553428187966347,0.04919661581516266,-0.691474199295044,0.5922515392303467,0.26878848671913147
swebench_verified_mini,sphinx-doc__sphinx-9461,1.0142426490783691,-0.8782697916030884,0.2196570336818695,-0.309330552816391,-0.021409276872873306,0.13344767689704895,-0.09694938361644745,-0.5923117399215698,0.6081050634384155,0.36940860748291016
swebench_verified_mini,sphinx-doc__sphinx-9229,1.0131746530532837,-1.03427255153656,0.2844650149345398,-0.2082962691783905,0.038187626749277115,0.004317997954785824,0.028253639116883278,-0.6794680953025818,0.5975004434585571,0.2850549817085266
swebench_verified_mini,django__django-12406,1.0079811811447144,-1.0448579788208008,0.29198068380355835,-0.1882433295249939,0.04387820139527321,-0.021625995635986328,0.05365191772580147,-0.6853475570678711,0.5893568396568298,0.27022889256477356
swebench_verified_mini,sphinx-doc__sphinx-8056,1.000845193862915,-1.0438095331192017,0.2845091223716736,-0.1971811205148697,0.04205859825015068,-0.01578696072101593,0.04401183873414993,-0.6790825724601746,0.5850953459739685,0.2728007137775421
swebench_verified_mini,sphinx-doc__sphinx-7985,0.9997677206993103,-1.0441604852676392,0.2835679352283478,-0.19650764763355255,0.04429704695940018,-0.015887754037976265,0.044922664761543274,-0.6798364520072937,0.5838483572006226,0.27059245109558105
swebench_verified_mini,sphinx-doc__sphinx-9281,0.99964839220047,-0.2615337371826172,-0.03828601911664009,-0.4564119279384613,-0.3067864179611206,0.4640515148639679,-0.39549779891967773,0.04808919131755829,0.24002353847026825,0.5135321021080017
swebench_verified_mini,sphinx-doc__sphinx-11510,0.9691182374954224,-0.9673308730125427,0.23472075164318085,-0.24574533104896545,0.023342275992035866,0.04300989210605621,-0.01923871599137783,-0.6161977052688599,0.5815622210502625,0.32097741961479187
swebench_verified_mini,sphinx-doc__sphinx-10435,0.964953601360321,-0.903731107711792,0.19188648462295532,-0.3075365722179413,0.013895364478230476,0.1196068748831749,-0.08900222182273865,-0.5631192326545715,0.5764914751052856,0.3575895428657532
swebench_verified_mini,sphinx-doc__sphinx-10323,0.9550631642341614,-0.38580283522605896,-0.01267697662115097,-0.4751264750957489,-0.22344444692134857,0.4257192611694336,-0.399666965007782,-0.028198841959238052,0.279832661151886,0.4650164246559143
swebench_verified_mini,django__django-12273,0.9325463771820068,-0.980902373790741,0.2521723508834839,-0.19668671488761902,0.0252652820199728,0.021480711176991463,0.030069228261709213,-0.6142811179161072,0.5524653196334839,0.2877553105354309
swebench_verified_mini,sphinx-doc__sphinx-10673,0.913850724697113,-0.4163109362125397,0.012606097385287285,-0.3599112033843994,-0.09766408801078796,0.3314942717552185,-0.264039546251297,-0.2514588534832001,0.4764423370361328,0.4754531979560852
swebench_verified_mini,django__django-12276,0.9051641225814819,0.4237222671508789,-0.3828582167625427,-0.29107633233070374,-0.2593536972999573,0.3861878514289856,-0.3268999457359314,0.46069571375846863,-0.10936367511749268,0.20136114954948425
swebench_verified_mini,django__django-12325,0.8851003646850586,-0.7430422902107239,0.13411806523799896,-0.29000645875930786,-0.035516899079084396,0.1937984824180603,-0.0806652083992958,-0.4612179100513458,0.5307727456092834,0.37622255086898804
swebench_verified_mini,django__django-12308,0.8783240914344788,-0.6955089569091797,0.10775846242904663,-0.34643101692199707,-0.08594588935375214,0.2150881141424179,-0.17259855568408966,-0.34567105770111084,0.4722422957420349,0.46247780323028564
swebench_verified_mini,django__django-11815,0.7835546731948853,-0.001904285978525877,-0.24754074215888977,-0.34131908416748047,-0.16885490715503693,0.3408461809158325,-0.30822983384132385,0.21673762798309326,0.10891565680503845,0.3710138201713562
swebench_verified_mini,sphinx-doc__sphinx-8638,0.7320886254310608,-0.7045563459396362,0.11950981616973877,-0.22928813099861145,0.07216756045818329,0.07679098844528198,-0.05668158829212189,-0.42055845260620117,0.44931986927986145,0.27572184801101685
swebench_verified_mini,django__django-11848,0.7208781242370605,-0.2920834720134735,-0.07921125739812851,-0.3624851703643799,0.00811797846108675,0.3169029653072357,-0.23627956211566925,-0.15620018541812897,0.3706037998199463,0.25284048914909363
swebench_verified_mini,django__django-11964,0.6262183785438538,-0.6270896196365356,0.02647886797785759,-0.301656037569046,0.07200168818235397,0.15611159801483154,-0.22820980846881866,-0.19012026488780975,0.34982091188430786,0.245554119348526
swebench_verified_mini,django__django-12193,0.5521771311759949,-0.5229586958885193,-0.0068010506220161915,-0.2717326879501343,-0.1360321193933487,0.10383538156747818,-0.08714179694652557,-0.2134624421596527,0.28532692790031433,0.2591462731361389
swebench_verified_mini,django__django-11790,0.4607739746570587,-0.28409603238105774,-0.14304734766483307,-0.2175777703523636,0.023883987218141556,0.15193064510822296,-0.09246184676885605,-0.1284470409154892,0.2668400704860687,0.15686051547527313
taubench_airline,36,1.339215636253357,0.2613884508609772,-0.48566898703575134,0.22363755106925964,-0.6169766783714294,0.23575584590435028,0.6886446475982666,0.19707167148590088,-0.6577569842338562,0.354480504989624
taubench_airline,38,1.2820956707000732,0.49566036462783813,-0.5303037166595459,0.27009478211402893,-0.4354223906993866,0.2852320671081543,0.7469050884246826,0.2284153550863266,-0.5371787548065186,0.3464741110801697
taubench_airline,44,1.1837472915649414,-0.13640093803405762,-0.3813592195510864,-0.2823655605316162,-0.536946713924408,-0.13072234392166138,0.2878939211368561,-0.2326176017522812,-0.5966595411300659,0.6145696043968201
taubench_airline,30,1.1435281038284302,-0.2690488398075104,-0.4882632791996002,0.03357979655265808,-0.6375911831855774,0.001268853317014873,0.3195132613182068,-0.24801824986934662,-0.49717000126838684,0.5008233785629272
taubench_airline,20,1.1057276725769043,-0.06883146613836288,-0.48105448484420776,-0.04642323777079582,-0.5505965352058411,0.043872345238924026,0.34569934010505676,-0.22006438672542572,-0.5073930621147156,0.5085269808769226
taubench_airline,18,1.10554838180542,0.47090762853622437,-0.45367348194122314,0.3354742228984833,-0.3666155934333801,0.29444199800491333,0.6293924450874329,0.13638438284397125,-0.4591686427593231,0.23916547000408173
taubench_airline,46,1.0496249198913574,-0.31266433000564575,0.42088422179222107,-0.24797257781028748,0.44197291135787964,-0.19980330765247345,-0.5818957686424255,-0.07951608300209045,0.4765975773334503,-0.23610666394233704
taubench_airline,42,1.033280611038208,0.8141598701477051,-0.36473697423934937,0.22916217148303986,-0.15660803020000458,0.2213272601366043,0.673528790473938,0.32133492827415466,-0.44877564907073975,0.2243029773235321
taubench_airline,12,1.022538661956787,0.6925768256187439,-0.4205658733844757,0.22800813615322113,-0.16881626844406128,0.2696639895439148,0.6092522144317627,0.2845299243927002,-0.4497780203819275,0.24710054695606232
taubench_airline,10,1.0201826095581055,-0.6140767931938171,-0.20781715214252472,-0.28822705149650574,-0.4897591769695282,-0.3034290075302124,-0.12172923237085342,-0.5101019144058228,-0.2565651834011078,0.49165910482406616
taubench_airline,49,1.0024768114089966,0.47317200899124146,-0.32794299721717834,0.13478025794029236,-0.3846476972103119,0.11915405094623566,0.5645939111709595,0.290441632270813,-0.4800252616405487,0.28904858231544495
taubench_airline,29,0.9510098695755005,-0.025161175057291985,-0.308590292930603,-0.050606850534677505,-0.5561441779136658,-0.20745256543159485,0.25105196237564087,0.07219491899013519,-0.3333016633987427,0.5243745446205139
taubench_airline,41,0.9480469226837158,0.3164043128490448,-0.43042829632759094,0.13747483491897583,-0.35491594672203064,0.0749685987830162,0.47054609656333923,-0.05493339151144028,-0.43860936164855957,0.38240036368370056
taubench_airline,32,0.9416894912719727,-0.6541923880577087,0.4677906036376953,-0.526086151599884,0.015006832778453827,-0.41004258394241333,-0.4417596757411957,-0.07205446064472198,0.06649641692638397,0.13438402116298676
taubench_airline,26,0.9365954399108887,-0.38057947158813477,0.2515765428543091,-0.5961222648620605,-0.11574237048625946,-0.37833094596862793,-0.14558900892734528,-0.03413994610309601,-0.33075425028800964,0.4126351475715637
taubench_airline,1,0.9345859289169312,0.3960134983062744,-0.3588326871395111,-0.04426197707653046,-0.3280109763145447,0.02655521221458912,0.39248642325401306,0.11789080500602722,-0.46826183795928955,0.4972137212753296
taubench_airline,8,0.9122668504714966,-0.8447316288948059,-0.12343305349349976,-0.24107451736927032,-0.48753055930137634,-0.29024651646614075,-0.2842230498790741,-0.5158592462539673,-0.029127955436706543,0.2986757159233093
taubench_airline,2,0.8994631767272949,-1.0661998987197876,0.18903221189975739,-0.37837570905685425,-0.28419575095176697,-0.3508302867412567,-0.47325369715690613,-0.4080539643764496,0.08025858551263809,0.17136208713054657
taubench_airline,25,0.8983882069587708,-1.1379228830337524,0.30741292238235474,-0.4105679392814636,-0.22245773673057556,-0.3594507873058319,-0.5069715976715088,-0.2934081554412842,0.11016303300857544,0.10047824680805206
taubench_airline,23,0.8861806392669678,-0.8687493801116943,0.264497309923172,-0.43088239431381226,-0.18225768208503723,-0.4401794672012329,-0.45493048429489136,-0.21979494392871857,0.05218177288770676,0.21148830652236938
taubench_airline,9,0.884540319442749,-1.1528043746948242,0.29694679379463196,-0.40442076325416565,-0.22249571979045868,-0.3561733067035675,-0.49708065390586853,-0.29171884059906006,0.10653271526098251,0.10380745679140091
taubench_airline,11,0.87742018699646,-0.2759581208229065,-0.24512839317321777,-0.08068113774061203,-0.5062718987464905,-0.15767604112625122,0.2068103402853012,0.10180837661027908,-0.39293739199638367,0.46320682764053345
taubench_airline,19,0.8583509922027588,-1.0854127407073975,0.3050837218761444,-0.35967886447906494,-0.15283243358135223,-0.3053776025772095,-0.5210272669792175,-0.3052988350391388,0.1809730976819992,0.016737468540668488
taubench_airline,28,0.8455157279968262,-0.6975402235984802,0.3136734068393707,-0.5603401064872742,-0.2201344221830368,-0.3119811713695526,-0.2728809118270874,0.0063210586085915565,-0.16298311948776245,0.23593614995479584
taubench_airline,22,0.8384265899658203,-0.6917999386787415,0.27854087948799133,-0.4281806945800781,-0.26835453510284424,-0.42030227184295654,-0.3406091332435608,-0.0708397701382637,0.03160599246621132,0.26708710193634033
taubench_airline,31,0.8302353024482727,-0.24484947323799133,0.24207302927970886,-0.5710708498954773,-0.08221778273582458,-0.30304738879203796,-0.16053450107574463,0.110287606716156,-0.20318183302879333,0.356025755405426
taubench_airline,35,0.805586040019989,0.30891555547714233,-0.29968079924583435,0.19352445006370544,-0.24511420726776123,0.1340208202600479,0.5075449347496033,0.08212695270776749,-0.3692086338996887,0.20737478137016296
taubench_airline,4,0.7889370322227478,0.12674760818481445,-0.25936639308929443,-0.012551643885672092,-0.3306976556777954,-0.10696818679571152,0.2648807466030121,-0.016288824379444122,-0.43410882353782654,0.41870325803756714
taubench_airline,0,0.7626897692680359,0.08156769722700119,-0.23767976462841034,-0.19458599388599396,-0.2257682830095291,-0.17440621554851532,0.1292513757944107,-0.2710953950881958,-0.4020007252693176,0.39261719584465027
taubench_airline,3,0.7509310841560364,-0.5680392384529114,-0.028361288830637932,-0.14325760304927826,-0.4786860942840576,-0.348294198513031,-0.1837698221206665,-0.2307361662387848,-0.01910323277115822,0.3236444592475891
taubench_airline,33,0.7217968702316284,-0.5210016965866089,0.44951343536376953,-0.29743441939353943,-0.13623295724391937,-0.33790719509124756,-0.2297075390815735,0.1498935967683792,-0.021604957059025764,0.14839152991771698
taubench_airline,45,0.7058837413787842,-0.8368345499038696,0.24540087580680847,-0.37537461519241333,-0.1440393477678299,-0.26774847507476807,-0.31744828820228577,-0.30787181854248047,-0.014000327326357365,0.0946209505200386
taubench_airline,34,0.7032248973846436,-0.2403590828180313,0.2725703716278076,-0.49509865045547485,0.025731639936566353,-0.20543968677520752,-0.09520452469587326,0.12109453231096268,-0.20282265543937683,0.2595680356025696
taubench_airline,6,0.6986657381057739,0.15096640586853027,-0.19158801436424255,-0.1983126848936081,-0.054842621088027954,-0.22479596734046936,0.012457169592380524,-0.1564016044139862,-0.2645024061203003,0.5137906074523926
taubench_airline,48,0.683495283126831,0.18297794461250305,0.16963188350200653,0.006509965751320124,-0.03740904480218887,-0.004159200470894575,0.18329672515392303,0.6057839393615723,-0.18203623592853546,0.05676831305027008
taubench_airline,24,0.6834048628807068,0.21488501131534576,0.37775978446006775,-0.06667432188987732,0.108499675989151,-0.035385843366384506,0.12610964477062225,0.5258833169937134,-0.11868120729923248,0.01810462400317192
taubench_airline,39,0.683306872844696,-0.10078384727239609,-0.2207658439874649,-0.05916144698858261,-0.3645789921283722,-0.2600208818912506,-0.07878667861223221,-0.3863280713558197,-0.013020291924476624,0.24190011620521545
taubench_airline,7,0.6717501282691956,0.2996818423271179,-0.3051290214061737,-0.017057456076145172,-0.15948905050754547,0.06921321153640747,0.27576208114624023,-0.05528462305665016,-0.3718110918998718,0.3320869207382202
taubench_airline,14,0.6109998226165771,0.19536203145980835,-0.18134406208992004,-0.2247007191181183,0.00613035773858428,-0.09745623171329498,0.12463189661502838,-0.1907501071691513,-0.2662011682987213,0.3970234990119934
taubench_airline,27,0.5787298083305359,-0.43292662501335144,0.3947327136993408,-0.2497488558292389,-0.15455804765224457,-0.1397419571876526,-0.13278645277023315,0.172622948884964,-0.15127255022525787,0.05485863983631134
taubench_airline,16,0.5719448924064636,-0.4766136109828949,0.12323117256164551,-0.06569760292768478,-0.3996931314468384,-0.08467363566160202,0.0717826783657074,0.16581977903842926,-0.22823461890220642,0.23654744029045105
taubench_airline,37,0.5486714243888855,0.11668360233306885,-0.19405223429203033,0.16751635074615479,-0.13376478850841522,0.2639070749282837,0.3326229751110077,0.011643202044069767,-0.1818605661392212,-0.06273356080055237
taubench_airline,5,0.5419299602508545,-0.07520606368780136,0.0653081014752388,-0.2649461328983307,-0.07747863978147507,-0.2075279951095581,-0.08445677906274796,-0.013768820092082024,-0.2313578724861145,0.3306155800819397
taubench_airline,21,0.538458526134491,-0.08462288975715637,0.2654181718826294,-0.12014376372098923,-0.05183197557926178,0.09118591248989105,0.10069258511066437,0.3951466977596283,-0.1651879847049713,-0.022087804973125458
taubench_airline,47,0.5286712050437927,-0.276651531457901,0.21952934563159943,-0.2350122630596161,0.001622318639419973,-0.09271650016307831,-0.003579063108190894,0.3222106099128723,-0.21817846596240997,0.12663349509239197
taubench_airline,13,0.521119236946106,0.09686078876256943,-0.2408636063337326,0.18804140388965607,-0.27118363976478577,0.06691808998584747,0.1980288326740265,0.03372938930988312,-0.13453491032123566,0.2042524665594101
taubench_airline,17,0.48662424087524414,-0.517827033996582,0.03216690197587013,0.035151466727256775,-0.2642729580402374,-0.23406431078910828,-0.2283778190612793,-0.168858602643013,0.14985838532447815,0.08233658969402313
taubench_airline,43,0.4812522530555725,0.5894922614097595,-0.06455938518047333,0.27386894822120667,0.20459382236003876,0.102569080889225,0.12435995042324066,0.2545381188392639,0.09830497950315475,-0.10066613554954529
taubench_airline,40,0.4600284993648529,-0.04338584467768669,-0.2001914530992508,-0.11975345015525818,-0.1765722781419754,-0.09205501526594162,-0.005042777396738529,-0.2977665960788727,0.01900854893028736,0.1688346117734909
taubench_airline,15,0.3210375905036926,-0.36841192841529846,0.20923151075839996,-0.03780892491340637,-0.1314176470041275,-0.021779073402285576,-0.10334392637014389,0.11259288340806961,0.06162681430578232,-0.11383272707462311
usaco,1276_bronze_air_cownditioning_ii,0.7206060290336609,-0.22832317650318146,0.25514039397239685,0.2580101191997528,0.2531494200229645,-0.25365638732910156,0.25107818841934204,-0.25494202971458435,0.2558850944042206,0.25625792145729065
usaco,1111_silver_year_of_the_cow,0.7193728685379028,-0.2284933179616928,0.2549177408218384,0.25753408670425415,0.25277480483055115,-0.2530452013015747,0.2507575750350952,-0.2542491853237152,0.2553471624851227,0.2560063600540161
usaco,86_bronze_moo_sick,0.7192655801773071,-0.2271823287010193,0.2547173798084259,0.25754043459892273,0.25268152356147766,-0.25286105275154114,0.2506982684135437,-0.2540251612663269,0.25548818707466125,0.2563116252422333
usaco,837_gold_out_of_sorts,0.7187603116035461,-0.2288147658109665,0.2547380328178406,0.2574321925640106,0.25265833735466003,-0.2526610791683197,0.25047141313552856,-0.253578782081604,0.25551629066467285,0.25583791732788086
usaco,278_bronze_bovine_ballet,0.7178221940994263,-0.22925326228141785,0.2540516257286072,0.25697052478790283,0.25265657901763916,-0.2528155744075775,0.2503468692302704,-0.25312715768814087,0.2546934187412262,0.25558924674987793
usaco,1016_silver_clock_tree,0.7168955206871033,-0.22749927639961243,0.2538621127605438,0.25659406185150146,0.2519913911819458,-0.25196903944015503,0.24995078146457672,-0.2535513937473297,0.25450414419174194,0.255202978849411
usaco,84_bronze_contest_timing,0.7164059281349182,-0.22907648980617523,0.2535606622695923,0.25644147396087646,0.2519049644470215,-0.2517261207103729,0.24996601045131683,-0.2531069815158844,0.25424104928970337,0.2552948296070099
usaco,1038_silver_social_distancing,0.7153370976448059,-0.22801779210567474,0.2533153295516968,0.2555183172225952,0.2515251934528351,-0.25178754329681396,0.24946975708007812,-0.25304701924324036,0.2541520595550537,0.25441256165504456
usaco,1204_bronze_photoshoot_2,0.7152064442634583,-0.22698841989040375,0.2531784772872925,0.25600677728652954,0.2511882185935974,-0.2515462636947632,0.2494502067565918,-0.2526663541793823,0.25400397181510925,0.2548072040081024
usaco,916_bronze_the_great_revegetation,0.7148697376251221,-0.22702759504318237,0.25302770733833313,0.2560548782348633,0.25132548809051514,-0.2515498995780945,0.24927319586277008,-0.25223642587661743,0.25400635600090027,0.2544214129447937
usaco,1012_bronze_mad_scientist,0.7141389846801758,-0.22807088494300842,0.25293129682540894,0.25568312406539917,0.25126785039901733,-0.25147324800491333,0.24904820322990417,-0.2520166039466858,0.25305086374282837,0.2543618977069855
usaco,1067_gold_square_pasture,0.7137070298194885,-0.2272936999797821,0.2524752616882324,0.2552966773509979,0.25077342987060547,-0.2512592673301697,0.248960942029953,-0.252455472946167,0.2530447840690613,0.25434640049934387
usaco,281_bronze_haywire,0.7129928469657898,-0.227892205119133,0.25264301896095276,0.25510290265083313,0.250806987285614,-0.2506813406944275,0.24850653111934662,-0.2520599663257599,0.25282225012779236,0.2539660930633545
usaco,813_gold_snow_boots,0.7124733924865723,-0.22784917056560516,0.2521457374095917,0.2549915909767151,0.25065281987190247,-0.25064635276794434,0.24824732542037964,-0.2514663636684418,0.25306960940361023,0.253896564245224
usaco,861_gold_fine_dining,0.7123464941978455,-0.22940167784690857,0.2523847818374634,0.2551702558994293,0.25047001242637634,-0.25074008107185364,0.24837373197078705,-0.25132572650909424,0.25307199358940125,0.25322359800338745
usaco,1303_silver_cow-libi,0.7121704816818237,-0.22767113149166107,0.25249072909355164,0.2549600303173065,0.249897763133049,-0.2505089044570923,0.24832212924957275,-0.2514009177684784,0.25308680534362793,0.25358977913856506
usaco,1037_bronze_cowntact_tracing,0.7118811011314392,-0.22748731076717377,0.25214439630508423,0.25463631749153137,0.2505648732185364,-0.2503518760204315,0.2480742186307907,-0.25138354301452637,0.25276699662208557,0.2535225749015808
usaco,259_bronze_cow_race,0.7118510603904724,-0.2269509732723236,0.25208503007888794,0.25474226474761963,0.2503785490989685,-0.25027379393577576,0.24820074439048767,-0.25153693556785583,0.25278329849243164,0.253359854221344
usaco,947_gold_balancing_inversions,0.711656928062439,-0.2273976355791092,0.25201916694641113,0.2549055516719818,0.25010862946510315,-0.25064846873283386,0.24782977998256683,-0.25128787755966187,0.2529884874820709,0.25301724672317505
usaco,553_gold_palindromic_paths,0.711607813835144,-0.22625036537647247,0.25180190801620483,0.25483933091163635,0.24986685812473297,-0.2506847381591797,0.2482355684041977,-0.25133559107780457,0.2526266574859619,0.25328126549720764
usaco,789_gold_mootube,0.7113463282585144,-0.22771432995796204,0.2520945072174072,0.25417494773864746,0.2499343901872635,-0.25022995471954346,0.2480623871088028,-0.2517687678337097,0.2524227797985077,0.2532489597797394
usaco,865_platinum_sort_it_out,0.7111489176750183,-0.22727099061012268,0.25192126631736755,0.2547718286514282,0.2499392330646515,-0.2502973675727844,0.24782289564609528,-0.25118041038513184,0.25245389342308044,0.252983421087265
usaco,1085_bronze_just_stalling,0.7105704545974731,-0.22874847054481506,0.25149571895599365,0.2541322708129883,0.2492368370294571,-0.25067809224128723,0.24787384271621704,-0.251224160194397,0.25214844942092896,0.25295186042785645
usaco,741_gold_bovine_genomics,0.7104694247245789,-0.22653637826442719,0.2516971826553345,0.25447067618370056,0.24996750056743622,-0.24957877397537231,0.24755799770355225,-0.25090017914772034,0.2522820234298706,0.2529912292957306
usaco,96_bronze_escaping_the_farm,0.7103782296180725,-0.2264086902141571,0.2518124282360077,0.25410011410713196,0.2495482861995697,-0.2498071789741516,0.24767623841762543,-0.25102871656417847,0.25209590792655945,0.2531236410140991
usaco,118_gold_cow_coupons,0.7102815508842468,-0.22677984833717346,0.251859188079834,0.2543073892593384,0.24930383265018463,-0.24948935210704803,0.24757517874240875,-0.25110873579978943,0.25233662128448486,0.2529315948486328
usaco,123_bronze_wrong_directions,0.7096422910690308,-0.2266252040863037,0.2512335181236267,0.25407958030700684,0.24944961071014404,-0.24985402822494507,0.2474614679813385,-0.2504921555519104,0.2520713806152344,0.2524714469909668
usaco,107_silver_bale_share,0.709597647190094,-0.22532565891742706,0.2512115240097046,0.25414857268333435,0.2494688481092453,-0.2499256283044815,0.24744416773319244,-0.2504904270172119,0.251964807510376,0.2523336708545685
usaco,412_bronze_reordering_the_cows,0.7094826698303223,-0.22756804525852203,0.2514632046222687,0.25391578674316406,0.24917910993099213,-0.2493324726819992,0.24747996032238007,-0.25088343024253845,0.2517569065093994,0.2526487410068512
usaco,855_bronze_mixing_milk,0.709479808807373,-0.22654826939105988,0.25130999088287354,0.2538924217224121,0.2490856796503067,-0.24962559342384338,0.2473430037498474,-0.25070688128471375,0.25193047523498535,0.25275564193725586
usaco,1183_silver_cow_frisbee,0.7092649936676025,-0.22747118771076202,0.251341849565506,0.253591924905777,0.24931767582893372,-0.24923653900623322,0.2473703920841217,-0.25074857473373413,0.2518273591995239,0.25261253118515015
usaco,922_gold_dishwashing,0.7090815305709839,-0.2270132601261139,0.25115615129470825,0.2536396086215973,0.24917398393154144,-0.24949119985103607,0.24724110960960388,-0.25080057978630066,0.25158828496932983,0.252437949180603
usaco,228_silver_party_invitations,0.7090786099433899,-0.2279880791902542,0.25148168206214905,0.25383061170578003,0.2492704838514328,-0.24932831525802612,0.24741524457931519,-0.25006425380706787,0.25179728865623474,0.2523306906223297
usaco,1325_bronze_rotate_and_shift,0.7089190483093262,-0.22631394863128662,0.2514340579509735,0.25363168120384216,0.2489452362060547,-0.24909301102161407,0.24698176980018616,-0.2506906986236572,0.25164130330085754,0.252641886472702
usaco,1257_gold_bribing_friends,0.7085774540901184,-0.22518806159496307,0.25099802017211914,0.25347593426704407,0.24915896356105804,-0.24946650862693787,0.24703867733478546,-0.2503415644168854,0.2516780495643616,0.251947283744812
usaco,1227_bronze_photoshoot,0.7084930539131165,-0.22718946635723114,0.25040632486343384,0.25367265939712524,0.24927456676959991,-0.24964100122451782,0.247242733836174,-0.2502368986606598,0.25129011273384094,0.25210440158843994
usaco,894_silver_grass_planting,0.7084654569625854,-0.22500348091125488,0.250669002532959,0.25355786085128784,0.24904951453208923,-0.24921151995658875,0.2469594031572342,-0.2503921687602997,0.251711905002594,0.252231240272522
usaco,554_gold_trapped_in_the_haybales_(gold),0.7084617018699646,-0.22710822522640228,0.25064200162887573,0.2537822723388672,0.24922575056552887,-0.24928662180900574,0.2469521015882492,-0.2502722144126892,0.25165119767189026,0.2519601881504059
usaco,345_silver_pogo-cow,0.7084214687347412,-0.2251969426870346,0.25084975361824036,0.25368908047676086,0.24890387058258057,-0.24910113215446472,0.2469104677438736,-0.2504259943962097,0.25166499614715576,0.25210997462272644
usaco,131_bronze_three_lines,0.7083895802497864,-0.22681349515914917,0.2507372796535492,0.25347092747688293,0.2489389181137085,-0.24952258169651031,0.2471008598804474,-0.25039294362068176,0.25120314955711365,0.25220727920532227
usaco,267_gold_necklace,0.7083656191825867,-0.22676721215248108,0.25101572275161743,0.25352099537849426,0.24901984632015228,-0.24932760000228882,0.24705421924591064,-0.2500395178794861,0.25134000182151794,0.25218555331230164
usaco,346_gold_empty_stalls,0.7083457708358765,-0.22834579646587372,0.2506263554096222,0.25366130471229553,0.249293714761734,-0.2494111806154251,0.24705593287944794,-0.2501370906829834,0.25141316652297974,0.25185129046440125
usaco,1251_bronze_cow_college,0.7082934975624084,-0.2264423370361328,0.2507040202617645,0.25372013449668884,0.24930472671985626,-0.24904687702655792,0.24700325727462769,-0.25023868680000305,0.2513163089752197,0.2519647181034088
usaco,260_bronze_breed_proximity,0.7078102231025696,-0.22622080147266388,0.2508687376976013,0.253441721200943,0.24878504872322083,-0.24888326227664948,0.24668003618717194,-0.2500137686729431,0.2512085735797882,0.25204548239707947
usaco,243_bronze_perimeter,0.7075502276420593,-0.225992351770401,0.2505197823047638,0.2534441351890564,0.24889878928661346,-0.24908758699893951,0.2467275857925415,-0.24916048347949982,0.2513977587223053,0.2519557774066925
usaco,1062_silver_cowntagion,0.7075489163398743,-0.226065993309021,0.2505396902561188,0.25326764583587646,0.24874664843082428,-0.24865292012691498,0.24665886163711548,-0.25004735589027405,0.25140106678009033,0.2518746554851532
usaco,857_bronze_back_and_forth,0.7075037956237793,-0.2268419712781906,0.2506217062473297,0.2532975673675537,0.24869053065776825,-0.2489859163761139,0.24662703275680542,-0.2502756118774414,0.25098344683647156,0.2515835762023926
usaco,1036_bronze_social_distancing_ii,0.7074633240699768,-0.22551292181015015,0.25059354305267334,0.2532518208026886,0.24886053800582886,-0.24867025017738342,0.2463579922914505,-0.250020295381546,0.251166433095932,0.2520224452018738
usaco,1086_silver_dance_mooves,0.7074164748191833,-0.22695916891098022,0.250549852848053,0.25303325057029724,0.2486676275730133,-0.24893563985824585,0.24670571088790894,-0.24996724724769592,0.251225084066391,0.25173619389533997
usaco,988_bronze_photoshoot,0.7073125243186951,-0.22458705306053162,0.2506512701511383,0.2531907856464386,0.24869419634342194,-0.24883785843849182,0.24639533460140228,-0.2498573213815689,0.2511872351169586,0.25170591473579407
usaco,812_silver_teleportation,0.7072561383247375,-0.2266329824924469,0.2502460479736328,0.25323253870010376,0.24837830662727356,-0.24868009984493256,0.24697567522525787,-0.25016385316848755,0.25100111961364746,0.25168901681900024
usaco,1015_silver_triangles,0.7071983218193054,-0.22671101987361908,0.2502271831035614,0.2528840899467468,0.2484867423772812,-0.2490130513906479,0.2467087209224701,-0.24994595348834991,0.25095483660697937,0.25198379158973694
usaco,1259_gold_strongest_friendship_group,0.7071781754493713,-0.2270488739013672,0.25050097703933716,0.25307708978652954,0.24847839772701263,-0.24900874495506287,0.2461438924074173,-0.25006818771362305,0.2511572241783142,0.2517032325267792
usaco,134_silver_unlocking_blocks_(silver),0.7070921063423157,-0.22740644216537476,0.2502113878726959,0.25301995873451233,0.24871158599853516,-0.24894598126411438,0.246803879737854,-0.2499614953994751,0.25058692693710327,0.25166675448417664
usaco,794_platinum_sprinklers,0.7069623470306396,-0.22786448895931244,0.25009527802467346,0.2528285086154938,0.2484794706106186,-0.24895712733268738,0.24671851098537445,-0.24987301230430603,0.25095775723457336,0.25163039565086365
usaco,189_bronze_horseshoes,0.7069563269615173,-0.22701212763786316,0.2502933740615845,0.2531298100948334,0.24853619933128357,-0.24856121838092804,0.24628202617168427,-0.25012004375457764,0.25093287229537964,0.2516558766365051
usaco,1160_silver_convoluted_intervals,0.7069385647773743,-0.22790952026844025,0.2507145404815674,0.25310754776000977,0.24843944609165192,-0.24848327040672302,0.24659036099910736,-0.24922792613506317,0.25121748447418213,0.251680850982666
usaco,261_bronze_breed_assignment,0.7068653106689453,-0.22529752552509308,0.25034308433532715,0.25315046310424805,0.24867554008960724,-0.24872440099716187,0.24632467329502106,-0.24988828599452972,0.250790536403656,0.2513613700866699
usaco,120_gold_nearby_cows,0.7068371772766113,-0.22684790194034576,0.2501668632030487,0.253286749124527,0.2485496699810028,-0.24859465658664703,0.2464897334575653,-0.2494581788778305,0.2510393261909485,0.25159016251564026
usaco,897_gold_cow_poetry,0.7068161368370056,-0.22763893008232117,0.2501816749572754,0.2527785897254944,0.2484537959098816,-0.2490549087524414,0.24652692675590515,-0.24949902296066284,0.25115272402763367,0.2514767646789551
usaco,98_silver_roadblock,0.7066901326179504,-0.2265724241733551,0.2501533627510071,0.253172904253006,0.2481299340724945,-0.24866610765457153,0.24636907875537872,-0.24966470897197723,0.25108617544174194,0.25151529908180237
usaco,226_silver_painting_the_fence,0.7064641714096069,-0.2264789640903473,0.25035470724105835,0.25296059250831604,0.24847424030303955,-0.2486293911933899,0.24617189168930054,-0.24920499324798584,0.25085997581481934,0.2514648139476776
usaco,856_bronze_the_bucket_list,0.7062109112739563,-0.22587089240550995,0.25005578994750977,0.25277531147003174,0.24820764362812042,-0.24852393567562103,0.24620740115642548,-0.24952927231788635,0.2507709264755249,0.25133734941482544
usaco,898_gold_sleepy_cow_sorting,0.7061416506767273,-0.22578981518745422,0.2501075267791748,0.2527469992637634,0.24826429784297943,-0.24834978580474854,0.24621358513832092,-0.24960178136825562,0.2504046857357025,0.2515229284763336
usaco,377_bronze_bessie_slows_down,0.7060637474060059,-0.22503061592578888,0.25003761053085327,0.2528214752674103,0.24830523133277893,-0.24828103184700012,0.24588070809841156,-0.24942976236343384,0.250896692276001,0.25133225321769714
usaco,967_silver_meetings,0.7059564590454102,-0.22841905057430267,0.25012919306755066,0.25256291031837463,0.24803082644939423,-0.2486916184425354,0.2461761236190796,-0.24951812624931335,0.25026169419288635,0.25132086873054504
usaco,99_silver_umbrellas_for_cows,0.7059496641159058,-0.22629603743553162,0.24980509281158447,0.2526308298110962,0.24790695309638977,-0.2485683411359787,0.24627958238124847,-0.2496422678232193,0.2506503760814667,0.25118792057037354
usaco,115_silver_overplanting_(silver),0.7058956027030945,-0.22613409161567688,0.24993164837360382,0.25274375081062317,0.24811063706874847,-0.2482457458972931,0.24610482156276703,-0.24966226518154144,0.2506996691226959,0.25101667642593384
usaco,739_silver_bovine_genomics,0.7057390213012695,-0.22508394718170166,0.24997550249099731,0.25236162543296814,0.24804756045341492,-0.24848276376724243,0.24608339369297028,-0.24939478933811188,0.2507188320159912,0.25101277232170105
usaco,132_bronze_islands,0.7057076096534729,-0.22615930438041687,0.2500136196613312,0.2525728642940521,0.2478729486465454,-0.24835775792598724,0.24608775973320007,-0.24926429986953735,0.25059041380882263,0.2512238621711731
usaco,136_silver_running_laps,0.7056854963302612,-0.22785566747188568,0.24984344840049744,0.25252804160118103,0.2481798678636551,-0.24850788712501526,0.24606509506702423,-0.24933461844921112,0.2501596212387085,0.25130632519721985
usaco,1161_gold_paired_up,0.705496072769165,-0.22670580446720123,0.24967548251152039,0.25262099504470825,0.24775347113609314,-0.24854622781276703,0.24617645144462585,-0.2492247074842453,0.25024300813674927,0.2511475384235382
usaco,1108_bronze_comfortable_cows,0.7054660320281982,-0.22340215742588043,0.24959230422973633,0.2526668906211853,0.248378187417984,-0.24821393191814423,0.24594448506832123,-0.24915944039821625,0.2503933906555176,0.25095343589782715
usaco,1069_platinum_spaceship,0.7053902745246887,-0.2271149903535843,0.2500210404396057,0.25271084904670715,0.2479846179485321,-0.24841013550758362,0.245133176445961,-0.24911727011203766,0.2506834864616394,0.2510105073451996
usaco,262_silver_poker_hands,0.7053791284561157,-0.2258017510175705,0.24972432851791382,0.25259262323379517,0.24810659885406494,-0.2482965886592865,0.2457626461982727,-0.24906016886234283,0.25050634145736694,0.25100329518318176
usaco,431_bronze_fair_photography,0.7053124904632568,-0.2287951111793518,0.2501513361930847,0.2523342967033386,0.24761727452278137,-0.2484918087720871,0.24588245153427124,-0.24837301671504974,0.25054633617401123,0.25146403908729553
usaco,764_silver_the_bovine_shuffle,0.7052012085914612,-0.22853271663188934,0.2498846799135208,0.2525571584701538,0.2475130259990692,-0.2485148310661316,0.24567724764347076,-0.24913935363292694,0.2502976357936859,0.2509627342224121
usaco,246_silver_milk_scheduling,0.7051692008972168,-0.22495625913143158,0.2496768683195114,0.2524452805519104,0.2480141520500183,-0.24800175428390503,0.2457953840494156,-0.24919012188911438,0.2503274083137512,0.25100934505462646
usaco,400_gold_roadblock,0.7048987746238708,-0.22537901997566223,0.249787375330925,0.25216132402420044,0.24765518307685852,-0.2477104663848877,0.24574902653694153,-0.2493947148323059,0.2502068281173706,0.2510295808315277
usaco,766_gold_barn_painting,0.7048643231391907,-0.2271558940410614,0.24957717955112457,0.2525230646133423,0.24783815443515778,-0.24709215760231018,0.24575522541999817,-0.24944671988487244,0.25035157799720764,0.25100502371788025
usaco,430_bronze_odometer,0.7048251032829285,-0.22718185186386108,0.24989552795886993,0.2524296045303345,0.24782288074493408,-0.247491717338562,0.2456330955028534,-0.248979389667511,0.25029873847961426,0.25092992186546326
usaco,242_bronze_cow_crossings,0.704804539680481,-0.22626453638076782,0.2496020793914795,0.25213176012039185,0.2476997673511505,-0.24800555408000946,0.24566605687141418,-0.24928128719329834,0.25014859437942505,0.25089550018310547
usaco,1039_silver_cereal,0.704770565032959,-0.2250327616930008,0.2493707686662674,0.2521423101425171,0.24800817668437958,-0.248322531580925,0.24587668478488922,-0.2490900754928589,0.24979235231876373,0.2507397532463074
usaco,397_silver_auto-complete,0.7047474384307861,-0.2268882840871811,0.24964405596256256,0.2522912323474884,0.2478228360414505,-0.2479138970375061,0.24569474160671234,-0.24903981387615204,0.25024279952049255,0.2506197392940521
usaco,862_gold_cowpatibility,0.7046728134155273,-0.22582387924194336,0.24951842427253723,0.25226667523384094,0.24785612523555756,-0.2479587197303772,0.2455504834651947,-0.24893274903297424,0.2502460181713104,0.25072699785232544
usaco,398_silver_roadblock,0.7045983672142029,-0.22703605890274048,0.24979417026042938,0.25192853808403015,0.2474742978811264,-0.24795673787593842,0.24565057456493378,-0.24903108179569244,0.2500761151313782,0.2509361803531647
usaco,91_gold_above_the_median,0.7044920921325684,-0.22666610777378082,0.24959197640419006,0.2519408166408539,0.24760702252388,-0.24792909622192383,0.24573226273059845,-0.2487630397081375,0.25019317865371704,0.25079211592674255
usaco,106_silver_delivery_route,0.7044355273246765,-0.22489701211452484,0.24937252700328827,0.25228455662727356,0.24778029322624207,-0.24753540754318237,0.24568912386894226,-0.24904055893421173,0.2501370310783386,0.2505464255809784
usaco,1281_gold_find_and_replace,0.7043547630310059,-0.22518932819366455,0.24944911897182465,0.25232839584350586,0.24771392345428467,-0.24770936369895935,0.24557995796203613,-0.24885928630828857,0.2501329481601715,0.2503838837146759
usaco,93_gold_cow_steeplechase,0.7043544054031372,-0.22449755668640137,0.24947354197502136,0.25221583247184753,0.24751202762126923,-0.24793076515197754,0.2455567866563797,-0.24878224730491638,0.25001007318496704,0.2506742775440216
usaco,194_gold_concurrently_balanced_strings,0.7043118476867676,-0.22822250425815582,0.249492809176445,0.25207725167274475,0.24733582139015198,-0.24759656190872192,0.24553446471691132,-0.24916428327560425,0.2502218782901764,0.2506103515625
usaco,360_bronze_wormholes,0.7042847871780396,-0.22808870673179626,0.24918708205223083,0.2519599497318268,0.2475583553314209,-0.2481025606393814,0.24548561871051788,-0.2493291050195694,0.25006625056266785,0.25027522444725037
usaco,1142_platinum_balanced_subsets,0.7041968107223511,-0.22635479271411896,0.24945154786109924,0.2520776689052582,0.2477090209722519,-0.2476433366537094,0.24549198150634766,-0.24888455867767334,0.24979838728904724,0.25065499544143677
usaco,121_bronze_times_17,0.7040607929229736,-0.22476619482040405,0.24926817417144775,0.2521175742149353,0.2475443184375763,-0.247921422123909,0.24537649750709534,-0.24861377477645874,0.24991567432880402,0.2505677342414856
usaco,1260_platinum_breakdown,0.7040525674819946,-0.2257668673992157,0.24959991872310638,0.25189176201820374,0.2472839057445526,-0.2478303611278534,0.24528226256370544,-0.24898143112659454,0.2499149590730667,0.2505165934562683
usaco,997_platinum_non-decreasing_subsequences,0.7039482593536377,-0.22528095543384552,0.24952317774295807,0.25190988183021545,0.2469802349805832,-0.2474895566701889,0.24534320831298828,-0.24893568456172943,0.25009527802467346,0.2507239282131195
usaco,344_silver_crowded_cows,0.7039344310760498,-0.22475074231624603,0.24938423931598663,0.25195369124412537,0.24718959629535675,-0.2475465089082718,0.24559827148914337,-0.24880006909370422,0.2496831864118576,0.2508123815059662
usaco,1279_silver_following_directions,0.703915536403656,-0.22601130604743958,0.24926139414310455,0.25200599431991577,0.24749793112277985,-0.24766699969768524,0.24533770978450775,-0.248667910695076,0.2499513179063797,0.25052475929260254
usaco,925_platinum_moorio_kart,0.7037902474403381,-0.2253417670726776,0.24903759360313416,0.2520829737186432,0.2475702166557312,-0.24759028851985931,0.24528707563877106,-0.24859993159770966,0.2498653680086136,0.25052502751350403
usaco,415_silver_watering_the_fields,0.7036759257316589,-0.225088432431221,0.24906186759471893,0.2517467439174652,0.24727660417556763,-0.24789400398731232,0.2453428953886032,-0.24868221580982208,0.24994666874408722,0.25029006600379944
usaco,126_silver_landscaping,0.7035677433013916,-0.22362858057022095,0.24907124042510986,0.2519473135471344,0.2474638968706131,-0.24761833250522614,0.24518992006778717,-0.2485170215368271,0.24979348480701447,0.25032952427864075
usaco,640_bronze_bull_in_a_china_shop,0.7033618092536926,-0.22479179501533508,0.2489713579416275,0.25181373953819275,0.2473723143339157,-0.24735090136528015,0.24524258077144623,-0.24862982332706451,0.249797061085701,0.2501722276210785
usaco,1090_gold_telephone,0.7033414244651794,-0.22585849463939667,0.24899737536907196,0.25180134177207947,0.24744479358196259,-0.2476917803287506,0.24511298537254333,-0.2481307089328766,0.24978281557559967,0.2503291964530945
usaco,187_bronze_find_the_cow!,0.7031241059303284,-0.22664089500904083,0.2489512413740158,0.25163188576698303,0.24741967022418976,-0.24796169996261597,0.2450718879699707,-0.24787425994873047,0.24953646957874298,0.2502326965332031
usaco,347_gold_line_of_sight,0.703061580657959,-0.22387613356113434,0.24901974201202393,0.251670241355896,0.24718405306339264,-0.2473483830690384,0.24498356878757477,-0.24865616858005524,0.24954691529273987,0.2500903308391571
usaco,1232_silver_cow_operations,0.7029712200164795,-0.22549773752689362,0.24893686175346375,0.2516559362411499,0.24752312898635864,-0.2471059262752533,0.2451930046081543,-0.24807386100292206,0.24961724877357483,0.25014039874076843
usaco,94_bronze_hay_bales,0.7029417157173157,-0.22457659244537354,0.24871419370174408,0.25173574686050415,0.24731865525245667,-0.24742010235786438,0.24532540142536163,-0.24808241426944733,0.24935109913349152,0.2502175271511078
usaco,1327_silver_field_day,0.7028995156288147,-0.22539009153842926,0.24878649413585663,0.2515362799167633,0.24680404365062714,-0.24728144705295563,0.2451910525560379,-0.2486928254365921,0.24956685304641724,0.25018346309661865
usaco,359_bronze_cow_baseball,0.7027139663696289,-0.22640016674995422,0.24882107973098755,0.251396507024765,0.24652597308158875,-0.24739889800548553,0.24511820077896118,-0.2484881579875946,0.249541237950325,0.2502267062664032
usaco,1188_platinum_minimizing_haybales,0.7026306390762329,-0.22681176662445068,0.2491992563009262,0.25118982791900635,0.2467786818742752,-0.2468658685684204,0.24500559270381927,-0.2491605579853058,0.24943099915981293,0.24965205788612366
usaco,917_bronze_measuring_traffic,0.7026245594024658,-0.22438094019889832,0.24859268963336945,0.25153863430023193,0.2469543218612671,-0.24738793075084686,0.24510937929153442,-0.24825285375118256,0.24932023882865906,0.2501106858253479
usaco,549_silver_bessie_goes_moo,0.7025614380836487,-0.22638779878616333,0.24864524602890015,0.2512775659561157,0.24706730246543884,-0.24733906984329224,0.24514852464199066,-0.24821221828460693,0.24927933514118195,0.2501230239868164
usaco,1137_gold_united_cows_of_farmer_john,0.7024546265602112,-0.22389203310012817,0.24879075586795807,0.25140896439552307,0.2470289021730423,-0.2472020834684372,0.24470844864845276,-0.24821330606937408,0.24935035407543182,0.2500787675380707
usaco,1229_bronze_alchemy,0.7024020552635193,-0.22782863676548004,0.24874036014080048,0.2515985071659088,0.24712173640727997,-0.24748626351356506,0.24409152567386627,-0.24840404093265533,0.2494805008172989,0.24970126152038574
usaco,738_silver_paired_up,0.7022930383682251,-0.22463169693946838,0.24882793426513672,0.2514663636684418,0.2467706948518753,-0.24687479436397552,0.24473710358142853,-0.2482275813817978,0.24935638904571533,0.25006020069122314
usaco,1021_platinum_equilateral_triangles,0.7022380232810974,-0.2254333645105362,0.24854899942874908,0.25114139914512634,0.24693213403224945,-0.2472037374973297,0.245001882314682,-0.2482452243566513,0.24908044934272766,0.2500235140323639
usaco,991_silver_loan_repayment,0.7022320032119751,-0.2251701056957245,0.24896617233753204,0.25139743089675903,0.2467442750930786,-0.24654267728328705,0.24469003081321716,-0.2482677698135376,0.24953211843967438,0.25000518560409546
usaco,190_silver_clumsy_cows,0.702168345451355,-0.2246915102005005,0.24860581755638123,0.2513585388660431,0.24699252843856812,-0.2468252331018448,0.24467474222183228,-0.24825029075145721,0.24931862950325012,0.24994531273841858
usaco,133_bronze_unlocking_blocks,0.7020554542541504,-0.22564397752285004,0.24841777980327606,0.25123998522758484,0.2468559294939041,-0.24723508954048157,0.24476033449172974,-0.24799701571464539,0.24920105934143066,0.24994926154613495
usaco,993_gold_time_is_mooney,0.702031135559082,-0.22681081295013428,0.24874158203601837,0.25129687786102295,0.24697661399841309,-0.24682988226413727,0.24474534392356873,-0.2481815218925476,0.24914021790027618,0.2496749758720398
usaco,413_bronze_the_lazy_cow,0.7019789814949036,-0.22668173909187317,0.24883300065994263,0.25066229701042175,0.2463284432888031,-0.24714140594005585,0.24483419954776764,-0.24839603900909424,0.24920687079429626,0.2500399947166443
usaco,247_gold_partitioning_the_farm,0.7019178867340088,-0.22446194291114807,0.24844983220100403,0.25128090381622314,0.24673394858837128,-0.24700282514095306,0.24480026960372925,-0.24809600412845612,0.24905851483345032,0.24984456598758698
usaco,1205_bronze_blocks,0.7018936276435852,-0.22471751272678375,0.2484113574028015,0.25120115280151367,0.24703975021839142,-0.24707762897014618,0.24475626647472382,-0.2479497194290161,0.24914498627185822,0.24962075054645538
usaco,1113_gold_stone_game,0.7018842697143555,-0.22554676234722137,0.24858902394771576,0.2512586712837219,0.24695247411727905,-0.2470008134841919,0.24447950720787048,-0.2482837587594986,0.24897976219654083,0.24962614476680756
usaco,647_gold_248,0.7018834948539734,-0.22637055814266205,0.2488684207201004,0.25140291452407837,0.24720264971256256,-0.24699853360652924,0.24471355974674225,-0.24695979058742523,0.2493782341480255,0.24964115023612976
usaco,1179_bronze_herdle,0.701861560344696,-0.2256523221731186,0.24862684309482574,0.2512746751308441,0.24654939770698547,-0.2469114512205124,0.24470166862010956,-0.24827535450458527,0.24919643998146057,0.24956990778446198
usaco,1133_bronze_acowdemia_iii,0.7018376588821411,-0.2278565615415573,0.24892741441726685,0.25114303827285767,0.24658191204071045,-0.24623793363571167,0.2449607402086258,-0.2481292337179184,0.24925914406776428,0.2497972548007965
usaco,1182_silver_searching_for_soulmates,0.7017079591751099,-0.2258039116859436,0.24846701323986053,0.2512698471546173,0.24662666022777557,-0.24678169190883636,0.24467234313488007,-0.24792461097240448,0.2490742802619934,0.2498532235622406
usaco,1275_bronze_leaders,0.7016926407814026,-0.22475260496139526,0.2483639419078827,0.25123196840286255,0.24685552716255188,-0.24698176980018616,0.24474996328353882,-0.247825026512146,0.24888870120048523,0.24973459541797638
usaco,966_silver_moobuzz,0.7016903758049011,-0.224360391497612,0.24829567968845367,0.251204252243042,0.24667422473430634,-0.24695123732089996,0.244638130068779,-0.2478286176919937,0.2491093873977661,0.24991926550865173
usaco,380_silver_cross_country_skiing,0.7016656398773193,-0.2255280315876007,0.2485898733139038,0.25102341175079346,0.2464398741722107,-0.2468111217021942,0.24478380382061005,-0.24821044504642487,0.24903427064418793,0.24966175854206085
usaco,1230_silver_visits,0.7016283273696899,-0.2264121174812317,0.24833033978939056,0.25109294056892395,0.24667032063007355,-0.2469232976436615,0.24467682838439941,-0.2479589581489563,0.24903617799282074,0.24975980818271637
usaco,434_silver_dueling_gpss,0.7016078233718872,-0.2254120260477066,0.24860137701034546,0.2510278522968292,0.24663914740085602,-0.24696418642997742,0.24455058574676514,-0.24763326346874237,0.24905742704868317,0.2499137669801712
usaco,736_bronze_bovine_genomics,0.7015411257743835,-0.22656016051769257,0.24854600429534912,0.25107309222221375,0.24659563601016998,-0.24694380164146423,0.24456533789634705,-0.24766430258750916,0.2490295022726059,0.24978186190128326
usaco,209_silver_wifi_setup,0.7015305757522583,-0.22470588982105255,0.24834394454956055,0.2511490285396576,0.24640393257141113,-0.24696528911590576,0.24435381591320038,-0.24833066761493683,0.24904876947402954,0.24957095086574554
usaco,1300_bronze_stamp_grid,0.7012924551963806,-0.22576135396957397,0.24819046258926392,0.2509373426437378,0.24639664590358734,-0.2468549609184265,0.2446918487548828,-0.24801915884017944,0.24884235858917236,0.24956810474395752
usaco,137_gold_tied_down,0.7012839913368225,-0.22433005273342133,0.24812299013137817,0.25097954273223877,0.24672366678714752,-0.246937096118927,0.2443588376045227,-0.24796605110168457,0.24880661070346832,0.24957942962646484
usaco,763_silver_milk_measurement,0.7012836337089539,-0.22562426328659058,0.24820199608802795,0.2511565089225769,0.2469387650489807,-0.2468366175889969,0.24413341283798218,-0.24771477282047272,0.24894092977046967,0.24954462051391602
usaco,378_bronze_balanced_teams,0.701276957988739,-0.22672954201698303,0.24855244159698486,0.25099849700927734,0.24642953276634216,-0.24673235416412354,0.24442239105701447,-0.24818763136863708,0.24878208339214325,0.24934811890125275
usaco,990_silver_berry_picking,0.7012235522270203,-0.22682224214076996,0.24836908280849457,0.25059744715690613,0.24647299945354462,-0.24632887542247772,0.2451295107603073,-0.24805550277233124,0.24874316155910492,0.24961599707603455
usaco,963_bronze_cow_gymnastics,0.7011857032775879,-0.22660697996616364,0.24840180575847626,0.25089290738105774,0.24620328843593597,-0.24690942466259003,0.24466700851917267,-0.24793723225593567,0.24894759058952332,0.24924017488956451
usaco,103_bronze_gifts,0.7011469602584839,-0.22710144519805908,0.24834829568862915,0.25099700689315796,0.24646404385566711,-0.24680836498737335,0.24435432255268097,-0.2478136122226715,0.2488536834716797,0.24944552779197693
usaco,761_bronze_milk_measurement,0.7010694146156311,-0.2256847321987152,0.248066246509552,0.2510223090648651,0.24665702879428864,-0.24665139615535736,0.24452146887779236,-0.24790146946907043,0.24856504797935486,0.24948392808437347
usaco,1115_gold_count_the_cows,0.7010135054588318,-0.22548814117908478,0.24810732901096344,0.2508769631385803,0.24643798172473907,-0.24677230417728424,0.24436894059181213,-0.24783940613269806,0.24893330037593842,0.24937289953231812
usaco,866_platinum_the_cow_gathering,0.7009685635566711,-0.22693920135498047,0.24858127534389496,0.25073543190956116,0.24639509618282318,-0.24664953351020813,0.24428443610668182,-0.24808864295482635,0.24848970770835876,0.2493581622838974
usaco,1112_silver_just_green_enough,0.7009472846984863,-0.2256925106048584,0.24822849035263062,0.25090456008911133,0.2464594841003418,-0.24667927622795105,0.2444431334733963,-0.24763870239257812,0.24882057309150696,0.2493484616279602
usaco,1064_silver_stuck_in_a_rut,0.7009437680244446,-0.22621433436870575,0.2484779953956604,0.2508767247200012,0.24641238152980804,-0.2467316836118698,0.2440159171819687,-0.24731740355491638,0.24885313212871552,0.24981708824634552
usaco,108_silver_mountain_climbing,0.7007012963294983,-0.22582395374774933,0.2481180727481842,0.25088921189308167,0.24645258486270905,-0.24678434431552887,0.24421383440494537,-0.24777701497077942,0.24858172237873077,0.24901050329208374
usaco,942_silver_left_out,0.7006716132164001,-0.22593651711940765,0.24834859371185303,0.2499711513519287,0.24659684300422668,-0.24680693447589874,0.2439700961112976,-0.24786053597927094,0.24880827963352203,0.24938452243804932
usaco,989_bronze_race,0.7006523609161377,-0.2263239622116089,0.24806161224842072,0.2509351074695587,0.24629290401935577,-0.2467094510793686,0.24409759044647217,-0.24741770327091217,0.24887467920780182,0.24929332733154297
usaco,263_silver_farm_painting,0.7005246877670288,-0.22367796301841736,0.2478712648153305,0.25076189637184143,0.24611946940422058,-0.24646711349487305,0.24420243501663208,-0.24772991240024567,0.248758926987648,0.24941204488277435
usaco,395_bronze_auto-complete,0.7004764676094055,-0.2249503880739212,0.24763137102127075,0.2508222162723541,0.2464211881160736,-0.24665243923664093,0.24426962435245514,-0.24747486412525177,0.2486848682165146,0.24923434853553772
usaco,924_platinum_cow_dating,0.7004432678222656,-0.22536998987197876,0.24814587831497192,0.2505859434604645,0.24598726630210876,-0.24638229608535767,0.2443423569202423,-0.24770046770572662,0.24848319590091705,0.24946841597557068
usaco,545_bronze_moocryption,0.700433075428009,-0.2240414023399353,0.2480936497449875,0.25056469440460205,0.24632948637008667,-0.24651755392551422,0.24411889910697937,-0.24775677919387817,0.24842315912246704,0.24926438927650452
usaco,1156_bronze_air_cownditioning,0.700297474861145,-0.22540177404880524,0.2479238212108612,0.2508346438407898,0.24633213877677917,-0.2463841587305069,0.24421383440494537,-0.24733838438987732,0.24849502742290497,0.24916093051433563
usaco,1228_bronze_counting_liars,0.7002403140068054,-0.2243177890777588,0.24775153398513794,0.2506208121776581,0.24611879885196686,-0.2463647723197937,0.24424107372760773,-0.24749916791915894,0.24852876365184784,0.24939663708209991
usaco,832_bronze_milking_order,0.7002275586128235,-0.22573301196098328,0.24780869483947754,0.25071901082992554,0.24630287289619446,-0.24636732041835785,0.2440783679485321,-0.24754203855991364,0.2485511302947998,0.24911539256572723
usaco,1255_silver_circular_barn,0.7002117037773132,-0.22516369819641113,0.24785326421260834,0.2505852282047272,0.24611535668373108,-0.2466059774160385,0.2440139800310135,-0.24749736487865448,0.2485647052526474,0.24920417368412018
usaco,1040_silver_the_moo_particle,0.7001421451568604,-0.22586968541145325,0.24812479317188263,0.2504633069038391,0.2459581196308136,-0.24603120982646942,0.24420513212680817,-0.24792024493217468,0.2483673095703125,0.24917377531528473
usaco,810_silver_rest_stops,0.7000188827514648,-0.2256162166595459,0.24791985750198364,0.2506054937839508,0.246127188205719,-0.24637284874916077,0.2437780499458313,-0.24741709232330322,0.24858836829662323,0.24908195436000824
usaco,1164_platinum_tickets,0.6998987793922424,-0.2245609015226364,0.24780499935150146,0.2504669725894928,0.2462995946407318,-0.24613992869853973,0.24400568008422852,-0.24730660021305084,0.24842825531959534,0.24910441040992737
usaco,839_gold_talent_show,0.6998775601387024,-0.22595630586147308,0.24804623425006866,0.2504122257232666,0.24622921645641327,-0.24633795022964478,0.24403175711631775,-0.24759799242019653,0.24833770096302032,0.24850806593894958
usaco,1328_silver_pareidolia,0.6998437643051147,-0.22484132647514343,0.24776604771614075,0.2506522238254547,0.2461203932762146,-0.24618785083293915,0.24400556087493896,-0.24719025194644928,0.24841876327991486,0.2490571141242981
usaco,939_bronze_bucket_brigade,0.6998079419136047,-0.22425538301467896,0.24789485335350037,0.2506456673145294,0.24615390598773956,-0.24654117226600647,0.24320214986801147,-0.2471546232700348,0.24875549972057343,0.24893718957901
usaco,104_bronze_haybale_stacking,0.6996411681175232,-0.22448071837425232,0.24757814407348633,0.2505617141723633,0.24620211124420166,-0.2463030070066452,0.24386589229106903,-0.24716797471046448,0.24829472601413727,0.2488536834716797
usaco,244_silver_perimeter,0.6995951533317566,-0.22468838095664978,0.2477758824825287,0.2505938410758972,0.24572041630744934,-0.24611052870750427,0.24390582740306854,-0.24692599475383759,0.2485123574733734,0.24914541840553284
usaco,188_bronze_typo,0.699581503868103,-0.22628317773342133,0.2478002905845642,0.25037747621536255,0.24600379168987274,-0.24571703374385834,0.24400870501995087,-0.24756094813346863,0.24835264682769775,0.24883726239204407
usaco,1087_silver_no_time_to_paint,0.6995781064033508,-0.22560137510299683,0.2478991001844406,0.2504713833332062,0.24578581750392914,-0.24591505527496338,0.2438257336616516,-0.24703927338123322,0.24855707585811615,0.24914802610874176
usaco,1203_bronze_sleeping_in_class,0.6995644569396973,-0.22486302256584167,0.2476302981376648,0.2503483295440674,0.24598565697669983,-0.2462451010942459,0.24388128519058228,-0.24714970588684082,0.24833519756793976,0.24903489649295807
usaco,125_silver_flowerpot,0.6995350122451782,-0.22552384436130524,0.24773915112018585,0.2501470148563385,0.24557484686374664,-0.24664880335330963,0.24398773908615112,-0.2472577840089798,0.24820199608802795,0.2489733099937439
usaco,111_gold_bovine_alliance,0.6994463205337524,-0.22508113086223602,0.2476499378681183,0.2503414750099182,0.24612809717655182,-0.24597087502479553,0.24399526417255402,-0.2471359372138977,0.24827325344085693,0.24878431856632233
usaco,283_silver_fuel_economy,0.6994372010231018,-0.22490178048610687,0.24773448705673218,0.25052183866500854,0.24609197676181793,-0.24574139714241028,0.24355922639369965,-0.24727562069892883,0.2483377903699875,0.24897947907447815
usaco,863_gold_teamwork,0.6993909478187561,-0.22537240386009216,0.2479419857263565,0.2500423491001129,0.24559052288532257,-0.24627411365509033,0.2439221441745758,-0.2471592277288437,0.24807032942771912,0.24912048876285553
usaco,987_bronze_word_processor,0.6992604732513428,-0.22553713619709015,0.24755842983722687,0.25022462010383606,0.2459188550710678,-0.24606649577617645,0.24392634630203247,-0.24696768820285797,0.24814774096012115,0.24894273281097412
usaco,791_gold_stamp_painting,0.6992536187171936,-0.22399884462356567,0.24759918451309204,0.25023606419563293,0.24578021466732025,-0.24618087708950043,0.24374648928642273,-0.24723310768604279,0.2481338530778885,0.24882172048091888
usaco,432_bronze_decorating_the_pastures,0.6989367604255676,-0.22585202753543854,0.24771545827388763,0.24995048344135284,0.24551209807395935,-0.24561730027198792,0.24363012611865997,-0.247075617313385,0.24838638305664062,0.24894282221794128
usaco,648_platinum_262144,0.6989315152168274,-0.2256181538105011,0.24738426506519318,0.250033438205719,0.24571578204631805,-0.24593786895275116,0.24371616542339325,-0.24725636839866638,0.24806037545204163,0.24871797859668732
usaco,1277_bronze_moo_operations,0.6988179683685303,-0.22432254254817963,0.2472890317440033,0.2502494156360626,0.24576760828495026,-0.2457609474658966,0.2438114732503891,-0.2469480335712433,0.24793416261672974,0.24873897433280945
usaco,89_silver_cow_lineup,0.6987773180007935,-0.22602272033691406,0.24763616919517517,0.2500355839729309,0.24574166536331177,-0.24575354158878326,0.24337232112884521,-0.24731113016605377,0.24807234108448029,0.24845872819423676
usaco,381_silver_recording_the_moolympics,0.6987520456314087,-0.22425304353237152,0.2475351095199585,0.25012722611427307,0.24578937888145447,-0.24576574563980103,0.24364541471004486,-0.24685145914554596,0.24786534905433655,0.2487327605485916
usaco,128_gold_haybale_restacking,0.6987279653549194,-0.22360798716545105,0.24740895628929138,0.2501828968524933,0.24558453261852264,-0.24591130018234253,0.2438080757856369,-0.24699543416500092,0.24800029397010803,0.24835607409477234
usaco,944_silver_fence_planning,0.698643147945404,-0.22478322684764862,0.24742679297924042,0.25020498037338257,0.2454177439212799,-0.24590271711349487,0.24366435408592224,-0.246656134724617,0.24813112616539001,0.24859827756881714
usaco,365_gold_optimal_milking,0.6986355781555176,-0.22281630337238312,0.24735377728939056,0.25011494755744934,0.24556864798069,-0.246061772108078,0.24353398382663727,-0.24670764803886414,0.24793706834316254,0.24870406091213226
usaco,193_gold_balanced_cow_breeds,0.6986240148544312,-0.22560983896255493,0.2473926991224289,0.25003916025161743,0.24550510942935944,-0.2459619790315628,0.24356965720653534,-0.24685537815093994,0.2479618638753891,0.2486642301082611
usaco,788_silver_mootube,0.6986088752746582,-0.22532883286476135,0.2472810447216034,0.24996697902679443,0.24538607895374298,-0.24592068791389465,0.24378974735736847,-0.24688959121704102,0.24797028303146362,0.24870565533638
usaco,1139_gold_permutation,0.6984780430793762,-0.2257860004901886,0.24732905626296997,0.24995845556259155,0.24541687965393066,-0.24611258506774902,0.24364866316318512,-0.24702361226081848,0.2476746290922165,0.24837829172611237
usaco,87_bronze_cow_beauty_pageant_(bronze_level),0.6984676122665405,-0.2258080095052719,0.2471134513616562,0.25002598762512207,0.24558967351913452,-0.24600717425346375,0.24334095418453217,-0.24695435166358948,0.24783480167388916,0.2486397922039032
usaco,646_gold_closing_the_farm,0.6984428763389587,-0.22448472678661346,0.2471705824136734,0.24999020993709564,0.24564647674560547,-0.24600881338119507,0.2435094118118286,-0.24675734341144562,0.24793006479740143,0.2484273612499237
usaco,784_bronze_lifeguards,0.6984394788742065,-0.2250080704689026,0.2473723590373993,0.2500402331352234,0.24569693207740784,-0.24567446112632751,0.24344122409820557,-0.2468044012784958,0.24778416752815247,0.24861331284046173
usaco,249_gold_route_design,0.6984305381774902,-0.22550125420093536,0.24737690389156342,0.2501286566257477,0.2454344481229782,-0.24552926421165466,0.24330531060695648,-0.24715514481067657,0.2479454129934311,0.24852120876312256
usaco,88_silver_cow_beauty_pageant_(silver_level),0.6983899474143982,-0.225272074341774,0.24713778495788574,0.24994929134845734,0.24547074735164642,-0.2457868903875351,0.24365822970867157,-0.24665915966033936,0.24795742332935333,0.24866993725299835
usaco,950_platinum_valleys,0.6983878016471863,-0.2243916392326355,0.24726901948451996,0.24992972612380981,0.24539172649383545,-0.24576164782047272,0.24346308410167694,-0.24689318239688873,0.24793842434883118,0.24863387644290924
usaco,760_bronze_the_bovine_shuffle,0.6983832716941833,-0.22404159605503082,0.24721494317054749,0.25010836124420166,0.24541018903255463,-0.24575090408325195,0.243572399020195,-0.2467842996120453,0.2480071634054184,0.2484201192855835
usaco,1013_bronze_swapity_swap,0.6983808875083923,-0.22678419947624207,0.2471160739660263,0.24994167685508728,0.24564124643802643,-0.24521803855895996,0.24372237920761108,-0.24692018330097198,0.2480868250131607,0.24861593544483185
usaco,834_silver_out_of_sorts,0.6983575820922852,-0.2237606793642044,0.24738337099552155,0.25000789761543274,0.24547632038593292,-0.2458396553993225,0.2435356080532074,-0.2466256320476532,0.2479095160961151,0.24841934442520142
usaco,965_bronze_livestock_lineup,0.6982923150062561,-0.22461451590061188,0.24723805487155914,0.250029981136322,0.24554848670959473,-0.245933398604393,0.2436012476682663,-0.2467472106218338,0.24768492579460144,0.24823297560214996
usaco,1063_silver_rectangular_pasture,0.6982588768005371,-0.22584322094917297,0.247273787856102,0.2499116063117981,0.24529440701007843,-0.24584633111953735,0.24346639215946198,-0.2468733936548233,0.24786804616451263,0.24838405847549438
usaco,1114_gold_modern_art_3,0.6981847286224365,-0.22558069229125977,0.24697574973106384,0.2498568445444107,0.24529604613780975,-0.2458379715681076,0.24351385235786438,-0.24697545170783997,0.2477375566959381,0.24851608276367188
usaco,1299_bronze_hungry_cow,0.6981796622276306,-0.2246461659669876,0.24719756841659546,0.2499513030052185,0.24565057456493378,-0.24561794102191925,0.24345825612545013,-0.24655969440937042,0.24784508347511292,0.24841363728046417
usaco,1302_silver_bakery,0.6981050372123718,-0.2244882583618164,0.24717624485492706,0.24994003772735596,0.24537065625190735,-0.2456674426794052,0.24328559637069702,-0.2470014989376068,0.24772197008132935,0.24831734597682953
usaco,90_silver_tile_exchanging,0.698086142539978,-0.22451621294021606,0.24722632765769958,0.24947689473628998,0.2454855740070343,-0.24583758413791656,0.24344588816165924,-0.2468743771314621,0.2478172332048416,0.2482723593711853
usaco,642_silver_field_reduction,0.6979937553405762,-0.22436018288135529,0.24732914566993713,0.24969549477100372,0.24522019922733307,-0.24576173722743988,0.24342802166938782,-0.24687369167804718,0.24758343398571014,0.24827931821346283
usaco,1181_bronze_drought,0.6979831457138062,-0.2251608818769455,0.2474050372838974,0.24977684020996094,0.2452097088098526,-0.24570487439632416,0.2433687001466751,-0.2464054971933365,0.24792499840259552,0.24834097921848297
usaco,815_gold_taming_the_herd,0.6979513764381409,-0.22546438872814178,0.24725784361362457,0.24977748095989227,0.24534079432487488,-0.24555619060993195,0.2433432638645172,-0.246783047914505,0.24753201007843018,0.24845729768276215
usaco,833_bronze_family_tree,0.6979252696037292,-0.22499369084835052,0.24709343910217285,0.2500148415565491,0.24546650052070618,-0.24544376134872437,0.2432132363319397,-0.24666959047317505,0.2478095144033432,0.24825896322727203
usaco,1209_gold_redistributing_gifts,0.697732150554657,-0.22497111558914185,0.24712581932544708,0.2498924285173416,0.2453000247478485,-0.2455136924982071,0.24307659268379211,-0.24653227627277374,0.24757245182991028,0.2484092116355896
usaco,818_platinum_cow_gymnasts,0.6975469589233398,-0.22378107905387878,0.24707627296447754,0.24958986043930054,0.2451631873846054,-0.24560792744159698,0.24319396913051605,-0.2464831918478012,0.2475167065858841,0.2482738494873047
usaco,1138_gold_portals,0.6974385380744934,-0.22549991309642792,0.24699918925762177,0.2495345026254654,0.24514368176460266,-0.24549297988414764,0.24329061806201935,-0.24671584367752075,0.24750521779060364,0.2479199767112732
usaco,1059_bronze_do_you_know_your_abcs?,0.6973726153373718,-0.22464889287948608,0.24678200483322144,0.24945005774497986,0.24511054158210754,-0.24559079110622406,0.2433423548936844,-0.246561661362648,0.24730771780014038,0.24827128648757935
usaco,641_bronze_field_reduction,0.6973685622215271,-0.22616995871067047,0.2466835230588913,0.24978137016296387,0.24511848390102386,-0.24557417631149292,0.24345412850379944,-0.2466207891702652,0.24758273363113403,0.2475898116827011
usaco,101_gold_simplifying_the_farm,0.69731605052948,-0.225710928440094,0.24729296565055847,0.24968841671943665,0.24520310759544373,-0.24515292048454285,0.24319922924041748,-0.24602869153022766,0.24764254689216614,0.24804085493087769
usaco,205_bronze_meet_and_greet,0.6972984671592712,-0.22398734092712402,0.24691668152809143,0.2494465559720993,0.24511750042438507,-0.24547088146209717,0.24312752485275269,-0.24636565148830414,0.24753835797309875,0.2482195943593979
usaco,1157_bronze_walking_home,0.6972427368164062,-0.22449395060539246,0.24673323333263397,0.24960103631019592,0.2451038658618927,-0.24550692737102509,0.24313628673553467,-0.24651513993740082,0.247384712100029,0.24806399643421173
usaco,340_bronze_combination_lock,0.6972066164016724,-0.2250284105539322,0.24700139462947845,0.24952147901058197,0.245169535279274,-0.24486249685287476,0.24326656758785248,-0.24659310281276703,0.2474636733531952,0.24806368350982666
usaco,945_gold_snakes,0.6971887946128845,-0.22543707489967346,0.24693001806735992,0.2497495710849762,0.24497084319591522,-0.24548953771591187,0.24312521517276764,-0.24606303870677948,0.2474288046360016,0.24813136458396912
usaco,643_silver_diamond_collector,0.6970497369766235,-0.22563622891902924,0.24676766991615295,0.24948148429393768,0.24475854635238647,-0.24503643810749054,0.24305173754692078,-0.2465457171201706,0.24765510857105255,0.24819636344909668
usaco,915_bronze_sleepy_cow_herding,0.6968804001808167,-0.2237304300069809,0.24672460556030273,0.24940060079097748,0.2449449896812439,-0.24542070925235748,0.24311666190624237,-0.24599426984786987,0.24725452065467834,0.24816443026065826
usaco,248_gold_taxi,0.6968721747398376,-0.22552677989006042,0.24659521877765656,0.2494538426399231,0.24529586732387543,-0.24540109932422638,0.2431313693523407,-0.2459932416677475,0.24729053676128387,0.24783964455127716
usaco,1035_bronze_social_distancing_i,0.6968691349029541,-0.22426879405975342,0.24690936505794525,0.2493288367986679,0.24496230483055115,-0.2452012300491333,0.24295197427272797,-0.24611766636371613,0.24749961495399475,0.24801552295684814
usaco,1068_platinum_sleeping_cows,0.6968652009963989,-0.22399738430976868,0.24664589762687683,0.24966129660606384,0.2446564882993698,-0.24543748795986176,0.2429882287979126,-0.24640074372291565,0.24743926525115967,0.24774380028247833
usaco,892_bronze_sleepy_cow_sorting,0.696830689907074,-0.22294555604457855,0.24645020067691803,0.2493743598461151,0.2452268749475479,-0.24545975029468536,0.2430991232395172,-0.24610832333564758,0.24717816710472107,0.2479868233203888
usaco,735_bronze_the_lost_cow,0.6968146562576294,-0.2250910848379135,0.24671100080013275,0.24958033859729767,0.2451597899198532,-0.24500316381454468,0.24305135011672974,-0.24610263109207153,0.24731934070587158,0.2479049414396286
usaco,1330_gold_pareidolia,0.6967602968215942,-0.22495608031749725,0.24672311544418335,0.2494061291217804,0.24462886154651642,-0.2450629025697708,0.24296912550926208,-0.2464362382888794,0.24747763574123383,0.2479720413684845
usaco,783_bronze_blocked_billboard_ii,0.6967524886131287,-0.2244197130203247,0.24662469327449799,0.24962374567985535,0.24489790201187134,-0.24492967128753662,0.24297480285167694,-0.24612240493297577,0.24754294753074646,0.24793599545955658
usaco,225_bronze_liars_and_truth_tellers,0.6966903209686279,-0.2247006595134735,0.24668942391872406,0.2492205947637558,0.24479596316814423,-0.24505268037319183,0.24300499260425568,-0.24653314054012299,0.2471638321876526,0.24802207946777344
usaco,1262_platinum_palindromes,0.6966264843940735,-0.22706446051597595,0.24680066108703613,0.24932649731636047,0.24525749683380127,-0.2449987232685089,0.2427406758069992,-0.24631378054618835,0.24700400233268738,0.24785901606082916
usaco,130_bronze_cows_in_a_row,0.6966251730918884,-0.2257036566734314,0.24672384560108185,0.2491159737110138,0.24515028297901154,-0.24501554667949677,0.24277853965759277,-0.24623404443264008,0.24743704497814178,0.24784302711486816
usaco,896_silver_mountain_view,0.6965802907943726,-0.2243257761001587,0.24608974158763885,0.2495989054441452,0.24497714638710022,-0.24540399014949799,0.2429153472185135,-0.2460232526063919,0.24735181033611298,0.24780870974063873
usaco,548_bronze_palindromic_paths_(bronze),0.69640052318573,-0.22405193746089935,0.24660181999206543,0.24927271902561188,0.24468187987804413,-0.24526536464691162,0.24286432564258575,-0.24599558115005493,0.2470855712890625,0.24789485335350037
usaco,759_bronze_blocked_billboard,0.6962723135948181,-0.22410348057746887,0.24642659723758698,0.24909567832946777,0.24476337432861328,-0.24494098126888275,0.24278801679611206,-0.2463846653699875,0.24705199897289276,0.2478489875793457
usaco,919_silver_painting_the_barn,0.6962695121765137,-0.22373341023921967,0.2465711236000061,0.24895265698432922,0.24467672407627106,-0.24535654485225677,0.24275796115398407,-0.24625158309936523,0.24706009030342102,0.24766916036605835
usaco,1018_gold_help_yourself,0.6962087750434875,-0.2252962589263916,0.246515691280365,0.24936509132385254,0.2446260154247284,-0.24496613442897797,0.2426130175590515,-0.24593372642993927,0.24724312126636505,0.24785037338733673
usaco,1212_platinum_paint_by_rectangles,0.6961604356765747,-0.22453850507736206,0.2465364933013916,0.2490530163049698,0.24470952153205872,-0.24512146413326263,0.24277642369270325,-0.24611732363700867,0.24709966778755188,0.24757225811481476
usaco,767_gold_haybale_feast,0.6961548328399658,-0.22419437766075134,0.2464732527732849,0.2492435872554779,0.24472501873970032,-0.24508772790431976,0.24268946051597595,-0.24565871059894562,0.24716205894947052,0.2479240596294403
usaco,1088_silver_spaced_out,0.6961164474487305,-0.22461114823818207,0.2465265393257141,0.2492121160030365,0.24493497610092163,-0.24499806761741638,0.24291853606700897,-0.2455972135066986,0.24700848758220673,0.24766570329666138
usaco,206_bronze_scrambled_letters,0.6959866881370544,-0.22469289600849152,0.24637562036514282,0.24917246401309967,0.24468006193637848,-0.24504370987415314,0.24278414249420166,-0.24588672816753387,0.24694377183914185,0.24760690331459045
usaco,1180_bronze_non-transitive_dice,0.6959469318389893,-0.2254386991262436,0.24653606116771698,0.24898995459079742,0.24473203718662262,-0.24509327113628387,0.24275757372379303,-0.24617990851402283,0.24642314016819,0.2476721554994583
usaco,1017_gold_timeline,0.6959190964698792,-0.2245814949274063,0.24631212651729584,0.2491445392370224,0.24449791014194489,-0.24508939683437347,0.24237725138664246,-0.2461918592453003,0.24690674245357513,0.2477753460407257
usaco,376_bronze_ski_course_design,0.695854663848877,-0.22393856942653656,0.24652615189552307,0.24893586337566376,0.24444080889225006,-0.24504467844963074,0.2426123321056366,-0.24609717726707458,0.2467883974313736,0.24767367541790009
usaco,343_silver_farmer_john_has_no_large_brown_cow,0.6957988142967224,-0.22341346740722656,0.24629899859428406,0.24899296462535858,0.24440960586071014,-0.24481584131717682,0.2426755726337433,-0.24592556059360504,0.24705225229263306,0.24778784811496735
usaco,417_silver_mooo_moo,0.6957505941390991,-0.22509856522083282,0.2464413195848465,0.24893014132976532,0.2446749359369278,-0.24493147432804108,0.2426648586988449,-0.24610638618469238,0.24660278856754303,0.24747635424137115
usaco,546_bronze_bessie_gets_even,0.6957249045372009,-0.22524644434452057,0.24632462859153748,0.2488311529159546,0.24452319741249084,-0.2447587549686432,0.24264396727085114,-0.24597956240177155,0.2471769154071808,0.2475144863128662
usaco,1231_silver_subset_equality,0.6956905722618103,-0.22388754785060883,0.24626049399375916,0.2487998604774475,0.24440303444862366,-0.24475981295108795,0.2425757497549057,-0.2458299696445465,0.24719339609146118,0.24782982468605042
usaco,1206_silver_redistributing_gifts,0.6956844329833984,-0.2239414006471634,0.24642632901668549,0.24895358085632324,0.2444124072790146,-0.24476371705532074,0.24259133636951447,-0.24627158045768738,0.2465876042842865,0.24763000011444092
usaco,358_bronze_record_keeping,0.6956785321235657,-0.22492069005966187,0.24614094197750092,0.24905043840408325,0.244627445936203,-0.24467413127422333,0.24262547492980957,-0.24600835144519806,0.24686357378959656,0.24762924015522003
usaco,860_silver_mooyo_mooyo,0.6956634521484375,-0.22374482452869415,0.24637553095817566,0.24898388981819153,0.2444145381450653,-0.24474920332431793,0.24255184829235077,-0.2459319531917572,0.2469566911458969,0.24761170148849487
usaco,1155_bronze_lonely_photo,0.6955979466438293,-0.2236572653055191,0.24635407328605652,0.24887272715568542,0.24443946778774261,-0.24486003816127777,0.24254296720027924,-0.24594096839427948,0.24689564108848572,0.24748721718788147
usaco,969_gold_milk_pumping,0.6954795122146606,-0.22475774586200714,0.2464379519224167,0.24844805896282196,0.24459612369537354,-0.24495501816272736,0.2427927851676941,-0.24564103782176971,0.24683859944343567,0.24735860526561737
usaco,394_bronze_mirror_field,0.6953738331794739,-0.22389881312847137,0.2462186962366104,0.24891823530197144,0.24449294805526733,-0.24459025263786316,0.24243716895580292,-0.2458425909280777,0.24687868356704712,0.2473786473274231
usaco,280_bronze_photo,0.6953361630439758,-0.22407402098178864,0.24610771238803864,0.248930886387825,0.2443673312664032,-0.2450973093509674,0.24263164401054382,-0.24525709450244904,0.24671611189842224,0.24754534661769867
usaco,241_bronze_message_relay,0.6953098177909851,-0.22439849376678467,0.24623465538024902,0.24862223863601685,0.24446702003479004,-0.24473631381988525,0.24245554208755493,-0.24587896466255188,0.24696774780750275,0.24721866846084595
usaco,1278_silver_find_and_replace,0.6953040957450867,-0.22202903032302856,0.24610410630702972,0.2490958571434021,0.24429886043071747,-0.24468092620372772,0.24232690036296844,-0.24577713012695312,0.24690990149974823,0.24736179411411285
usaco,811_silver_snow_boots,0.695186972618103,-0.22449734807014465,0.24606795608997345,0.24881722033023834,0.24422918260097504,-0.24493089318275452,0.24251016974449158,-0.24593237042427063,0.24661652743816376,0.2471291720867157
usaco,941_bronze_cow_evolution,0.6951748132705688,-0.22468847036361694,0.2460392564535141,0.24894186854362488,0.24454307556152344,-0.24420666694641113,0.24250450730323792,-0.24577194452285767,0.24681586027145386,0.2473704218864441
usaco,891_bronze_shell_game,0.6951301097869873,-0.22596746683120728,0.246209517121315,0.24867957830429077,0.24431008100509644,-0.24451839923858643,0.2423144429922104,-0.2458616942167282,0.2468375712633133,0.24733678996562958
usaco,112_bronze_rope_folding,0.6950935125350952,-0.22356845438480377,0.24614542722702026,0.24894103407859802,0.24427324533462524,-0.2445428967475891,0.24235787987709045,-0.24541422724723816,0.24690304696559906,0.24738334119319916
usaco,127_gold_large_banner,0.6950873136520386,-0.22305333614349365,0.2458381950855255,0.24884232878684998,0.24433279037475586,-0.24491891264915466,0.2422434687614441,-0.2457055002450943,0.24668407440185547,0.24738137423992157
usaco,918_silver_sleepy_cow_herding,0.6949991583824158,-0.22436580061912537,0.24600715935230255,0.24886226654052734,0.24443908035755157,-0.24459032714366913,0.24217188358306885,-0.24567823112010956,0.24670742452144623,0.24723950028419495
usaco,808_bronze_hoofball,0.69499671459198,-0.2247931957244873,0.24614310264587402,0.2488146871328354,0.2445881962776184,-0.24478797614574432,0.24223126471042633,-0.2453927993774414,0.2465619444847107,0.24717269837856293
usaco,433_silver_fair_photography,0.6949484348297119,-0.2258927822113037,0.2462121844291687,0.24871188402175903,0.24453695118427277,-0.24443085491657257,0.2421867996454239,-0.24566401541233063,0.24668088555335999,0.24713115394115448
usaco,92_gold_binary_sudoku,0.6949421763420105,-0.22499768435955048,0.24614810943603516,0.2486419826745987,0.24430839717388153,-0.24471482634544373,0.24193373322486877,-0.2459326982498169,0.2465101182460785,0.24734364449977875
usaco,787_silver_rental_service,0.6949097514152527,-0.22466902434825897,0.2460278570652008,0.2486950308084488,0.2444574385881424,-0.2446320503950119,0.242219015955925,-0.24577368795871735,0.2467702180147171,0.24687254428863525
usaco,840_platinum_out_of_sorts,0.6949014067649841,-0.22458899021148682,0.24610750377178192,0.24867673218250275,0.24426980316638947,-0.2447330504655838,0.24235817790031433,-0.24520829319953918,0.2466842532157898,0.247384712100029
usaco,191_silver_distant_pastures,0.6948381662368774,-0.22560332715511322,0.2460305541753769,0.24862614274024963,0.24429458379745483,-0.24447846412658691,0.24216707050800323,-0.24575644731521606,0.24658001959323883,0.24730883538722992
usaco,117_silver_relocation,0.6948375105857849,-0.2246289700269699,0.24599742889404297,0.24876777827739716,0.2441747486591339,-0.24450118839740753,0.24235740303993225,-0.24560528993606567,0.24665620923042297,0.24718119204044342
usaco,809_bronze_taming_the_herd,0.694744348526001,-0.2237015664577484,0.24598777294158936,0.24885866045951843,0.24424782395362854,-0.24464444816112518,0.24224640429019928,-0.2453417330980301,0.2465907782316208,0.24705937504768372
usaco,786_silver_lifeguards,0.694674551486969,-0.22355704009532928,0.24594877660274506,0.24856509268283844,0.24426060914993286,-0.24477888643741608,0.24204601347446442,-0.24566276371479034,0.24649150669574738,0.24702802300453186
usaco,1011_bronze_triangles,0.6946587562561035,-0.22340184450149536,0.24605032801628113,0.2486894428730011,0.24413296580314636,-0.2446686029434204,0.24247273802757263,-0.2454063445329666,0.2465178221464157,0.24680280685424805
usaco,893_bronze_guess_the_animal,0.6944906711578369,-0.22354865074157715,0.24597755074501038,0.24854253232479095,0.24410006403923035,-0.2443547546863556,0.24221205711364746,-0.2455264925956726,0.24641664326190948,0.24713116884231567
usaco,229_gold_cow_lineup,0.6944397687911987,-0.22326122224330902,0.24597586691379547,0.24865590035915375,0.2444266527891159,-0.24437929689884186,0.24191153049468994,-0.2450975775718689,0.246487557888031,0.24717789888381958
usaco,550_silver_trapped_in_the_haybales_(silver),0.6943061351776123,-0.22325588762760162,0.24580347537994385,0.24861016869544983,0.2441381812095642,-0.24396197497844696,0.24204236268997192,-0.24556122720241547,0.24654000997543335,0.24707680940628052
usaco,785_bronze_out_of_place,0.6942978501319885,-0.2242651730775833,0.24574454128742218,0.2485874593257904,0.2442697435617447,-0.24428193271160126,0.24208928644657135,-0.2454531490802765,0.24637185037136078,0.2469179332256317
usaco,396_bronze_secret_code,0.6942363381385803,-0.22413270175457,0.24569596350193024,0.24834398925304413,0.24397511780261993,-0.24457776546478271,0.2420770823955536,-0.24547627568244934,0.24639251828193665,0.2470051348209381
usaco,737_bronze_modern_art,0.6941840052604675,-0.22412538528442383,0.24579119682312012,0.24846190214157104,0.2440967857837677,-0.24396267533302307,0.2419756054878235,-0.24551688134670258,0.2465156614780426,0.24706903100013733
usaco,1333_platinum_good_bitstrings,0.6941647529602051,-0.22667169570922852,0.24599407613277435,0.24865663051605225,0.24419689178466797,-0.2443050742149353,0.24247562885284424,-0.24467767775058746,0.2465021014213562,0.246535062789917
usaco,762_silver_my_cow_ate_my_homework,0.6940428614616394,-0.2258598953485489,0.24577981233596802,0.24818116426467896,0.24375136196613312,-0.24451248347759247,0.2422364056110382,-0.2455521672964096,0.2461935132741928,0.2467939853668213
usaco,361_silver_milk_scheduling,0.6940268874168396,-0.22380229830741882,0.2459283024072647,0.24828112125396729,0.2437865138053894,-0.2444075047969818,0.24196861684322357,-0.24538885056972504,0.24631254374980927,0.24687612056732178
usaco,1131_bronze_acowdemia_i,0.6939123272895813,-0.22517277300357819,0.2457006424665451,0.2483634352684021,0.24408981204032898,-0.24409861862659454,0.24211381375789642,-0.24513640999794006,0.24625350534915924,0.24687127768993378
usaco,1301_bronze_watching_mooloo,0.6938648819923401,-0.2231426239013672,0.2457345426082611,0.24838842451572418,0.24366576969623566,-0.24424868822097778,0.24189290404319763,-0.24538105726242065,0.24632033705711365,0.24685624241828918
usaco,1060_bronze_daisy_chains,0.6938573718070984,-0.2240084409713745,0.2456214278936386,0.24834537506103516,0.24396993219852448,-0.2443443387746811,0.24195991456508636,-0.24491111934185028,0.24628719687461853,0.24703000485897064
usaco,639_bronze_diamond_collector,0.6938232779502869,-0.2232515662908554,0.24567453563213348,0.24832235276699066,0.24345935881137848,-0.24432356655597687,0.24203987419605255,-0.24530325829982758,0.24628859758377075,0.24696002900600433
usaco,230_gold_island_travels,0.6938078999519348,-0.2241734117269516,0.24570469558238983,0.2483091801404953,0.24395377933979034,-0.24403609335422516,0.24192295968532562,-0.24535171687602997,0.24614237248897552,0.2469085454940796
usaco,342_bronze_farmer_john_has_no_large_brown_cow,0.6937493085861206,-0.2247535139322281,0.24571013450622559,0.24839700758457184,0.24383017420768738,-0.244300976395607,0.24190270900726318,-0.24509897828102112,0.2461753934621811,0.24674828350543976
usaco,192_silver_balanced_cow_breeds,0.693707287311554,-0.22394873201847076,0.24576131999492645,0.24847374856472015,0.243951678276062,-0.24439595639705658,0.24208460748195648,-0.24437129497528076,0.24619589745998383,0.2468107044696808
usaco,210_silver_milk_routing,0.6936637163162231,-0.22491209208965302,0.24580363929271698,0.24818237125873566,0.24340017139911652,-0.2440490573644638,0.24192406237125397,-0.24538592994213104,0.24609212577342987,0.2470809668302536
usaco,379_silver_bessie_slows_down,0.693506121635437,-0.22323526442050934,0.2453787475824356,0.24816732108592987,0.24385906755924225,-0.2441808432340622,0.241842582821846,-0.24526973068714142,0.24605150520801544,0.24672862887382507
usaco,1132_bronze_acowdemia_ii,0.6934638619422913,-0.2231089174747467,0.24556298553943634,0.24827101826667786,0.2436598837375641,-0.2440214455127716,0.2418789565563202,-0.24512967467308044,0.24618932604789734,0.2466428577899933
usaco,1083_bronze_uddered_but_not_herd,0.6934341192245483,-0.22347918152809143,0.2456376701593399,0.24811266362667084,0.24400649964809418,-0.24405686557292938,0.24156805872917175,-0.24496716260910034,0.2463293969631195,0.24659276008605957
usaco,864_platinum_balance_beam,0.6934115290641785,-0.22297753393650055,0.24558480083942413,0.24829737842082977,0.2438107132911682,-0.24385961890220642,0.24171844124794006,-0.24499396979808807,0.24615317583084106,0.2467866986989975
usaco,105_bronze_grazing_patterns,0.6932175755500793,-0.22318311035633087,0.24553240835666656,0.24823492765426636,0.24363023042678833,-0.24369309842586517,0.24175389111042023,-0.2452288568019867,0.24619799852371216,0.2463863492012024
usaco,831_bronze_team_tic_tac_toe,0.6932033896446228,-0.22461050748825073,0.24554286897182465,0.24827753007411957,0.2435913383960724,-0.2442595660686493,0.2414311319589615,-0.24507367610931396,0.24595452845096588,0.24648477137088776
usaco,644_silver_closing_the_farm,0.6931080222129822,-0.22346392273902893,0.24534371495246887,0.24804817140102386,0.24362796545028687,-0.24383075535297394,0.24163687229156494,-0.24528229236602783,0.2458280473947525,0.24675093591213226
usaco,547_bronze_trapped_in_the_haybales_(bronze),0.6930626034736633,-0.22528405487537384,0.24497076869010925,0.24785666167736053,0.2435542792081833,-0.2438972145318985,0.24210630357265472,-0.24539051949977875,0.24603375792503357,0.2464204579591751
usaco,436_gold_fair_photography,0.6930325031280518,-0.2232435792684555,0.24543164670467377,0.2481846809387207,0.24377216398715973,-0.24377118051052094,0.24149669706821442,-0.24479350447654724,0.24611060321331024,0.2465715855360031
usaco,341_bronze_goldilocks_and_the_n_cows,0.6930201649665833,-0.22346852719783783,0.2454543113708496,0.24816106259822845,0.24365012347698212,-0.24405120313167572,0.24158290028572083,-0.24438892304897308,0.2461029291152954,0.24670620262622833
usaco,1014_silver_swapity_swapity_swap,0.6928881406784058,-0.2234567254781723,0.24536851048469543,0.24803809821605682,0.24377328157424927,-0.243927001953125,0.24141235649585724,-0.24505949020385742,0.2457941472530365,0.24635493755340576
usaco,362_silver_vacation_planning,0.6928184032440186,-0.22297614812850952,0.24531498551368713,0.24795326590538025,0.24333879351615906,-0.2438409924507141,0.24165137112140656,-0.24502387642860413,0.24582427740097046,0.24658305943012238
usaco,940_bronze_milk_factory,0.6928095817565918,-0.223236545920372,0.245256707072258,0.2479182332754135,0.24361367523670197,-0.2438010275363922,0.24152320623397827,-0.24492397904396057,0.24583856761455536,0.24663026630878448
usaco,223_bronze_mirrors,0.6927618980407715,-0.22568801045417786,0.24566411972045898,0.2480085790157318,0.24402683973312378,-0.24269521236419678,0.2417963296175003,-0.24477241933345795,0.24608470499515533,0.24631927907466888
usaco,401_gold_cow_decathlon,0.6926770210266113,-0.2226853370666504,0.24530817568302155,0.247876837849617,0.2433479130268097,-0.24376696348190308,0.24153566360473633,-0.2450353354215622,0.24589285254478455,0.2463672161102295
usaco,1109_bronze_clockwise_fence,0.692611575126648,-0.22407960891723633,0.24535655975341797,0.24784277379512787,0.24335570633411407,-0.24395109713077545,0.24137677252292633,-0.24479129910469055,0.2457655817270279,0.24650470912456512
usaco,964_bronze_where_am_i?,0.6925825476646423,-0.22300869226455688,0.24531114101409912,0.24791479110717773,0.24310202896595,-0.24371124804019928,0.2414078414440155,-0.2449263483285904,0.24583835899829865,0.24664625525474548
usaco,1326_silver_milk_sum,0.6925495266914368,-0.22312282025814056,0.24528305232524872,0.24789120256900787,0.24349284172058105,-0.24355746805667877,0.24138562381267548,-0.24488107860088348,0.24575544893741608,0.2465207576751709
usaco,114_bronze_moo,0.6922672986984253,-0.22311712801456451,0.2449769675731659,0.2478475570678711,0.24325290322303772,-0.2436092346906662,0.24139679968357086,-0.24468840658664703,0.24577271938323975,0.24642521142959595
usaco,835_silver_lemonade_line,0.6916715502738953,-0.22268380224704742,0.24487856030464172,0.2476728856563568,0.24303652346134186,-0.2432621270418167,0.24120716750621796,-0.24452315270900726,0.24554939568042755,0.24615435302257538
usaco,1208_silver_email_filing,0.6911507844924927,-0.2235289067029953,0.24475881457328796,0.24749000370502472,0.24303321540355682,-0.24336431920528412,0.24096134305000305,-0.24407006800174713,0.24524272978305817,0.24589285254478455
usaco,1136_silver_acowdemia,0.6899040937423706,-0.22419054806232452,0.2443273365497589,0.2466832548379898,0.24239878356456757,-0.24286215007305145,0.2406654804944992,-0.24413199722766876,0.24454760551452637,0.24567484855651855
