benchmark,task_id,discrimination,easiness,a0
assistantbench,e6bc98089608217e45b6956a46518fe3cce64a799b3ac43c6974c449ae14c408,0.9632671475410461,-0.8456186056137085,-0.9632671475410461
assistantbench,e2dc3a6b10b762e8aba7fa4d4e70f757f6d04dcbc8b56c48fc53fd9928d31d07,0.9619370698928833,-0.8396770358085632,-0.9619370698928833
assistantbench,fb9ba3ab6a13d0adc677f993e90d54914a5cdf211305a1bba6bf16ec4ccb9b7c,0.9600597023963928,-0.8467932343482971,-0.9600597023963928
assistantbench,929b45f34805280d77c61d1e093e3d4e551d77ddb6ecd73552b12b1af286388d,0.9578162431716919,-0.8491222262382507,-0.9578162431716919
assistantbench,797f7a5b65ca28b7e7156e7db1e9f117bd4a021de0cd512bfdbb0be897d89eab,0.9556511044502258,-0.8509283065795898,-0.9556511044502258
assistantbench,557e78eceec08ca8b0da5f9fdaca6e1c7ec6140a8ce600983ee716327dab005e,0.9535679221153259,-0.8463748693466187,-0.9535679221153259
assistantbench,f88066d274e265edd6cd9d61cd80a41accb3a14baf2297652fdd05cdf716d455,0.9532300233840942,-0.8455714583396912,-0.9532300233840942
assistantbench,9e31099fffa6a3891c94934fd4fc2f3f522d51c1904ff3561f3a10e4bf245821,0.9529958367347717,-0.8551896810531616,-0.9529958367347717
assistantbench,b36ef2d8f2643b80e74a44ce3403f674ecb2aed7fd36afeaa289061a59feef92,0.952792227268219,-0.8567577004432678,-0.952792227268219
assistantbench,cca4776df3c73e7f9430a2e624aafad056b14322a0b7ca6c0c22b7e7f3f0890a,0.9521737098693848,-0.84819096326828,-0.9521737098693848
assistantbench,efc0f3a47e9ed2ecdbcc037c2093865fe6e39f4d413a5d1ccdc7357160a4606b,0.9521670341491699,-0.858634352684021,-0.9521670341491699
assistantbench,748899d9d70c09beb3bd48ac8a3658bdcfd2f9114fe6dc4c4b8d2f9541ef4607,0.9518185257911682,-0.8538703322410583,-0.9518185257911682
assistantbench,8ad84bd6fe38481ba49e7ad1f6fbd43219a999074e5c6fc940003281f55ec65b,0.9517143964767456,-0.8458952903747559,-0.9517143964767456
assistantbench,4e615af6f0348597b4133cc1ec5418bb3f35328e3d95e23a275027cee97b5e09,0.9514434337615967,-0.8591641187667847,-0.9514434337615967
assistantbench,9baaa267c95f9d8b75741ee9169c50563d297cfa592c20deaffd30dbc5984c74,0.9501857757568359,-0.8400542736053467,-0.9501857757568359
assistantbench,0ec4371851b96837b0a81b3dd3df401415061bb532fbafeb4609f3337c358508,0.948501706123352,-0.8596159219741821,-0.948501706123352
assistantbench,4dbedc5e1a0205e14b7ff3ba89bce3060dab15d0ada3b7e1351a6f2aa8287aec,0.9480997323989868,-0.8501453995704651,-0.9480997323989868
assistantbench,291b53e665b4dd4365cde995042db4a6f6fecef3fe3a6f4482f23d61bd673918,0.9471650719642639,-0.8447957038879395,-0.9471650719642639
assistantbench,a9074997e698f912b9e751779ea19c1e92fa148404e90e0ae997acea3f9559b0,0.9462384581565857,-0.8483685255050659,-0.9462384581565857
assistantbench,2aa5dd83fbcd0dce9a3dd4592106e5b5edf738008d932e357d477bba80e59ccf,0.9460043907165527,-0.8634244799613953,-0.9460043907165527
assistantbench,2ddae3b7a208e3c25f14d82d7a1faaaa1832fbf950b4dac345e755c4c361f294,0.9436230063438416,-0.8572898507118225,-0.9436230063438416
assistantbench,9bdca8677af1e25cb7b0c7992dc62670c3e58e4afcd5ae60bcaa2483556bba00,0.9418067336082458,-0.8595439791679382,-0.9418067336082458
assistantbench,c7afe00869f98cf363fd83677ac41757ed5e57f03eacc3d1304feb0a92084bd1,0.8869947791099548,-0.7699451446533203,-0.8869947791099548
assistantbench,6e3be83d1949fa52cba03fb1ce4b5b3bf7e37a83fd7d67694b10b2e439d90cf8,0.8658750057220459,-0.7680210471153259,-0.8658750057220459
assistantbench,6b06d186921b8b390c65aebd0d16f09f60a47d2f1288ebe36953f734e84c0a3c,0.857230007648468,-0.7808853983879089,-0.857230007648468
assistantbench,ccec2229ced20a4b0cb4897e3a99120a3017ea030903e01c9bda6b13d40b0b14,0.851675808429718,-0.7766698598861694,-0.851675808429718
assistantbench,6f224e7730ed027cbac73aebb1aea7f954053082041b02b19f4ff126a0a8a208,0.7992089986801147,-0.6946719884872437,-0.7992089986801147
assistantbench,99da66d8af02491f98b98c56b26c709e773b5a2ad945fb280375951ba600de09,0.7805987596511841,-0.6932942271232605,-0.7805987596511841
assistantbench,52f7224e9c79431e7926afe317782711a0028750693e7456cde22ef6f4bd8bd5,0.7372727990150452,-0.6129471063613892,-0.7372727990150452
assistantbench,3af8028c2a59e28ca88baff0e6d91f2a9f170c5ef91003f1c8406755a2760ad4,0.7088115811347961,-0.6473060250282288,-0.7088115811347961
assistantbench,57d9dc6935e8a40b02e7f8ec81768fe70e68a0c05f6866927c9fda38db38a486,0.6340580582618713,-0.5591884255409241,-0.6340580582618713
assistantbench,55f4258484c5b398956133128a50462a767da211f8f72aa5ac5bbffb9bcbba1a,0.5222929120063782,-0.4194868206977844,-0.5222929120063782
assistantbench,8fa42360185068216f2919935148d4e1ad28ddc18da0abd0f4bb0b6b6f84b127,0.2962847054004669,-0.2558298110961914,-0.2962847054004669
colbench_backend_programming,941,0.63653963804245,-0.3258938789367676,-0.63653963804245
colbench_backend_programming,539,0.6355538368225098,-0.33546337485313416,-0.6355538368225098
colbench_backend_programming,77,0.6354727745056152,-0.3309829831123352,-0.6354727745056152
colbench_backend_programming,552,0.6343331933021545,-0.33181339502334595,-0.6343331933021545
colbench_backend_programming,34,0.6342592835426331,-0.328510046005249,-0.6342592835426331
colbench_backend_programming,203,0.6335940957069397,-0.3304978013038635,-0.6335940957069397
colbench_backend_programming,253,0.6332057118415833,-0.3401292860507965,-0.6332057118415833
colbench_backend_programming,724,0.6329635381698608,-0.33447229862213135,-0.6329635381698608
colbench_backend_programming,761,0.6328822374343872,0.3312017023563385,0.6328822374343872
colbench_backend_programming,288,0.6323351263999939,0.3277619779109955,0.6323351263999939
colbench_backend_programming,150,0.6320358514785767,-0.3312208652496338,-0.6320358514785767
colbench_backend_programming,28,0.6319767832756042,-0.3316830098628998,-0.6319767832756042
colbench_backend_programming,712,0.6318517327308655,0.33061474561691284,0.6318517327308655
colbench_backend_programming,167,0.6318416595458984,0.3283500373363495,0.6318416595458984
colbench_backend_programming,411,0.6317843198776245,-0.3337252140045166,-0.6317843198776245
colbench_backend_programming,930,0.6315691471099854,-0.32851600646972656,-0.6315691471099854
colbench_backend_programming,102,0.6315401196479797,-0.3341829478740692,-0.6315401196479797
colbench_backend_programming,803,0.6314946413040161,-0.33356955647468567,-0.6314946413040161
colbench_backend_programming,54,0.63144451379776,-0.32587289810180664,-0.63144451379776
colbench_backend_programming,58,0.6314159631729126,-0.33332526683807373,-0.6314159631729126
colbench_backend_programming,57,0.6313191056251526,-0.3250451982021332,-0.6313191056251526
colbench_backend_programming,831,0.6312743425369263,0.33136770129203796,0.6312743425369263
colbench_backend_programming,511,0.6311976909637451,-0.3323521018028259,-0.6311976909637451
colbench_backend_programming,311,0.6310964822769165,-0.3285970091819763,-0.6310964822769165
colbench_backend_programming,360,0.6310180425643921,-0.32905313372612,-0.6310180425643921
colbench_backend_programming,646,0.6309062838554382,0.3340868353843689,0.6309062838554382
colbench_backend_programming,339,0.6307733654975891,-0.3320513367652893,-0.6307733654975891
colbench_backend_programming,229,0.6304764151573181,-0.32807308435440063,-0.6304764151573181
colbench_backend_programming,75,0.6303825378417969,0.3341957926750183,0.6303825378417969
colbench_backend_programming,141,0.6302523016929626,-0.3325481712818146,-0.6302523016929626
colbench_backend_programming,956,0.6302458047866821,0.3274911344051361,0.6302458047866821
colbench_backend_programming,56,0.6302251219749451,-0.33080169558525085,-0.6302251219749451
colbench_backend_programming,626,0.6302006840705872,-0.32956594228744507,-0.6302006840705872
colbench_backend_programming,31,0.6301844716072083,-0.3298989534378052,-0.6301844716072083
colbench_backend_programming,334,0.630164623260498,-0.3277040421962738,-0.630164623260498
colbench_backend_programming,898,0.6301441788673401,-0.33370742201805115,-0.6301441788673401
colbench_backend_programming,586,0.6300270557403564,-0.3286373019218445,-0.6300270557403564
colbench_backend_programming,547,0.6296780705451965,0.32675856351852417,0.6296780705451965
colbench_backend_programming,806,0.6295960545539856,-0.3318406939506531,-0.6295960545539856
colbench_backend_programming,966,0.6295150518417358,-0.3278832733631134,-0.6295150518417358
colbench_backend_programming,808,0.6294738054275513,-0.33317258954048157,-0.6294738054275513
colbench_backend_programming,249,0.6293564438819885,0.3318130671977997,0.6293564438819885
colbench_backend_programming,257,0.6293048858642578,-0.33176475763320923,-0.6293048858642578
colbench_backend_programming,234,0.6292849183082581,0.3289942443370819,0.6292849183082581
colbench_backend_programming,964,0.6291455626487732,-0.3287486433982849,-0.6291455626487732
colbench_backend_programming,12,0.6290841698646545,-0.3282390832901001,-0.6290841698646545
colbench_backend_programming,651,0.6290007829666138,-0.32987865805625916,-0.6290007829666138
colbench_backend_programming,231,0.6289839148521423,-0.33601632714271545,-0.6289839148521423
colbench_backend_programming,546,0.628799557685852,0.3254144787788391,0.628799557685852
colbench_backend_programming,146,0.6287990212440491,-0.32887011766433716,-0.6287990212440491
colbench_backend_programming,790,0.6287614703178406,0.33151283860206604,0.6287614703178406
colbench_backend_programming,193,0.6286965608596802,0.3336358070373535,0.6286965608596802
colbench_backend_programming,490,0.6286802887916565,-0.32412809133529663,-0.6286802887916565
colbench_backend_programming,836,0.6286551356315613,-0.3335697054862976,-0.6286551356315613
colbench_backend_programming,909,0.6286143064498901,-0.32833781838417053,-0.6286143064498901
colbench_backend_programming,177,0.62857586145401,-0.32796162366867065,-0.62857586145401
colbench_backend_programming,29,0.6284385323524475,-0.3300461173057556,-0.6284385323524475
colbench_backend_programming,370,0.6284295916557312,-0.32381436228752136,-0.6284295916557312
colbench_backend_programming,26,0.6283674240112305,0.32857567071914673,0.6283674240112305
colbench_backend_programming,160,0.6282963752746582,0.33043035864830017,0.6282963752746582
colbench_backend_programming,756,0.6282393932342529,0.3273070752620697,0.6282393932342529
colbench_backend_programming,241,0.628154993057251,-0.3273756802082062,-0.628154993057251
colbench_backend_programming,322,0.6281293630599976,0.3319973349571228,0.6281293630599976
colbench_backend_programming,402,0.62808758020401,-0.32914990186691284,-0.62808758020401
colbench_backend_programming,51,0.6279726028442383,-0.3280099928379059,-0.6279726028442383
colbench_backend_programming,226,0.6279335618019104,0.3320935368537903,0.6279335618019104
colbench_backend_programming,445,0.6278795003890991,-0.3378758728504181,-0.6278795003890991
colbench_backend_programming,811,0.6278632283210754,0.3250293433666229,0.6278632283210754
colbench_backend_programming,742,0.627829909324646,-0.3271116614341736,-0.627829909324646
colbench_backend_programming,833,0.6278187036514282,0.3270494043827057,0.6278187036514282
colbench_backend_programming,587,0.6278170347213745,-0.33483919501304626,-0.6278170347213745
colbench_backend_programming,109,0.6278018355369568,0.33581316471099854,0.6278018355369568
colbench_backend_programming,2,0.6278008222579956,-0.3314862549304962,-0.6278008222579956
colbench_backend_programming,330,0.6277914643287659,0.3279278874397278,0.6277914643287659
colbench_backend_programming,162,0.6277909278869629,-0.320987731218338,-0.6277909278869629
colbench_backend_programming,425,0.6277862191200256,0.33074748516082764,0.6277862191200256
colbench_backend_programming,218,0.6277344822883606,-0.3292516767978668,-0.6277344822883606
colbench_backend_programming,83,0.6277234554290771,0.3327203094959259,0.6277234554290771
colbench_backend_programming,310,0.6277164816856384,-0.32983678579330444,-0.6277164816856384
colbench_backend_programming,332,0.6277076601982117,-0.33200591802597046,-0.6277076601982117
colbench_backend_programming,18,0.6276133060455322,-0.32809510827064514,-0.6276133060455322
colbench_backend_programming,882,0.6275229454040527,-0.3297024071216583,-0.6275229454040527
colbench_backend_programming,885,0.6274924874305725,-0.32782435417175293,-0.6274924874305725
colbench_backend_programming,191,0.6274713277816772,-0.329240620136261,-0.6274713277816772
colbench_backend_programming,687,0.6274468898773193,-0.3225857615470886,-0.6274468898773193
colbench_backend_programming,126,0.6274110674858093,0.3280197083950043,0.6274110674858093
colbench_backend_programming,199,0.6274098753929138,-0.32751116156578064,-0.6274098753929138
colbench_backend_programming,442,0.6273959279060364,0.32541921734809875,0.6273959279060364
colbench_backend_programming,248,0.6273917555809021,-0.3288585841655731,-0.6273917555809021
colbench_backend_programming,530,0.6272443532943726,0.33588507771492004,0.6272443532943726
colbench_backend_programming,717,0.6271960139274597,-0.3355039656162262,-0.6271960139274597
colbench_backend_programming,184,0.6271272301673889,-0.33059370517730713,-0.6271272301673889
colbench_backend_programming,476,0.6271184682846069,-0.32885634899139404,-0.6271184682846069
colbench_backend_programming,202,0.6271104216575623,-0.3276657164096832,-0.6271104216575623
colbench_backend_programming,128,0.6270700097084045,-0.32723718881607056,-0.6270700097084045
colbench_backend_programming,633,0.627059280872345,-0.32653698325157166,-0.627059280872345
colbench_backend_programming,901,0.6270298361778259,0.32837167382240295,0.6270298361778259
colbench_backend_programming,307,0.6269626021385193,-0.330043226480484,-0.6269626021385193
colbench_backend_programming,110,0.626842200756073,-0.32896721363067627,-0.626842200756073
colbench_backend_programming,972,0.6267555952072144,-0.3264857530593872,-0.6267555952072144
colbench_backend_programming,615,0.6267064809799194,-0.3248167932033539,-0.6267064809799194
colbench_backend_programming,590,0.6266791820526123,-0.32688990235328674,-0.6266791820526123
colbench_backend_programming,206,0.6266388297080994,0.32259872555732727,0.6266388297080994
colbench_backend_programming,897,0.6266248822212219,-0.32514604926109314,-0.6266248822212219
colbench_backend_programming,119,0.6266140341758728,-0.32828623056411743,-0.6266140341758728
colbench_backend_programming,570,0.6265732049942017,-0.3286145031452179,-0.6265732049942017
colbench_backend_programming,409,0.6264113187789917,0.3216974437236786,0.6264113187789917
colbench_backend_programming,225,0.6262918710708618,-0.3314177393913269,-0.6262918710708618
colbench_backend_programming,719,0.6262437701225281,-0.33009639382362366,-0.6262437701225281
colbench_backend_programming,832,0.6262260675430298,-0.320363312959671,-0.6262260675430298
colbench_backend_programming,92,0.6262117028236389,0.32616689801216125,0.6262117028236389
colbench_backend_programming,427,0.6262094378471375,-0.324039101600647,-0.6262094378471375
colbench_backend_programming,420,0.626177191734314,-0.3303045928478241,-0.626177191734314
colbench_backend_programming,79,0.6261501312255859,-0.32897108793258667,-0.6261501312255859
colbench_backend_programming,880,0.626139223575592,-0.32488951086997986,-0.626139223575592
colbench_backend_programming,960,0.6261277794837952,-0.32911041378974915,-0.6261277794837952
colbench_backend_programming,216,0.626124918460846,-0.3261028230190277,-0.626124918460846
colbench_backend_programming,978,0.6261248588562012,-0.3259820342063904,-0.6261248588562012
colbench_backend_programming,524,0.6260972619056702,-0.32489004731178284,-0.6260972619056702
colbench_backend_programming,423,0.6260808110237122,-0.3316161632537842,-0.6260808110237122
colbench_backend_programming,111,0.6260688304901123,-0.32903438806533813,-0.6260688304901123
colbench_backend_programming,329,0.6260504126548767,0.3235860764980316,0.6260504126548767
colbench_backend_programming,198,0.6259403228759766,0.3244335353374481,0.6259403228759766
colbench_backend_programming,887,0.6259256601333618,-0.32844769954681396,-0.6259256601333618
colbench_backend_programming,886,0.6259247660636902,-0.33468544483184814,-0.6259247660636902
colbench_backend_programming,875,0.6259247064590454,-0.3305276036262512,-0.6259247064590454
colbench_backend_programming,406,0.6258999705314636,-0.3281939625740051,-0.6258999705314636
colbench_backend_programming,64,0.6258921027183533,0.32917487621307373,0.6258921027183533
colbench_backend_programming,335,0.6257781982421875,-0.32608968019485474,-0.6257781982421875
colbench_backend_programming,843,0.6257646083831787,-0.3268756866455078,-0.6257646083831787
colbench_backend_programming,69,0.6257588267326355,-0.32854169607162476,-0.6257588267326355
colbench_backend_programming,313,0.625740110874176,-0.3312242925167084,-0.625740110874176
colbench_backend_programming,989,0.6257331371307373,-0.3256551921367645,-0.6257331371307373
colbench_backend_programming,478,0.6257278323173523,0.328110933303833,0.6257278323173523
colbench_backend_programming,998,0.6256766319274902,-0.3339768648147583,-0.6256766319274902
colbench_backend_programming,892,0.6256347298622131,-0.3336959481239319,-0.6256347298622131
colbench_backend_programming,279,0.6256287097930908,-0.32830122113227844,-0.6256287097930908
colbench_backend_programming,842,0.6256272196769714,-0.3252108693122864,-0.6256272196769714
colbench_backend_programming,491,0.6255751252174377,-0.32724761962890625,-0.6255751252174377
colbench_backend_programming,704,0.6255367398262024,-0.3235912024974823,-0.6255367398262024
colbench_backend_programming,970,0.6254748702049255,-0.32512080669403076,-0.6254748702049255
colbench_backend_programming,194,0.6254662275314331,-0.3321932256221771,-0.6254662275314331
colbench_backend_programming,485,0.6254535913467407,-0.33029237389564514,-0.6254535913467407
colbench_backend_programming,779,0.6254458427429199,-0.32726478576660156,-0.6254458427429199
colbench_backend_programming,981,0.6254290342330933,-0.32514050602912903,-0.6254290342330933
colbench_backend_programming,60,0.6253878474235535,-0.33406007289886475,-0.6253878474235535
colbench_backend_programming,640,0.6253861784934998,-0.3270793855190277,-0.6253861784934998
colbench_backend_programming,745,0.6253769993782043,-0.32610636949539185,-0.6253769993782043
colbench_backend_programming,11,0.6253600716590881,-0.33124038577079773,-0.6253600716590881
colbench_backend_programming,505,0.6253549456596375,-0.3269583582878113,-0.6253549456596375
colbench_backend_programming,928,0.6253370046615601,-0.33373403549194336,-0.6253370046615601
colbench_backend_programming,419,0.6253299713134766,-0.32412293553352356,-0.6253299713134766
colbench_backend_programming,681,0.62513267993927,0.3303079903125763,0.62513267993927
colbench_backend_programming,820,0.6251260638237,-0.3247233033180237,-0.6251260638237
colbench_backend_programming,495,0.6251153945922852,-0.3265317976474762,-0.6251153945922852
colbench_backend_programming,71,0.6251080632209778,-0.32357537746429443,-0.6251080632209778
colbench_backend_programming,25,0.625094473361969,-0.325613409280777,-0.625094473361969
colbench_backend_programming,682,0.6250600218772888,0.32891392707824707,0.6250600218772888
colbench_backend_programming,88,0.6250429153442383,-0.3289569914340973,-0.6250429153442383
colbench_backend_programming,669,0.625029444694519,-0.33474308252334595,-0.625029444694519
colbench_backend_programming,113,0.6249724626541138,-0.328169584274292,-0.6249724626541138
colbench_backend_programming,305,0.6249625086784363,-0.3271017372608185,-0.6249625086784363
colbench_backend_programming,466,0.6249412894248962,-0.3322752118110657,-0.6249412894248962
colbench_backend_programming,482,0.6249216198921204,-0.3339475393295288,-0.6249216198921204
colbench_backend_programming,224,0.6248781085014343,-0.3284200429916382,-0.6248781085014343
colbench_backend_programming,867,0.6248587369918823,-0.33316731452941895,-0.6248587369918823
colbench_backend_programming,517,0.624851405620575,-0.33089563250541687,-0.624851405620575
colbench_backend_programming,711,0.6247828602790833,0.32956650853157043,0.6247828602790833
colbench_backend_programming,323,0.6247659921646118,0.32477694749832153,0.6247659921646118
colbench_backend_programming,809,0.6247175931930542,-0.32323333621025085,-0.6247175931930542
colbench_backend_programming,214,0.6246405839920044,-0.3296949565410614,-0.6246405839920044
colbench_backend_programming,394,0.6246163249015808,-0.3307020962238312,-0.6246163249015808
colbench_backend_programming,997,0.6246159076690674,-0.32791855931282043,-0.6246159076690674
colbench_backend_programming,968,0.6246095895767212,0.32516661286354065,0.6246095895767212
colbench_backend_programming,556,0.6245954632759094,0.33621370792388916,0.6245954632759094
colbench_backend_programming,247,0.6245895624160767,-0.32577264308929443,-0.6245895624160767
colbench_backend_programming,336,0.624586284160614,-0.33317655324935913,-0.624586284160614
colbench_backend_programming,50,0.6245680451393127,0.332085520029068,0.6245680451393127
colbench_backend_programming,957,0.6245266795158386,-0.3304194509983063,-0.6245266795158386
colbench_backend_programming,6,0.6244211792945862,-0.32896360754966736,-0.6244211792945862
colbench_backend_programming,907,0.6243681907653809,-0.32487982511520386,-0.6243681907653809
colbench_backend_programming,877,0.6243318319320679,0.3248659372329712,0.6243318319320679
colbench_backend_programming,397,0.6243200898170471,0.32249268889427185,0.6243200898170471
colbench_backend_programming,773,0.6242948770523071,-0.33230656385421753,-0.6242948770523071
colbench_backend_programming,342,0.6242882609367371,0.32813501358032227,0.6242882609367371
colbench_backend_programming,661,0.6241404414176941,-0.3304021954536438,-0.6241404414176941
colbench_backend_programming,606,0.6241265535354614,-0.32671335339546204,-0.6241265535354614
colbench_backend_programming,3,0.6241183280944824,-0.33310315012931824,-0.6241183280944824
colbench_backend_programming,793,0.6240851283073425,-0.3255426287651062,-0.6240851283073425
colbench_backend_programming,931,0.6240803599357605,-0.327707439661026,-0.6240803599357605
colbench_backend_programming,27,0.6240665316581726,-0.328851580619812,-0.6240665316581726
colbench_backend_programming,688,0.6240489482879639,-0.32322266697883606,-0.6240489482879639
colbench_backend_programming,378,0.6240273118019104,-0.3251175880432129,-0.6240273118019104
colbench_backend_programming,129,0.624026894569397,-0.3281950056552887,-0.624026894569397
colbench_backend_programming,796,0.6240203976631165,-0.33160829544067383,-0.6240203976631165
colbench_backend_programming,72,0.6240150332450867,-0.3317399024963379,-0.6240150332450867
colbench_backend_programming,267,0.6239885687828064,0.3288918137550354,0.6239885687828064
colbench_backend_programming,797,0.6239684820175171,-0.32910385727882385,-0.6239684820175171
colbench_backend_programming,938,0.6239308714866638,-0.3262729346752167,-0.6239308714866638
colbench_backend_programming,710,0.623916506767273,0.3238464295864105,0.623916506767273
colbench_backend_programming,878,0.623883843421936,-0.32346904277801514,-0.623883843421936
colbench_backend_programming,480,0.6238523721694946,0.32594311237335205,0.6238523721694946
colbench_backend_programming,962,0.6238253712654114,-0.33118942379951477,-0.6238253712654114
colbench_backend_programming,785,0.6238113045692444,-0.3253524899482727,-0.6238113045692444
colbench_backend_programming,273,0.6237863302230835,-0.32881608605384827,-0.6237863302230835
colbench_backend_programming,753,0.6237472891807556,0.329800009727478,0.6237472891807556
colbench_backend_programming,98,0.6237185597419739,-0.3274916708469391,-0.6237185597419739
colbench_backend_programming,911,0.6236936450004578,0.3239609897136688,0.6236936450004578
colbench_backend_programming,333,0.623676061630249,-0.32550498843193054,-0.623676061630249
colbench_backend_programming,974,0.6236610412597656,-0.3266238272190094,-0.6236610412597656
colbench_backend_programming,451,0.6236536502838135,0.3235812187194824,0.6236536502838135
colbench_backend_programming,680,0.6236316561698914,0.32588955760002136,0.6236316561698914
colbench_backend_programming,352,0.6236212849617004,-0.32346656918525696,-0.6236212849617004
colbench_backend_programming,786,0.6235637068748474,-0.33115053176879883,-0.6235637068748474
colbench_backend_programming,971,0.6235401630401611,0.32314974069595337,0.6235401630401611
colbench_backend_programming,456,0.6235243082046509,-0.32862380146980286,-0.6235243082046509
colbench_backend_programming,766,0.6234515309333801,0.32667139172554016,0.6234515309333801
colbench_backend_programming,575,0.6234457492828369,-0.3291374742984772,-0.6234457492828369
colbench_backend_programming,263,0.6234047412872314,-0.3305128812789917,-0.6234047412872314
colbench_backend_programming,62,0.6233856081962585,-0.32677897810935974,-0.6233856081962585
colbench_backend_programming,980,0.6232956647872925,-0.32810625433921814,-0.6232956647872925
colbench_backend_programming,9,0.6232795119285583,-0.3248390257358551,-0.6232795119285583
colbench_backend_programming,410,0.6232782006263733,-0.324759840965271,-0.6232782006263733
colbench_backend_programming,296,0.6232578158378601,-0.32781049609184265,-0.6232578158378601
colbench_backend_programming,554,0.6232536435127258,-0.32660824060440063,-0.6232536435127258
colbench_backend_programming,975,0.6232420206069946,-0.3204841911792755,-0.6232420206069946
colbench_backend_programming,469,0.6232331395149231,-0.3261057138442993,-0.6232331395149231
colbench_backend_programming,955,0.6232084035873413,-0.328390896320343,-0.6232084035873413
colbench_backend_programming,196,0.623083770275116,0.32746660709381104,0.623083770275116
colbench_backend_programming,449,0.6230736970901489,-0.3219320774078369,-0.6230736970901489
colbench_backend_programming,308,0.6230388879776001,-0.3277248740196228,-0.6230388879776001
colbench_backend_programming,513,0.6229054927825928,-0.32612037658691406,-0.6229054927825928
colbench_backend_programming,933,0.6228653788566589,-0.33076995611190796,-0.6228653788566589
colbench_backend_programming,327,0.6228492259979248,-0.33093810081481934,-0.6228492259979248
colbench_backend_programming,747,0.6228384375572205,-0.3262169659137726,-0.6228384375572205
colbench_backend_programming,976,0.622821569442749,-0.3295930325984955,-0.622821569442749
colbench_backend_programming,461,0.6228182911872864,-0.33090829849243164,-0.6228182911872864
colbench_backend_programming,70,0.6228141188621521,0.3231918513774872,0.6228141188621521
colbench_backend_programming,632,0.6227980256080627,-0.32742032408714294,-0.6227980256080627
colbench_backend_programming,23,0.6227166056632996,-0.3238297998905182,-0.6227166056632996
colbench_backend_programming,573,0.6227147579193115,0.3287964463233948,0.6227147579193115
colbench_backend_programming,727,0.6226893067359924,-0.33126798272132874,-0.6226893067359924
colbench_backend_programming,306,0.622687578201294,-0.3312358260154724,-0.622687578201294
colbench_backend_programming,544,0.622685968875885,-0.3283524215221405,-0.622685968875885
colbench_backend_programming,945,0.6226802468299866,0.32346591353416443,0.6226802468299866
colbench_backend_programming,617,0.6226556301116943,-0.3233473002910614,-0.6226556301116943
colbench_backend_programming,8,0.6226372122764587,-0.33137595653533936,-0.6226372122764587
colbench_backend_programming,388,0.6226352453231812,-0.33045756816864014,-0.6226352453231812
colbench_backend_programming,694,0.6226231455802917,-0.3233765661716461,-0.6226231455802917
colbench_backend_programming,948,0.6226183772087097,-0.32809242606163025,-0.6226183772087097
colbench_backend_programming,597,0.622615396976471,0.3235704302787781,0.622615396976471
colbench_backend_programming,723,0.6225905418395996,-0.32468461990356445,-0.6225905418395996
colbench_backend_programming,353,0.6225440502166748,0.3260638117790222,0.6225440502166748
colbench_backend_programming,153,0.6225098967552185,-0.3244537115097046,-0.6225098967552185
colbench_backend_programming,144,0.6224522590637207,-0.32725873589515686,-0.6224522590637207
colbench_backend_programming,7,0.622443675994873,0.336184561252594,0.622443675994873
colbench_backend_programming,749,0.6224417090415955,-0.3277300298213959,-0.6224417090415955
colbench_backend_programming,746,0.6224273443222046,-0.32608848810195923,-0.6224273443222046
colbench_backend_programming,243,0.6224075555801392,0.32750481367111206,0.6224075555801392
colbench_backend_programming,328,0.622398316860199,0.3244732916355133,0.622398316860199
colbench_backend_programming,648,0.6223970055580139,-0.3261316120624542,-0.6223970055580139
colbench_backend_programming,893,0.6223735213279724,-0.3258877098560333,-0.6223735213279724
colbench_backend_programming,609,0.6223409175872803,-0.336124062538147,-0.6223409175872803
colbench_backend_programming,741,0.6223115921020508,-0.33518436551094055,-0.6223115921020508
colbench_backend_programming,528,0.6222699284553528,0.3322940766811371,0.6222699284553528
colbench_backend_programming,518,0.622257649898529,-0.3264096677303314,-0.622257649898529
colbench_backend_programming,134,0.6222571730613708,-0.32597172260284424,-0.6222571730613708
colbench_backend_programming,373,0.6222543120384216,0.32620248198509216,0.6222543120384216
colbench_backend_programming,78,0.6222527623176575,-0.3302313983440399,-0.6222527623176575
colbench_backend_programming,303,0.6222286820411682,-0.32433003187179565,-0.6222286820411682
colbench_backend_programming,462,0.6222185492515564,-0.3262862265110016,-0.6222185492515564
colbench_backend_programming,641,0.6221901178359985,-0.3225502073764801,-0.6221901178359985
colbench_backend_programming,700,0.6221839785575867,0.3177226483821869,0.6221839785575867
colbench_backend_programming,112,0.6221835017204285,0.3323046565055847,0.6221835017204285
colbench_backend_programming,147,0.6221654415130615,-0.3238033950328827,-0.6221654415130615
colbench_backend_programming,848,0.6221168637275696,-0.3246292471885681,-0.6221168637275696
colbench_backend_programming,620,0.6221032738685608,-0.3239150047302246,-0.6221032738685608
colbench_backend_programming,347,0.6220918893814087,-0.32859402894973755,-0.6220918893814087
colbench_backend_programming,159,0.6220701932907104,-0.32905277609825134,-0.6220701932907104
colbench_backend_programming,245,0.6220529675483704,-0.32756471633911133,-0.6220529675483704
colbench_backend_programming,689,0.6220501661300659,0.3208804726600647,0.6220501661300659
colbench_backend_programming,424,0.6220055222511292,-0.3332553207874298,-0.6220055222511292
colbench_backend_programming,760,0.6219875812530518,-0.32703039050102234,-0.6219875812530518
colbench_backend_programming,319,0.6219800710678101,0.3273807764053345,0.6219800710678101
colbench_backend_programming,535,0.6219614744186401,-0.3276476263999939,-0.6219614744186401
colbench_backend_programming,828,0.6219176650047302,-0.3317503035068512,-0.6219176650047302
colbench_backend_programming,121,0.6218841075897217,-0.3343714773654938,-0.6218841075897217
colbench_backend_programming,41,0.6218289136886597,-0.3295173943042755,-0.6218289136886597
colbench_backend_programming,80,0.6217560768127441,-0.33287113904953003,-0.6217560768127441
colbench_backend_programming,943,0.6217148303985596,-0.3256484866142273,-0.6217148303985596
colbench_backend_programming,581,0.6216557621955872,0.3247189223766327,0.6216557621955872
colbench_backend_programming,242,0.6215794682502747,-0.3309086561203003,-0.6215794682502747
colbench_backend_programming,205,0.6215574741363525,-0.3225454092025757,-0.6215574741363525
colbench_backend_programming,973,0.6215339303016663,-0.32431721687316895,-0.6215339303016663
colbench_backend_programming,829,0.6215220093727112,0.32824021577835083,0.6215220093727112
colbench_backend_programming,839,0.621512234210968,-0.3247559666633606,-0.621512234210968
colbench_backend_programming,133,0.6214852929115295,-0.3236258327960968,-0.6214852929115295
colbench_backend_programming,240,0.6214724183082581,0.31665465235710144,0.6214724183082581
colbench_backend_programming,222,0.6214655041694641,-0.3311100900173187,-0.6214655041694641
colbench_backend_programming,0,0.6214244961738586,-0.3273438513278961,-0.6214244961738586
colbench_backend_programming,659,0.6214050650596619,-0.3293045461177826,-0.6214050650596619
colbench_backend_programming,685,0.6213963627815247,-0.3231680989265442,-0.6213963627815247
colbench_backend_programming,101,0.6213950514793396,-0.32767266035079956,-0.6213950514793396
colbench_backend_programming,400,0.6213772892951965,-0.32543522119522095,-0.6213772892951965
colbench_backend_programming,48,0.6213570237159729,-0.3303810954093933,-0.6213570237159729
colbench_backend_programming,697,0.6213482022285461,-0.32719242572784424,-0.6213482022285461
colbench_backend_programming,859,0.6213338971138,-0.3299809694290161,-0.6213338971138
colbench_backend_programming,784,0.6213279962539673,-0.32785847783088684,-0.6213279962539673
colbench_backend_programming,457,0.6213254332542419,0.32562610507011414,0.6213254332542419
colbench_backend_programming,42,0.6213198900222778,0.3292280435562134,0.6213198900222778
colbench_backend_programming,367,0.6212774515151978,-0.3241788446903229,-0.6212774515151978
colbench_backend_programming,895,0.6212199926376343,-0.3195085823535919,-0.6212199926376343
colbench_backend_programming,963,0.6212198138237,-0.32813751697540283,-0.6212198138237
colbench_backend_programming,765,0.6211988925933838,-0.3272881805896759,-0.6211988925933838
colbench_backend_programming,642,0.621196448802948,-0.334861159324646,-0.621196448802948
colbench_backend_programming,555,0.6211612820625305,-0.32755255699157715,-0.6211612820625305
colbench_backend_programming,891,0.6211587190628052,-0.32219308614730835,-0.6211587190628052
colbench_backend_programming,536,0.6211543679237366,-0.3322288691997528,-0.6211543679237366
colbench_backend_programming,621,0.621097207069397,-0.3332482874393463,-0.621097207069397
colbench_backend_programming,275,0.6210569739341736,-0.32683393359184265,-0.6210569739341736
colbench_backend_programming,912,0.6210275888442993,-0.32484111189842224,-0.6210275888442993
colbench_backend_programming,270,0.6210179924964905,0.32929688692092896,0.6210179924964905
colbench_backend_programming,393,0.6210086941719055,-0.3269944190979004,-0.6210086941719055
colbench_backend_programming,673,0.6209841370582581,-0.33127978444099426,-0.6209841370582581
colbench_backend_programming,157,0.6209813356399536,-0.3286839723587036,-0.6209813356399536
colbench_backend_programming,493,0.6208990216255188,-0.3305899202823639,-0.6208990216255188
colbench_backend_programming,16,0.6208935976028442,-0.32231399416923523,-0.6208935976028442
colbench_backend_programming,472,0.6207971572875977,-0.3203953504562378,-0.6207971572875977
colbench_backend_programming,277,0.6207473278045654,0.3254978656768799,0.6207473278045654
colbench_backend_programming,251,0.6207097768783569,-0.32592904567718506,-0.6207097768783569
colbench_backend_programming,720,0.6207086443901062,-0.32740941643714905,-0.6207086443901062
colbench_backend_programming,178,0.6207051277160645,-0.3216252326965332,-0.6207051277160645
colbench_backend_programming,818,0.6206896901130676,-0.3254645764827728,-0.6206896901130676
colbench_backend_programming,529,0.6206433176994324,-0.3352126181125641,-0.6206433176994324
colbench_backend_programming,463,0.6206369996070862,-0.33179399371147156,-0.6206369996070862
colbench_backend_programming,357,0.6206211447715759,-0.32959410548210144,-0.6206211447715759
colbench_backend_programming,910,0.6206108927726746,-0.3259049355983734,-0.6206108927726746
colbench_backend_programming,230,0.6205919981002808,-0.3250246047973633,-0.6205919981002808
colbench_backend_programming,942,0.6205546855926514,-0.3259681761264801,-0.6205546855926514
colbench_backend_programming,827,0.6205002069473267,-0.32720521092414856,-0.6205002069473267
colbench_backend_programming,408,0.6204928159713745,-0.3268875181674957,-0.6204928159713745
colbench_backend_programming,522,0.6204578280448914,0.3212215304374695,0.6204578280448914
colbench_backend_programming,97,0.6204243898391724,0.32238414883613586,0.6204243898391724
colbench_backend_programming,122,0.6204216480255127,-0.3246738314628601,-0.6204216480255127
colbench_backend_programming,209,0.6203654408454895,-0.32552772760391235,-0.6203654408454895
colbench_backend_programming,562,0.6203650832176208,-0.32599014043807983,-0.6203650832176208
colbench_backend_programming,855,0.6203605532646179,-0.32701626420021057,-0.6203605532646179
colbench_backend_programming,256,0.6202614307403564,0.3311670422554016,0.6202614307403564
colbench_backend_programming,654,0.6201517581939697,-0.32814958691596985,-0.6201517581939697
colbench_backend_programming,924,0.6201469302177429,-0.32808223366737366,-0.6201469302177429
colbench_backend_programming,299,0.6201398372650146,-0.33593645691871643,-0.6201398372650146
colbench_backend_programming,46,0.6201051473617554,0.3252861797809601,0.6201051473617554
colbench_backend_programming,533,0.620048999786377,-0.32692065834999084,-0.620048999786377
colbench_backend_programming,343,0.6200248003005981,-0.32837459444999695,-0.6200248003005981
colbench_backend_programming,814,0.6200000047683716,0.32420673966407776,0.6200000047683716
colbench_backend_programming,686,0.6199952960014343,-0.3284248411655426,-0.6199952960014343
colbench_backend_programming,631,0.6199172735214233,-0.31988972425460815,-0.6199172735214233
colbench_backend_programming,152,0.6198362112045288,-0.3201754093170166,-0.6198362112045288
colbench_backend_programming,125,0.6198042631149292,-0.32372722029685974,-0.6198042631149292
colbench_backend_programming,15,0.6197513341903687,-0.3306001126766205,-0.6197513341903687
colbench_backend_programming,675,0.6197428107261658,-0.32663848996162415,-0.6197428107261658
colbench_backend_programming,662,0.6197202801704407,-0.3268587291240692,-0.6197202801704407
colbench_backend_programming,873,0.6197161674499512,-0.32867535948753357,-0.6197161674499512
colbench_backend_programming,750,0.6197158694267273,-0.3281410038471222,-0.6197158694267273
colbench_backend_programming,208,0.6196814179420471,-0.3258911073207855,-0.6196814179420471
colbench_backend_programming,576,0.6196715831756592,0.32354751229286194,0.6196715831756592
colbench_backend_programming,369,0.6195942163467407,-0.33182427287101746,-0.6195942163467407
colbench_backend_programming,988,0.6194833517074585,-0.3352328836917877,-0.6194833517074585
colbench_backend_programming,266,0.6194589734077454,-0.3252261281013489,-0.6194589734077454
colbench_backend_programming,43,0.6194303035736084,0.3288114368915558,0.6194303035736084
colbench_backend_programming,890,0.6194278001785278,0.3220019042491913,0.6194278001785278
colbench_backend_programming,789,0.6193863749504089,-0.3280506134033203,-0.6193863749504089
colbench_backend_programming,497,0.6192181706428528,0.33563950657844543,0.6192181706428528
colbench_backend_programming,551,0.61918044090271,-0.33116915822029114,-0.61918044090271
colbench_backend_programming,132,0.6191691160202026,-0.3240223824977875,-0.6191691160202026
colbench_backend_programming,494,0.6191595792770386,-0.3308056890964508,-0.6191595792770386
colbench_backend_programming,817,0.6191406846046448,-0.3370819091796875,-0.6191406846046448
colbench_backend_programming,996,0.6191250681877136,-0.32501286268234253,-0.6191250681877136
colbench_backend_programming,4,0.6190775632858276,-0.32918646931648254,-0.6190775632858276
colbench_backend_programming,436,0.6190246939659119,-0.32756224274635315,-0.6190246939659119
colbench_backend_programming,276,0.6190128326416016,-0.33268794417381287,-0.6190128326416016
colbench_backend_programming,264,0.6190060973167419,-0.3230779767036438,-0.6190060973167419
colbench_backend_programming,104,0.6189947128295898,-0.32883915305137634,-0.6189947128295898
colbench_backend_programming,207,0.6189661026000977,-0.32254499197006226,-0.6189661026000977
colbench_backend_programming,94,0.6189501285552979,-0.3268764317035675,-0.6189501285552979
colbench_backend_programming,351,0.618925929069519,-0.32464268803596497,-0.618925929069519
colbench_backend_programming,994,0.6188944578170776,-0.33386239409446716,-0.6188944578170776
colbench_backend_programming,616,0.6188792586326599,-0.3304084539413452,-0.6188792586326599
colbench_backend_programming,59,0.618811309337616,-0.3277771472930908,-0.618811309337616
colbench_backend_programming,600,0.6187444925308228,-0.3247748911380768,-0.6187444925308228
colbench_backend_programming,913,0.6187056303024292,-0.3220939636230469,-0.6187056303024292
colbench_backend_programming,210,0.6186845898628235,0.32446131110191345,0.6186845898628235
colbench_backend_programming,185,0.6186790466308594,-0.32536306977272034,-0.6186790466308594
colbench_backend_programming,130,0.6186410188674927,0.32586470246315,0.6186410188674927
colbench_backend_programming,653,0.618590772151947,-0.3291952908039093,-0.618590772151947
colbench_backend_programming,696,0.6185880899429321,-0.32847023010253906,-0.6185880899429321
colbench_backend_programming,919,0.6185612082481384,-0.32677730917930603,-0.6185612082481384
colbench_backend_programming,999,0.6185441613197327,-0.32311734557151794,-0.6185441613197327
colbench_backend_programming,96,0.6184936761856079,-0.3252362310886383,-0.6184936761856079
colbench_backend_programming,894,0.6184906363487244,-0.33033493161201477,-0.6184906363487244
colbench_backend_programming,239,0.618478000164032,0.32397714257240295,0.618478000164032
colbench_backend_programming,116,0.6183788776397705,-0.3285350501537323,-0.6183788776397705
colbench_backend_programming,219,0.6182575821876526,-0.33207419514656067,-0.6182575821876526
colbench_backend_programming,917,0.6182498335838318,0.32582828402519226,0.6182498335838318
colbench_backend_programming,589,0.618103563785553,-0.3240969777107239,-0.618103563785553
colbench_backend_programming,465,0.6180658340454102,-0.3263191878795624,-0.6180658340454102
colbench_backend_programming,106,0.6180487275123596,-0.331760048866272,-0.6180487275123596
colbench_backend_programming,390,0.6180164813995361,-0.3284861445426941,-0.6180164813995361
colbench_backend_programming,304,0.6178767681121826,-0.32600322365760803,-0.6178767681121826
colbench_backend_programming,293,0.6177903413772583,0.326471745967865,0.6177903413772583
colbench_backend_programming,954,0.6177115440368652,-0.3406234681606293,-0.6177115440368652
colbench_backend_programming,795,0.6176788806915283,-0.3273022770881653,-0.6176788806915283
colbench_backend_programming,721,0.6176072359085083,0.3204829692840576,0.6176072359085083
colbench_backend_programming,444,0.6174982786178589,-0.32900285720825195,-0.6174982786178589
colbench_backend_programming,172,0.6174502372741699,-0.32653579115867615,-0.6174502372741699
colbench_backend_programming,470,0.6174473166465759,-0.32805460691452026,-0.6174473166465759
colbench_backend_programming,142,0.6173383593559265,0.3261645436286926,0.6173383593559265
colbench_backend_programming,188,0.6173108816146851,-0.3337121903896332,-0.6173108816146851
colbench_backend_programming,610,0.6172026991844177,-0.32375797629356384,-0.6172026991844177
colbench_backend_programming,706,0.6171689033508301,0.32760077714920044,0.6171689033508301
colbench_backend_programming,385,0.6171209216117859,-0.329054057598114,-0.6171209216117859
colbench_backend_programming,666,0.6170617938041687,-0.32413241267204285,-0.6170617938041687
colbench_backend_programming,946,0.6170448064804077,-0.3246631324291229,-0.6170448064804077
colbench_backend_programming,871,0.6170292496681213,-0.33323270082473755,-0.6170292496681213
colbench_backend_programming,849,0.6167360544204712,-0.3314986228942871,-0.6167360544204712
colbench_backend_programming,520,0.6166169047355652,-0.32943809032440186,-0.6166169047355652
colbench_backend_programming,382,0.6165515184402466,-0.33254754543304443,-0.6165515184402466
colbench_backend_programming,934,0.616533637046814,0.32955512404441833,0.616533637046814
colbench_backend_programming,446,0.6164053082466125,0.3252883851528168,0.6164053082466125
colbench_backend_programming,496,0.616270124912262,-0.32349416613578796,-0.616270124912262
colbench_backend_programming,967,0.6161803603172302,-0.32677942514419556,-0.6161803603172302
colbench_backend_programming,542,0.6159773468971252,-0.32481205463409424,-0.6159773468971252
colbench_backend_programming,543,0.6159482598304749,0.3281634449958801,0.6159482598304749
colbench_backend_programming,958,0.6159465909004211,-0.3353537321090698,-0.6159465909004211
colbench_backend_programming,932,0.615825891494751,0.3225139081478119,0.615825891494751
colbench_backend_programming,969,0.6157229542732239,-0.3227043151855469,-0.6157229542732239
colbench_backend_programming,197,0.6154332160949707,-0.3311755359172821,-0.6154332160949707
colbench_backend_programming,374,0.6145434975624084,-0.33190417289733887,-0.6145434975624084
colbench_backend_programming,634,0.6145346760749817,-0.3390917181968689,-0.6145346760749817
colbench_backend_programming,105,0.6143252849578857,-0.3281668722629547,-0.6143252849578857
colbench_backend_programming,592,0.4623202383518219,0.23353718221187592,0.4623202383518219
colbench_backend_programming,173,0.45973318815231323,0.23676244914531708,0.45973318815231323
colbench_backend_programming,55,0.4567437171936035,0.23241613805294037,0.4567437171936035
colbench_backend_programming,326,0.45669496059417725,-0.22915075719356537,-0.45669496059417725
colbench_backend_programming,730,0.45661768317222595,0.23284600675106049,0.45661768317222595
colbench_backend_programming,821,0.45656007528305054,0.22536544501781464,0.45656007528305054
colbench_backend_programming,212,0.4557395279407501,0.22633926570415497,0.4557395279407501
colbench_backend_programming,734,0.45490318536758423,0.23017378151416779,0.45490318536758423
colbench_backend_programming,1,0.4536729156970978,0.2326352447271347,0.4536729156970978
colbench_backend_programming,920,0.453672856092453,-0.22623887658119202,-0.453672856092453
colbench_backend_programming,507,0.4535730183124542,-0.2313917577266693,-0.4535730183124542
colbench_backend_programming,738,0.4534520208835602,0.22783760726451874,0.4534520208835602
colbench_backend_programming,868,0.45200178027153015,0.23447205126285553,0.45200178027153015
colbench_backend_programming,922,0.45158088207244873,0.23053570091724396,0.45158088207244873
colbench_backend_programming,190,0.45098236203193665,0.2353462278842926,0.45098236203193665
colbench_backend_programming,986,0.4501134753227234,-0.23390698432922363,-0.4501134753227234
colbench_backend_programming,845,0.4490894079208374,-0.22510164976119995,-0.4490894079208374
colbench_backend_programming,492,0.4481702744960785,0.22509102523326874,0.4481702744960785
colbench_backend_programming,935,0.4474292993545532,0.2209947556257248,0.4474292993545532
colbench_backend_programming,364,0.44705259799957275,-0.22606316208839417,-0.44705259799957275
colbench_backend_programming,450,0.4466959536075592,0.22359131276607513,0.4466959536075592
colbench_backend_programming,638,0.4456954598426819,0.22860214114189148,0.4456954598426819
colbench_backend_programming,331,0.4438929259777069,0.23283778131008148,0.4438929259777069
colbench_backend_programming,244,0.4424773156642914,-0.2328493744134903,-0.4424773156642914
colbench_backend_programming,740,0.43995511531829834,0.2491675466299057,0.43995511531829834
colbench_backend_programming,588,0.4395367503166199,0.21849435567855835,0.4395367503166199
colbench_backend_programming,272,0.4368320107460022,-0.21908676624298096,-0.4368320107460022
colbench_backend_programming,876,0.4367563724517822,0.24696429073810577,0.4367563724517822
colbench_backend_programming,87,0.4365787208080292,0.2516639828681946,0.4365787208080292
colbench_backend_programming,318,0.4360601305961609,-0.24732840061187744,-0.4360601305961609
colbench_backend_programming,5,0.43553557991981506,-0.2417169213294983,-0.43553557991981506
colbench_backend_programming,771,0.4355267286300659,-0.24133135378360748,-0.4355267286300659
colbench_backend_programming,722,0.43548694252967834,0.24553222954273224,0.43548694252967834
colbench_backend_programming,778,0.4344343841075897,0.24436865746974945,0.4344343841075897
colbench_backend_programming,729,0.433746337890625,-0.24128368496894836,-0.433746337890625
colbench_backend_programming,840,0.43366825580596924,0.23394045233726501,0.43366825580596924
colbench_backend_programming,271,0.43279963731765747,0.2467591017484665,0.43279963731765747
colbench_backend_programming,428,0.43273842334747314,0.2544470429420471,0.43273842334747314
colbench_backend_programming,33,0.43269219994544983,0.24223822355270386,0.43269219994544983
colbench_backend_programming,995,0.4322364032268524,0.2474888265132904,0.4322364032268524
colbench_backend_programming,851,0.43194541335105896,-0.23967266082763672,-0.43194541335105896
colbench_backend_programming,255,0.43112221360206604,0.25431686639785767,0.43112221360206604
colbench_backend_programming,952,0.43088486790657043,-0.2678772807121277,-0.43088486790657043
colbench_backend_programming,927,0.43045496940612793,-0.257419228553772,-0.43045496940612793
colbench_backend_programming,983,0.43044793605804443,0.2455178201198578,0.43044793605804443
colbench_backend_programming,812,0.430364727973938,0.24733634293079376,0.430364727973938
colbench_backend_programming,870,0.43024441599845886,0.2419799268245697,0.43024441599845886
colbench_backend_programming,148,0.4299590289592743,0.2568586468696594,0.4299590289592743
colbench_backend_programming,692,0.4299349784851074,-0.2465895712375641,-0.4299349784851074
colbench_backend_programming,426,0.4298411011695862,-0.2511216700077057,-0.4298411011695862
colbench_backend_programming,67,0.4297056496143341,-0.2430826723575592,-0.4297056496143341
colbench_backend_programming,366,0.42945417761802673,-0.2565058469772339,-0.42945417761802673
colbench_backend_programming,418,0.42943334579467773,-0.25057101249694824,-0.42943334579467773
colbench_backend_programming,748,0.42942264676094055,0.23993641138076782,0.42942264676094055
colbench_backend_programming,695,0.4288504421710968,-0.24493202567100525,-0.4288504421710968
colbench_backend_programming,171,0.42873042821884155,0.2387988120317459,0.42873042821884155
colbench_backend_programming,532,0.42864832282066345,-0.24088937044143677,-0.42864832282066345
colbench_backend_programming,915,0.4285142123699188,0.2485038787126541,0.4285142123699188
colbench_backend_programming,826,0.4282732605934143,-0.24859550595283508,-0.4282732605934143
colbench_backend_programming,707,0.42826250195503235,-0.23732949793338776,-0.42826250195503235
colbench_backend_programming,413,0.4282141625881195,-0.25703221559524536,-0.4282141625881195
colbench_backend_programming,459,0.42723968625068665,-0.24002011120319366,-0.42723968625068665
colbench_backend_programming,841,0.42722031474113464,0.24192330241203308,0.42722031474113464
colbench_backend_programming,44,0.4270523488521576,0.2469247430562973,0.4270523488521576
colbench_backend_programming,477,0.4269130825996399,-0.2442820817232132,-0.4269130825996399
colbench_backend_programming,282,0.4268263280391693,-0.24383968114852905,-0.4268263280391693
colbench_backend_programming,605,0.42653292417526245,0.2437688708305359,0.42653292417526245
colbench_backend_programming,568,0.42648962140083313,0.2415187805891037,0.42648962140083313
colbench_backend_programming,421,0.42619800567626953,-0.23879197239875793,-0.42619800567626953
colbench_backend_programming,286,0.4261215329170227,0.23039495944976807,0.4261215329170227
colbench_backend_programming,691,0.4260653555393219,-0.23766741156578064,-0.4260653555393219
colbench_backend_programming,268,0.42517411708831787,0.24546360969543457,0.42517411708831787
colbench_backend_programming,354,0.4251285195350647,0.24240940809249878,0.4251285195350647
colbench_backend_programming,705,0.42506492137908936,-0.2341223508119583,-0.42506492137908936
colbench_backend_programming,471,0.4250321686267853,-0.24747751653194427,-0.4250321686267853
colbench_backend_programming,703,0.42455995082855225,-0.24706968665122986,-0.42455995082855225
colbench_backend_programming,201,0.42451798915863037,0.2506794035434723,0.42451798915863037
colbench_backend_programming,884,0.4244809150695801,-0.23236383497714996,-0.4244809150695801
colbench_backend_programming,221,0.4243103861808777,-0.24217680096626282,-0.4243103861808777
colbench_backend_programming,181,0.4242105782032013,-0.24817945063114166,-0.4242105782032013
colbench_backend_programming,823,0.4239223599433899,0.24525457620620728,0.4239223599433899
colbench_backend_programming,781,0.42385154962539673,0.23791182041168213,0.42385154962539673
colbench_backend_programming,123,0.42365771532058716,-0.2496671825647354,-0.42365771532058716
colbench_backend_programming,389,0.4233901798725128,0.2425692081451416,0.4233901798725128
colbench_backend_programming,435,0.4233645498752594,-0.24589663743972778,-0.4233645498752594
colbench_backend_programming,316,0.42308157682418823,-0.24886198341846466,-0.42308157682418823
colbench_backend_programming,211,0.42300742864608765,-0.24555589258670807,-0.42300742864608765
colbench_backend_programming,460,0.42288506031036377,-0.24912437796592712,-0.42288506031036377
colbench_backend_programming,889,0.4228489398956299,-0.24499590694904327,-0.4228489398956299
colbench_backend_programming,764,0.42284831404685974,0.25156745314598083,0.42284831404685974
colbench_backend_programming,896,0.4228045642375946,-0.23187346756458282,-0.4228045642375946
colbench_backend_programming,187,0.42250704765319824,0.25169819593429565,0.42250704765319824
colbench_backend_programming,853,0.42246973514556885,-0.25560417771339417,-0.42246973514556885
colbench_backend_programming,521,0.4224601984024048,-0.25585290789604187,-0.4224601984024048
colbench_backend_programming,949,0.42244940996170044,-0.251281201839447,-0.42244940996170044
colbench_backend_programming,744,0.4222431182861328,0.23674370348453522,0.4222431182861328
colbench_backend_programming,683,0.42205536365509033,0.23933511972427368,0.42205536365509033
colbench_backend_programming,358,0.42169392108917236,0.2534123659133911,0.42169392108917236
colbench_backend_programming,846,0.4214434027671814,-0.25346922874450684,-0.4214434027671814
colbench_backend_programming,220,0.42136865854263306,-0.25661638379096985,-0.42136865854263306
colbench_backend_programming,386,0.42119917273521423,0.2434978038072586,0.42119917273521423
colbench_backend_programming,341,0.42111238837242126,0.24178029596805573,0.42111238837242126
colbench_backend_programming,856,0.4210239350795746,-0.2560633718967438,-0.4210239350795746
colbench_backend_programming,777,0.4199262857437134,-0.2562474012374878,-0.4199262857437134
colbench_backend_programming,145,0.41981375217437744,0.24076730012893677,0.41981375217437744
colbench_backend_programming,432,0.41921278834342957,0.2540576756000519,0.41921278834342957
colbench_backend_programming,612,0.41901856660842896,-0.24888132512569427,-0.41901856660842896
colbench_backend_programming,186,0.4187083840370178,0.24531015753746033,0.4187083840370178
colbench_backend_programming,601,0.4184948205947876,0.2440980076789856,0.4184948205947876
colbench_backend_programming,380,0.4177475869655609,-0.2481883317232132,-0.4177475869655609
colbench_backend_programming,73,0.41762909293174744,0.24894101917743683,0.41762909293174744
colbench_backend_programming,525,0.41751179099082947,-0.23175667226314545,-0.41751179099082947
colbench_backend_programming,19,0.41750848293304443,0.24318984150886536,0.41750848293304443
colbench_backend_programming,863,0.41703012585639954,-0.252244234085083,-0.41703012585639954
colbench_backend_programming,572,0.41693049669265747,-0.25379469990730286,-0.41693049669265747
colbench_backend_programming,262,0.4167773127555847,-0.25478869676589966,-0.4167773127555847
colbench_backend_programming,541,0.41671252250671387,-0.25625741481781006,-0.41671252250671387
colbench_backend_programming,684,0.41628971695899963,-0.24324753880500793,-0.41628971695899963
colbench_backend_programming,127,0.41487303376197815,0.2551901340484619,0.41487303376197815
colbench_backend_programming,297,0.41486993432044983,0.24619217216968536,0.41486993432044983
colbench_backend_programming,905,0.414789617061615,-0.24675993621349335,-0.414789617061615
colbench_backend_programming,501,0.4147516191005707,-0.256808876991272,-0.4147516191005707
colbench_backend_programming,824,0.4147416055202484,-0.24684402346611023,-0.4147416055202484
colbench_backend_programming,165,0.41471073031425476,-0.2651972472667694,-0.41471073031425476
colbench_backend_programming,387,0.4143882393836975,-0.2492065727710724,-0.4143882393836975
colbench_backend_programming,100,0.41413065791130066,-0.2341083139181137,-0.41413065791130066
colbench_backend_programming,624,0.41409581899642944,-0.26201966404914856,-0.41409581899642944
colbench_backend_programming,908,0.414053738117218,-0.25059446692466736,-0.414053738117218
colbench_backend_programming,564,0.4137820601463318,-0.25379398465156555,-0.4137820601463318
colbench_backend_programming,595,0.4130602478981018,-0.25703713297843933,-0.4130602478981018
colbench_backend_programming,371,0.4130033254623413,-0.25384777784347534,-0.4130033254623413
colbench_backend_programming,321,0.41289567947387695,-0.25949451327323914,-0.41289567947387695
colbench_backend_programming,607,0.4128784239292145,-0.24530579149723053,-0.4128784239292145
colbench_backend_programming,844,0.4127093255519867,-0.23119932413101196,-0.4127093255519867
colbench_backend_programming,283,0.41263848543167114,0.24305817484855652,0.41263848543167114
colbench_backend_programming,39,0.41216957569122314,-0.2546589970588684,-0.41216957569122314
colbench_backend_programming,657,0.41216394305229187,0.2456894814968109,0.41216394305229187
colbench_backend_programming,375,0.41214457154273987,-0.2572900652885437,-0.41214457154273987
colbench_backend_programming,780,0.411947637796402,-0.25647681951522827,-0.411947637796402
colbench_backend_programming,531,0.41193437576293945,0.2498178333044052,0.41193437576293945
colbench_backend_programming,120,0.411834716796875,-0.25019434094429016,-0.411834716796875
colbench_backend_programming,577,0.4115082919597626,-0.2322758138179779,-0.4115082919597626
colbench_backend_programming,656,0.41114330291748047,-0.253616064786911,-0.41114330291748047
colbench_backend_programming,862,0.4111284911632538,-0.255513459444046,-0.4111284911632538
colbench_backend_programming,166,0.41099822521209717,-0.2630802094936371,-0.41099822521209717
colbench_backend_programming,468,0.4108068346977234,-0.2648113965988159,-0.4108068346977234
colbench_backend_programming,835,0.4097670614719391,-0.2600495517253876,-0.4097670614719391
colbench_backend_programming,30,0.40953516960144043,-0.25215259194374084,-0.40953516960144043
colbench_backend_programming,735,0.4095143973827362,-0.2561238408088684,-0.4095143973827362
colbench_backend_programming,103,0.4093160331249237,-0.26525264978408813,-0.4093160331249237
colbench_backend_programming,537,0.4080263674259186,0.25204718112945557,0.4080263674259186
colbench_backend_programming,223,0.4080047607421875,-0.2576647400856018,-0.4080047607421875
colbench_backend_programming,475,0.40793296694755554,0.25330856442451477,0.40793296694755554
colbench_backend_programming,794,0.4079132378101349,-0.26791441440582275,-0.4079132378101349
colbench_backend_programming,583,0.40775012969970703,-0.26027220487594604,-0.40775012969970703
colbench_backend_programming,623,0.40761932730674744,-0.2542002499103546,-0.40761932730674744
colbench_backend_programming,404,0.4074241518974304,-0.24308618903160095,-0.4074241518974304
colbench_backend_programming,395,0.4073682129383087,-0.2505142390727997,-0.4073682129383087
colbench_backend_programming,699,0.4072030782699585,0.26345622539520264,0.4072030782699585
colbench_backend_programming,937,0.4068642258644104,-0.24895155429840088,-0.4068642258644104
colbench_backend_programming,619,0.406436562538147,-0.2604263722896576,-0.406436562538147
colbench_backend_programming,235,0.4061373174190521,-0.248228058218956,-0.4061373174190521
colbench_backend_programming,344,0.405648410320282,-0.2620503604412079,-0.405648410320282
colbench_backend_programming,708,0.4052789807319641,-0.24694877862930298,-0.4052789807319641
colbench_backend_programming,914,0.4051239490509033,-0.2562718391418457,-0.4051239490509033
colbench_backend_programming,82,0.40491601824760437,-0.2612498700618744,-0.40491601824760437
colbench_backend_programming,474,0.4048960506916046,-0.2530752420425415,-0.4048960506916046
colbench_backend_programming,337,0.40398457646369934,-0.26092326641082764,-0.40398457646369934
colbench_backend_programming,569,0.4038050174713135,-0.24417656660079956,-0.4038050174713135
colbench_backend_programming,164,0.4037659168243408,-0.25212132930755615,-0.4037659168243408
colbench_backend_programming,200,0.403051495552063,-0.26329439878463745,-0.403051495552063
colbench_backend_programming,775,0.40296345949172974,-0.2612432539463043,-0.40296345949172974
colbench_backend_programming,508,0.4026522636413574,0.2495436817407608,0.4026522636413574
colbench_backend_programming,690,0.40263256430625916,-0.2710404396057129,-0.40263256430625916
colbench_backend_programming,598,0.40212973952293396,-0.26092416048049927,-0.40212973952293396
colbench_backend_programming,481,0.40212079882621765,-0.2490793615579605,-0.40212079882621765
colbench_backend_programming,350,0.4019274115562439,-0.2581910192966461,-0.4019274115562439
colbench_backend_programming,674,0.40182653069496155,-0.24944226443767548,-0.40182653069496155
colbench_backend_programming,916,0.3998919427394867,-0.24528387188911438,-0.3998919427394867
colbench_backend_programming,594,0.3995702266693115,-0.27706506848335266,-0.3995702266693115
colbench_backend_programming,979,0.39935964345932007,-0.26415684819221497,-0.39935964345932007
colbench_backend_programming,135,0.3993210196495056,-0.25199344754219055,-0.3993210196495056
colbench_backend_programming,38,0.39920613169670105,-0.26169154047966003,-0.39920613169670105
colbench_backend_programming,315,0.3987675607204437,-0.26669904589653015,-0.3987675607204437
colbench_backend_programming,655,0.39838796854019165,-0.26308509707450867,-0.39838796854019165
colbench_backend_programming,376,0.3982560932636261,-0.2667800784111023,-0.3982560932636261
colbench_backend_programming,379,0.39819496870040894,-0.27101513743400574,-0.39819496870040894
colbench_backend_programming,584,0.397930771112442,-0.27340415120124817,-0.397930771112442
colbench_backend_programming,762,0.3978902995586395,-0.26456955075263977,-0.3978902995586395
colbench_backend_programming,869,0.3976737856864929,0.2572921812534332,0.3976737856864929
colbench_backend_programming,292,0.39670202136039734,-0.26137280464172363,-0.39670202136039734
colbench_backend_programming,526,0.3961992561817169,-0.2562912702560425,-0.3961992561817169
colbench_backend_programming,815,0.39527279138565063,-0.26520806550979614,-0.39527279138565063
colbench_backend_programming,443,0.3950764834880829,0.2658642530441284,0.3950764834880829
colbench_backend_programming,399,0.3947441279888153,-0.26039111614227295,-0.3947441279888153
colbench_backend_programming,751,0.39433586597442627,0.2572323977947235,0.39433586597442627
colbench_backend_programming,365,0.3941797614097595,-0.25359469652175903,-0.3941797614097595
colbench_backend_programming,625,0.3936450481414795,-0.2664451003074646,-0.3936450481414795
colbench_backend_programming,238,0.3931605815887451,-0.25872448086738586,-0.3931605815887451
colbench_backend_programming,921,0.3926180899143219,-0.2522129714488983,-0.3926180899143219
colbench_backend_programming,991,0.39219027757644653,-0.2516178786754608,-0.39219027757644653
colbench_backend_programming,854,0.3918430507183075,-0.245989590883255,-0.3918430507183075
colbench_backend_programming,557,0.39182189106941223,-0.26872697472572327,-0.39182189106941223
colbench_backend_programming,320,0.39145636558532715,-0.2644621431827545,-0.39145636558532715
colbench_backend_programming,115,0.39019864797592163,0.26160183548927307,0.39019864797592163
colbench_backend_programming,940,0.3900195062160492,-0.2516818642616272,-0.3900195062160492
colbench_backend_programming,961,0.38789549469947815,-0.26255202293395996,-0.38789549469947815
colbench_backend_programming,372,0.38589510321617126,-0.26285672187805176,-0.38589510321617126
colbench_backend_programming,671,0.3847535252571106,-0.2670951783657074,-0.3847535252571106
colbench_backend_programming,289,0.3825873136520386,-0.25955691933631897,-0.3825873136520386
colbench_backend_programming,269,0.3820333778858185,0.2596779465675354,0.3820333778858185
colbench_backend_programming,902,0.32232317328453064,0.14891988039016724,0.32232317328453064
colbench_backend_programming,630,0.31751927733421326,0.1425277590751648,0.31751927733421326
colbench_backend_programming,236,0.31572669744491577,-0.13960707187652588,-0.31572669744491577
colbench_backend_programming,93,0.3090541958808899,0.14375649392604828,0.3090541958808899
colbench_backend_programming,837,0.3042043447494507,0.14075444638729095,0.3042043447494507
colbench_backend_programming,664,0.30377423763275146,0.13838277757167816,0.30377423763275146
colbench_backend_programming,91,0.3029269278049469,0.14887024462223053,0.3029269278049469
colbench_backend_programming,767,0.30260077118873596,0.14469337463378906,0.30260077118873596
colbench_backend_programming,798,0.3018794357776642,0.1373358815908432,0.3018794357776642
colbench_backend_programming,500,0.30178403854370117,0.14329023659229279,0.30178403854370117
colbench_backend_programming,593,0.301498144865036,0.14752574265003204,0.301498144865036
colbench_backend_programming,182,0.30078864097595215,0.14066056907176971,0.30078864097595215
colbench_backend_programming,258,0.3001188039779663,0.14878536760807037,0.3001188039779663
colbench_backend_programming,363,0.2998739778995514,-0.1345728635787964,-0.2998739778995514
colbench_backend_programming,549,0.2995802164077759,0.14459605515003204,0.2995802164077759
colbench_backend_programming,65,0.29867932200431824,0.14617352187633514,0.29867932200431824
colbench_backend_programming,415,0.2985604703426361,0.14059710502624512,0.2985604703426361
colbench_backend_programming,527,0.2980586886405945,0.13911207020282745,0.2980586886405945
colbench_backend_programming,464,0.2977476119995117,0.13640762865543365,0.2977476119995117
colbench_backend_programming,250,0.2973617613315582,0.1371208131313324,0.2973617613315582
colbench_backend_programming,611,0.2960420548915863,0.1353943645954132,0.2960420548915863
colbench_backend_programming,489,0.2959294021129608,0.1438608020544052,0.2959294021129608
colbench_backend_programming,759,0.29569748044013977,0.13876421749591827,0.29569748044013977
colbench_backend_programming,663,0.29513365030288696,0.15873879194259644,0.29513365030288696
colbench_backend_programming,233,0.2948872447013855,0.14098455011844635,0.2948872447013855
colbench_backend_programming,509,0.2946016192436218,0.15304137766361237,0.2946016192436218
colbench_backend_programming,800,0.2923702895641327,0.1559024453163147,0.2923702895641327
colbench_backend_programming,591,0.28861188888549805,0.15710972249507904,0.28861188888549805
colbench_backend_programming,53,0.2874464988708496,0.13903355598449707,0.2874464988708496
colbench_backend_programming,604,0.2869807183742523,-0.139100581407547,-0.2869807183742523
colbench_backend_programming,578,0.2866310775279999,0.154375359416008,0.2866310775279999
colbench_backend_programming,215,0.28469008207321167,0.15708862245082855,0.28469008207321167
colbench_backend_programming,290,0.2824851870536804,0.15714222192764282,0.2824851870536804
colbench_backend_programming,618,0.28120142221450806,0.15465542674064636,0.28120142221450806
colbench_backend_programming,392,0.27989959716796875,-0.1628991812467575,-0.27989959716796875
colbench_backend_programming,49,0.2794542610645294,0.1745968610048294,0.2794542610645294
colbench_backend_programming,314,0.27944180369377136,-0.15525653958320618,-0.27944180369377136
colbench_backend_programming,565,0.2792162299156189,0.1701420545578003,0.2792162299156189
colbench_backend_programming,174,0.2786828577518463,0.16129150986671448,0.2786828577518463
colbench_backend_programming,830,0.27762970328330994,0.16352979838848114,0.27762970328330994
colbench_backend_programming,726,0.2770407795906067,0.15009517967700958,0.2770407795906067
colbench_backend_programming,776,0.2753364145755768,0.1617732048034668,0.2753364145755768
colbench_backend_programming,368,0.2748205065727234,-0.15277941524982452,-0.2748205065727234
colbench_backend_programming,204,0.274515300989151,0.14920496940612793,0.274515300989151
colbench_backend_programming,788,0.27429574728012085,-0.15787264704704285,-0.27429574728012085
colbench_backend_programming,325,0.2742360532283783,-0.16928794980049133,-0.2742360532283783
colbench_backend_programming,787,0.2742263674736023,0.16281788051128387,0.2742263674736023
colbench_backend_programming,479,0.2740027606487274,-0.17489276826381683,-0.2740027606487274
colbench_backend_programming,447,0.27377381920814514,-0.16603635251522064,-0.27377381920814514
colbench_backend_programming,89,0.2731013298034668,-0.16682229936122894,-0.2731013298034668
colbench_backend_programming,603,0.27300217747688293,-0.15761388838291168,-0.27300217747688293
colbench_backend_programming,534,0.2719404697418213,0.16165874898433685,0.2719404697418213
colbench_backend_programming,883,0.27180615067481995,-0.145610511302948,-0.27180615067481995
colbench_backend_programming,649,0.27145838737487793,0.1625472903251648,0.27145838737487793
colbench_backend_programming,558,0.2692350447177887,-0.1618516892194748,-0.2692350447177887
colbench_backend_programming,865,0.26921361684799194,0.15055428445339203,0.26921361684799194
colbench_backend_programming,169,0.26912257075309753,0.15488667786121368,0.26912257075309753
colbench_backend_programming,487,0.2684285044670105,-0.15569725632667542,-0.2684285044670105
colbench_backend_programming,405,0.2683553397655487,-0.16745242476463318,-0.2683553397655487
colbench_backend_programming,486,0.2682303190231323,-0.17898604273796082,-0.2682303190231323
colbench_backend_programming,861,0.2681486904621124,-0.1727508008480072,-0.2681486904621124
colbench_backend_programming,677,0.26814404129981995,-0.16056139767169952,-0.26814404129981995
colbench_backend_programming,252,0.2680661976337433,0.15337228775024414,0.2680661976337433
colbench_backend_programming,852,0.267466276884079,0.15862321853637695,0.267466276884079
colbench_backend_programming,361,0.2662528455257416,0.15080632269382477,0.2662528455257416
colbench_backend_programming,136,0.2657970190048218,0.1535732001066208,0.2657970190048218
colbench_backend_programming,977,0.26579248905181885,-0.16892015933990479,-0.26579248905181885
colbench_backend_programming,944,0.2655044496059418,0.16096684336662292,0.2655044496059418
colbench_backend_programming,359,0.2652112543582916,-0.16974475979804993,-0.2652112543582916
colbench_backend_programming,713,0.26474615931510925,-0.16404412686824799,-0.26474615931510925
colbench_backend_programming,24,0.26462963223457336,-0.17393605411052704,-0.26462963223457336
colbench_backend_programming,560,0.26434946060180664,-0.1664200723171234,-0.26434946060180664
colbench_backend_programming,667,0.2640248239040375,-0.17554216086864471,-0.2640248239040375
colbench_backend_programming,582,0.26352497935295105,-0.17402464151382446,-0.26352497935295105
colbench_backend_programming,559,0.263264536857605,0.1643318384885788,0.263264536857605
colbench_backend_programming,799,0.2625802159309387,-0.17089027166366577,-0.2625802159309387
colbench_backend_programming,990,0.2623884677886963,-0.1550617218017578,-0.2623884677886963
colbench_backend_programming,858,0.2618429958820343,-0.1509116291999817,-0.2618429958820343
colbench_backend_programming,467,0.2614673376083374,-0.17622338235378265,-0.2614673376083374
colbench_backend_programming,183,0.26130402088165283,-0.16361792385578156,-0.26130402088165283
colbench_backend_programming,506,0.26118746399879456,0.16788223385810852,0.26118746399879456
colbench_backend_programming,904,0.2603718042373657,-0.17881298065185547,-0.2603718042373657
colbench_backend_programming,349,0.26030316948890686,0.16904327273368835,0.26030316948890686
colbench_backend_programming,548,0.26023155450820923,0.1600387841463089,0.26023155450820923
colbench_backend_programming,635,0.2596314549446106,-0.1720900684595108,-0.2596314549446106
colbench_backend_programming,422,0.25901463627815247,-0.15901072323322296,-0.25901463627815247
colbench_backend_programming,783,0.25867316126823425,-0.1590132713317871,-0.25867316126823425
colbench_backend_programming,950,0.25843554735183716,-0.16308414936065674,-0.25843554735183716
colbench_backend_programming,381,0.25816455483436584,0.15691986680030823,0.25816455483436584
colbench_backend_programming,743,0.2577528655529022,-0.17080314457416534,-0.2577528655529022
colbench_backend_programming,437,0.2561493515968323,0.16596055030822754,0.2561493515968323
colbench_backend_programming,179,0.2560937702655792,0.16843609511852264,0.2560937702655792
colbench_backend_programming,274,0.25554388761520386,0.16080814599990845,0.25554388761520386
colbench_backend_programming,822,0.2554057538509369,-0.1620853841304779,-0.2554057538509369
colbench_backend_programming,725,0.2552524507045746,-0.1796598583459854,-0.2552524507045746
colbench_backend_programming,900,0.25493207573890686,-0.16993321478366852,-0.25493207573890686
colbench_backend_programming,553,0.25491923093795776,0.16989359259605408,0.25491923093795776
colbench_backend_programming,52,0.25477495789527893,-0.18116618692874908,-0.25477495789527893
colbench_backend_programming,545,0.253805547952652,-0.17062661051750183,-0.253805547952652
colbench_backend_programming,417,0.25276318192481995,-0.1820414960384369,-0.25276318192481995
colbench_backend_programming,670,0.2524971663951874,-0.18445026874542236,-0.2524971663951874
colbench_backend_programming,733,0.25041118264198303,-0.18269015848636627,-0.25041118264198303
colbench_backend_programming,550,0.2503710389137268,0.17116910219192505,0.2503710389137268
colbench_backend_programming,936,0.24742399156093597,-0.1721799522638321,-0.24742399156093597
colbench_backend_programming,596,0.24740110337734222,-0.16401301324367523,-0.24740110337734222
colbench_backend_programming,488,0.24734756350517273,-0.18104341626167297,-0.24734756350517273
colbench_backend_programming,985,0.24605228006839752,0.16065526008605957,0.24605228006839752
colbench_backend_programming,317,0.24556958675384521,0.17483441531658173,0.24556958675384521
colbench_backend_programming,398,0.24405094981193542,-0.1860295832157135,-0.24405094981193542
colbench_backend_programming,356,0.243257537484169,0.17205974459648132,0.243257537484169
colbench_backend_programming,131,0.24323056638240814,-0.18246839940547943,-0.24323056638240814
colbench_backend_programming,68,0.24283672869205475,-0.18553532660007477,-0.24283672869205475
colbench_backend_programming,514,0.2420552372932434,-0.16392625868320465,-0.2420552372932434
colbench_backend_programming,22,0.2418232560157776,-0.17941483855247498,-0.2418232560157776
colbench_backend_programming,448,0.24151121079921722,-0.16933946311473846,-0.24151121079921722
colbench_backend_programming,693,0.24140073359012604,-0.18521040678024292,-0.24140073359012604
colbench_backend_programming,228,0.24090322852134705,0.16487780213356018,0.24090322852134705
colbench_backend_programming,473,0.2401587814092636,-0.16663408279418945,-0.2401587814092636
colbench_backend_programming,888,0.23984354734420776,-0.17969660460948944,-0.23984354734420776
colbench_backend_programming,639,0.23948541283607483,-0.1821097731590271,-0.23948541283607483
colbench_backend_programming,95,0.23943857848644257,-0.17261342704296112,-0.23943857848644257
colbench_backend_programming,805,0.23865893483161926,-0.1780514419078827,-0.23865893483161926
colbench_backend_programming,807,0.2382649928331375,-0.17960037291049957,-0.2382649928331375
colbench_backend_programming,32,0.23804119229316711,-0.17853303253650665,-0.23804119229316711
colbench_backend_programming,195,0.23774604499340057,-0.19014863669872284,-0.23774604499340057
colbench_backend_programming,412,0.23774094879627228,-0.1804027110338211,-0.23774094879627228
colbench_backend_programming,636,0.2371767908334732,-0.17150087654590607,-0.2371767908334732
colbench_backend_programming,585,0.23687385022640228,-0.19403506815433502,-0.23687385022640228
colbench_backend_programming,217,0.23611417412757874,-0.17668890953063965,-0.23611417412757874
colbench_backend_programming,650,0.2350449562072754,-0.1820383071899414,-0.2350449562072754
colbench_backend_programming,246,0.2337702214717865,-0.17694608867168427,-0.2337702214717865
colbench_backend_programming,284,0.23366445302963257,-0.17929092049598694,-0.23366445302963257
colbench_backend_programming,757,0.23332689702510834,-0.18181835114955902,-0.23332689702510834
colbench_backend_programming,213,0.23166698217391968,-0.18010453879833221,-0.23166698217391968
colbench_backend_programming,736,0.230999156832695,-0.17080353200435638,-0.230999156832695
colbench_backend_programming,455,0.22968874871730804,-0.18272888660430908,-0.22968874871730804
colbench_backend_programming,176,0.22931405901908875,-0.16691917181015015,-0.22931405901908875
colbench_backend_programming,396,0.22809870541095734,-0.18722112476825714,-0.22809870541095734
colbench_backend_programming,346,0.22802293300628662,-0.1822320967912674,-0.22802293300628662
colbench_backend_programming,429,0.22788473963737488,-0.19149421155452728,-0.22788473963737488
colbench_backend_programming,298,0.22775503993034363,-0.18647468090057373,-0.22775503993034363
colbench_backend_programming,678,0.22672906517982483,-0.19790589809417725,-0.22672906517982483
colbench_backend_programming,647,0.22035670280456543,-0.18826709687709808,-0.22035670280456543
colbench_backend_programming,801,0.2168801873922348,-0.18124815821647644,-0.2168801873922348
colbench_backend_programming,574,0.21385854482650757,-0.1876543015241623,-0.21385854482650757
colbench_backend_programming,66,0.21328173577785492,0.18066559731960297,0.21328173577785492
colbench_backend_programming,716,0.18023285269737244,0.059209518134593964,0.18023285269737244
colbench_backend_programming,114,0.1781599372625351,0.05855412781238556,0.1781599372625351
colbench_backend_programming,345,0.17385263741016388,0.05267549678683281,0.17385263741016388
colbench_backend_programming,982,0.1730281412601471,0.05187731608748436,0.1730281412601471
colbench_backend_programming,752,0.17288561165332794,0.055310897529125214,0.17288561165332794
colbench_backend_programming,629,0.17259590327739716,0.051160525530576706,0.17259590327739716
colbench_backend_programming,813,0.17160247266292572,0.05191780626773834,0.17160247266292572
colbench_backend_programming,265,0.17155809700489044,-0.05088870972394943,-0.17155809700489044
colbench_backend_programming,458,0.17041513323783875,-0.05102575570344925,-0.17041513323783875
colbench_backend_programming,774,0.17011933028697968,0.05916031822562218,0.17011933028697968
colbench_backend_programming,504,0.16908061504364014,0.06290479004383087,0.16908061504364014
colbench_backend_programming,965,0.1685696393251419,0.049290645867586136,0.1685696393251419
colbench_backend_programming,947,0.16730137169361115,0.057903971523046494,0.16730137169361115
colbench_backend_programming,440,0.1668260246515274,0.0590435191988945,0.1668260246515274
colbench_backend_programming,872,0.16679508984088898,0.04612135887145996,0.16679508984088898
colbench_backend_programming,701,0.1651226431131363,0.04857020825147629,0.1651226431131363
colbench_backend_programming,312,0.163013756275177,0.053408607840538025,0.163013756275177
colbench_backend_programming,993,0.1624082624912262,-0.06379862129688263,-0.1624082624912262
colbench_backend_programming,676,0.16177450120449066,0.07251166552305222,0.16177450120449066
colbench_backend_programming,660,0.16161231696605682,0.05294422805309296,0.16161231696605682
colbench_backend_programming,154,0.16090859472751617,0.051895275712013245,0.16090859472751617
colbench_backend_programming,377,0.1588689386844635,0.0512586385011673,0.1588689386844635
colbench_backend_programming,540,0.158532053232193,0.0760621652007103,0.158532053232193
colbench_backend_programming,715,0.1529775857925415,0.06363495439291,0.1529775857925415
colbench_backend_programming,825,0.15287712216377258,0.05583358183503151,0.15287712216377258
colbench_backend_programming,483,0.15182320773601532,0.06489577889442444,0.15182320773601532
colbench_backend_programming,714,0.1490454524755478,0.04444465786218643,0.1490454524755478
colbench_backend_programming,992,0.1485094279050827,-0.07302261888980865,-0.1485094279050827
colbench_backend_programming,672,0.14752605557441711,0.05954243242740631,0.14752605557441711
colbench_backend_programming,732,0.14560556411743164,-0.08555576950311661,-0.14560556411743164
colbench_backend_programming,769,0.14321547746658325,-0.07857633382081985,-0.14321547746658325
colbench_backend_programming,261,0.14296478033065796,0.08070793747901917,0.14296478033065796
colbench_backend_programming,579,0.1422845870256424,0.0878986269235611,0.1422845870256424
colbench_backend_programming,439,0.1417473554611206,0.0787532776594162,0.1417473554611206
colbench_backend_programming,953,0.14150048792362213,0.08165536820888519,0.14150048792362213
colbench_backend_programming,338,0.14080289006233215,-0.06272301077842712,-0.14080289006233215
colbench_backend_programming,302,0.14063024520874023,-0.06740768998861313,-0.14063024520874023
colbench_backend_programming,430,0.13893114030361176,-0.07348846644163132,-0.13893114030361176
colbench_backend_programming,90,0.13882584869861603,0.06348508596420288,0.13882584869861603
colbench_backend_programming,149,0.13794967532157898,0.08271729946136475,0.13794967532157898
colbench_backend_programming,804,0.13785769045352936,-0.0903697982430458,-0.13785769045352936
colbench_backend_programming,441,0.13780750334262848,0.05912230163812637,0.13780750334262848
colbench_backend_programming,340,0.13731028139591217,0.06535523384809494,0.13731028139591217
colbench_backend_programming,622,0.13720734417438507,-0.05805880203843117,-0.13720734417438507
colbench_backend_programming,47,0.1361285150051117,-0.08969759196043015,-0.1361285150051117
colbench_backend_programming,37,0.13510432839393616,0.0630401000380516,0.13510432839393616
colbench_backend_programming,758,0.13508199155330658,0.07279897481203079,0.13508199155330658
colbench_backend_programming,718,0.13491809368133545,-0.07382829487323761,-0.13491809368133545
colbench_backend_programming,698,0.134151890873909,0.07770579308271408,0.134151890873909
colbench_backend_programming,652,0.13396123051643372,0.08259077370166779,0.13396123051643372
colbench_backend_programming,737,0.13385285437107086,-0.08148065954446793,-0.13385285437107086
colbench_backend_programming,40,0.13330915570259094,-0.08280987292528152,-0.13330915570259094
colbench_backend_programming,138,0.1332317441701889,0.07227517664432526,0.1332317441701889
colbench_backend_programming,643,0.1330137550830841,0.08705732971429825,0.1330137550830841
colbench_backend_programming,754,0.13232126832008362,0.06380034983158112,0.13232126832008362
colbench_backend_programming,99,0.13226090371608734,-0.0721154659986496,-0.13226090371608734
colbench_backend_programming,403,0.13172036409378052,-0.10242033749818802,-0.13172036409378052
colbench_backend_programming,613,0.12978681921958923,0.05330406874418259,0.12978681921958923
colbench_backend_programming,627,0.12817618250846863,0.07714390754699707,0.12817618250846863
colbench_backend_programming,291,0.12785980105400085,-0.0802668035030365,-0.12785980105400085
colbench_backend_programming,510,0.12782356142997742,0.08193639665842056,0.12782356142997742
colbench_backend_programming,602,0.12756317853927612,-0.0826820358633995,-0.12756317853927612
colbench_backend_programming,503,0.12690633535385132,0.09199462831020355,0.12690633535385132
colbench_backend_programming,192,0.12602940201759338,-0.07437831908464432,-0.12602940201759338
colbench_backend_programming,987,0.12591508030891418,0.09143966436386108,0.12591508030891418
colbench_backend_programming,137,0.12591467797756195,-0.08710558712482452,-0.12591467797756195
colbench_backend_programming,384,0.12531788647174835,-0.0926961749792099,-0.12531788647174835
colbench_backend_programming,819,0.1246769055724144,-0.07480364292860031,-0.1246769055724144
colbench_backend_programming,63,0.1237383633852005,-0.08083979040384293,-0.1237383633852005
colbench_backend_programming,454,0.12354709208011627,-0.09415194392204285,-0.12354709208011627
colbench_backend_programming,628,0.12247861176729202,0.07397570461034775,0.12247861176729202
colbench_backend_programming,918,0.12232618033885956,0.10042397677898407,0.12232618033885956
colbench_backend_programming,755,0.12216462939977646,-0.08034294098615646,-0.12216462939977646
colbench_backend_programming,571,0.12097981572151184,-0.11004650592803955,-0.12097981572151184
colbench_backend_programming,665,0.12047187238931656,-0.08648525923490524,-0.12047187238931656
colbench_backend_programming,355,0.12045583873987198,0.09314843267202377,0.12045583873987198
colbench_backend_programming,453,0.12028028815984726,0.10038916766643524,0.12028028815984726
colbench_backend_programming,702,0.11967922002077103,0.07643397152423859,0.11967922002077103
colbench_backend_programming,959,0.11888379603624344,-0.09605787694454193,-0.11888379603624344
colbench_backend_programming,84,0.11861824244260788,0.08492487668991089,0.11861824244260788
colbench_backend_programming,792,0.11808248609304428,0.0899621844291687,0.11808248609304428
colbench_backend_programming,180,0.1177145466208458,-0.08622268587350845,-0.1177145466208458
colbench_backend_programming,523,0.1170688271522522,-0.07579337805509567,-0.1170688271522522
colbench_backend_programming,561,0.11625855416059494,-0.09099952131509781,-0.11625855416059494
colbench_backend_programming,637,0.11611000448465347,-0.10525205731391907,-0.11611000448465347
colbench_backend_programming,879,0.11602894961833954,-0.09742958843708038,-0.11602894961833954
colbench_backend_programming,155,0.115949347615242,-0.09568758308887482,-0.115949347615242
colbench_backend_programming,175,0.1143791452050209,-0.08216646313667297,-0.1143791452050209
colbench_backend_programming,438,0.11375786364078522,-0.08955202996730804,-0.11375786364078522
colbench_backend_programming,499,0.11339239031076431,0.09165902435779572,0.11339239031076431
colbench_backend_programming,899,0.11231128126382828,-0.07403766363859177,-0.11231128126382828
colbench_backend_programming,36,0.11182878166437149,-0.09858468919992447,-0.11182878166437149
colbench_backend_programming,608,0.11045040190219879,-0.10130433738231659,-0.11045040190219879
colbench_backend_programming,731,0.11029225587844849,-0.11569629609584808,-0.11029225587844849
colbench_backend_programming,414,0.10942564159631729,0.08590809255838394,0.10942564159631729
colbench_backend_programming,278,0.10876194387674332,-0.10522385686635971,-0.10876194387674332
colbench_backend_programming,280,0.10800234973430634,0.08628559112548828,0.10800234973430634
colbench_backend_programming,348,0.10783086717128754,-0.10650909692049026,-0.10783086717128754
colbench_backend_programming,434,0.10737878829240799,-0.09831875562667847,-0.10737878829240799
colbench_backend_programming,452,0.105970598757267,-0.09110821783542633,-0.105970598757267
colbench_backend_programming,580,0.10473426431417465,-0.09703803062438965,-0.10473426431417465
colbench_backend_programming,484,0.1036900132894516,-0.0842321366071701,-0.1036900132894516
colbench_backend_programming,850,0.10332542657852173,-0.09563709795475006,-0.10332542657852173
colbench_backend_programming,984,0.10312240570783615,-0.10591546446084976,-0.10312240570783615
colbench_backend_programming,259,0.10204372555017471,-0.11716023832559586,-0.10204372555017471
colbench_backend_programming,614,0.10203143954277039,-0.08508491516113281,-0.10203143954277039
colbench_backend_programming,881,0.10129424184560776,-0.08444030582904816,-0.10129424184560776
colbench_backend_programming,925,0.09836314618587494,-0.09051866829395294,-0.09836314618587494
colbench_backend_programming,20,0.09700226038694382,-0.10014281421899796,-0.09700226038694382
colbench_backend_programming,838,0.09580957144498825,-0.0978146344423294,-0.09580957144498825
colbench_backend_programming,13,0.09544282406568527,-0.10340476781129837,-0.09544282406568527
colbench_backend_programming,728,0.09391841292381287,-0.11491869390010834,-0.09391841292381287
colbench_backend_programming,929,0.093863844871521,-0.10604166984558105,-0.093863844871521
colbench_backend_programming,498,0.09192159026861191,-0.10340724885463715,-0.09192159026861191
colbench_backend_programming,926,0.09133858978748322,-0.10840410739183426,-0.09133858978748322
colbench_backend_programming,391,0.09053830057382584,-0.1113869771361351,-0.09053830057382584
colbench_backend_programming,768,0.09006080776453018,0.0988592728972435,0.09006080776453018
colbench_backend_programming,816,0.08822616934776306,0.1147344559431076,0.08822616934776306
colbench_backend_programming,170,0.08800745010375977,-0.12157131731510162,-0.08800745010375977
colbench_backend_programming,383,0.08580994606018066,-0.11767708510160446,-0.08580994606018066
colbench_backend_programming,834,0.08541848510503769,0.10387343168258667,0.08541848510503769
colbench_backend_programming,118,0.08485792577266693,-0.10762711614370346,-0.08485792577266693
colbench_backend_programming,10,0.08463484793901443,-0.11607369780540466,-0.08463484793901443
colbench_backend_programming,763,0.08289041370153427,-0.10948381572961807,-0.08289041370153427
colbench_backend_programming,81,0.08192707598209381,0.1123598963022232,0.08192707598209381
colbench_backend_programming,158,0.0814555212855339,-0.11076632887125015,-0.0814555212855339
colbench_backend_programming,519,0.08118283003568649,-0.10972864180803299,-0.08118283003568649
colbench_backend_programming,847,0.0798306092619896,-0.10169430822134018,-0.0798306092619896
colbench_backend_programming,107,0.07732027769088745,-0.1112603098154068,-0.07732027769088745
colbench_backend_programming,874,0.0769701674580574,-0.10784445703029633,-0.0769701674580574
colbench_backend_programming,903,0.07614738494157791,-0.10192640870809555,-0.07614738494157791
colbench_backend_programming,567,0.05462497100234032,-0.022190792486071587,0.05462497100234032
colbench_backend_programming,17,0.05056934803724289,-0.028649793937802315,0.05056934803724289
colbench_backend_programming,254,0.04959503933787346,-0.01723826676607132,0.04959503933787346
colbench_backend_programming,151,0.045542459934949875,-0.024700602516531944,0.045542459934949875
colbench_backend_programming,658,0.044931575655937195,-0.02354191429913044,0.044931575655937195
colbench_backend_programming,864,0.04492809623479843,-0.020658913999795914,0.04492809623479843
colbench_backend_programming,61,0.04374707117676735,-0.028392137959599495,0.04374707117676735
colbench_backend_programming,285,0.043258294463157654,-0.022326676174998283,0.043258294463157654
colbench_backend_programming,168,0.04308246076107025,-0.03825946897268295,0.04308246076107025
colbench_backend_programming,709,0.0424780435860157,-0.027652891352772713,0.0424780435860157
colbench_backend_programming,644,0.04135571047663689,-0.031130095943808556,0.04135571047663689
colbench_backend_programming,189,0.04000350832939148,-0.016305625438690186,0.04000350832939148
colbench_backend_programming,161,0.03950335457921028,-0.018548309803009033,0.03950335457921028
colbench_backend_programming,362,0.038473665714263916,-0.02794514410197735,0.038473665714263916
colbench_backend_programming,85,0.038246482610702515,-0.014002480544149876,0.038246482610702515
colbench_backend_programming,163,0.03821055218577385,-0.026204926893115044,0.03821055218577385
colbench_backend_programming,512,0.03801530972123146,-0.023683419451117516,0.03801530972123146
colbench_backend_programming,951,0.036979466676712036,-0.026526154950261116,0.036979466676712036
colbench_backend_programming,407,0.0367891900241375,-0.021813377737998962,0.0367891900241375
colbench_backend_programming,21,0.03675726801156998,-0.018720587715506554,0.03675726801156998
colbench_backend_programming,86,0.035695020109415054,-0.023474054411053658,0.035695020109415054
colbench_backend_programming,516,0.03506489470601082,-0.02233995869755745,0.03506489470601082
colbench_backend_programming,939,0.03456077724695206,-0.014001667499542236,0.03456077724695206
colbench_backend_programming,108,0.03278656303882599,-0.03009810484945774,0.03278656303882599
colbench_backend_programming,300,0.03276956453919411,-0.015315676108002663,0.03276956453919411
colbench_backend_programming,566,0.03276706486940384,0.029050977900624275,-0.03276706486940384
colbench_backend_programming,76,0.032319582998752594,-0.029599979519844055,0.032319582998752594
colbench_backend_programming,232,0.031200658529996872,-0.011301279067993164,0.031200658529996872
colbench_backend_programming,309,0.028292907401919365,-0.022766074165701866,0.028292907401919365
colbench_backend_programming,679,0.027132665738463402,-0.024078868329524994,0.027132665738463402
colbench_backend_programming,260,0.027006138116121292,-0.023869290947914124,0.027006138116121292
colbench_backend_programming,563,0.026326673105359077,-0.026580341160297394,0.026326673105359077
colbench_backend_programming,416,0.025028996169567108,-0.030626751482486725,0.025028996169567108
colbench_backend_programming,906,0.024996403604745865,-0.017349092289805412,0.024996403604745865
colbench_backend_programming,117,0.02380041591823101,-0.012653812766075134,0.02380041591823101
colbench_backend_programming,156,0.023347722366452217,-0.0252313744276762,0.023347722366452217
colbench_backend_programming,294,0.023330744355916977,0.014058769680559635,-0.023330744355916977
colbench_backend_programming,301,0.022230826318264008,0.012149110436439514,-0.022230826318264008
colbench_backend_programming,645,0.02216322347521782,-0.007173608522862196,0.02216322347521782
colbench_backend_programming,401,0.022067388519644737,-0.028492014855146408,0.022067388519644737
colbench_backend_programming,791,0.02197321504354477,-0.023582415655255318,0.02197321504354477
colbench_backend_programming,281,0.02158590592443943,-0.02938471920788288,0.02158590592443943
colbench_backend_programming,45,0.020138496533036232,-0.024157101288437843,0.020138496533036232
colbench_backend_programming,772,0.019822340458631516,-0.03418803587555885,0.019822340458631516
colbench_backend_programming,538,0.019629623740911484,0.00017303897766396403,-0.019629623740911484
colbench_backend_programming,923,0.01779457926750183,-0.016995549201965332,0.01779457926750183
colbench_backend_programming,143,0.017529411241412163,-0.016700047999620438,0.017529411241412163
colbench_backend_programming,857,0.017447685822844505,-0.020544985309243202,0.017447685822844505
colbench_backend_programming,431,0.01742873340845108,-0.019541749730706215,0.01742873340845108
colbench_backend_programming,668,0.015708966180682182,-0.011198545806109905,0.015708966180682182
colbench_backend_programming,599,0.015265308320522308,0.004022614564746618,-0.015265308320522308
colbench_backend_programming,866,0.014157701283693314,-0.014410588890314102,0.014157701283693314
colbench_backend_programming,237,0.011879784055054188,0.0022993439342826605,0.011879784055054188
colbench_backend_programming,502,0.01187637634575367,-0.015120865777134895,0.01187637634575367
colbench_backend_programming,227,0.011293177492916584,-0.006367442663758993,0.011293177492916584
colbench_backend_programming,433,0.009950612671673298,-0.0015385730657726526,0.009950612671673298
colbench_backend_programming,287,0.0099104605615139,-0.005615233443677425,-0.0099104605615139
colbench_backend_programming,74,0.009260963648557663,-0.018854741007089615,0.009260963648557663
colbench_backend_programming,770,0.008915410377085209,-0.01962561532855034,0.008915410377085209
colbench_backend_programming,860,0.00835398305207491,-0.007272778544574976,0.00835398305207491
colbench_backend_programming,139,0.007832391187548637,-0.0007253430085256696,-0.007832391187548637
colbench_backend_programming,810,0.005759561900049448,-0.00531578715890646,0.005759561900049448
colbench_backend_programming,14,0.004725862294435501,-0.0077346377074718475,0.004725862294435501
colbench_backend_programming,739,0.004042322281748056,-0.011493739672005177,0.004042322281748056
colbench_backend_programming,802,0.0037155593745410442,0.011368258856236935,0.0037155593745410442
colbench_backend_programming,515,0.003523808903992176,-0.00038117056828923523,-0.003523808903992176
colbench_backend_programming,140,0.003038574941456318,-0.0033570376690477133,0.003038574941456318
colbench_backend_programming,35,0.00208795047365129,0.0012286187848076224,0.00208795047365129
colbench_backend_programming,324,0.0013829150702804327,0.004128997679799795,0.0013829150702804327
colbench_backend_programming,295,0.0005905703292228281,-0.0030775282066315413,-0.0005905703292228281
colbench_backend_programming,782,0.0002874110941775143,0.020344311371445656,-0.0002874110941775143
colbench_backend_programming,124,0.00020590929489117116,0.006147528532892466,0.00020590929489117116
corebench_hard,capsule-5136217,1.31595778465271,-1.0206847190856934,-1.31595778465271
corebench_hard,capsule-1394704,1.2614023685455322,-0.9593143463134766,-1.2614023685455322
corebench_hard,capsule-8807709,1.2550699710845947,-0.8474727869033813,-1.2550699710845947
corebench_hard,capsule-3418007,1.2531697750091553,-0.8451682329177856,-1.2531697750091553
corebench_hard,capsule-2804717,1.2458114624023438,-0.8085965514183044,-1.2458114624023438
corebench_hard,capsule-2708693,1.2202582359313965,-0.7465757131576538,-1.2202582359313965
corebench_hard,capsule-4299879,1.2132441997528076,-0.9773794412612915,-1.2132441997528076
corebench_hard,capsule-4252248,1.2129772901535034,-1.1317453384399414,-1.2129772901535034
corebench_hard,capsule-3449234,1.1936404705047607,-1.1436667442321777,-1.1936404705047607
corebench_hard,capsule-9832712,1.1885966062545776,-0.8610789179801941,-1.1885966062545776
corebench_hard,capsule-9911222,1.1769840717315674,-1.0337649583816528,-1.1769840717315674
corebench_hard,capsule-7716865,1.1684993505477905,-1.1549465656280518,-1.1684993505477905
corebench_hard,capsule-9054015,1.168402075767517,-0.6960588097572327,-1.168402075767517
corebench_hard,capsule-7186268,1.1074433326721191,-0.6105167269706726,-1.1074433326721191
corebench_hard,capsule-8536428,1.0903979539871216,-1.2140527963638306,-1.0903979539871216
corebench_hard,capsule-2816027,1.090090274810791,-0.4227644205093384,-1.090090274810791
corebench_hard,capsule-2345790,1.0892391204833984,-0.8341809511184692,-1.0892391204833984
corebench_hard,capsule-9660931,1.0835950374603271,-1.2105176448822021,-1.0835950374603271
corebench_hard,capsule-3821950,1.0834896564483643,-1.2149816751480103,-1.0834896564483643
corebench_hard,capsule-9137200,1.0755232572555542,-0.4751383662223816,-1.0755232572555542
corebench_hard,capsule-1624349,1.0550532341003418,-0.4107782542705536,-1.0550532341003418
corebench_hard,capsule-4933686,1.0478260517120361,-0.9926809072494507,-1.0478260517120361
corebench_hard,capsule-3262218,1.0418654680252075,-0.46742215752601624,-1.0418654680252075
corebench_hard,capsule-9240688,1.0146039724349976,-0.8927634358406067,-1.0146039724349976
corebench_hard,capsule-5507257,1.013336181640625,-1.1577880382537842,-1.013336181640625
corebench_hard,capsule-4671827,0.9709653258323669,-0.4234146773815155,-0.9709653258323669
corebench_hard,capsule-3301293,0.9311771392822266,-0.1825379580259323,-0.9311771392822266
corebench_hard,capsule-4728591,0.8301897644996643,-0.32609236240386963,-0.8301897644996643
corebench_hard,capsule-8234136,0.8112632632255554,-0.9440941214561462,-0.8112632632255554
corebench_hard,capsule-6049678,0.7292648553848267,0.11437615007162094,-0.7292648553848267
corebench_hard,capsule-3639589,0.7019497156143188,-0.36089324951171875,-0.7019497156143188
corebench_hard,capsule-1900704,0.6648386120796204,-0.5200359225273132,-0.6648386120796204
corebench_hard,capsule-0504157,0.531722903251648,-0.35504835844039917,-0.531722903251648
corebench_hard,capsule-9670283,0.5023512840270996,0.044527817517519,-0.5023512840270996
corebench_hard,capsule-3593259,0.4956825375556946,0.08745958656072617,-0.4956825375556946
corebench_hard,capsule-1724988,0.4684056341648102,0.12358851730823517,-0.4684056341648102
corebench_hard,capsule-3849634,0.45017755031585693,0.20790064334869385,-0.45017755031585693
corebench_hard,capsule-0851068,0.44267505407333374,0.29944121837615967,-0.44267505407333374
corebench_hard,capsule-9052293,0.41498565673828125,0.43482881784439087,-0.41498565673828125
corebench_hard,capsule-6003668,0.3648436665534973,0.0018497827695682645,-0.3648436665534973
corebench_hard,capsule-9641396,0.2643119692802429,0.2783204913139343,-0.2643119692802429
corebench_hard,capsule-0921079,0.14191566407680511,0.37197765707969666,-0.14191566407680511
corebench_hard,capsule-4180912,0.1405678540468216,0.42680254578590393,-0.1405678540468216
corebench_hard,capsule-1175539,0.136456698179245,0.5036348700523376,-0.136456698179245
corebench_hard,capsule-2414499,0.11034820228815079,0.4726162254810333,0.11034820228815079
gaia,0e9e85b8-52b9-4de4-b402-5f635ab9631f,0.9478650093078613,-0.7120456695556641,-0.9478650093078613
gaia,3da89939-209c-4086-8520-7eb734e6b4ef,0.9443143606185913,-0.544033944606781,-0.9443143606185913
gaia,e142056d-56ab-4352-b091-b56054bd1359,0.9352354407310486,-0.9628699421882629,-0.9352354407310486
gaia,8f80e01c-1296-4371-9486-bb3d68651a60,0.9336575269699097,-0.9601365327835083,-0.9336575269699097
gaia,ded28325-3447-4c56-860f-e497d6fb3577,0.9323107004165649,-0.968458890914917,-0.9323107004165649
gaia,c526d8d6-5987-4da9-b24c-83466fa172f3,0.9302210807800293,-0.9713557958602905,-0.9302210807800293
gaia,7a4a336d-dcfa-45a0-b014-824c7619e8de,0.9256290197372437,-0.7154017090797424,-0.9256290197372437
gaia,dc28cf18-6431-458b-83ef-64b3ce566c10,0.9171687364578247,0.9740018248558044,0.9171687364578247
gaia,9318445f-fe6a-4e1b-acbf-c68228c9906a,0.8932595252990723,-0.7886520624160767,-0.8932595252990723
gaia,46719c30-f4c3-4cad-be07-d5cb21eee6bb,0.8929489850997925,-0.48518040776252747,-0.8929489850997925
gaia,ecbc4f94-95a3-4cc7-b255-6741a458a625,0.8808928728103638,-0.4950035810470581,-0.8808928728103638
gaia,72c06643-a2fa-4186-aa5c-9ec33ae9b445,0.8719924688339233,-0.8858214616775513,-0.8719924688339233
gaia,624cbf11-6a41-4692-af9c-36b3e5ca3130,0.8698644042015076,-0.47523388266563416,-0.8698644042015076
gaia,cca530fc-4052-43b2-b130-b30968d8aa44,0.8519759774208069,-0.8114438652992249,-0.8519759774208069
gaia,ad2b4d70-9314-4fe6-bfbe-894a45f6055f,0.8478558659553528,-0.48681941628456116,-0.8478558659553528
gaia,5f982798-16b9-4051-ab57-cfc7ebdb2a91,0.8450779914855957,-0.6480646133422852,-0.8450779914855957
gaia,27d5d136-8563-469e-92bf-fd103c28b57c,0.8434225916862488,0.8005678653717041,0.8434225916862488
gaia,1dcc160f-c187-48c2-b68e-319bd4354f3d,0.8419309258460999,-0.33768975734710693,-0.8419309258460999
gaia,ebbc1f13-d24d-40df-9068-adcf735b4240,0.8322805166244507,-0.4162822663784027,-0.8322805166244507
gaia,df6561b2-7ee5-4540-baab-5095f742716a,0.8322499990463257,-0.8164838552474976,-0.8322499990463257
gaia,11af4e1a-5f45-467d-9aeb-46f4bb0bf034,0.8316112160682678,0.892123281955719,0.8316112160682678
gaia,6359a0b1-8f7b-499b-9336-840f9ab90688,0.8297714591026306,-0.8105049729347229,-0.8297714591026306
gaia,65afbc8a-89ca-4ad5-8d62-355bb401f61d,0.8271609544754028,-0.42162033915519714,-0.8271609544754028
gaia,d5141ca5-e7a0-469f-bf3e-e773507c86e2,0.8181271553039551,-0.2674413025379181,-0.8181271553039551
gaia,0bb3b44a-ede5-4db5-a520-4e844b0079c5,0.8167985677719116,-0.2690534293651581,-0.8167985677719116
gaia,853c8244-429e-46ca-89f2-addf40dfb2bd,0.8155011534690857,-0.5743351578712463,-0.8155011534690857
gaia,872bfbb1-9ccf-49f6-8c5f-aa22818ccd66,0.782350480556488,-0.37015077471733093,-0.782350480556488
gaia,8b3379c0-0981-4f5b-8407-6444610cb212,0.7812711596488953,-0.19936144351959229,-0.7812711596488953
gaia,dd3c7503-f62a-4bd0-9f67-1b63b94194cc,0.7780318856239319,0.910353422164917,0.7780318856239319
gaia,d1af70ea-a9a4-421a-b9cc-94b5e02f1788,0.7740451097488403,-0.05971916764974594,-0.7740451097488403
gaia,7673d772-ef80-4f0f-a602-1bf4485c9b43,0.7672678232192993,-0.8329057693481445,-0.7672678232192993
gaia,cca70ce6-1952-45d2-acd4-80c903b0bc49,0.7603017091751099,-0.7597739696502686,-0.7603017091751099
gaia,7619a514-5fa8-43ef-9143-83b66a43d7a4,0.7335140109062195,-0.3693593740463257,-0.7335140109062195
gaia,dc22a632-937f-4e6a-b72f-ba0ff3f5ff97,0.7168406844139099,-0.23382596671581268,-0.7168406844139099
gaia,6f37996b-2ac7-44b0-8e68-6d28256631b4,0.7161863446235657,0.7639182806015015,0.7161863446235657
gaia,1f975693-876d-457b-a649-393859e79bf3,0.7090221643447876,-0.3856548070907593,-0.7090221643447876
gaia,384d0dd8-e8a4-4cfe-963c-d37f256e7662,0.7027605175971985,-0.3057912588119507,-0.7027605175971985
gaia,2d83110e-a098-4ebb-9987-066c06fa42d0,0.700761079788208,0.849627673625946,0.700761079788208
gaia,676e5e31-a554-4acc-9286-b60d90a92d26,0.6974835395812988,-0.16906051337718964,-0.6974835395812988
gaia,0512426f-4d28-49f0-be77-06d05daec096,0.6752697825431824,-0.03478791564702988,-0.6752697825431824
gaia,0a3cd321-3e76-4622-911b-0fda2e5d6b1a,0.6685134768486023,-0.17460116744041443,-0.6685134768486023
gaia,a7feb290-76bb-4cb7-8800-7edaf7954f2f,0.6660681962966919,-0.5422282218933105,-0.6660681962966919
gaia,8d46b8d6-b38a-47ff-ac74-cda14cf2d19b,0.662337601184845,-0.86399906873703,-0.662337601184845
gaia,b2c257e0-3ad7-4f05-b8e3-d9da973be36e,0.6619783639907837,-0.6953994631767273,-0.6619783639907837
gaia,50f58759-7bd6-406f-9b0d-5692beb2a926,0.6591794490814209,-0.3886243999004364,-0.6591794490814209
gaia,99c9cc74-fdc8-46c6-8f8d-3ce2d3bfeea3,0.6495053768157959,-0.1777944266796112,-0.6495053768157959
gaia,0b260a57-3f3a-4405-9f29-6d7a1012dbfb,0.6470215320587158,-0.03613704442977905,-0.6470215320587158
gaia,b415aba4-4b68-4fc6-9b89-2c812e55a3e1,0.638861358165741,-0.4060305058956146,-0.638861358165741
gaia,d0633230-7067-47a9-9dbf-ee11e0a2cdd6,0.6361128687858582,-0.5666744112968445,-0.6361128687858582
gaia,c8b7e059-c60d-472e-ad64-3b04ae1166dc,0.6324976682662964,-0.4790261387825012,-0.6324976682662964
gaia,9b54f9d9-35ee-4a14-b62f-d130ea00317f,0.631952166557312,0.02437921240925789,-0.631952166557312
gaia,7dd30055-0198-452e-8c25-f73dbe27dcb8,0.6302109360694885,-0.39829957485198975,-0.6302109360694885
gaia,851e570a-e3de-4d84-bcfa-cc85578baa59,0.6277987360954285,-0.48428472876548767,-0.6277987360954285
gaia,72e110e7-464c-453c-a309-90a95aed6538,0.623673677444458,-0.04622345417737961,-0.623673677444458
gaia,16d825ff-1623-4176-a5b5-42e0f5c2b0ac,0.6227452158927917,0.07757508009672165,-0.6227452158927917
gaia,c714ab3a-da30-4603-bacd-d008800188b9,0.6197666525840759,0.791084349155426,0.6197666525840759
gaia,bfcd99e1-0690-4b53-a85c-0174a8629083,0.6170964241027832,0.024937734007835388,-0.6170964241027832
gaia,f2feb6a4-363c-4c09-a804-0db564eafd68,0.6117624044418335,-0.10977806150913239,-0.6117624044418335
gaia,20194330-9976-4043-8632-f8485c6c71b2,0.6029766201972961,-0.4913652539253235,-0.6029766201972961
gaia,4b6bb5f7-f634-410e-815d-e673ab7f8632,0.5929107069969177,-0.06054197996854782,-0.5929107069969177
gaia,983bba7c-c092-455f-b6c9-7857003d48fc,0.5927547812461853,-0.11777154356241226,-0.5927547812461853
gaia,2dfc4c37-fec1-4518-84a7-10095d30ad75,0.5914234519004822,-0.64051753282547,-0.5914234519004822
gaia,05407167-39ec-4d3a-a234-73a9120c325d,0.5829063057899475,0.00443202443420887,-0.5829063057899475
gaia,9e1fc53b-46ff-49a1-9d05-9e6faac34cc5,0.5821216106414795,-0.13931135833263397,-0.5821216106414795
gaia,48eb8242-1099-4c26-95d4-ef22b002457a,0.5709384679794312,-0.6338096261024475,-0.5709384679794312
gaia,bec74516-02fc-48dc-b202-55e78d0e17cf,0.5708118081092834,-0.566058874130249,-0.5708118081092834
gaia,2b3ef98c-cc05-450b-a719-711aee40ac65,0.5490216612815857,-0.2977149486541748,-0.5490216612815857
gaia,42d4198c-5895-4f0a-b0c0-424a66465d83,0.5487837791442871,-0.6589198112487793,-0.5487837791442871
gaia,08cae58d-4084-4616-b6dd-dd6534e4825b,0.548319399356842,-0.12971466779708862,-0.548319399356842
gaia,114d5fd0-e2ae-4b6d-a65a-870da2d19c08,0.5469034314155579,-0.14879684150218964,-0.5469034314155579
gaia,8131e2c0-0083-4265-9ce7-78c2d568425d,0.543297290802002,-0.20119184255599976,-0.543297290802002
gaia,a0c07678-e491-4bbc-8f0b-07405144218f,0.5358710885047913,-0.07770952582359314,-0.5358710885047913
gaia,ad37a656-079a-49f9-a493-7b739c9167d1,0.5297636985778809,0.5093299150466919,0.5297636985778809
gaia,5b2a14e8-6e59-479c-80e3-4696e8980152,0.5205796957015991,-0.23431077599525452,-0.5205796957015991
gaia,d700d50d-c707-4dca-90dc-4528cddd0c80,0.5077894926071167,0.7454022169113159,0.5077894926071167
gaia,f0f46385-fc03-4599-b5d3-f56496c3e69f,0.5061743855476379,0.7450472712516785,0.5061743855476379
gaia,d8152ad6-e4d5-4c12-8bb7-8d57dc10c6de,0.5059959292411804,-0.018529411405324936,-0.5059959292411804
gaia,cabe07ed-9eca-40ea-8ead-410ef5e83f91,0.4786423146724701,0.23165929317474365,-0.4786423146724701
gaia,9d191bce-651d-4746-be2d-7ef8ecadb9c2,0.472511887550354,0.45702749490737915,0.472511887550354
gaia,b4cc024b-3f5e-480e-b96a-6656493255b5,0.46656155586242676,0.09725216776132584,-0.46656155586242676
gaia,366e2f2b-8632-4ef2-81eb-bc3877489217,0.4593004286289215,-0.18016362190246582,-0.4593004286289215
gaia,0383a3ee-47a7-41a4-b493-519bdefe0488,0.4591425657272339,-0.11625182628631592,-0.4591425657272339
gaia,db4fd70a-2d37-40ea-873f-9433dc5e301f,0.4574471414089203,-0.4560258984565735,-0.4574471414089203
gaia,5cfb274c-0207-4aa7-9575-6ac0bd95d9b2,0.4519825875759125,0.5252123475074768,0.4519825875759125
gaia,544b7f0c-173a-4377-8d56-57b36eb26ddf,0.4516127407550812,0.6815987825393677,0.4516127407550812
gaia,e9a2c537-8232-4c3f-85b0-b52de6bcba99,0.44079118967056274,-0.4703284204006195,-0.44079118967056274
gaia,de9887f5-ead8-4727-876f-5a4078f8598c,0.42740705609321594,0.009152065962553024,-0.42740705609321594
gaia,a0068077-79f4-461a-adfe-75c1a4148545,0.4205772280693054,0.1533360481262207,-0.4205772280693054
gaia,e4e91f1c-1dcd-439e-9fdd-cb976f5293fd,0.42053255438804626,0.014192555099725723,-0.42053255438804626
gaia,4d51c4bf-4b0e-4f3d-897b-3f6687a7d9f2,0.41435110569000244,-0.05264132097363472,-0.41435110569000244
gaia,04a04a9b-226c-43fd-b319-d5e89743676f,0.38817593455314636,0.14435641467571259,-0.38817593455314636
gaia,c365c1c7-a3db-4d5e-a9a1-66f56eae7865,0.38620543479919434,-0.4046294689178467,-0.38620543479919434
gaia,8e867cd7-cff9-4e6c-867a-ff5ddc2550be,0.38082388043403625,-0.08307474106550217,-0.38082388043403625
gaia,7cc4acfa-63fd-4acc-a1a1-e8e529e0a97f,0.37750115990638733,0.7065818309783936,0.37750115990638733
gaia,e8cb5b03-41e0-4086-99e5-f6806cd97211,0.3739858567714691,0.14407780766487122,-0.3739858567714691
gaia,65638e28-7f37-4fa7-b7b9-8c19bb609879,0.36837252974510193,0.15413501858711243,-0.36837252974510193
gaia,08c0b6e9-1b43-4c2e-ae55-4e3fce2c2715,0.3681509792804718,-0.060290757566690445,-0.3681509792804718
gaia,b7f857e4-d8aa-4387-af2a-0e844df5b9d8,0.36644935607910156,0.5642714500427246,0.36644935607910156
gaia,f3917a3d-1d17-4ee2-90c5-683b072218fe,0.3548116087913513,0.148887500166893,-0.3548116087913513
gaia,708b99c5-e4a7-49cb-a5cf-933c8d46470d,0.35150301456451416,-0.13221590220928192,-0.35150301456451416
gaia,3627a8be-a77f-41bb-b807-7e1bd4c0ebdf,0.32600077986717224,0.6412667632102966,0.32600077986717224
gaia,9f41b083-683e-4dcf-9185-ccfeaa88fa45,0.31994062662124634,-0.08521752804517746,-0.31994062662124634
gaia,50ec8903-b81f-4257-9450-1085afd2c319,0.3172239661216736,0.6452021598815918,0.3172239661216736
gaia,7d4a7d1d-cac6-44a8-96e8-ea9584a70825,0.3086230456829071,0.22210904955863953,-0.3086230456829071
gaia,33d8ea3b-6c6b-4ff1-803d-7e270dea8a57,0.30556273460388184,0.4976218640804291,0.30556273460388184
gaia,14569e28-c88c-43e4-8c32-097d35b9a67d,0.30477750301361084,-0.36307695508003235,-0.30477750301361084
gaia,23dd907f-1261-4488-b21c-e9185af91d5e,0.294336199760437,0.025845011696219444,-0.294336199760437
gaia,023e9d44-96ae-4eed-b912-244ee8c3b994,0.28510695695877075,-0.03917968273162842,-0.28510695695877075
gaia,00d579ea-0889-4fd9-a771-2c8d79835c8d,0.2836887240409851,-0.026850515976548195,-0.2836887240409851
gaia,cffe0e32-c9a6-4c52-9877-78ceb4aaa9fb,0.2807270586490631,0.24034906923770905,-0.2807270586490631
gaia,7b5377b0-3f38-4103-8ad2-90fe89864c04,0.2771930396556854,0.3609863221645355,0.2771930396556854
gaia,0ff53813-3367-4f43-bcbd-3fd725c1bf4b,0.2719351649284363,0.22069841623306274,-0.2719351649284363
gaia,b9763138-c053-4832-9f55-86200cb1f99c,0.2716032862663269,0.23222792148590088,-0.2716032862663269
gaia,71345b0a-9c7d-4b50-b2bf-937ec5879845,0.24708642065525055,0.08923543989658356,-0.24708642065525055
gaia,e2d69698-bc99-4e85-9880-67eaccd66e6c,0.2464229017496109,0.16106761991977692,-0.2464229017496109
gaia,50ad0280-0819-4bd9-b275-5de32d3b5bcb,0.24607016146183014,-0.18465398252010345,-0.24607016146183014
gaia,da52d699-e8d2-4dc5-9191-a2199e0b6a9b,0.24535565078258514,0.2049655318260193,-0.24535565078258514
gaia,bda648d7-d618-4883-88f4-3466eabd860e,0.24323245882987976,0.5232535600662231,0.24323245882987976
gaia,65da0822-a48a-4a68-bbad-8ed1b835a834,0.23454682528972626,0.21377871930599213,-0.23454682528972626
gaia,a26649c6-1cb2-470a-871e-6910c64c3e53,0.22555327415466309,0.33292338252067566,0.22555327415466309
gaia,73c1b9fe-ee1d-4cf4-96ca-35c08f97b054,0.2221883088350296,0.42064976692199707,-0.2221883088350296
gaia,b816bfce-3d80-4913-a07d-69b752ce6377,0.22015617787837982,0.33308160305023193,-0.22015617787837982
gaia,4d0aa727-86b1-406b-9b33-f870dd14a4a5,0.2197546362876892,0.5397132635116577,0.2197546362876892
gaia,e961a717-6b25-4175-8a68-874d28190ee4,0.21936726570129395,0.605241596698761,0.21936726570129395
gaia,076c8171-9b3b-49b9-a477-244d2a532826,0.21647591888904572,0.6703808307647705,0.21647591888904572
gaia,4fc2f1ae-8625-45b5-ab34-ad4433bc21f8,0.21221162378787994,0.3915919065475464,0.21221162378787994
gaia,305ac316-eef6-4446-960a-92d80d542f82,0.20641838014125824,0.28238677978515625,-0.20641838014125824
gaia,6b078778-0b90-464d-83f6-59511c811b01,0.2013402134180069,-0.3345097303390503,-0.2013402134180069
gaia,87c610df-bef7-4932-b950-1d83ef4e282b,0.1937001645565033,0.28041088581085205,-0.1937001645565033
gaia,0bdb7c40-671d-4ad1-9ce3-986b159c0ddc,0.19321905076503754,-0.06954843550920486,-0.19321905076503754
gaia,e1fc63a2-da7a-432f-be78-7c4a95598703,0.19068852066993713,0.2627834677696228,-0.19068852066993713
gaia,56137764-b4e0-45b8-9c52-1866420c3df5,0.17671358585357666,0.4721294343471527,0.17671358585357666
gaia,3ff6b7a9-a5bd-4412-ad92-0cd0d45c0fee,0.17619535326957703,0.46657776832580566,0.17619535326957703
gaia,42576abe-0deb-4869-8c63-225c2d75a95a,0.16890795528888702,0.5436866283416748,0.16890795528888702
gaia,f46b4380-207e-4434-820b-f32ce04ae2a4,0.16888678073883057,0.25765925645828247,-0.16888678073883057
gaia,5a0c1adf-205e-4841-a666-7c3ef95def9d,0.165158212184906,0.47185900807380676,-0.165158212184906
gaia,cf106601-ab4f-4af9-b045-5295fe67b37d,0.16449309885501862,0.48373177647590637,0.16449309885501862
gaia,ed58682d-bc52-4baa-9eb0-4eb81e1edacc,0.16203735768795013,0.14050334692001343,0.16203735768795013
gaia,c61d22de-5f6c-4958-a7f6-5e9707bd3466,0.15798118710517883,0.1335262507200241,-0.15798118710517883
gaia,67e8878b-5cef-4375-804e-e6291fdbe78a,0.14296430349349976,0.1267772912979126,-0.14296430349349976
gaia,2a649bb1-795f-4a01-b3be-9a01868dae73,0.137586310505867,0.19124092161655426,-0.137586310505867
gaia,a56f1527-3abf-41d6-91f8-7296d6336c3f,0.13204048573970795,0.10471196472644806,-0.13204048573970795
gaia,08f3a05f-5947-4089-a4c4-d4bcfaa6b7a0,0.12903346121311188,0.3997592628002167,0.12903346121311188
gaia,32102e3e-d12a-4209-9163-7b3a104efe5d,0.1275583803653717,0.5198882818222046,-0.1275583803653717
gaia,3f57289b-8c60-48be-bd80-01f8099ca449,0.12326563894748688,0.43470361828804016,-0.12326563894748688
gaia,a1e91b78-d3d8-4675-bb8d-62741b4b68a6,0.12058017402887344,0.4315173327922821,0.12058017402887344
gaia,a3fbeb63-0e8c-4a11-bff6-0e3b484c3e9c,0.11670471727848053,0.09965421259403229,-0.11670471727848053
gaia,4b650a35-8529-4695-89ed-8dc7a500a498,0.11615072935819626,0.19096216559410095,-0.11615072935819626
gaia,e29834fd-413a-455c-a33e-c3915b07401c,0.09415517002344131,-0.23451462388038635,-0.09415517002344131
gaia,54612da3-fd56-4941-80f4-5eb82330de25,0.0881538838148117,0.49510419368743896,0.0881538838148117
gaia,7bd855d8-463d-4ed5-93ca-5fe35145f733,0.08127882331609726,0.417478084564209,-0.08127882331609726
gaia,5188369a-3bbe-43d8-8b94-11558f909a08,0.0735776498913765,0.5061444044113159,0.0735776498913765
gaia,c3a79cfe-8206-451f-aca8-3fec8ebe51d3,0.06703445315361023,-0.2590271234512329,-0.06703445315361023
gaia,3cef3a44-215e-4aed-8e3b-b1e3f08063b7,0.06686592102050781,0.30461186170578003,0.06686592102050781
gaia,389793a7-ca17-4e82-81cb-2b3a2391b4b9,0.05958938971161842,0.25316309928894043,0.05958938971161842
gaia,840bfca7-4f7b-481a-8794-c560c340185d,0.05541038513183594,0.1865091770887375,0.05541038513183594
gaia,935e2cff-ae78-4218-b3f5-115589b19dae,0.054992228746414185,0.2188238650560379,-0.054992228746414185
gaia,f918266a-b3e0-4914-865d-4faa564f1aef,0.04724616929888725,0.5198455452919006,0.04724616929888725
gaia,17b5a6a3-bc87-42e8-b0fb-6ab0781ef2cc,0.04369465634226799,0.21952643990516663,-0.04369465634226799
gaia,e0c10771-d627-4fd7-9694-05348e54ee36,0.03093140386044979,0.12922996282577515,-0.03093140386044979
gaia,56db2318-640f-477a-a82f-bc93ad13e882,0.028591234236955643,0.5379300713539124,-0.028591234236955643
gaia,ec09fa32-d03f-4bf8-84b0-1f16922c3ae4,0.027779636904597282,-0.15461787581443787,-0.027779636904597282
gaia,edd4d4f2-1a58-45c4-b038-67337af4e029,0.020378582179546356,0.48557421565055847,-0.020378582179546356
gaia,0a65cb96-cb6e-4a6a-8aae-c1084f613456,0.015790974721312523,0.4822474420070648,-0.015790974721312523
gaia,5d0080cb-90d7-4712-bc33-848150e917d3,0.0031035388819873333,0.45919451117515564,0.0031035388819873333
online_mind2web,a13e4231a3d6a7000c622c56448d97ba,1.0770201683044434,-0.7255478501319885,-1.0770201683044434
online_mind2web,92160852a6bbbc165cee4e14ab0b1d59,1.0767662525177002,-0.7306734323501587,-1.0767662525177002
online_mind2web,9d090a15c214eb070d9caa8a034d03c1,1.074649453163147,-0.7286491394042969,-1.074649453163147
online_mind2web,b3a7da968de13bbdcaed12ffe4993df6,1.073643684387207,-0.7290869355201721,-1.073643684387207
online_mind2web,7fff82864f21ddeccf4104a220892824,1.0729186534881592,-0.7187696695327759,-1.0729186534881592
online_mind2web,0b838cd54f826c59c71f600c56b89a11,1.0725462436676025,-0.7183723449707031,-1.0725462436676025
online_mind2web,c43a7dccf5c44f7b45a821e712dd1970,1.072447657585144,-0.7258220314979553,-1.072447657585144
online_mind2web,c8c1ff115879b3afd14280beb1559b13,1.071372628211975,-0.7268083691596985,-1.071372628211975
online_mind2web,d5c34bf39eb6096ae5d439325cde4d32,1.0705817937850952,0.7252044081687927,1.0705817937850952
online_mind2web,f389398d2eeb29e5571e00439c57eb76,1.0683386325836182,-0.7316513657569885,-1.0683386325836182
online_mind2web,949dc965a6c23a95663b3bc2ca2c3a8a,1.0682556629180908,-0.730344295501709,-1.0682556629180908
online_mind2web,96afb3c51146b0c2a9c55f039a5ea6d6,1.067954421043396,-0.7254455089569092,-1.067954421043396
online_mind2web,59912927c1fddee6ded8a49986896bc2,1.0660414695739746,-0.7341598868370056,-1.0660414695739746
online_mind2web,239a29bde438fe44fe17fe1390ef1634,1.0659165382385254,-0.7272422909736633,-1.0659165382385254
online_mind2web,733f1d8bf79d5bc2240c5357f928ffff,1.0643165111541748,-0.7248519659042358,-1.0643165111541748
online_mind2web,c801d1c951f59297f526bab84fa86c6e,1.0628019571304321,-0.7211923599243164,-1.0628019571304321
online_mind2web,1bc154377120ec15b18dbabdba49c741,1.062203288078308,-0.729206383228302,-1.062203288078308
online_mind2web,7e1047f4803237f319c004f7a7f6bccb,1.0621246099472046,-0.7325601577758789,-1.0621246099472046
online_mind2web,1ab384fb3a791edfb410213cc6b82151,1.018455982208252,-0.7033821940422058,-1.018455982208252
online_mind2web,824eb7bb0ef1ce40bfd49c12182d9428,1.018021583557129,-0.7005212306976318,-1.018021583557129
online_mind2web,f2be37a9a60fbc25b6b11cf622d17352,1.0176060199737549,-0.6942181587219238,-1.0176060199737549
online_mind2web,84f806c7fc15576673915f195efa72df,0.9832279086112976,-0.6684473752975464,-0.9832279086112976
online_mind2web,afcebfed28bea091d58f49ea6cb8194b,0.9821828007698059,-0.6573379039764404,-0.9821828007698059
online_mind2web,7e6993f2c5cd72c44809024f0bc85dc1,0.9816176295280457,-0.6663259863853455,-0.9816176295280457
online_mind2web,561693d6eec7bbfba3fefe9e4b26decb,0.9779961109161377,0.6541915535926819,0.9779961109161377
online_mind2web,8244409b2c82043f966cad05f9afe132,0.972801685333252,-0.6637543439865112,-0.972801685333252
online_mind2web,a48e2f1ee8d87eaeea56fe5e730427e6,0.9699025750160217,-0.6553145051002502,-0.9699025750160217
online_mind2web,07ec4a12cba8090e2dc524d558ac7675,0.9648368954658508,0.6657920479774475,0.9648368954658508
online_mind2web,85b284c18d7e78c9b5a9e074e7aa3b98,0.9609649777412415,-0.6643025279045105,-0.9609649777412415
online_mind2web,47e314cc452c540524ffb7cf520285a3,0.9584365487098694,-0.6728471517562866,-0.9584365487098694
online_mind2web,b64f938af842f6a1b4489d0e49a785a7,0.9572804570198059,-0.6667685508728027,-0.9572804570198059
online_mind2web,ba2a469af584f16da93ce6a7430cf7e5,0.9569665789604187,-0.6586933135986328,-0.9569665789604187
online_mind2web,fcf4952d2a1d80ea505c555c3c3b54e7,0.9474613666534424,-0.6716708540916443,-0.9474613666534424
online_mind2web,92a3d4236f167af4afdc08876a902ba6,0.9463072419166565,0.6763392090797424,0.9463072419166565
online_mind2web,415bf9da6f3db3a735ecbba3b0c76c15,0.9428936243057251,-0.6676733493804932,-0.9428936243057251
online_mind2web,eb2db4b769c145dbe6ba4f74f3e0de98,0.9424377083778381,-0.6743454337120056,-0.9424377083778381
online_mind2web,3443e9c3151fef19a3c3a45eb2c13640,0.9404261112213135,-0.6673591732978821,-0.9404261112213135
online_mind2web,8ae510355d978424f490798f900bfa2c,0.9391169548034668,-0.6825374364852905,-0.9391169548034668
online_mind2web,b2f4fde2fce122a93c7b578086cb0585,0.9371474981307983,-0.6846085786819458,-0.9371474981307983
online_mind2web,e4e19e04286f644d747d8c5a79d17fac,0.936124324798584,0.6641175150871277,0.936124324798584
online_mind2web,9af05e392cf3f5a8ff17aa764ba5bda6,0.9344216585159302,-0.671349823474884,-0.9344216585159302
online_mind2web,7c09c2c7c87cf6bb1138701eb54284ea,0.9334028363227844,-0.6724855899810791,-0.9334028363227844
online_mind2web,3dca7cbe7d086619d837ff9f5312cebc,0.9317860007286072,-0.6388397216796875,-0.9317860007286072
online_mind2web,b3f8bd9198d9d157e0848109563c4b23,0.9299432635307312,-0.6708440184593201,-0.9299432635307312
online_mind2web,ef289e34a2f59a707cb07e2a6229ff03,0.9249796271324158,-0.6754123568534851,-0.9249796271324158
online_mind2web,79f0bd7df6e685f30f20025cc6755c0a,0.9073363542556763,-0.6421316862106323,-0.9073363542556763
online_mind2web,b7258ee05d75e6c50673a59914db412e,0.9030017256736755,-0.6326594948768616,-0.9030017256736755
online_mind2web,fc53ddd3421411a41c1020a3fdc84ec4,0.890795111656189,-0.5894366502761841,-0.890795111656189
online_mind2web,636b07af4dd97c1793733db1fd1b90b8,0.8869050145149231,-0.6447811126708984,-0.8869050145149231
online_mind2web,11857213ca01510f12813740afd59918,0.8861278891563416,-0.6532844305038452,-0.8861278891563416
online_mind2web,eb323dc584156d0eb3a2b90bb8c4b791,0.8838666081428528,-0.648696780204773,-0.8838666081428528
online_mind2web,84ef883a37af638c3bcf7561f28ce80a,0.8830371499061584,-0.6150574684143066,-0.8830371499061584
online_mind2web,33bd2cdcea4fcc42a09a8a1e4e5841c6,0.8819563388824463,-0.645215630531311,-0.8819563388824463
online_mind2web,8f2611047de227a2ca8bda13f6e2e5fb,0.8798642158508301,-0.6438302993774414,-0.8798642158508301
online_mind2web,2fc51dd3febd447f0fdcdabca8d944ce,0.8791313767433167,-0.6439037322998047,-0.8791313767433167
online_mind2web,e7301bb694871429bf2eb36c3a72186c,0.8727506995201111,-0.6660921573638916,-0.8727506995201111
online_mind2web,157f4a79d55e8fa3fd55ba772ba40fbc,0.8719232678413391,-0.6152856349945068,-0.8719232678413391
online_mind2web,29526b17a32485742b5ab63507e99417,0.8703058958053589,0.6025868654251099,0.8703058958053589
online_mind2web,5d542a7ec1fa142ba73cc87d970caf39,0.8687757849693298,-0.6132447123527527,-0.8687757849693298
online_mind2web,753f372c189d3b306623cb0c65b50320,0.8671312928199768,-0.6029834747314453,-0.8671312928199768
online_mind2web,64b76158720a69e4a5c31a55d54928bf,0.8664476275444031,-0.5999132990837097,-0.8664476275444031
online_mind2web,d730f4ff450da1bd60a836163736ef6a,0.8651702404022217,-0.6535264253616333,-0.8651702404022217
online_mind2web,34ccd15a8ea8fd3895af83f5ccf62369,0.8597713708877563,0.623548150062561,0.8597713708877563
online_mind2web,ec78d3a635e417bc2a80d03ca93d7165,0.8587265014648438,-0.6179826855659485,-0.8587265014648438
online_mind2web,9ed3827266b3b804f485859c3d00401e,0.8584669232368469,-0.6184782385826111,-0.8584669232368469
online_mind2web,fd787623166785d84093565bf945fd24,0.858092725276947,0.621319591999054,0.858092725276947
online_mind2web,5dec0e6620849459f29e6465982c597e,0.8576241135597229,-0.6239659786224365,-0.8576241135597229
online_mind2web,f00e7accfb4a5e09680bdb326e6274ad,0.8549598455429077,0.6136833429336548,0.8549598455429077
online_mind2web,0e5536aaad9d3462b06cf725e6ed535a,0.8545790910720825,-0.6025398969650269,-0.8545790910720825
online_mind2web,2218042362d8fae73756eb309848c2b2,0.8525379300117493,-0.612241268157959,-0.8525379300117493
online_mind2web,0e42c3a73f2aece1f854e0ba55b7c8b0,0.841747522354126,-0.6050635576248169,-0.841747522354126
online_mind2web,301f267f421b93045874726183e8f722,0.8410465121269226,-0.5989283919334412,-0.8410465121269226
online_mind2web,c073ac1bcf40f84c599affc97edbc396,0.8406903743743896,-0.6367259621620178,-0.8406903743743896
online_mind2web,59b7b990b4828bc305ab0d7ed6071b55,0.8352421522140503,-0.637999951839447,-0.8352421522140503
online_mind2web,367d843c640637745e8fafa741cca13b,0.8293344974517822,-0.6210697293281555,-0.8293344974517822
online_mind2web,1fc28d91d25ccd1c6ba268101326a654,0.8283065557479858,0.6255252957344055,0.8283065557479858
online_mind2web,c6c9dc6079677cef594cec2fa6b16602,0.8281862139701843,-0.6370184421539307,-0.8281862139701843
online_mind2web,c03ee2be3d73556ab789c0ad1cbd3451,0.8249706029891968,-0.6302544474601746,-0.8249706029891968
online_mind2web,c3a333968fc3c43d7f2688f425a0d633,0.8184087872505188,-0.5454474091529846,-0.8184087872505188
online_mind2web,c1d6ea6f2196d25782cc3646ff3090db,0.8099336624145508,-0.6302582621574402,-0.8099336624145508
online_mind2web,a0a18ca6a3529f3e97c771aadd42d3a0,0.8068814277648926,-0.5846286416053772,-0.8068814277648926
online_mind2web,64345c365f544375357c7b67917f08a0,0.8008978366851807,-0.5957924723625183,-0.8008978366851807
online_mind2web,9829f3087ab1f9c8eba6b6dd2b831d25,0.7923550009727478,-0.5310898423194885,-0.7923550009727478
online_mind2web,bb518416a786fdb9b9bbf0c78515595e,0.7846421003341675,-0.564008355140686,-0.7846421003341675
online_mind2web,199be0b54a436daee74247971fc684ee,0.7776422500610352,-0.600471019744873,-0.7776422500610352
online_mind2web,e7f6cca9a8875f98fee3b711ead3a444,0.7770485877990723,0.5974351763725281,0.7770485877990723
online_mind2web,b99c02965196d51e80ac7539e33f335b,0.7726228833198547,-0.5591155290603638,-0.7726228833198547
online_mind2web,c577a14301a725e09ccd269a3e0b271e,0.7717927098274231,-0.6055920124053955,-0.7717927098274231
online_mind2web,26810ed9c123a62992e3eed31db3c5ee,0.7714470624923706,0.553884744644165,0.7714470624923706
online_mind2web,e43cbc8a0bf9e999884928d11006f894,0.767527163028717,-0.597876787185669,-0.767527163028717
online_mind2web,95cad96f2e43f3c0d8efad1331c77c8c,0.7645792365074158,0.5761939883232117,0.7645792365074158
online_mind2web,4464a8421f8bc8786524a499258dfad3,0.7638790011405945,-0.554074764251709,-0.7638790011405945
online_mind2web,f27b393bbd2082f92b566270c4b74fe6,0.7539560198783875,-0.5666933655738831,-0.7539560198783875
online_mind2web,b6d10e9bd19b4009a02dea0e98f4e1ae,0.7464941740036011,0.5675275325775146,0.7464941740036011
online_mind2web,99daaed9a83c266341d28aa40067d376,0.7395983934402466,-0.5853017568588257,-0.7395983934402466
online_mind2web,255bf27c43fd3f9254d6b81a5f36d3a9,0.7364920973777771,-0.5775600671768188,-0.7364920973777771
online_mind2web,e9f4dfc67e0e6aa37f05f7cc5aa7428c,0.7352418303489685,-0.570747971534729,-0.7352418303489685
online_mind2web,c2153fc053112e89c2f103869c4d6890,0.7339625954627991,0.5834804773330688,0.7339625954627991
online_mind2web,43a1ca251f11c6b0bdd0379766cc49e6,0.7321832776069641,-0.5788208842277527,-0.7321832776069641
online_mind2web,4f903626f632586fe4728d6664947bab,0.7263253927230835,-0.5935324430465698,-0.7263253927230835
online_mind2web,905cb53061c33aa2d77e485fe1fca516,0.7239658832550049,-0.4970826506614685,-0.7239658832550049
online_mind2web,d8e2a81fa621ce4737e5ea85671b630e,0.7235332131385803,-0.5193464159965515,-0.7235332131385803
online_mind2web,c00437fd76a7a83b57f3dc4e5dbc41f8,0.7060543894767761,-0.4956071376800537,-0.7060543894767761
online_mind2web,1c3b747ae12ccee895745f82e3f2ef8a,0.7046959400177002,-0.505039393901825,-0.7046959400177002
online_mind2web,75146b7b67388b9244e0f21a1527c022,0.7039530873298645,-0.5132042765617371,-0.7039530873298645
online_mind2web,a11ecdff735b51372d536c866011af6f,0.6977639198303223,0.49642515182495117,0.6977639198303223
online_mind2web,28e7574e7bd6d14f36d2988a5ef2bd23,0.6864763498306274,-0.5121346712112427,-0.6864763498306274
online_mind2web,9d46ccb915eff39ee1ae1e7328f5f20d,0.6832186579704285,-0.5115413665771484,-0.6832186579704285
online_mind2web,c521933dad9c0ef9f1dfa2f38b8e4405,0.6825619339942932,0.5221738815307617,0.6825619339942932
online_mind2web,ade4c09ad3fdb1607209750924cd232f,0.6821387410163879,0.495557963848114,0.6821387410163879
online_mind2web,20a460a8fe1971b84411c5b1e6ac4186,0.6809346079826355,0.5009973645210266,0.6809346079826355
online_mind2web,7072d09436972a5d5fe7476e3e9f1559,0.6777048110961914,-0.5287234783172607,-0.6777048110961914
online_mind2web,48c73f3f53e2611c4a1052457c1033db,0.676698625087738,-0.5375655293464661,-0.676698625087738
online_mind2web,d1970c16271496cbbe166ecbecc0a1d8,0.6720865368843079,-0.5207676887512207,-0.6720865368843079
online_mind2web,47bfe8a7e0e4e7efc837287b407fbe90,0.6683081388473511,-0.5124418139457703,-0.6683081388473511
online_mind2web,dd44c665cec1e9c929a4c5f074e7844a,0.6672157049179077,-0.5561487674713135,-0.6672157049179077
online_mind2web,207e933d1bba815bcb58664b5d82c085,0.665799081325531,-0.5234893560409546,-0.665799081325531
online_mind2web,0a54069a0ef542e571d1fee7f39c93d5,0.6615151166915894,-0.5270286202430725,-0.6615151166915894
online_mind2web,f05e87c5b92d9869e08806103c1c15a1,0.6594657301902771,-0.5438123941421509,-0.6594657301902771
online_mind2web,78baf9dbe7c3532f7d7ef4cc22a7f065,0.6591911911964417,-0.5176003575325012,-0.6591911911964417
online_mind2web,f158345f8489e0d1d91e28768c39bca1,0.638417661190033,-0.5433140397071838,-0.638417661190033
online_mind2web,7562d9b4e4829a44245aafce2e1f62db,0.6381782293319702,-0.5361322164535522,-0.6381782293319702
online_mind2web,db1ffb5e60578597d1c3aa3c389ac7b1,0.631714940071106,-0.5323632955551147,-0.631714940071106
online_mind2web,a5c87cc1c94a090c9a8dc2c8b6a125d0,0.6170904636383057,-0.5532909631729126,-0.6170904636383057
online_mind2web,0059adc6b12a3822305deb68929b2de8,0.6056854128837585,0.46435341238975525,0.6056854128837585
online_mind2web,ba01ea557b73f864c35ebba0dd6f3cb2,0.6030691266059875,-0.4877384305000305,-0.6030691266059875
online_mind2web,c8d7f2aa7eb5dd074c48c9f76f8659ad,0.6006470322608948,0.4627048671245575,0.6006470322608948
online_mind2web,871e7771cecb989972f138ecc373107b,0.5950757265090942,0.4722782075405121,0.5950757265090942
online_mind2web,bb5d90e6f2fbc0ae146f7c1998c2b4a1,0.5850139260292053,-0.4956802427768707,-0.5850139260292053
online_mind2web,1aeca99e6a60b0e3aefb3ef212bdce79,0.5799675583839417,-0.40384453535079956,-0.5799675583839417
online_mind2web,7211af65d266402f99499053924262e9,0.5793464183807373,-0.5015360713005066,-0.5793464183807373
online_mind2web,39c388cdc468688c8139cc2bb5157c13,0.5779013633728027,-0.5067346692085266,-0.5779013633728027
online_mind2web,d02d236836924919f35f2438d9ed2374,0.5739954113960266,-0.4884260296821594,-0.5739954113960266
online_mind2web,2532fd402d3c741b79894e6ff2269f53,0.5699363350868225,0.49085327982902527,0.5699363350868225
online_mind2web,2207bb4f21786690cfed20b37253fb8b,0.5691847801208496,0.479880154132843,0.5691847801208496
online_mind2web,47186fac8e7c7277af01144644eb4e0b,0.5683826804161072,-0.4154459536075592,-0.5683826804161072
online_mind2web,c181f903ec1107b850032c17cad88393,0.5552404522895813,-0.4327760934829712,-0.5552404522895813
online_mind2web,2c8ef01a92c71ba9ef2e59bb17eea2b3,0.5472022294998169,-0.416056752204895,-0.5472022294998169
online_mind2web,2e4e21cf1449c6894b17d571c47b77ea,0.5178576111793518,-0.42969462275505066,-0.5178576111793518
online_mind2web,e4e097222d13a2560db6f6892612dab6,0.5067134499549866,-0.45248129963874817,-0.5067134499549866
online_mind2web,01abae9608f2d8752a83e08f136f720c,0.5036596655845642,-0.39045801758766174,-0.5036596655845642
online_mind2web,da8f3823a827c7d3a492f383808e7912,0.5026623010635376,-0.4510889947414398,-0.5026623010635376
online_mind2web,6b5be1764692d1dc8f17dc4375b2daa8,0.5012915730476379,0.4467068612575531,0.5012915730476379
online_mind2web,b962927dfe03bf2274a54381127ed433,0.4960716664791107,-0.39618372917175293,-0.4960716664791107
online_mind2web,c7c07ec10c668625a21ba64165d719bb,0.4941709041595459,-0.3786212205886841,-0.4941709041595459
online_mind2web,4639a54f3ab549864fd8d60b7398b1e1,0.4939345121383667,-0.41948986053466797,-0.4939345121383667
online_mind2web,fe33894188d20d7469f37a9fd855e7ff,0.493321031332016,-0.38146454095840454,-0.493321031332016
online_mind2web,330cd04c773ac498f51afa4665461ec8,0.49316585063934326,-0.38463717699050903,-0.49316585063934326
online_mind2web,8fdec8eeffd3491e6526cc78c028120b,0.48421087861061096,0.37824904918670654,0.48421087861061096
online_mind2web,4091bdd3fa64a5b0d912bc08eaf9c824,0.4818795323371887,0.38653460144996643,0.4818795323371887
online_mind2web,27fa3ac20745d3d35e89fae157f63069,0.4810789227485657,-0.3746750056743622,-0.4810789227485657
online_mind2web,512fd4deab099b8dc0dcfc0ec48a3c63,0.47888636589050293,-0.381440669298172,-0.47888636589050293
online_mind2web,b69eb4de621e9e265676daac44938f3f,0.47828441858291626,-0.37518566846847534,-0.47828441858291626
online_mind2web,16200f51d63f0a47a58fa17acd49e368,0.47629687190055847,0.3758762776851654,0.47629687190055847
online_mind2web,47b93b9e649eadeb8d96a6e3df715c2d,0.4726189076900482,0.41320228576660156,0.4726189076900482
online_mind2web,c3307a70bb12ebf56cc9ec926b368f15,0.46649065613746643,0.4033909738063812,0.46649065613746643
online_mind2web,c94551d2b18f9ad0ab31b0bd98ca42e3,0.4571341574192047,-0.3965849280357361,-0.4571341574192047
online_mind2web,1df24ec81137386d6476bcf343a79012,0.45667940378189087,-0.32901379466056824,-0.45667940378189087
online_mind2web,c39d6c245f8243993e707d54d2f4acec,0.454872190952301,-0.3944231867790222,-0.454872190952301
online_mind2web,cf757a775fa1224acfc7998489e199a8,0.45335039496421814,-0.3274301290512085,-0.45335039496421814
online_mind2web,0a0fa834ce41b5297c6474293383759d,0.44776445627212524,-0.39073580503463745,-0.44776445627212524
online_mind2web,005be9dd91c95669d6ddde9ae667125c,0.43895724415779114,-0.40576669573783875,-0.43895724415779114
online_mind2web,62c8d970b3d13891f355911e5a8f4030,0.4371585547924042,-0.36011287569999695,-0.4371585547924042
online_mind2web,c698ff3fc0f6cbce39947c597ab5749b,0.4367859363555908,0.4205230176448822,0.4367859363555908
online_mind2web,0b51b4fa0295ae80ccd176ebdad6fff6,0.4356396496295929,-0.33288830518722534,-0.4356396496295929
online_mind2web,c0fa2c0e622971955cabf5bcf7b777e8,0.42913034558296204,0.40848100185394287,0.42913034558296204
online_mind2web,50d91eabde542906937ab4c5b6f8f23a,0.4192708432674408,-0.3480856716632843,-0.4192708432674408
online_mind2web,f707d765bca668830745d20807d7bee6,0.4143737256526947,-0.3698637783527374,-0.4143737256526947
online_mind2web,cfafe3771369d1d261e9f7ecd44c296d,0.41359707713127136,-0.3574008047580719,-0.41359707713127136
online_mind2web,636b07af4dd97c1793733db1fd1b90b8_110325,0.4124526381492615,-0.3154175579547882,-0.4124526381492615
online_mind2web,d730f4ff450da1bd60a836163736ef6a_110325,0.41028884053230286,-0.30817440152168274,-0.41028884053230286
online_mind2web,75a1b5dcd2c28508a971d98d51fe5767,0.40972432494163513,0.3546240031719208,0.40972432494163513
online_mind2web,3adeea7627f4343069f38adae40f73d0_110325,0.4081977307796478,0.31327274441719055,0.4081977307796478
online_mind2web,987bad7c6d4726d64232a8a1c3386888,0.4078887104988098,-0.36220455169677734,-0.4078887104988098
online_mind2web,a0a18ca6a3529f3e97c771aadd42d3a0_110325,0.4061128497123718,-0.30561086535453796,-0.4061128497123718
online_mind2web,816851ff92ff0219acf4364dcc2c4692,0.4035439193248749,-0.34072068333625793,-0.4035439193248749
online_mind2web,62f1626ce249c31098854f8b38bdd6cf_110325,0.40311482548713684,-0.30494827032089233,-0.40311482548713684
online_mind2web,52efbab520734ef9bf7c09ba0f62cdc8,0.40310803055763245,0.3822634518146515,0.40310803055763245
online_mind2web,2d5a7f95f951a26838289dfd629ae850_110325,0.40258488059043884,-0.3047972321510315,-0.40258488059043884
online_mind2web,824eb7bb0ef1ce40bfd49c12182d9428_110325,0.39963841438293457,-0.3030495345592499,-0.39963841438293457
online_mind2web,33bd2cdcea4fcc42a09a8a1e4e5841c6_110325,0.39955323934555054,-0.3023165464401245,-0.39955323934555054
online_mind2web,9c97bab9c2abfb90a426cbe9addae8d0_110325,0.39866113662719727,-0.3026539087295532,-0.39866113662719727
online_mind2web,e7301bb694871429bf2eb36c3a72186c_110325,0.39829784631729126,-0.30298471450805664,-0.39829784631729126
online_mind2web,aafd1fddea1558466ac6133934d35156,0.39793092012405396,-0.3534747362136841,-0.39793092012405396
online_mind2web,816851ff92ff0219acf4364dcc2c4692_110325,0.3978327810764313,-0.3023271858692169,-0.3978327810764313
online_mind2web,3c1ffc3f494e423b3c434c79e35da8f3_110325,0.3947923481464386,0.3010331690311432,0.3947923481464386
online_mind2web,f2be37a9a60fbc25b6b11cf622d17352_110325,0.39425939321517944,-0.29983142018318176,-0.39425939321517944
online_mind2web,271b36efd4346721b5542488ff997042,0.3938373625278473,-0.2717542350292206,-0.3938373625278473
online_mind2web,e7f6cca9a8875f98fee3b711ead3a444_110325,0.3932257294654846,0.2940535843372345,0.3932257294654846
online_mind2web,4d3157aab34b54e5f0c4b965dfe930f3,0.39270076155662537,-0.36856070160865784,-0.39270076155662537
online_mind2web,c577a14301a725e09ccd269a3e0b271e_110325,0.39260217547416687,-0.29755911231040955,-0.39260217547416687
online_mind2web,0632e496d37badee0350dad358f047c5,0.3916310966014862,0.2876795530319214,0.3916310966014862
online_mind2web,87f4c5128e36cdb9366a138a7b61bb00,0.38409093022346497,-0.3302087187767029,-0.38409093022346497
online_mind2web,26a0e5c21c145dd8448aa92f35bec5ea,0.3802131116390228,0.29139581322669983,0.3802131116390228
online_mind2web,d7c955b47af68e01766fa86d0bee08a7,0.3800725042819977,-0.2836010754108429,-0.3800725042819977
online_mind2web,4e0f5561a76478da87995dee00b09572,0.3766959607601166,0.28777167201042175,0.3766959607601166
online_mind2web,9586827ad04ee2362f4f0076bf0f0468,0.37045973539352417,0.29661354422569275,0.37045973539352417
online_mind2web,4e3f6a538cc1f7321cfc50260db9545d,0.3688378930091858,0.3788128197193146,0.3688378930091858
online_mind2web,d4fb78b7e74508cd3b33f01cf9200997,0.3665824234485626,-0.3772740364074707,-0.3665824234485626
online_mind2web,a172a5d9ffaf5ef02bd550ec4fe24e6d,0.3665693402290344,0.38070884346961975,0.3665693402290344
online_mind2web,123e8c2fc453f55fadd1d0b9aaf94df4,0.3661169707775116,-0.22503329813480377,-0.3661169707775116
online_mind2web,1223b07536a87e0170ff87cbbebd1d3c,0.3619671165943146,-0.31429585814476013,-0.3619671165943146
online_mind2web,d9d8b7d84a3f8d057e368254fe8d65e2,0.35790926218032837,-0.32728633284568787,-0.35790926218032837
online_mind2web,3c1ffc3f494e423b3c434c79e35da8f3,0.3506324589252472,-0.29253527522087097,-0.3506324589252472
online_mind2web,0b2623e9fa5cea997f76490bcbc5220f,0.3502720594406128,-0.3070368468761444,-0.3502720594406128
online_mind2web,323bd85e3559655d89e5496b951a25e8,0.3425513207912445,0.32005923986434937,0.3425513207912445
online_mind2web,05483c50cc9b04c8ac44c574758fb2bd,0.34238386154174805,-0.32163506746292114,-0.34238386154174805
online_mind2web,6b2cfae0ef25c73d1224b6ab74cb8b63,0.3390418589115143,-0.2190406322479248,-0.3390418589115143
online_mind2web,3ec0f6138d37fadcb989347a6088ec45,0.33622750639915466,0.236327663064003,0.33622750639915466
online_mind2web,4c572a627b53b0f9a734ab37f21819b8,0.32386907935142517,-0.2645382285118103,-0.32386907935142517
online_mind2web,bf3b311cc8dce16d3de844f4b5875dfd,0.32057201862335205,0.25443753600120544,0.32057201862335205
online_mind2web,3ae28b3c440efe87dc700480b78ac608,0.32038643956184387,-0.2540065050125122,-0.32038643956184387
online_mind2web,56f8890a837c49f7df766b9c981646f3,0.3184187710285187,0.32546520233154297,0.3184187710285187
online_mind2web,502e864440283214e0180645015f568b,0.31571438908576965,-0.30920839309692383,-0.31571438908576965
online_mind2web,dcd26e662a616d373ddd339747c6ce5b,0.31282761693000793,-0.33138272166252136,-0.31282761693000793
online_mind2web,9b5dfe54a1c14c5c6336bae7374c3bb5,0.3116777837276459,-0.19243641197681427,-0.3116777837276459
online_mind2web,354b4ddf048815f8fd4163d0d7e1aaa3,0.31105971336364746,0.2680893838405609,0.31105971336364746
online_mind2web,bbbc243b4f18a7a897f0bc84e11d293f,0.31041672825813293,0.33357346057891846,0.31041672825813293
online_mind2web,be9e7dca1222714571ef3d7d59d2a41c,0.3092693090438843,-0.26938992738723755,-0.3092693090438843
online_mind2web,d1807551297ac60ecaaabbd2a2ed301a,0.3084685206413269,-0.3290318548679352,-0.3084685206413269
online_mind2web,3ef64f34eae59c9fac7ee9a4f18b4a0c,0.30716055631637573,0.23442532122135162,0.30716055631637573
online_mind2web,547f5729c59d5d12a457a3ebb74c31c6,0.30593639612197876,-0.2485075294971466,-0.30593639612197876
online_mind2web,3adeea7627f4343069f38adae40f73d0,0.30283212661743164,-0.294193834066391,-0.30283212661743164
online_mind2web,3084bc225219fcb73dc1cb0f97276c1c,0.30128443241119385,-0.2450525164604187,-0.30128443241119385
online_mind2web,070c907d34a4ce71dfdbea38f9c5d4d8,0.3012840151786804,-0.2683437764644623,-0.3012840151786804
online_mind2web,fa9adb815b85d259f943d81874a052e5,0.3006215989589691,-0.2973075807094574,-0.3006215989589691
online_mind2web,bc2ce7f206045dd2d322e5695a947219,0.297839492559433,0.18653914332389832,0.297839492559433
online_mind2web,26784156ae9859a0dd6c5920eb106f91,0.2945816218852997,0.24418026208877563,0.2945816218852997
online_mind2web,63d6866fc000fcb1f153e07604bd1395,0.2888631522655487,-0.28070783615112305,-0.2888631522655487
online_mind2web,5916018d1cad999881018cac1216a692,0.28436151146888733,0.20270892977714539,0.28436151146888733
online_mind2web,cad62d2be0c53f08a416457486b3db23,0.2840029299259186,-0.2845492959022522,-0.2840029299259186
online_mind2web,690d7b4a285fdb1e9dabf973bf46ae4d,0.27043911814689636,-0.21658189594745636,-0.27043911814689636
online_mind2web,8ea6c3a2ea3f59150619935261a76d19,0.2611576318740845,0.21010804176330566,0.2611576318740845
online_mind2web,23204728192da9f73197a613d9681c18,0.2566840350627899,0.23030613362789154,0.2566840350627899
online_mind2web,9c97bab9c2abfb90a426cbe9addae8d0,0.254793643951416,-0.25820934772491455,-0.254793643951416
online_mind2web,6174e5ddd40cfbdc33ee1502f40bac39,0.2504902780056,-0.23217464983463287,-0.2504902780056
online_mind2web,b922508886ded315c9835457a6eb43ea,0.2494831085205078,-0.22717967629432678,-0.2494831085205078
online_mind2web,9bb63ad0e38d5691a618932a8b31c05a,0.24671585857868195,-0.1761152595281601,-0.24671585857868195
online_mind2web,6ebde509dca8f15c0fa1bd74f071e8d6,0.2419406771659851,-0.24668607115745544,-0.2419406771659851
online_mind2web,9d09bc948462db032bac98968b11b008,0.2405984252691269,0.23086628317832947,0.2405984252691269
online_mind2web,60cbbbd58eb9d28b053aef945f464228,0.2402271181344986,0.22403058409690857,0.2402271181344986
online_mind2web,046138801a05ddf56ad94e8672942496,0.24007762968540192,-0.14852020144462585,-0.24007762968540192
online_mind2web,ce616721ce9aeda69890fbccb29677a6,0.23814240097999573,0.2210920751094818,0.23814240097999573
online_mind2web,5e4e89c9b6fdaee7a41aca5601b82e04,0.23125143349170685,0.2233743816614151,0.23125143349170685
online_mind2web,8689af4d33ce00bf2cdd8987d3bbfd86,0.2283121943473816,-0.18422432243824005,-0.2283121943473816
online_mind2web,b320c68bffc1f3c7f2a8dc9d5478fb27,0.22636809945106506,0.227652445435524,0.22636809945106506
online_mind2web,e3ab665e01e7632ce33ac1aeca14aff6,0.21852679550647736,-0.1846223771572113,-0.21852679550647736
online_mind2web,64345c365f544375357c7b67917f08a0_110325,0.21683622896671295,-0.13471437990665436,-0.21683622896671295
online_mind2web,a7a73c8fa75441fc76df9746c327bdd6,0.2151353359222412,-0.16919836401939392,-0.2151353359222412
online_mind2web,7b182a5087347d494b48a29dbc0f1d3e,0.21231260895729065,-0.19251932203769684,-0.21231260895729065
online_mind2web,82eb3bfedd78456a0230b389f4e7a938,0.2120511829853058,0.25094544887542725,0.2120511829853058
online_mind2web,62f1626ce249c31098854f8b38bdd6cf,0.2118777632713318,-0.135724738240242,-0.2118777632713318
online_mind2web,a69d2934fe54fef165490a5a2d95bf38,0.2033667117357254,-0.16389426589012146,-0.2033667117357254
online_mind2web,0170ca95038b05fa58d463fe627ac605,0.1905895620584488,0.12193195521831512,0.1905895620584488
online_mind2web,0a0fa834ce41b5297c6474293383759d_110325,0.18952509760856628,-0.15998944640159607,-0.18952509760856628
online_mind2web,1ab384fb3a791edfb410213cc6b82151_110325,0.18705564737319946,-0.15143366158008575,-0.18705564737319946
online_mind2web,11abb668c751dd56bb41f296a8bb3a13,0.18648843467235565,0.13051535189151764,0.18648843467235565
online_mind2web,eb323dc584156d0eb3a2b90bb8c4b791_110325,0.18453508615493774,-0.15378808975219727,-0.18453508615493774
online_mind2web,2c8ef01a92c71ba9ef2e59bb17eea2b3_110325,0.18439681828022003,0.14905518293380737,0.18439681828022003
online_mind2web,662ae0f2d3ac851dbcdd245f908277e3,0.183675616979599,-0.12024430185556412,-0.183675616979599
online_mind2web,9f1cba613830ca1c6a58f9498c06e679_110325,0.18190643191337585,-0.15425235033035278,-0.18190643191337585
online_mind2web,f27c0a7b8b0bb33d37698dff227fc8d7,0.1815604567527771,0.1888515204191208,0.1815604567527771
online_mind2web,9ef1a8972f375db59c0e6329e11b7939,0.1805964559316635,-0.26180407404899597,-0.1805964559316635
online_mind2web,d8e2a81fa621ce4737e5ea85671b630e_110325,0.18021710216999054,-0.14778590202331543,-0.18021710216999054
online_mind2web,3dca7cbe7d086619d837ff9f5312cebc_110325,0.17838619649410248,0.1619011014699936,0.17838619649410248
online_mind2web,8f80e64e44e1fada018997b2fe869683,0.17451909184455872,-0.15624991059303284,-0.17451909184455872
online_mind2web,e43cbc8a0bf9e999884928d11006f894_110325,0.1742784082889557,-0.1442536860704422,-0.1742784082889557
online_mind2web,79f0bd7df6e685f30f20025cc6755c0a_110325,0.17351341247558594,-0.14635886251926422,-0.17351341247558594
online_mind2web,5e1b8254c123c80178cc28e0afdb14f0_110325,0.1732524335384369,0.16180099546909332,0.1732524335384369
online_mind2web,dd44c665cec1e9c929a4c5f074e7844a_110325,0.17108847200870514,-0.14343461394309998,-0.17108847200870514
online_mind2web,d71be72aa25c3eab8eea47a0e60382e2,0.17101477086544037,-0.13614387810230255,-0.17101477086544037
online_mind2web,8f80e64e44e1fada018997b2fe869683_110325,0.17068617045879364,0.14365389943122864,0.17068617045879364
online_mind2web,8f2611047de227a2ca8bda13f6e2e5fb_110325,0.16965548694133759,-0.15567730367183685,-0.16965548694133759
online_mind2web,f2097f92a10d42a842c14179f422311e,0.16909337043762207,0.13051818311214447,0.16909337043762207
online_mind2web,864244b6969e0f8733b0eb1ca06cd51f,0.1644233763217926,0.19356055557727814,0.1644233763217926
online_mind2web,fe33894188d20d7469f37a9fd855e7ff_110325,0.16418637335300446,0.1503741443157196,0.16418637335300446
online_mind2web,b7258ee05d75e6c50673a59914db412e_110325,0.16069862246513367,-0.14720040559768677,-0.16069862246513367
online_mind2web,246d654fab7c31d9651007e39e75f74f,0.15662452578544617,-0.20887672901153564,-0.15662452578544617
online_mind2web,5c00e9561eae94789443f405525a5869,0.1563454568386078,0.19830814003944397,0.1563454568386078
online_mind2web,4e801ba102dfaf22c7cf7a126b107609,0.15505225956439972,-0.14762647449970245,-0.15505225956439972
online_mind2web,fb7b4f784cfde003e2548fdf4e8d6b4f,0.15352556109428406,0.18884506821632385,0.15352556109428406
online_mind2web,828c2d98616a9478d5864d847d5a1b28,0.15344470739364624,-0.152907133102417,-0.15344470739364624
online_mind2web,9f1cba613830ca1c6a58f9498c06e679,0.1523519605398178,0.17229247093200684,0.1523519605398178
online_mind2web,bb314cb80f0f8489135cbf59074d11e2,0.14929161965847015,-0.15361528098583221,-0.14929161965847015
online_mind2web,71f8de1834599fba443f40dbbfab8edd,0.14837253093719482,0.14546918869018555,0.14837253093719482
online_mind2web,29b7372d5a3884a2ba831af2d117af3c,0.14275698363780975,0.08225880563259125,0.14275698363780975
online_mind2web,515f2e5811cfdd5e0e669e40f17886d8,0.14038227498531342,-0.1578686535358429,-0.14038227498531342
online_mind2web,73d08420706ae205a9c5be28b6d4e80f,0.13705584406852722,0.09091372042894363,0.13705584406852722
online_mind2web,c09721cc937d4dcfb391a0bc2c574b28,0.13689789175987244,-0.07677773386240005,-0.13689789175987244
online_mind2web,aa4b5cb7114fcc138ade82b4b9716d24,0.13251517713069916,-0.14693407714366913,-0.13251517713069916
online_mind2web,65c4030f22fb6eb101acfee4825f1318,0.12633973360061646,0.07166711986064911,0.12633973360061646
online_mind2web,07bdc595306729a028ba06cc7451a80a,0.1209184005856514,-0.10217756778001785,-0.1209184005856514
online_mind2web,180ed2ec377ef3a4af9035a21522091a,0.12044742703437805,-0.09966813027858734,-0.12044742703437805
online_mind2web,853afd530c72f4b00ffc32ae854efaf8,0.11997207999229431,0.10394755750894547,0.11997207999229431
online_mind2web,7abdceee212151f187ee1a1744c57606,0.11813565343618393,0.08728041499853134,0.11813565343618393
online_mind2web,3f312ae3efc3c3e90ababe050dd4e7ae,0.11161836236715317,0.17814433574676514,0.11161836236715317
online_mind2web,4c186c6ed888d0c8d4cf4adb39443080,0.10774406045675278,0.0974041074514389,0.10774406045675278
online_mind2web,ab6ee3b83aab6cd283320f5e01003cff,0.10746721923351288,-0.11422543227672577,-0.10746721923351288
online_mind2web,5e1b8254c123c80178cc28e0afdb14f0,0.10691367089748383,-0.05925610661506653,-0.10691367089748383
online_mind2web,627f7a18d85f29a687234f1ade4585c2,0.10394980013370514,0.04356452077627182,0.10394980013370514
online_mind2web,bfa2de159be6978acf2702be31a2eeeb,0.10305672138929367,0.04122412949800491,0.10305672138929367
online_mind2web,e24662008c3be5d56f986f232fcec447,0.09506858140230179,-0.04566064476966858,-0.09506858140230179
online_mind2web,6ca20f1da01edeb49a7a42c816d8c6fe,0.09416156262159348,0.10364218056201935,0.09416156262159348
online_mind2web,b4aa7315e31dfcdc52baf7771be260c9,0.09361374378204346,-0.17856131494045258,-0.09361374378204346
online_mind2web,461ab9b0c7b20ac5f912704480979c65,0.08905083686113358,-0.10601608455181122,-0.08905083686113358
online_mind2web,2d5a7f95f951a26838289dfd629ae850,0.08363854885101318,-0.1244007870554924,-0.08363854885101318
online_mind2web,8103786e0e5976ebf961bd062d5f39cd,0.07941409945487976,-0.11962629854679108,-0.07941409945487976
online_mind2web,442a450e696a96085257db6297891a4d,0.074163518846035,-0.06563720107078552,-0.074163518846035
online_mind2web,608c595eec271fa5dc03506923519994,0.06822574883699417,-0.014395201578736305,0.06822574883699417
online_mind2web,1b867afecf072cb877ebfa4069263746,0.06589341163635254,-0.14050708711147308,-0.06589341163635254
online_mind2web,b1ce968a361e1088ce8d2ade6c2c9af0,0.06555849313735962,-0.0004438546602614224,-0.06555849313735962
online_mind2web,a96fca87a17d792644e736d1d10d3cbe,0.06347185373306274,0.0012076934799551964,0.06347185373306274
online_mind2web,3621b099326c7aebd2e2dac6be3b52d1,0.06276524811983109,0.12484075129032135,0.06276524811983109
online_mind2web,d392e154c1c6ffbb26e2331c3afafc67,0.059609267860651016,-0.01105988398194313,0.059609267860651016
online_mind2web,6db4a0e346976f2729ba9afcd3208941,0.05803023651242256,-0.06607156246900558,-0.05803023651242256
online_mind2web,2dd41b1d0e8f389d0683f4a4627abfe6,0.050559163093566895,-0.10275360941886902,-0.050559163093566895
online_mind2web,2c20d87a046fadcb6ff07ee877bfbf37,0.04337826743721962,0.06280596554279327,0.04337826743721962
online_mind2web,11857213ca01510f12813740afd59918_110325,0.041764996945858,0.003688132157549262,0.041764996945858
online_mind2web,d1807551297ac60ecaaabbd2a2ed301a_110325,0.034331489354372025,0.00273978803306818,-0.034331489354372025
online_mind2web,bd1e3770b7181f6fce9c35e18caa9785,0.030849553644657135,-0.014310520142316818,-0.030849553644657135
online_mind2web,644a856c3897665e475e0dce50bf217d,0.030842432752251625,-0.07635913789272308,0.030842432752251625
online_mind2web,34992feb69eb8e788faa06868b365c49,0.028035448864102364,-0.09879814833402634,-0.028035448864102364
online_mind2web,783ce6a3499fa7cf25bc12f8f0ecbbbb,0.02589915320277214,0.015476604923605919,0.02589915320277214
online_mind2web,9c04b71bb8db6cf8e743b2290cbc8797,0.025480736047029495,0.008412464521825314,0.025480736047029495
online_mind2web,199be0b54a436daee74247971fc684ee_110325,0.02406819723546505,0.006828299257904291,-0.02406819723546505
online_mind2web,a8b9edd598561d2de901864d5f40fe67,0.023554811254143715,-0.05374336242675781,0.023554811254143715
online_mind2web,2fc51dd3febd447f0fdcdabca8d944ce_110325,0.021965721622109413,-0.0036913969088345766,-0.021965721622109413
online_mind2web,b7a9a6b5d451164c09bbd27b670bc2ae,0.01955769583582878,0.01966756209731102,0.01955769583582878
online_mind2web,a6f0434ce6aff5f9b03681241b03ad82,0.015319404192268848,-0.05844241753220558,0.015319404192268848
online_mind2web,78f397336b6fd1cbba0127db7a8cd502,0.014193814247846603,-0.03053376078605652,0.014193814247846603
online_mind2web,502e864440283214e0180645015f568b_110325,0.012543869204819202,0.005818553734570742,-0.012543869204819202
online_mind2web,d9a8689393effeed75ea0866e44e1def,0.011421608738601208,0.0013691023923456669,-0.011421608738601208
online_mind2web,15be05973fba714e490cd9c884e4f072,0.011159569025039673,-0.020641198381781578,-0.011159569025039673
online_mind2web,38203be65401943aea2179c4c680059a,0.009276803582906723,0.03183694928884506,0.009276803582906723
online_mind2web,7be8cd8dba885cddd9af5320f49bc41b,0.005571186076849699,0.03451310098171234,-0.005571186076849699
online_mind2web,7680a920359cb1a508fbddb001b98167,0.005441292654722929,-0.044795647263526917,-0.005441292654722929
scicode,58,1.1148465871810913,-0.7569446563720703,-1.1148465871810913
scicode,69,1.1115049123764038,-0.7494789361953735,-1.1115049123764038
scicode,42,1.110496163368225,-0.7465640902519226,-1.110496163368225
scicode,23,1.1088495254516602,-0.7600681781768799,-1.1088495254516602
scicode,2,1.1081510782241821,-0.7549353241920471,-1.1081510782241821
scicode,71,1.1079392433166504,-0.752589762210846,-1.1079392433166504
scicode,22,1.1071155071258545,-0.7532767057418823,-1.1071155071258545
scicode,12,1.105147361755371,-0.7616737484931946,-1.105147361755371
scicode,27,1.1037553548812866,-0.7482313513755798,-1.1037553548812866
scicode,54,1.1035935878753662,-0.7529705166816711,-1.1035935878753662
scicode,76,1.1031858921051025,-0.7639769911766052,-1.1031858921051025
scicode,9,1.103166103363037,-0.7644973397254944,-1.103166103363037
scicode,18,1.1029866933822632,-0.7462880611419678,-1.1029866933822632
scicode,61,1.1017040014266968,-0.7528921365737915,-1.1017040014266968
scicode,5,1.1011083126068115,-0.7592824697494507,-1.1011083126068115
scicode,41,1.1006640195846558,-0.7597630620002747,-1.1006640195846558
scicode,37,1.100456953048706,-0.7552853226661682,-1.100456953048706
scicode,26,1.1000298261642456,-0.7498630285263062,-1.1000298261642456
scicode,65,1.0994559526443481,-0.7574484944343567,-1.0994559526443481
scicode,46,1.0993256568908691,-0.7604128122329712,-1.0993256568908691
scicode,28,1.0990091562271118,-0.7573725581169128,-1.0990091562271118
scicode,17,1.0988960266113281,-0.7631657719612122,-1.0988960266113281
scicode,59,1.0984795093536377,-0.7655148506164551,-1.0984795093536377
scicode,32,1.0982705354690552,-0.7638900876045227,-1.0982705354690552
scicode,40,1.097843050956726,-0.758209764957428,-1.097843050956726
scicode,66,1.0976496934890747,-0.7574895024299622,-1.0976496934890747
scicode,68,1.0971972942352295,-0.7629289031028748,-1.0971972942352295
scicode,43,1.0971770286560059,-0.7643953561782837,-1.0971770286560059
scicode,24,1.0970369577407837,-0.7655373215675354,-1.0970369577407837
scicode,57,1.0967881679534912,-0.762195348739624,-1.0967881679534912
scicode,72,1.0964034795761108,-0.7598073482513428,-1.0964034795761108
scicode,35,1.095990777015686,-0.7552866339683533,-1.095990777015686
scicode,63,1.0957138538360596,-0.7589257955551147,-1.0957138538360596
scicode,79,1.095375657081604,-0.7541297078132629,-1.095375657081604
scicode,31,1.095253348350525,-0.7617270946502686,-1.095253348350525
scicode,13,1.0945971012115479,-0.7584238052368164,-1.0945971012115479
scicode,45,1.0942795276641846,-0.756477415561676,-1.0942795276641846
scicode,50,1.0935205221176147,-0.7576370239257812,-1.0935205221176147
scicode,77,1.0927916765213013,-0.7703331708908081,-1.0927916765213013
scicode,33,1.091465711593628,-0.76889568567276,-1.091465711593628
scicode,73,1.0899423360824585,-0.7670440673828125,-1.0899423360824585
scicode,62,1.0896034240722656,-0.7631877064704895,-1.0896034240722656
scicode,67,1.089340329170227,-0.7674846649169922,-1.089340329170227
scicode,11,1.087598204612732,-0.762683093547821,-1.087598204612732
scicode,80,1.0872124433517456,-0.7662638425827026,-1.0872124433517456
scicode,52,1.0869086980819702,-0.7778822183609009,-1.0869086980819702
scicode,21,1.0863310098648071,-0.7671692371368408,-1.0863310098648071
scicode,55,1.0857782363891602,-0.7707546353340149,-1.0857782363891602
scicode,64,1.0844236612319946,-0.7687503695487976,-1.0844236612319946
scicode,48,1.083644986152649,-0.7692591547966003,-1.083644986152649
scicode,34,1.0827561616897583,-0.766556441783905,-1.0827561616897583
scicode,75,1.0811465978622437,-0.7832536101341248,-1.0811465978622437
scicode,60,1.0807082653045654,-0.773455023765564,-1.0807082653045654
scicode,39,1.078955888748169,-0.7716571092605591,-1.078955888748169
scicode,15,0.9131988883018494,-0.6198256611824036,-0.9131988883018494
scicode,14,0.9008801579475403,-0.6393762230873108,-0.9008801579475403
scicode,8,0.8238142728805542,-0.5898032784461975,-0.8238142728805542
scicode,30,0.8042324185371399,-0.5756683945655823,-0.8042324185371399
scicode,16,0.6637395620346069,-0.47988635301589966,-0.6637395620346069
scicode,36,0.568832278251648,-0.46271389722824097,-0.568832278251648
scicode,25,0.4232117533683777,-0.3139321208000183,-0.4232117533683777
scicode,56,0.3980783224105835,-0.31555017828941345,-0.3980783224105835
scicode,53,0.3428065776824951,-0.29102951288223267,-0.3428065776824951
scicode,20,0.2988475561141968,-0.24220143258571625,-0.2988475561141968
scicode,74,0.08835198730230331,0.07275708764791489,0.08835198730230331
scienceagentbench,59,0.9451702237129211,-0.7034143209457397,0.9451702237129211
scienceagentbench,78,0.945009708404541,-0.7092047333717346,0.945009708404541
scienceagentbench,95,0.9428511261940002,-0.7050546407699585,0.9428511261940002
scienceagentbench,87,0.9425126314163208,-0.6972000002861023,0.9425126314163208
scienceagentbench,8,0.9421496391296387,-0.7064110636711121,0.9421496391296387
scienceagentbench,10,0.941615879535675,-0.7017209529876709,0.941615879535675
scienceagentbench,21,0.9412480592727661,-0.703693151473999,0.9412480592727661
scienceagentbench,2,0.9406380653381348,-0.7103012800216675,0.9406380653381348
scienceagentbench,72,0.940280556678772,-0.6980700492858887,0.940280556678772
scienceagentbench,65,0.9401325583457947,-0.6934977769851685,0.9401325583457947
scienceagentbench,29,0.9388245344161987,-0.7067915797233582,0.9388245344161987
scienceagentbench,5,0.9380329847335815,-0.709589421749115,0.9380329847335815
scienceagentbench,15,0.9367291331291199,-0.6922556161880493,0.9367291331291199
scienceagentbench,60,0.9360539317131042,-0.7062122225761414,0.9360539317131042
scienceagentbench,12,0.9359244108200073,-0.6987690329551697,0.9359244108200073
scienceagentbench,37,0.9352424740791321,-0.6984371542930603,0.9352424740791321
scienceagentbench,36,0.9350135326385498,-0.7010157704353333,0.9350135326385498
scienceagentbench,74,0.9344472885131836,-0.6979525685310364,0.9344472885131836
scienceagentbench,64,0.9341065883636475,-0.7015330195426941,0.9341065883636475
scienceagentbench,32,0.9336535930633545,-0.7108792662620544,0.9336535930633545
scienceagentbench,26,0.9332128763198853,-0.7041069865226746,0.9332128763198853
scienceagentbench,44,0.933100700378418,-0.7076154351234436,0.933100700378418
scienceagentbench,43,0.932269275188446,-0.7025041580200195,0.932269275188446
scienceagentbench,22,0.9316824674606323,-0.7055001854896545,0.9316824674606323
scienceagentbench,1,0.9307795166969299,-0.6992645859718323,0.9307795166969299
scienceagentbench,62,0.9299961924552917,-0.7060412168502808,0.9299961924552917
scienceagentbench,9,0.929667592048645,-0.7025149464607239,0.929667592048645
scienceagentbench,34,0.9268247485160828,-0.705790102481842,0.9268247485160828
scienceagentbench,61,0.9266783595085144,-0.7057229280471802,0.9266783595085144
scienceagentbench,30,0.9265389442443848,-0.6984297633171082,0.9265389442443848
scienceagentbench,68,0.9252258539199829,-0.7107732892036438,0.9252258539199829
scienceagentbench,67,0.9229010939598083,-0.7166197896003723,0.9229010939598083
scienceagentbench,31,0.92210853099823,-0.7087358832359314,0.92210853099823
scienceagentbench,92,0.8430016040802002,-0.6188002824783325,0.8430016040802002
scienceagentbench,70,0.839410662651062,-0.6080535650253296,0.839410662651062
scienceagentbench,35,0.8359327912330627,-0.6350727677345276,0.8359327912330627
scienceagentbench,24,0.8339830636978149,-0.6224362850189209,0.8339830636978149
scienceagentbench,56,0.8328415751457214,-0.633154034614563,0.8328415751457214
scienceagentbench,75,0.8180093765258789,-0.6313319206237793,0.8180093765258789
scienceagentbench,25,0.8157207369804382,-0.6333149671554565,0.8157207369804382
scienceagentbench,47,0.8155105710029602,-0.6353313326835632,0.8155105710029602
scienceagentbench,42,0.8149890303611755,-0.633682906627655,0.8149890303611755
scienceagentbench,63,0.8128183484077454,-0.6387718319892883,0.8128183484077454
scienceagentbench,101,0.8089810013771057,-0.6363667845726013,0.8089810013771057
scienceagentbench,85,0.8059819936752319,-0.6366347074508667,0.8059819936752319
scienceagentbench,52,0.742901086807251,-0.5618664026260376,0.742901086807251
scienceagentbench,98,0.7366139888763428,-0.5356048345565796,0.7366139888763428
scienceagentbench,7,0.7362821102142334,-0.5509517788887024,0.7362821102142334
scienceagentbench,93,0.7290205955505371,-0.5538740754127502,0.7290205955505371
scienceagentbench,89,0.7234327793121338,-0.5556592345237732,0.7234327793121338
scienceagentbench,102,0.7044754028320312,-0.5615063309669495,0.7044754028320312
scienceagentbench,94,0.6995822191238403,0.5581248998641968,-0.6995822191238403
scienceagentbench,77,0.6982080340385437,-0.5731437802314758,0.6982080340385437
scienceagentbench,97,0.6420990824699402,-0.4715862572193146,0.6420990824699402
scienceagentbench,91,0.6301906108856201,-0.4960446059703827,0.6301906108856201
scienceagentbench,86,0.6094570159912109,-0.5012627243995667,0.6094570159912109
scienceagentbench,54,0.563893735408783,-0.5159936547279358,0.563893735408783
scienceagentbench,55,0.560087263584137,-0.4142828583717346,0.560087263584137
scienceagentbench,33,0.5589983463287354,-0.42517197132110596,0.5589983463287354
scienceagentbench,57,0.5269578099250793,0.439098060131073,-0.5269578099250793
scienceagentbench,48,0.517310380935669,-0.4280910789966583,0.517310380935669
scienceagentbench,58,0.5061546564102173,-0.4616408348083496,0.5061546564102173
scienceagentbench,4,0.49825477600097656,-0.43770334124565125,0.49825477600097656
scienceagentbench,84,0.4696657061576843,-0.3604237735271454,0.4696657061576843
scienceagentbench,80,0.4544583857059479,0.38564515113830566,-0.4544583857059479
scienceagentbench,45,0.44611990451812744,0.37645041942596436,-0.44611990451812744
scienceagentbench,53,0.4190627336502075,0.3923850357532501,-0.4190627336502075
scienceagentbench,49,0.4093174636363983,-0.2865768074989319,0.4093174636363983
scienceagentbench,50,0.4032672047615051,-0.2992831766605377,0.4032672047615051
scienceagentbench,6,0.3977673649787903,-0.39671435952186584,0.3977673649787903
scienceagentbench,69,0.3600650727748871,0.32646918296813965,-0.3600650727748871
scienceagentbench,81,0.3520854413509369,-0.3120538592338562,0.3520854413509369
scienceagentbench,51,0.346266508102417,-0.2396908551454544,0.346266508102417
scienceagentbench,3,0.33988818526268005,0.31566378474235535,-0.33988818526268005
scienceagentbench,71,0.32714489102363586,-0.34802383184432983,0.32714489102363586
scienceagentbench,17,0.3260754644870758,-0.35016560554504395,0.3260754644870758
scienceagentbench,27,0.3060721755027771,-0.24763347208499908,0.3060721755027771
scienceagentbench,66,0.29555410146713257,-0.2677995264530182,0.29555410146713257
scienceagentbench,73,0.28905028104782104,0.2633999288082123,-0.28905028104782104
scienceagentbench,88,0.2819139361381531,-0.24861373007297516,0.2819139361381531
scienceagentbench,13,0.25944676995277405,-0.19309061765670776,0.25944676995277405
scienceagentbench,100,0.253952294588089,-0.1833961308002472,0.253952294588089
scienceagentbench,16,0.23626402020454407,-0.19279815256595612,0.23626402020454407
scienceagentbench,79,0.20711766183376312,0.11408015340566635,-0.20711766183376312
scienceagentbench,28,0.1961589902639389,-0.12022480368614197,0.1961589902639389
scienceagentbench,83,0.1817186176776886,-0.12553055584430695,0.1817186176776886
scienceagentbench,96,0.1704735904932022,0.13058732450008392,-0.1704735904932022
scienceagentbench,38,0.14469321072101593,-0.06798725575208664,0.14469321072101593
scienceagentbench,99,0.12679190933704376,-0.06733693182468414,0.12679190933704376
scienceagentbench,41,0.12298279255628586,-0.05577896162867546,0.12298279255628586
scienceagentbench,14,0.10996570438146591,-0.06869512051343918,0.10996570438146591
scienceagentbench,39,0.10471495240926743,0.020263181999325752,0.10471495240926743
scienceagentbench,11,0.10219626873731613,0.17049667239189148,-0.10219626873731613
scienceagentbench,18,0.07854045927524567,0.09053678810596466,-0.07854045927524567
scienceagentbench,23,0.06801648437976837,0.0011088743340224028,0.06801648437976837
scienceagentbench,76,0.06500396132469177,0.11701885610818863,-0.06500396132469177
scienceagentbench,90,0.04274381324648857,0.09485318511724472,-0.04274381324648857
scienceagentbench,82,0.04047352820634842,-0.01715855672955513,0.04047352820634842
scienceagentbench,19,0.029776254668831825,0.06081577390432358,0.029776254668831825
scienceagentbench,40,0.02808018960058689,-0.03389448672533035,0.02808018960058689
scienceagentbench,46,0.019720904529094696,-0.03978743776679039,0.019720904529094696
scienceagentbench,20,0.01279260590672493,-0.03624662384390831,-0.01279260590672493
swebench_verified_mini,sphinx-doc__sphinx-9230,1.1818572282791138,-0.22782766819000244,-1.1818572282791138
swebench_verified_mini,sphinx-doc__sphinx-7757,1.1681983470916748,-0.15986637771129608,-1.1681983470916748
swebench_verified_mini,sphinx-doc__sphinx-8035,1.072310209274292,-0.26972103118896484,-1.072310209274292
swebench_verified_mini,django__django-12304,1.0580803155899048,-0.3261623978614807,-1.0580803155899048
swebench_verified_mini,sphinx-doc__sphinx-10466,1.0468758344650269,0.18266133964061737,-1.0468758344650269
swebench_verified_mini,django__django-12039,1.0374552011489868,-0.055254578590393066,-1.0374552011489868
swebench_verified_mini,django__django-12708,1.019789457321167,0.13749361038208008,-1.019789457321167
swebench_verified_mini,django__django-12774,1.000360131263733,0.00893835723400116,-1.000360131263733
swebench_verified_mini,sphinx-doc__sphinx-8269,0.9991040229797363,0.2843013405799866,-0.9991040229797363
swebench_verified_mini,sphinx-doc__sphinx-8551,0.9937787652015686,-0.6150821447372437,-0.9937787652015686
swebench_verified_mini,sphinx-doc__sphinx-8475,0.9798728823661804,0.14667922258377075,-0.9798728823661804
swebench_verified_mini,django__django-12209,0.9705374836921692,0.19738216698169708,-0.9705374836921692
swebench_verified_mini,sphinx-doc__sphinx-9367,0.9626782536506653,0.467358261346817,-0.9626782536506653
swebench_verified_mini,sphinx-doc__sphinx-9698,0.9340475797653198,0.45952436327934265,-0.9340475797653198
swebench_verified_mini,sphinx-doc__sphinx-9281,0.889420211315155,-0.21869252622127533,-0.889420211315155
swebench_verified_mini,sphinx-doc__sphinx-10323,0.8820041418075562,-0.36785730719566345,-0.8820041418075562
swebench_verified_mini,sphinx-doc__sphinx-9320,0.8734347224235535,0.3095945417881012,-0.8734347224235535
swebench_verified_mini,sphinx-doc__sphinx-8721,0.8648650050163269,0.33537736535072327,-0.8648650050163269
swebench_verified_mini,django__django-11999,0.8625744581222534,0.3699336349964142,-0.8625744581222534
swebench_verified_mini,django__django-12262,0.8617647290229797,0.33637335896492004,-0.8617647290229797
swebench_verified_mini,django__django-12713,0.8487856984138489,0.42983323335647583,-0.8487856984138489
swebench_verified_mini,sphinx-doc__sphinx-10673,0.8346801400184631,-0.49742403626441956,-0.8346801400184631
swebench_verified_mini,django__django-12050,0.8341394066810608,0.6650353074073792,-0.8341394066810608
swebench_verified_mini,django__django-12155,0.7394887804985046,0.4072096645832062,-0.7394887804985046
swebench_verified_mini,sphinx-doc__sphinx-8548,0.724963366985321,-1.0341930389404297,-0.724963366985321
swebench_verified_mini,sphinx-doc__sphinx-8265,0.7165523171424866,-0.9760712385177612,-0.7165523171424866
swebench_verified_mini,django__django-12308,0.7162927389144897,-0.8113312125205994,-0.7162927389144897
swebench_verified_mini,django__django-11951,0.7019534111022949,0.5777726769447327,-0.7019534111022949
swebench_verified_mini,django__django-11815,0.672232449054718,0.09670110791921616,-0.672232449054718
swebench_verified_mini,django__django-12143,0.672211766242981,0.4445687532424927,-0.672211766242981
swebench_verified_mini,django__django-11848,0.6599839925765991,-0.3363579511642456,-0.6599839925765991
swebench_verified_mini,sphinx-doc__sphinx-9461,0.6574950814247131,-1.0427647829055786,-0.6574950814247131
swebench_verified_mini,django__django-11880,0.6507737636566162,0.6774638295173645,-0.6507737636566162
swebench_verified_mini,django__django-12325,0.6318801045417786,-0.890444815158844,-0.6318801045417786
swebench_verified_mini,sphinx-doc__sphinx-10435,0.6236977577209473,-1.0837126970291138,-0.6236977577209473
swebench_verified_mini,django__django-11964,0.5708824992179871,-0.6984838247299194,-0.5708824992179871
swebench_verified_mini,django__django-11885,0.5222994685173035,-1.1826390027999878,-0.5222994685173035
swebench_verified_mini,sphinx-doc__sphinx-11510,0.5036192536354065,-1.1568034887313843,-0.5036192536354065
swebench_verified_mini,django__django-12276,0.4793015122413635,0.5978582501411438,-0.4793015122413635
swebench_verified_mini,sphinx-doc__sphinx-9229,0.46847763657569885,-1.2330074310302734,-0.46847763657569885
swebench_verified_mini,sphinx-doc__sphinx-8638,0.4674800634384155,-0.8533258438110352,-0.4674800634384155
swebench_verified_mini,django__django-12193,0.46432843804359436,-0.5807566046714783,-0.46432843804359436
swebench_verified_mini,django__django-12273,0.43826350569725037,-1.1559525728225708,-0.43826350569725037
swebench_verified_mini,django__django-9296,0.4377894699573517,0.905183732509613,-0.4377894699573517
swebench_verified_mini,sphinx-doc__sphinx-7590,0.4225497245788574,-1.233028769493103,-0.4225497245788574
swebench_verified_mini,sphinx-doc__sphinx-7985,0.4196053743362427,-1.2258305549621582,-0.4196053743362427
swebench_verified_mini,sphinx-doc__sphinx-8056,0.4186244308948517,-1.2240872383117676,-0.4186244308948517
swebench_verified_mini,sphinx-doc__sphinx-7748,0.41627582907676697,-1.2429417371749878,-0.41627582907676697
swebench_verified_mini,django__django-12406,0.40017759799957275,-1.2503817081451416,-0.40017759799957275
swebench_verified_mini,django__django-11790,0.3728504180908203,-0.3365340530872345,-0.3728504180908203
taubench_airline,38,1.1178667545318604,0.5367990732192993,-1.1178667545318604
taubench_airline,36,1.1113225221633911,0.26374611258506775,-1.1113225221633911
taubench_airline,18,0.9555255770683289,0.4913826882839203,-0.9555255770683289
taubench_airline,42,0.93537437915802,0.8670897483825684,-0.93537437915802
taubench_airline,12,0.9121512770652771,0.7585710287094116,-0.9121512770652771
taubench_airline,46,0.90125972032547,-0.3280683755874634,0.90125972032547
taubench_airline,49,0.8441087007522583,0.5046067833900452,-0.8441087007522583
taubench_airline,41,0.7104055285453796,0.32669562101364136,-0.7104055285453796
taubench_airline,19,0.6922135353088379,-1.1621227264404297,0.6922135353088379
taubench_airline,35,0.6861476302146912,0.330122172832489,-0.6861476302146912
taubench_airline,1,0.6837896704673767,0.3948543667793274,-0.6837896704673767
taubench_airline,30,0.6696141362190247,-0.3320983946323395,-0.6696141362190247
taubench_airline,20,0.6639940142631531,-0.10469675064086914,-0.6639940142631531
taubench_airline,32,0.6541553139686584,-0.7672711610794067,0.6541553139686584
taubench_airline,25,0.6421301960945129,-1.2380090951919556,0.6421301960945129
taubench_airline,9,0.6371927857398987,-1.2310949563980103,0.6371927857398987
taubench_airline,2,0.5616905093193054,-1.1708228588104248,0.5616905093193054
taubench_airline,23,0.5579338669776917,-0.9943479299545288,0.5579338669776917
taubench_airline,44,0.5377671718597412,-0.21888144314289093,-0.5377671718597412
taubench_airline,29,0.5192517638206482,-0.09208829700946808,-0.5192517638206482
taubench_airline,4,0.49200332164764404,0.1071368157863617,-0.49200332164764404
taubench_airline,11,0.484867662191391,-0.33619239926338196,-0.484867662191391
taubench_airline,7,0.47803938388824463,0.2986297607421875,-0.47803938388824463
taubench_airline,45,0.44557246565818787,-0.9383508563041687,0.44557246565818787
taubench_airline,22,0.4243682324886322,-0.813978374004364,0.4243682324886322
taubench_airline,37,0.41218313574790955,0.17225797474384308,-0.41218313574790955
taubench_airline,13,0.4065966308116913,0.09348420053720474,-0.4065966308116913
taubench_airline,33,0.3350611627101898,-0.6244178414344788,0.3350611627101898
taubench_airline,28,0.32967129349708557,-0.8100115060806274,0.32967129349708557
taubench_airline,0,0.2598552703857422,0.0235791876912117,-0.2598552703857422
taubench_airline,48,0.2509855031967163,0.20142008364200592,-0.2509855031967163
taubench_airline,31,0.22581815719604492,-0.33913835883140564,0.22581815719604492
taubench_airline,26,0.20610617101192474,-0.4983014166355133,0.20610617101192474
taubench_airline,8,0.19559289515018463,-0.9773025512695312,0.19559289515018463
taubench_airline,27,0.19557006657123566,-0.4961605370044708,0.19557006657123566
taubench_airline,17,0.19246676564216614,-0.5917736291885376,0.19246676564216614
taubench_airline,34,0.18898719549179077,-0.3218207359313965,0.18898719549179077
taubench_airline,43,0.16801030933856964,0.66093909740448,-0.16801030933856964
taubench_airline,16,0.1645149290561676,-0.5240471959114075,-0.1645149290561676
taubench_airline,14,0.15422894060611725,0.1696639060974121,-0.15422894060611725
taubench_airline,6,0.1359715312719345,0.10911338031291962,-0.1359715312719345
taubench_airline,15,0.09489011764526367,-0.41475802659988403,0.09489011764526367
taubench_airline,3,0.09316696971654892,-0.6640501618385315,0.09316696971654892
taubench_airline,21,0.0835123062133789,-0.06802159547805786,-0.0835123062133789
taubench_airline,24,0.02927217073738575,0.23660753667354584,-0.02927217073738575
taubench_airline,10,0.027734829112887383,-0.7253401875495911,-0.027734829112887383
taubench_airline,5,0.019195575267076492,-0.1586509495973587,0.019195575267076492
taubench_airline,47,0.012088361196219921,-0.31255829334259033,0.012088361196219921
taubench_airline,40,0.010142147541046143,-0.09360191226005554,-0.010142147541046143
taubench_airline,39,0.005161171313375235,-0.19372546672821045,-0.005161171313375235
usaco,810_silver_rest_stops,0.7433689832687378,-0.41003748774528503,-0.7433689832687378
usaco,794_platinum_sprinklers,0.7421972751617432,-0.4041869640350342,-0.7421972751617432
usaco,1115_gold_count_the_cows,0.742154598236084,-0.40786296129226685,-0.742154598236084
usaco,547_bronze_trapped_in_the_haybales_(bronze),0.7420084476470947,-0.4106157720088959,-0.7420084476470947
usaco,430_bronze_odometer,0.7420002222061157,-0.41424036026000977,-0.7420002222061157
usaco,117_silver_relocation,0.7412478923797607,-0.4116414785385132,-0.7412478923797607
usaco,401_gold_cow_decathlon,0.7410966753959656,-0.4043760895729065,-0.7410966753959656
usaco,1302_silver_bakery,0.7410820722579956,-0.4077315032482147,-0.7410820722579956
usaco,380_silver_cross_country_skiing,0.7410651445388794,-0.40860119462013245,-0.7410651445388794
usaco,763_silver_milk_measurement,0.7408617734909058,-0.41140884160995483,-0.7408617734909058
usaco,1085_bronze_just_stalling,0.7401118278503418,-0.40545371174812317,-0.7401118278503418
usaco,346_gold_empty_stalls,0.7395882606506348,-0.4095074534416199,-0.7395882606506348
usaco,945_gold_snakes,0.7394529581069946,-0.40804606676101685,-0.7394529581069946
usaco,643_silver_diamond_collector,0.7392903566360474,-0.4089104235172272,-0.7392903566360474
usaco,809_bronze_taming_the_herd,0.7391818761825562,-0.4107245206832886,-0.7391818761825562
usaco,1208_silver_email_filing,0.7390970587730408,-0.411591500043869,-0.7390970587730408
usaco,415_silver_watering_the_fields,0.7388859987258911,-0.40387818217277527,-0.7388859987258911
usaco,105_bronze_grazing_patterns,0.7388455867767334,-0.40692922472953796,-0.7388455867767334
usaco,1108_bronze_comfortable_cows,0.7380805611610413,-0.41090843081474304,-0.7380805611610413
usaco,1018_gold_help_yourself,0.737945020198822,-0.4075859487056732,-0.737945020198822
usaco,919_silver_painting_the_barn,0.7377934455871582,-0.4148980677127838,-0.7377934455871582
usaco,187_bronze_find_the_cow!,0.7377088665962219,-0.40761178731918335,-0.7377088665962219
usaco,90_silver_tile_exchanging,0.7373650670051575,-0.40613821148872375,-0.7373650670051575
usaco,546_bronze_bessie_gets_even,0.7373597025871277,-0.3999820351600647,-0.7373597025871277
usaco,1279_silver_following_directions,0.7372496724128723,-0.4172535240650177,-0.7372496724128723
usaco,125_silver_flowerpot,0.7372023463249207,-0.4036865234375,-0.7372023463249207
usaco,1229_bronze_alchemy,0.7370196580886841,-0.4103052318096161,-0.7370196580886841
usaco,813_gold_snow_boots,0.73680180311203,-0.4146519899368286,-0.73680180311203
usaco,87_bronze_cow_beauty_pageant_(bronze_level),0.7367535829544067,-0.40598878264427185,-0.7367535829544067
usaco,115_silver_overplanting_(silver),0.7367082238197327,-0.4038674831390381,-0.7367082238197327
usaco,130_bronze_cows_in_a_row,0.7366989850997925,-0.4087687134742737,-0.7366989850997925
usaco,739_silver_bovine_genomics,0.736496090888977,-0.399015873670578,-0.736496090888977
usaco,767_gold_haybale_feast,0.7363410592079163,-0.40622955560684204,-0.7363410592079163
usaco,1111_silver_year_of_the_cow,0.7362300753593445,-0.40299826860427856,-0.7362300753593445
usaco,1037_bronze_cowntact_tracing,0.7360912561416626,-0.39952364563941956,-0.7360912561416626
usaco,1133_bronze_acowdemia_iii,0.7360799908638,-0.4095827043056488,-0.7360799908638
usaco,1136_silver_acowdemia,0.7360126376152039,-0.40527427196502686,-0.7360126376152039
usaco,397_silver_auto-complete,0.7357802987098694,-0.40876302123069763,-0.7357802987098694
usaco,737_bronze_modern_art,0.7357113361358643,-0.4060787856578827,-0.7357113361358643
usaco,436_gold_fair_photography,0.7357071042060852,-0.4058877229690552,-0.7357071042060852
usaco,209_silver_wifi_setup,0.7356592416763306,-0.4079757332801819,-0.7356592416763306
usaco,123_bronze_wrong_directions,0.7356128096580505,-0.40961217880249023,-0.7356128096580505
usaco,1281_gold_find_and_replace,0.7353945970535278,-0.4159931540489197,-0.7353945970535278
usaco,991_silver_loan_repayment,0.7353928685188293,-0.414233535528183,-0.7353928685188293
usaco,918_silver_sleepy_cow_herding,0.7353148460388184,-0.4050249755382538,-0.7353148460388184
usaco,281_bronze_haywire,0.7352374792098999,-0.4080139994621277,-0.7352374792098999
usaco,856_bronze_the_bucket_list,0.7349957823753357,-0.41123849153518677,-0.7349957823753357
usaco,835_silver_lemonade_line,0.7349514365196228,-0.40511178970336914,-0.7349514365196228
usaco,866_platinum_the_cow_gathering,0.7344474196434021,-0.41613253951072693,-0.7344474196434021
usaco,225_bronze_liars_and_truth_tellers,0.734345555305481,-0.40295857191085815,-0.734345555305481
usaco,93_gold_cow_steeplechase,0.734322190284729,-0.4038081765174866,-0.734322190284729
usaco,786_silver_lifeguards,0.734256386756897,-0.4063326418399811,-0.734256386756897
usaco,924_platinum_cow_dating,0.7342425584793091,-0.410747766494751,-0.7342425584793091
usaco,1160_silver_convoluted_intervals,0.7342258095741272,-0.4074702262878418,-0.7342258095741272
usaco,641_bronze_field_reduction,0.7342098951339722,-0.4069732427597046,-0.7342098951339722
usaco,379_silver_bessie_slows_down,0.7342004179954529,-0.41450878977775574,-0.7342004179954529
usaco,343_silver_farmer_john_has_no_large_brown_cow,0.7341636419296265,-0.4119245707988739,-0.7341636419296265
usaco,965_bronze_livestock_lineup,0.7341520190238953,-0.40587788820266724,-0.7341520190238953
usaco,987_bronze_word_processor,0.7341137528419495,-0.412784218788147,-0.7341137528419495
usaco,228_silver_party_invitations,0.7340912818908691,-0.40689489245414734,-0.7340912818908691
usaco,1212_platinum_paint_by_rectangles,0.734082043170929,-0.4038739502429962,-0.734082043170929
usaco,190_silver_clumsy_cows,0.7339423894882202,-0.40700000524520874,-0.7339423894882202
usaco,126_silver_landscaping,0.7339047789573669,-0.4027617871761322,-0.7339047789573669
usaco,345_silver_pogo-cow,0.7339004278182983,-0.41137829422950745,-0.7339004278182983
usaco,787_silver_rental_service,0.7338607311248779,-0.4087006449699402,-0.7338607311248779
usaco,262_silver_poker_hands,0.733839750289917,-0.4069431722164154,-0.733839750289917
usaco,114_bronze_moo,0.7337754368782043,-0.40688860416412354,-0.7337754368782043
usaco,760_bronze_the_bovine_shuffle,0.7337604761123657,-0.4079663157463074,-0.7337604761123657
usaco,206_bronze_scrambled_letters,0.7337135076522827,-0.40211251378059387,-0.7337135076522827
usaco,1228_bronze_counting_liars,0.7336853742599487,-0.40222105383872986,-0.7336853742599487
usaco,1064_silver_stuck_in_a_rut,0.7336419224739075,-0.4056658446788788,-0.7336419224739075
usaco,1067_gold_square_pasture,0.733605146408081,-0.4101018011569977,-0.733605146408081
usaco,941_bronze_cow_evolution,0.7335918545722961,-0.4074377417564392,-0.7335918545722961
usaco,1086_silver_dance_mooves,0.7335718274116516,-0.404851496219635,-0.7335718274116516
usaco,837_gold_out_of_sorts,0.7335112690925598,-0.40858349204063416,-0.7335112690925598
usaco,434_silver_dueling_gpss,0.7334834933280945,-0.41396385431289673,-0.7334834933280945
usaco,377_bronze_bessie_slows_down,0.733424961566925,-0.4061552584171295,-0.733424961566925
usaco,1277_bronze_moo_operations,0.7332625985145569,-0.4052916467189789,-0.7332625985145569
usaco,1183_silver_cow_frisbee,0.7332370281219482,-0.4018509089946747,-0.7332370281219482
usaco,128_gold_haybale_restacking,0.7332348823547363,-0.40005454421043396,-0.7332348823547363
usaco,283_silver_fuel_economy,0.7332134246826172,-0.4112281799316406,-0.7332134246826172
usaco,741_gold_bovine_genomics,0.7329246997833252,-0.40407416224479675,-0.7329246997833252
usaco,1232_silver_cow_operations,0.7329115271568298,-0.40451163053512573,-0.7329115271568298
usaco,1068_platinum_sleeping_cows,0.7328943014144897,-0.4072623550891876,-0.7328943014144897
usaco,400_gold_roadblock,0.7328668832778931,-0.40898752212524414,-0.7328668832778931
usaco,963_bronze_cow_gymnastics,0.7328532338142395,-0.4157310724258423,-0.7328532338142395
usaco,785_bronze_out_of_place,0.7327840328216553,-0.402597576379776,-0.7327840328216553
usaco,1036_bronze_social_distancing_ii,0.7327800393104553,-0.4019716680049896,-0.7327800393104553
usaco,1188_platinum_minimizing_haybales,0.7327438592910767,-0.40604066848754883,-0.7327438592910767
usaco,376_bronze_ski_course_design,0.7327324748039246,-0.4075404107570648,-0.7327324748039246
usaco,1131_bronze_acowdemia_i,0.7327209711074829,-0.40572139620780945,-0.7327209711074829
usaco,1062_silver_cowntagion,0.7327197194099426,-0.40759339928627014,-0.7327197194099426
usaco,989_bronze_race,0.7327137589454651,-0.41452789306640625,-0.7327137589454651
usaco,412_bronze_reordering_the_cows,0.7326996922492981,-0.40814757347106934,-0.7326996922492981
usaco,812_silver_teleportation,0.7326856255531311,-0.40831053256988525,-0.7326856255531311
usaco,1114_gold_modern_art_3,0.732600212097168,-0.4032091498374939,-0.732600212097168
usaco,791_gold_stamp_painting,0.7325709462165833,-0.39924079179763794,-0.7325709462165833
usaco,1203_bronze_sleeping_in_class,0.7325384020805359,-0.3982803523540497,-0.7325384020805359
usaco,340_bronze_combination_lock,0.7325081825256348,-0.40902644395828247,-0.7325081825256348
usaco,1012_bronze_mad_scientist,0.73243647813797,-0.41883885860443115,-0.73243647813797
usaco,243_bronze_perimeter,0.7324263453483582,-0.4060715138912201,-0.7324263453483582
usaco,259_bronze_cow_race,0.7324238419532776,-0.40835946798324585,-0.7324238419532776
usaco,226_silver_painting_the_fence,0.7324119210243225,-0.4096321165561676,-0.7324119210243225
usaco,241_bronze_message_relay,0.7324033379554749,-0.4127468764781952,-0.7324033379554749
usaco,1205_bronze_blocks,0.7323942184448242,-0.4055193066596985,-0.7323942184448242
usaco,925_platinum_moorio_kart,0.7323783040046692,-0.40835607051849365,-0.7323783040046692
usaco,1063_silver_rectangular_pasture,0.7323316335678101,-0.40681448578834534,-0.7323316335678101
usaco,120_gold_nearby_cows,0.7323011755943298,-0.4123772084712982,-0.7323011755943298
usaco,244_silver_perimeter,0.7322578430175781,-0.41300123929977417,-0.7322578430175781
usaco,1035_bronze_social_distancing_i,0.7322404980659485,-0.40193188190460205,-0.7322404980659485
usaco,1039_silver_cereal,0.7321743369102478,-0.4080667197704315,-0.7321743369102478
usaco,1088_silver_spaced_out,0.7321351766586304,-0.40216726064682007,-0.7321351766586304
usaco,1303_silver_cow-libi,0.7321179509162903,-0.4108111560344696,-0.7321179509162903
usaco,1181_bronze_drought,0.7320940494537354,-0.4057657718658447,-0.7320940494537354
usaco,134_silver_unlocking_blocks_(silver),0.7320800423622131,-0.4060014486312866,-0.7320800423622131
usaco,639_bronze_diamond_collector,0.732007622718811,-0.40841084718704224,-0.732007622718811
usaco,1328_silver_pareidolia,0.7320067286491394,-0.40036138892173767,-0.7320067286491394
usaco,1251_bronze_cow_college,0.731880784034729,-0.41389456391334534,-0.731880784034729
usaco,1040_silver_the_moo_particle,0.7317804098129272,-0.4047662317752838,-0.7317804098129272
usaco,1014_silver_swapity_swapity_swap,0.7317147850990295,-0.41197672486305237,-0.7317147850990295
usaco,344_silver_crowded_cows,0.7316791415214539,-0.40816256403923035,-0.7316791415214539
usaco,394_bronze_mirror_field,0.7315797209739685,-0.40531477332115173,-0.7315797209739685
usaco,1137_gold_united_cows_of_farmer_john,0.7315635681152344,-0.40158459544181824,-0.7315635681152344
usaco,990_silver_berry_picking,0.7314674854278564,-0.40656355023384094,-0.7314674854278564
usaco,1083_bronze_uddered_but_not_herd,0.7314252853393555,-0.4060388505458832,-0.7314252853393555
usaco,1142_platinum_balanced_subsets,0.7313987612724304,-0.40420302748680115,-0.7313987612724304
usaco,808_bronze_hoofball,0.7313956022262573,-0.41038909554481506,-0.7313956022262573
usaco,432_bronze_decorating_the_pastures,0.7313600182533264,-0.41203007102012634,-0.7313600182533264
usaco,121_bronze_times_17,0.7312933206558228,-0.40771710872650146,-0.7312933206558228
usaco,341_bronze_goldilocks_and_the_n_cows,0.7312544584274292,-0.4035951495170593,-0.7312544584274292
usaco,1206_silver_redistributing_gifts,0.7312296628952026,-0.40171754360198975,-0.7312296628952026
usaco,1155_bronze_lonely_photo,0.7312130331993103,-0.41427773237228394,-0.7312130331993103
usaco,194_gold_concurrently_balanced_strings,0.7311744689941406,-0.4091423749923706,-0.7311744689941406
usaco,832_bronze_milking_order,0.7311626076698303,-0.4033357799053192,-0.7311626076698303
usaco,783_bronze_blocked_billboard_ii,0.7311542630195618,-0.4051673710346222,-0.7311542630195618
usaco,993_gold_time_is_mooney,0.7310956120491028,-0.40201693773269653,-0.7310956120491028
usaco,988_bronze_photoshoot,0.731093168258667,-0.40610483288764954,-0.731093168258667
usaco,893_bronze_guess_the_animal,0.7310881018638611,-0.4092700779438019,-0.7310881018638611
usaco,1182_silver_searching_for_soulmates,0.7310751080513,-0.40919339656829834,-0.7310751080513
usaco,433_silver_fair_photography,0.7310609221458435,-0.4076395630836487,-0.7310609221458435
usaco,811_silver_snow_boots,0.7310152649879456,-0.40625831484794617,-0.7310152649879456
usaco,189_bronze_horseshoes,0.7310096621513367,-0.40524613857269287,-0.7310096621513367
usaco,549_silver_bessie_goes_moo,0.7309935092926025,-0.40444624423980713,-0.7309935092926025
usaco,1013_bronze_swapity_swap,0.730938732624054,-0.40659600496292114,-0.730938732624054
usaco,862_gold_cowpatibility,0.7309305667877197,-0.3969217538833618,-0.7309305667877197
usaco,1278_silver_find_and_replace,0.7308629155158997,-0.4029873311519623,-0.7308629155158997
usaco,896_silver_mountain_view,0.7308525443077087,-0.4048929214477539,-0.7308525443077087
usaco,644_silver_closing_the_farm,0.7307911515235901,-0.4068596363067627,-0.7307911515235901
usaco,1330_gold_pareidolia,0.7307575345039368,-0.409946471452713,-0.7307575345039368
usaco,640_bronze_bull_in_a_china_shop,0.7306662797927856,-0.40527278184890747,-0.7306662797927856
usaco,191_silver_distant_pastures,0.7306342720985413,-0.4035893678665161,-0.7306342720985413
usaco,1299_bronze_hungry_cow,0.7305940985679626,-0.40749391913414,-0.7305940985679626
usaco,1262_platinum_palindromes,0.7305935621261597,-0.40292683243751526,-0.7305935621261597
usaco,1021_platinum_equilateral_triangles,0.7305848598480225,-0.4045691192150116,-0.7305848598480225
usaco,1227_bronze_photoshoot,0.7305221557617188,-0.4050179421901703,-0.7305221557617188
usaco,761_bronze_milk_measurement,0.7304168939590454,-0.40843433141708374,-0.7304168939590454
usaco,1276_bronze_air_cownditioning_ii,0.730320155620575,-0.400035560131073,-0.730320155620575
usaco,1259_gold_strongest_friendship_group,0.7301691770553589,-0.41316136717796326,-0.7301691770553589
usaco,863_gold_teamwork,0.7301570773124695,-0.40593811869621277,-0.7301570773124695
usaco,378_bronze_balanced_teams,0.7301547527313232,-0.4020868241786957,-0.7301547527313232
usaco,1016_silver_clock_tree,0.7301511168479919,-0.4026878774166107,-0.7301511168479919
usaco,359_bronze_cow_baseball,0.7301028370857239,-0.4024164080619812,-0.7301028370857239
usaco,1015_silver_triangles,0.7300700545310974,-0.40353551506996155,-0.7300700545310974
usaco,897_gold_cow_poetry,0.7300536036491394,-0.4147222340106964,-0.7300536036491394
usaco,1087_silver_no_time_to_paint,0.7299445271492004,-0.4034181833267212,-0.7299445271492004
usaco,1060_bronze_daisy_chains,0.7299352288246155,-0.4047936797142029,-0.7299352288246155
usaco,915_bronze_sleepy_cow_herding,0.7298893928527832,-0.4115430414676666,-0.7298893928527832
usaco,188_bronze_typo,0.7298613786697388,-0.4063957631587982,-0.7298613786697388
usaco,1333_platinum_good_bitstrings,0.7298452854156494,-0.40479061007499695,-0.7298452854156494
usaco,966_silver_moobuzz,0.7297995090484619,-0.40860801935195923,-0.7297995090484619
usaco,112_bronze_rope_folding,0.7297791838645935,-0.409980446100235,-0.7297791838645935
usaco,395_bronze_auto-complete,0.7297786474227905,-0.406711220741272,-0.7297786474227905
usaco,1161_gold_paired_up,0.7297443151473999,-0.4091702401638031,-0.7297443151473999
usaco,1059_bronze_do_you_know_your_abcs?,0.7297000288963318,-0.4017931818962097,-0.7297000288963318
usaco,1017_gold_timeline,0.7296691536903381,-0.4056413173675537,-0.7296691536903381
usaco,1011_bronze_triangles,0.7296643257141113,-0.4098127484321594,-0.7296643257141113
usaco,939_bronze_bucket_brigade,0.7296575307846069,-0.4068140685558319,-0.7296575307846069
usaco,789_gold_mootube,0.729604959487915,-0.408858984708786,-0.729604959487915
usaco,111_gold_bovine_alliance,0.7295742034912109,-0.4061846435070038,-0.7295742034912109
usaco,860_silver_mooyo_mooyo,0.729564368724823,-0.40491148829460144,-0.729564368724823
usaco,550_silver_trapped_in_the_haybales_(silver),0.7295326590538025,-0.40292245149612427,-0.7295326590538025
usaco,365_gold_optimal_milking,0.7295171022415161,-0.40662121772766113,-0.7295171022415161
usaco,1327_silver_field_day,0.7294864654541016,-0.4108375608921051,-0.7294864654541016
usaco,229_gold_cow_lineup,0.7294372916221619,-0.4074728786945343,-0.7294372916221619
usaco,834_silver_out_of_sorts,0.7294099926948547,-0.40518710017204285,-0.7294099926948547
usaco,246_silver_milk_scheduling,0.729374885559082,-0.40493667125701904,-0.729374885559082
usaco,1301_bronze_watching_mooloo,0.7293441891670227,-0.4034986197948456,-0.7293441891670227
usaco,759_bronze_blocked_billboard,0.7293441295623779,-0.41398704051971436,-0.7293441295623779
usaco,1164_platinum_tickets,0.7293376326560974,-0.4091026186943054,-0.7293376326560974
usaco,964_bronze_where_am_i?,0.7292813658714294,-0.40710437297821045,-0.7292813658714294
usaco,131_bronze_three_lines,0.7292776107788086,-0.41627734899520874,-0.7292776107788086
usaco,205_bronze_meet_and_greet,0.7292293906211853,-0.40119919180870056,-0.7292293906211853
usaco,554_gold_trapped_in_the_haybales_(gold),0.7291938662528992,-0.4044613540172577,-0.7291938662528992
usaco,1113_gold_stone_game,0.729192316532135,-0.4142383933067322,-0.729192316532135
usaco,648_platinum_262144,0.7290767431259155,-0.4069511890411377,-0.7290767431259155
usaco,108_silver_mountain_climbing,0.729067325592041,-0.4036930799484253,-0.729067325592041
usaco,358_bronze_record_keeping,0.7290600538253784,-0.4068099856376648,-0.7290600538253784
usaco,210_silver_milk_routing,0.7290583252906799,-0.4058246910572052,-0.7290583252906799
usaco,831_bronze_team_tic_tac_toe,0.7290424704551697,-0.4094502627849579,-0.7290424704551697
usaco,99_silver_umbrellas_for_cows,0.729013204574585,-0.40771612524986267,-0.729013204574585
usaco,249_gold_route_design,0.7290091514587402,-0.41050955653190613,-0.7290091514587402
usaco,788_silver_mootube,0.7289875745773315,-0.40100210905075073,-0.7289875745773315
usaco,381_silver_recording_the_moolympics,0.7289753556251526,-0.4073313772678375,-0.7289753556251526
usaco,646_gold_closing_the_farm,0.728965163230896,-0.4081685543060303,-0.728965163230896
usaco,1156_bronze_air_cownditioning,0.7289491891860962,-0.4044067859649658,-0.7289491891860962
usaco,857_bronze_back_and_forth,0.728929340839386,-0.41230520606040955,-0.728929340839386
usaco,1260_platinum_breakdown,0.728884756565094,-0.4041971266269684,-0.728884756565094
usaco,86_bronze_moo_sick,0.7288755178451538,-0.40153440833091736,-0.7288755178451538
usaco,833_bronze_family_tree,0.7288532853126526,-0.4009307324886322,-0.7288532853126526
usaco,1069_platinum_spaceship,0.7288220524787903,-0.4043112099170685,-0.7288220524787903
usaco,917_bronze_measuring_traffic,0.7287517189979553,-0.4151346981525421,-0.7287517189979553
usaco,1204_bronze_photoshoot_2,0.7287301421165466,-0.4067651927471161,-0.7287301421165466
usaco,101_gold_simplifying_the_farm,0.7287269234657288,-0.40397852659225464,-0.7287269234657288
usaco,260_bronze_breed_proximity,0.7285727262496948,-0.4102317690849304,-0.7285727262496948
usaco,1179_bronze_herdle,0.7285507917404175,-0.4023300111293793,-0.7285507917404175
usaco,106_silver_delivery_route,0.7285345196723938,-0.41050052642822266,-0.7285345196723938
usaco,223_bronze_mirrors,0.7284970283508301,-0.40602847933769226,-0.7284970283508301
usaco,347_gold_line_of_sight,0.7284107804298401,-0.40672942996025085,-0.7284107804298401
usaco,839_gold_talent_show,0.7284095883369446,-0.4008242189884186,-0.7284095883369446
usaco,815_gold_taming_the_herd,0.7283802032470703,-0.40929368138313293,-0.7283802032470703
usaco,1230_silver_visits,0.7283627390861511,-0.40594711899757385,-0.7283627390861511
usaco,818_platinum_cow_gymnasts,0.7283589243888855,-0.4055802524089813,-0.7283589243888855
usaco,950_platinum_valleys,0.7283565998077393,-0.4055694043636322,-0.7283565998077393
usaco,642_silver_field_reduction,0.7283333539962769,-0.4033481478691101,-0.7283333539962769
usaco,944_silver_fence_planning,0.7283116579055786,-0.40505295991897583,-0.7283116579055786
usaco,91_gold_above_the_median,0.7282499670982361,-0.41277045011520386,-0.7282499670982361
usaco,127_gold_large_banner,0.7282180786132812,-0.40920594334602356,-0.7282180786132812
usaco,1090_gold_telephone,0.7281304001808167,-0.4114110767841339,-0.7281304001808167
usaco,891_bronze_shell_game,0.7281194925308228,-0.4073842763900757,-0.7281194925308228
usaco,545_bronze_moocryption,0.7280630469322205,-0.4043397903442383,-0.7280630469322205
usaco,230_gold_island_travels,0.7280126810073853,-0.41202908754348755,-0.7280126810073853
usaco,898_gold_sleepy_cow_sorting,0.7279865741729736,-0.40473055839538574,-0.7279865741729736
usaco,92_gold_binary_sudoku,0.7279580235481262,-0.4058450758457184,-0.7279580235481262
usaco,267_gold_necklace,0.7279354333877563,-0.4056028425693512,-0.7279354333877563
usaco,361_silver_milk_scheduling,0.727910578250885,-0.4079180657863617,-0.727910578250885
usaco,136_silver_running_laps,0.7279080748558044,-0.4081306457519531,-0.7279080748558044
usaco,1257_gold_bribing_friends,0.727902352809906,-0.4069897532463074,-0.727902352809906
usaco,1139_gold_permutation,0.7278658747673035,-0.39984583854675293,-0.7278658747673035
usaco,1132_bronze_acowdemia_ii,0.7278529405593872,-0.40544623136520386,-0.7278529405593872
usaco,342_bronze_farmer_john_has_no_large_brown_cow,0.7277646064758301,-0.40770938992500305,-0.7277646064758301
usaco,894_silver_grass_planting,0.7277509570121765,-0.4072566032409668,-0.7277509570121765
usaco,104_bronze_haybale_stacking,0.7277397513389587,-0.4094592034816742,-0.7277397513389587
usaco,1157_bronze_walking_home,0.7277231812477112,-0.40679118037223816,-0.7277231812477112
usaco,969_gold_milk_pumping,0.7277202606201172,-0.4109775125980377,-0.7277202606201172
usaco,193_gold_balanced_cow_breeds,0.7276914715766907,-0.40237218141555786,-0.7276914715766907
usaco,88_silver_cow_beauty_pageant_(silver_level),0.7276690602302551,-0.40548309683799744,-0.7276690602302551
usaco,553_gold_palindromic_paths,0.7276368737220764,-0.4009222686290741,-0.7276368737220764
usaco,263_silver_farm_painting,0.7275838851928711,-0.4085390865802765,-0.7275838851928711
usaco,942_silver_left_out,0.7275272607803345,-0.40514522790908813,-0.7275272607803345
usaco,864_platinum_balance_beam,0.7274747490882874,-0.40750136971473694,-0.7274747490882874
usaco,865_platinum_sort_it_out,0.7274042367935181,-0.40573519468307495,-0.7274042367935181
usaco,1038_silver_social_distancing,0.7273827195167542,-0.4112795889377594,-0.7273827195167542
usaco,967_silver_meetings,0.727380633354187,-0.4029797911643982,-0.727380633354187
usaco,362_silver_vacation_planning,0.7273313999176025,-0.40723076462745667,-0.7273313999176025
usaco,94_bronze_hay_bales,0.7272365689277649,-0.401998370885849,-0.7272365689277649
usaco,736_bronze_bovine_genomics,0.7271977663040161,-0.4054260849952698,-0.7271977663040161
usaco,89_silver_cow_lineup,0.727183997631073,-0.40696296095848083,-0.727183997631073
usaco,1109_bronze_clockwise_fence,0.7271393537521362,-0.4032135009765625,-0.7271393537521362
usaco,947_gold_balancing_inversions,0.7271238565444946,-0.40142759680747986,-0.7271238565444946
usaco,766_gold_barn_painting,0.7270911335945129,-0.4087875187397003,-0.7270911335945129
usaco,98_silver_roadblock,0.7269779443740845,-0.40098175406455994,-0.7269779443740845
usaco,1209_gold_redistributing_gifts,0.7269548177719116,-0.40433889627456665,-0.7269548177719116
usaco,735_bronze_the_lost_cow,0.726904034614563,-0.40939801931381226,-0.726904034614563
usaco,1112_silver_just_green_enough,0.7268933057785034,-0.4060317575931549,-0.7268933057785034
usaco,360_bronze_wormholes,0.7268884181976318,-0.404717355966568,-0.7268884181976318
usaco,1275_bronze_leaders,0.7268421649932861,-0.41195863485336304,-0.7268421649932861
usaco,916_bronze_the_great_revegetation,0.7268317341804504,-0.4111511707305908,-0.7268317341804504
usaco,892_bronze_sleepy_cow_sorting,0.7266626358032227,-0.4122970700263977,-0.7266626358032227
usaco,840_platinum_out_of_sorts,0.7266368865966797,-0.4029727876186371,-0.7266368865966797
usaco,861_gold_fine_dining,0.7266054153442383,-0.4084269106388092,-0.7266054153442383
usaco,133_bronze_unlocking_blocks,0.7265891432762146,-0.40949904918670654,-0.7265891432762146
usaco,855_bronze_mixing_milk,0.7264407873153687,-0.40632304549217224,-0.7264407873153687
usaco,1326_silver_milk_sum,0.7264133095741272,-0.4065721929073334,-0.7264133095741272
usaco,1325_bronze_rotate_and_shift,0.7263296842575073,-0.401506245136261,-0.7263296842575073
usaco,764_silver_the_bovine_shuffle,0.726255476474762,-0.41456183791160583,-0.726255476474762
usaco,548_bronze_palindromic_paths_(bronze),0.7260127067565918,-0.40249937772750854,-0.7260127067565918
usaco,784_bronze_lifeguards,0.7257455587387085,-0.40651530027389526,-0.7257455587387085
usaco,280_bronze_photo,0.7257343530654907,-0.407885879278183,-0.7257343530654907
usaco,137_gold_tied_down,0.725666880607605,-0.4050319194793701,-0.725666880607605
usaco,940_bronze_milk_factory,0.7256036400794983,-0.41173264384269714,-0.7256036400794983
usaco,413_bronze_the_lazy_cow,0.7255916595458984,-0.4059850573539734,-0.7255916595458984
usaco,118_gold_cow_coupons,0.7255730628967285,-0.4124157428741455,-0.7255730628967285
usaco,247_gold_partitioning_the_farm,0.7254640460014343,-0.40682095289230347,-0.7254640460014343
usaco,1231_silver_subset_equality,0.725412130355835,-0.4112890064716339,-0.725412130355835
usaco,107_silver_bale_share,0.7253748774528503,-0.4051735997200012,-0.7253748774528503
usaco,103_bronze_gifts,0.7252633571624756,-0.4051879644393921,-0.7252633571624756
usaco,417_silver_mooo_moo,0.7252528071403503,-0.4157271683216095,-0.7252528071403503
usaco,431_bronze_fair_photography,0.7251138091087341,-0.4138337969779968,-0.7251138091087341
usaco,248_gold_taxi,0.725111722946167,-0.40856730937957764,-0.725111722946167
usaco,762_silver_my_cow_ate_my_homework,0.7248448729515076,-0.42004722356796265,-0.7248448729515076
usaco,1180_bronze_non-transitive_dice,0.7244757413864136,-0.41310960054397583,-0.7244757413864136
usaco,132_bronze_islands,0.7242580652236938,-0.410836398601532,-0.7242580652236938
usaco,997_platinum_non-decreasing_subsequences,0.7239475250244141,-0.4022725820541382,-0.7239475250244141
usaco,96_bronze_escaping_the_farm,0.7239165306091309,-0.4080831706523895,-0.7239165306091309
usaco,922_gold_dishwashing,0.7236236929893494,-0.4070236086845398,-0.7236236929893494
usaco,738_silver_paired_up,0.7235731482505798,-0.40970706939697266,-0.7235731482505798
usaco,192_silver_balanced_cow_breeds,0.7234429121017456,-0.41718319058418274,-0.7234429121017456
usaco,647_gold_248,0.7233130931854248,-0.40998968482017517,-0.7233130931854248
usaco,278_bronze_bovine_ballet,0.7230415344238281,-0.4248044192790985,-0.7230415344238281
usaco,398_silver_roadblock,0.7230169177055359,-0.4080022871494293,-0.7230169177055359
usaco,84_bronze_contest_timing,0.7228076457977295,-0.41104868054389954,-0.7228076457977295
usaco,261_bronze_breed_assignment,0.7227572798728943,-0.4040958881378174,-0.7227572798728943
usaco,396_bronze_secret_code,0.7227064967155457,-0.40253904461860657,-0.7227064967155457
usaco,1255_silver_circular_barn,0.7223581671714783,-0.40541979670524597,-0.7223581671714783
usaco,1300_bronze_stamp_grid,0.7222743630409241,-0.4170135259628296,-0.7222743630409241
usaco,1138_gold_portals,0.7218537926673889,-0.409101277589798,-0.7218537926673889
usaco,242_bronze_cow_crossings,0.7200024724006653,-0.424892395734787,-0.7200024724006653
