benchmark,task_id,discrimination,easiness,a0
assistantbench,a9074997e698f912b9e751779ea19c1e92fa148404e90e0ae997acea3f9559b0,0.5844178199768066,-0.054449282586574554,-0.5844178199768066
assistantbench,e2dc3a6b10b762e8aba7fa4d4e70f757f6d04dcbc8b56c48fc53fd9928d31d07,0.5811362266540527,-0.05074146389961243,-0.5811362266540527
assistantbench,fb9ba3ab6a13d0adc677f993e90d54914a5cdf211305a1bba6bf16ec4ccb9b7c,0.5760518312454224,-0.047973137348890305,-0.5760518312454224
assistantbench,2aa5dd83fbcd0dce9a3dd4592106e5b5edf738008d932e357d477bba80e59ccf,0.5742396116256714,-0.04738830775022507,-0.5742396116256714
assistantbench,291b53e665b4dd4365cde995042db4a6f6fecef3fe3a6f4482f23d61bd673918,0.5735654234886169,-0.04763833060860634,-0.5735654234886169
assistantbench,4dbedc5e1a0205e14b7ff3ba89bce3060dab15d0ada3b7e1351a6f2aa8287aec,0.5735515356063843,-0.047232773154973984,-0.5735515356063843
assistantbench,e6bc98089608217e45b6956a46518fe3cce64a799b3ac43c6974c449ae14c408,0.5733675956726074,-0.04881710186600685,-0.5733675956726074
assistantbench,0ec4371851b96837b0a81b3dd3df401415061bb532fbafeb4609f3337c358508,0.5726187825202942,-0.04733283072710037,-0.5726187825202942
assistantbench,efc0f3a47e9ed2ecdbcc037c2093865fe6e39f4d413a5d1ccdc7357160a4606b,0.5724539756774902,-0.04756884276866913,-0.5724539756774902
assistantbench,2ddae3b7a208e3c25f14d82d7a1faaaa1832fbf950b4dac345e755c4c361f294,0.5722606182098389,-0.04722638055682182,-0.5722606182098389
assistantbench,8ad84bd6fe38481ba49e7ad1f6fbd43219a999074e5c6fc940003281f55ec65b,0.5720122456550598,-0.046013399958610535,-0.5720122456550598
assistantbench,9e31099fffa6a3891c94934fd4fc2f3f522d51c1904ff3561f3a10e4bf245821,0.5716041922569275,-0.047840435057878494,-0.5716041922569275
assistantbench,797f7a5b65ca28b7e7156e7db1e9f117bd4a021de0cd512bfdbb0be897d89eab,0.5710306167602539,-0.04699951782822609,-0.5710306167602539
assistantbench,9baaa267c95f9d8b75741ee9169c50563d297cfa592c20deaffd30dbc5984c74,0.570984423160553,-0.046928469091653824,-0.570984423160553
assistantbench,9bdca8677af1e25cb7b0c7992dc62670c3e58e4afcd5ae60bcaa2483556bba00,0.5708577036857605,-0.047249577939510345,-0.5708577036857605
assistantbench,557e78eceec08ca8b0da5f9fdaca6e1c7ec6140a8ce600983ee716327dab005e,0.5705130100250244,-0.04653390496969223,-0.5705130100250244
assistantbench,4e615af6f0348597b4133cc1ec5418bb3f35328e3d95e23a275027cee97b5e09,0.5700501799583435,-0.045274410396814346,-0.5700501799583435
assistantbench,b36ef2d8f2643b80e74a44ce3403f674ecb2aed7fd36afeaa289061a59feef92,0.569669246673584,-0.04523761197924614,-0.569669246673584
assistantbench,748899d9d70c09beb3bd48ac8a3658bdcfd2f9114fe6dc4c4b8d2f9541ef4607,0.569029688835144,-0.045489490032196045,-0.569029688835144
assistantbench,929b45f34805280d77c61d1e093e3d4e551d77ddb6ecd73552b12b1af286388d,0.5672106742858887,-0.044583842158317566,-0.5672106742858887
assistantbench,cca4776df3c73e7f9430a2e624aafad056b14322a0b7ca6c0c22b7e7f3f0890a,0.5666847229003906,-0.044986311346292496,-0.5666847229003906
assistantbench,f88066d274e265edd6cd9d61cd80a41accb3a14baf2297652fdd05cdf716d455,0.5665534734725952,-0.04477473720908165,-0.5665534734725952
assistantbench,c7afe00869f98cf363fd83677ac41757ed5e57f03eacc3d1304feb0a92084bd1,0.3565655052661896,0.030675992369651794,-0.3565655052661896
assistantbench,6e3be83d1949fa52cba03fb1ce4b5b3bf7e37a83fd7d67694b10b2e439d90cf8,0.34585651755332947,0.03704027459025383,-0.34585651755332947
assistantbench,6b06d186921b8b390c65aebd0d16f09f60a47d2f1288ebe36953f734e84c0a3c,0.34509581327438354,0.03432860225439072,-0.34509581327438354
assistantbench,ccec2229ced20a4b0cb4897e3a99120a3017ea030903e01c9bda6b13d40b0b14,0.2647598087787628,-0.06232187896966934,-0.2647598087787628
assistantbench,99da66d8af02491f98b98c56b26c709e773b5a2ad945fb280375951ba600de09,0.2151014506816864,-0.02404170110821724,-0.2151014506816864
assistantbench,6f224e7730ed027cbac73aebb1aea7f954053082041b02b19f4ff126a0a8a208,0.17995744943618774,-0.11636324226856232,-0.17995744943618774
assistantbench,52f7224e9c79431e7926afe317782711a0028750693e7456cde22ef6f4bd8bd5,0.17778906226158142,0.019935766234993935,-0.17778906226158142
assistantbench,3af8028c2a59e28ca88baff0e6d91f2a9f170c5ef91003f1c8406755a2760ad4,0.16669617593288422,0.0009434162639081478,-0.16669617593288422
assistantbench,57d9dc6935e8a40b02e7f8ec81768fe70e68a0c05f6866927c9fda38db38a486,0.11691506206989288,-0.0654710903763771,-0.11691506206989288
assistantbench,55f4258484c5b398956133128a50462a767da211f8f72aa5ac5bbffb9bcbba1a,0.09908856451511383,0.048928067088127136,-0.09908856451511383
assistantbench,8fa42360185068216f2919935148d4e1ad28ddc18da0abd0f4bb0b6b6f84b127,0.08884130418300629,0.22511354088783264,-0.08884130418300629
colbench_backend_programming,885,0.2524436116218567,-0.010199073702096939,-0.2524436116218567
colbench_backend_programming,495,0.25104278326034546,-0.010221792384982109,-0.25104278326034546
colbench_backend_programming,177,0.2509344816207886,-0.010015697218477726,-0.2509344816207886
colbench_backend_programming,134,0.2508264183998108,-0.010316341184079647,-0.2508264183998108
colbench_backend_programming,894,0.25049078464508057,-0.010331939905881882,-0.25049078464508057
colbench_backend_programming,146,0.2504301071166992,-0.010116901248693466,-0.2504301071166992
colbench_backend_programming,938,0.250225305557251,-0.010170169174671173,-0.250225305557251
colbench_backend_programming,641,0.2498096525669098,-0.009951835498213768,-0.2498096525669098
colbench_backend_programming,304,0.24973593652248383,-0.009849611669778824,-0.24973593652248383
colbench_backend_programming,697,0.24965976178646088,-0.009820072911679745,-0.24965976178646088
colbench_backend_programming,828,0.24954453110694885,-0.009600740857422352,-0.24954453110694885
colbench_backend_programming,606,0.249537393450737,-0.010000169277191162,-0.249537393450737
colbench_backend_programming,411,0.24950775504112244,-0.010115672834217548,-0.24950775504112244
colbench_backend_programming,849,0.24949964880943298,-0.009889908134937286,-0.24949964880943298
colbench_backend_programming,924,0.24949908256530762,-0.010154958814382553,-0.24949908256530762
colbench_backend_programming,491,0.24949416518211365,-0.009961837902665138,-0.24949416518211365
colbench_backend_programming,542,0.24946492910385132,-0.01003327127546072,-0.24946492910385132
colbench_backend_programming,720,0.24927425384521484,-0.010019357316195965,-0.24927425384521484
colbench_backend_programming,873,0.24920010566711426,-0.009792831726372242,-0.24920010566711426
colbench_backend_programming,511,0.24911801517009735,-0.009857038967311382,-0.24911801517009735
colbench_backend_programming,786,0.24907822906970978,-0.009603933431208134,-0.24907822906970978
colbench_backend_programming,449,0.24904893338680267,-0.009986010380089283,-0.24904893338680267
colbench_backend_programming,209,0.2490432858467102,-0.009941226802766323,-0.2490432858467102
colbench_backend_programming,152,0.24902860820293427,-0.009759302251040936,-0.24902860820293427
colbench_backend_programming,749,0.2490163892507553,-0.01030055247247219,-0.2490163892507553
colbench_backend_programming,928,0.24901247024536133,-0.009846879169344902,-0.24901247024536133
colbench_backend_programming,191,0.24898312985897064,-0.010213990695774555,-0.24898312985897064
colbench_backend_programming,0,0.2489515095949173,-0.010001765564084053,-0.2489515095949173
colbench_backend_programming,6,0.2488459050655365,-0.00997865479439497,-0.2488459050655365
colbench_backend_programming,133,0.2488437294960022,-0.010000500828027725,-0.2488437294960022
colbench_backend_programming,214,0.24883151054382324,-0.009914353489875793,-0.24883151054382324
colbench_backend_programming,747,0.24882720410823822,-0.010263270698487759,-0.24882720410823822
colbench_backend_programming,867,0.24861633777618408,-0.00995150487869978,-0.24861633777618408
colbench_backend_programming,207,0.2486121952533722,-0.009806353598833084,-0.2486121952533722
colbench_backend_programming,609,0.24855397641658783,-0.009751077741384506,-0.24855397641658783
colbench_backend_programming,306,0.24855221807956696,-0.009686105884611607,-0.24855221807956696
colbench_backend_programming,897,0.2485506385564804,-0.009832303039729595,-0.2485506385564804
colbench_backend_programming,105,0.24851693212985992,-0.009589694440364838,-0.24851693212985992
colbench_backend_programming,327,0.2485116422176361,-0.011594678275287151,-0.2485116422176361
colbench_backend_programming,642,0.24845260381698608,-0.010509398765861988,-0.24845260381698608
colbench_backend_programming,253,0.2484154999256134,-0.009920001029968262,-0.2484154999256134
colbench_backend_programming,11,0.24838580191135406,-0.009740468114614487,-0.24838580191135406
colbench_backend_programming,797,0.2482617050409317,-0.009658963419497013,-0.2482617050409317
colbench_backend_programming,954,0.24826155602931976,-0.010428834706544876,-0.24826155602931976
colbench_backend_programming,299,0.2482614368200302,-0.009546576999127865,-0.2482614368200302
colbench_backend_programming,94,0.24823829531669617,-0.009624115191400051,-0.24823829531669617
colbench_backend_programming,803,0.24818108975887299,-0.009711510501801968,-0.24818108975887299
colbench_backend_programming,28,0.2481720745563507,-0.009585784748196602,-0.2481720745563507
colbench_backend_programming,308,0.24815186858177185,-0.00997107196599245,-0.24815186858177185
colbench_backend_programming,444,0.2481454312801361,-0.009608043357729912,-0.2481454312801361
colbench_backend_programming,524,0.24811531603336334,-0.009712395258247852,-0.24811531603336334
colbench_backend_programming,357,0.2481130063533783,-0.009714269079267979,-0.2481130063533783
colbench_backend_programming,999,0.24803991615772247,-0.009822547435760498,-0.24803991615772247
colbench_backend_programming,741,0.24803851544857025,-0.009276476688683033,-0.24803851544857025
colbench_backend_programming,241,0.2480308711528778,-0.009719574823975563,-0.2480308711528778
colbench_backend_programming,172,0.2480183243751526,-0.009575891308486462,-0.2480183243751526
colbench_backend_programming,554,0.2479647547006607,-0.009506023488938808,-0.2479647547006607
colbench_backend_programming,694,0.24792799353599548,-0.011831307783722878,-0.24792799353599548
colbench_backend_programming,264,0.24791337549686432,-0.00972747802734375,-0.24791337549686432
colbench_backend_programming,785,0.2478884756565094,-0.009466458112001419,-0.2478884756565094
colbench_backend_programming,128,0.24788260459899902,-0.010923942551016808,-0.24788260459899902
colbench_backend_programming,685,0.2478671371936798,-0.009324214421212673,-0.2478671371936798
colbench_backend_programming,374,0.24786299467086792,-0.009604360908269882,-0.24786299467086792
colbench_backend_programming,490,0.24781189858913422,-0.00980526302009821,-0.24781189858913422
colbench_backend_programming,72,0.2478104680776596,-0.009816852398216724,-0.2478104680776596
colbench_backend_programming,893,0.24778003990650177,-0.009524008259177208,-0.24778003990650177
colbench_backend_programming,967,0.2477792352437973,-0.009731318801641464,-0.2477792352437973
colbench_backend_programming,199,0.24777868390083313,-0.009642197750508785,-0.24777868390083313
colbench_backend_programming,717,0.24773558974266052,-0.00968947634100914,-0.24773558974266052
colbench_backend_programming,351,0.24771691858768463,-0.0092178238555789,-0.24771691858768463
colbench_backend_programming,552,0.24771423637866974,-0.010203496553003788,-0.24771423637866974
colbench_backend_programming,520,0.2477010190486908,-0.009644964709877968,-0.2477010190486908
colbench_backend_programming,310,0.24769066274166107,-0.009602208621799946,-0.24769066274166107
colbench_backend_programming,727,0.2476741522550583,-0.00962618924677372,-0.2476741522550583
colbench_backend_programming,980,0.24765580892562866,-0.009549631737172604,-0.24765580892562866
colbench_backend_programming,895,0.24762684106826782,-0.009534520097076893,-0.24762684106826782
colbench_backend_programming,218,0.2476225048303604,-0.009660940617322922,-0.2476225048303604
colbench_backend_programming,746,0.24761554598808289,-0.009605948813259602,-0.24761554598808289
colbench_backend_programming,745,0.2476082593202591,-0.009525560773909092,-0.2476082593202591
colbench_backend_programming,978,0.2476024180650711,-0.009539543651044369,-0.2476024180650711
colbench_backend_programming,919,0.24759414792060852,-0.009610666893422604,-0.24759414792060852
colbench_backend_programming,3,0.2475864291191101,-0.00946915801614523,-0.2475864291191101
colbench_backend_programming,80,0.24757130444049835,-0.009718801826238632,-0.24757130444049835
colbench_backend_programming,931,0.24755172431468964,-0.009695444256067276,-0.24755172431468964
colbench_backend_programming,962,0.2475431114435196,-0.009702823124825954,-0.2475431114435196
colbench_backend_programming,517,0.24753354489803314,-0.009630342945456505,-0.24753354489803314
colbench_backend_programming,129,0.2475300431251526,-0.009662819094955921,-0.2475300431251526
colbench_backend_programming,820,0.24752181768417358,-0.009436729364097118,-0.24752181768417358
colbench_backend_programming,279,0.24751237034797668,-0.009366508573293686,-0.24751237034797668
colbench_backend_programming,793,0.24746982753276825,-0.009660237468779087,-0.24746982753276825
colbench_backend_programming,339,0.24746301770210266,-0.009604196064174175,-0.24746301770210266
colbench_backend_programming,631,0.24746020138263702,-0.009616360068321228,-0.24746020138263702
colbench_backend_programming,424,0.24743372201919556,-0.009560458362102509,-0.24743372201919556
colbench_backend_programming,871,0.24742840230464935,-0.010963943786919117,-0.24742840230464935
colbench_backend_programming,57,0.24742215871810913,-0.009509730152785778,-0.24742215871810913
colbench_backend_programming,313,0.2473808377981186,-0.009755304083228111,-0.2473808377981186
colbench_backend_programming,23,0.24737894535064697,-0.009532883763313293,-0.24737894535064697
colbench_backend_programming,963,0.24736881256103516,-0.009442745707929134,-0.24736881256103516
colbench_backend_programming,760,0.24736696481704712,-0.009569548070430756,-0.24736696481704712
colbench_backend_programming,960,0.2473393678665161,-0.009697290137410164,-0.2473393678665161
colbench_backend_programming,406,0.24732805788516998,-0.010153261944651604,-0.24732805788516998
colbench_backend_programming,159,0.24728168547153473,-0.009744217619299889,-0.24728168547153473
colbench_backend_programming,69,0.2472764104604721,-0.010550572536885738,-0.2472764104604721
colbench_backend_programming,836,0.24727562069892883,-0.00971848051995039,-0.24727562069892883
colbench_backend_programming,390,0.24727317690849304,-0.009858437813818455,-0.24727317690849304
colbench_backend_programming,463,0.24726927280426025,-0.009586972184479237,-0.24726927280426025
colbench_backend_programming,518,0.2472621202468872,-0.009530819952487946,-0.2472621202468872
colbench_backend_programming,465,0.24723243713378906,-0.00957618746906519,-0.24723243713378906
colbench_backend_programming,461,0.2471788227558136,-0.009583716280758381,-0.2471788227558136
colbench_backend_programming,420,0.24717098474502563,-0.009428916499018669,-0.24717098474502563
colbench_backend_programming,360,0.24716660380363464,-0.009501717053353786,-0.24716660380363464
colbench_backend_programming,675,0.24716231226921082,-0.009540327824652195,-0.24716231226921082
colbench_backend_programming,469,0.24714072048664093,-0.009378721006214619,-0.24714072048664093
colbench_backend_programming,59,0.24713970720767975,-0.00955107156187296,-0.24713970720767975
colbench_backend_programming,494,0.24711966514587402,-0.009672917425632477,-0.24711966514587402
colbench_backend_programming,742,0.24711494147777557,-0.009977029636502266,-0.24711494147777557
colbench_backend_programming,626,0.24704979360103607,-0.00983363762497902,-0.24704979360103607
colbench_backend_programming,496,0.2470254898071289,-0.009335251525044441,-0.2470254898071289
colbench_backend_programming,941,0.24701501429080963,-0.009763008914887905,-0.24701501429080963
colbench_backend_programming,946,0.24701234698295593,-0.009501256980001926,-0.24701234698295593
colbench_backend_programming,723,0.2470119446516037,-0.009655984118580818,-0.2470119446516037
colbench_backend_programming,653,0.24701185524463654,-0.009283186867833138,-0.24701185524463654
colbench_backend_programming,185,0.2470085769891739,-0.01104446966201067,-0.2470085769891739
colbench_backend_programming,125,0.24697889387607574,-0.009289052337408066,-0.24697889387607574
colbench_backend_programming,367,0.24696005880832672,-0.009585077874362469,-0.24696005880832672
colbench_backend_programming,275,0.24693135917186737,-0.009548207744956017,-0.24693135917186737
colbench_backend_programming,408,0.2469208538532257,-0.00929329078644514,-0.2469208538532257
colbench_backend_programming,18,0.24691954255104065,-0.009420887567102909,-0.24691954255104065
colbench_backend_programming,551,0.24691888689994812,-0.00945600401610136,-0.24691888689994812
colbench_backend_programming,257,0.2469184249639511,-0.009140039794147015,-0.2469184249639511
colbench_backend_programming,620,0.24691316485404968,-0.00951039046049118,-0.24691316485404968
colbench_backend_programming,654,0.2469065636396408,-0.009458241052925587,-0.2469065636396408
colbench_backend_programming,88,0.2468811571598053,-0.009468293748795986,-0.2468811571598053
colbench_backend_programming,843,0.24687044322490692,-0.010436917655169964,-0.24687044322490692
colbench_backend_programming,248,0.2468513548374176,-0.009532714262604713,-0.2468513548374176
colbench_backend_programming,245,0.24684235453605652,-0.009487667120993137,-0.24684235453605652
colbench_backend_programming,9,0.2468348741531372,-0.00970621407032013,-0.2468348741531372
colbench_backend_programming,988,0.2468235045671463,-0.00949686300009489,-0.2468235045671463
colbench_backend_programming,106,0.2468130737543106,-0.009096364490687847,-0.2468130737543106
colbench_backend_programming,586,0.2468041330575943,-0.010164766572415829,-0.2468041330575943
colbench_backend_programming,659,0.2468007206916809,-0.009722388349473476,-0.2468007206916809
colbench_backend_programming,789,0.24679811298847198,-0.009541839361190796,-0.24679811298847198
colbench_backend_programming,470,0.24679285287857056,-0.009536903351545334,-0.24679285287857056
colbench_backend_programming,795,0.24678367376327515,-0.009688619524240494,-0.24678367376327515
colbench_backend_programming,482,0.24677674472332,-0.009122578427195549,-0.24677674472332
colbench_backend_programming,909,0.24677063524723053,-0.009601719677448273,-0.24677063524723053
colbench_backend_programming,806,0.24676060676574707,-0.009550649672746658,-0.24676060676574707
colbench_backend_programming,276,0.24675904214382172,-0.0094215776771307,-0.24675904214382172
colbench_backend_programming,427,0.24674154818058014,-0.009583191014826298,-0.24674154818058014
colbench_backend_programming,222,0.24672770500183105,-0.010369420051574707,-0.24672770500183105
colbench_backend_programming,402,0.24672187864780426,-0.009495209902524948,-0.24672187864780426
colbench_backend_programming,632,0.24671180546283722,-0.009352823719382286,-0.24671180546283722
colbench_backend_programming,51,0.2467063069343567,-0.009617825038731098,-0.2467063069343567
colbench_backend_programming,998,0.2467055320739746,-0.009304299019277096,-0.2467055320739746
colbench_backend_programming,617,0.246701180934906,-0.009385215118527412,-0.246701180934906
colbench_backend_programming,997,0.24668720364570618,-0.009278048761188984,-0.24668720364570618
colbench_backend_programming,969,0.24667300283908844,-0.009648764505982399,-0.24667300283908844
colbench_backend_programming,933,0.24666665494441986,-0.009395855478942394,-0.24666665494441986
colbench_backend_programming,784,0.2466633915901184,-0.009566644206643105,-0.2466633915901184
colbench_backend_programming,162,0.24665528535842896,-0.009755611419677734,-0.24665528535842896
colbench_backend_programming,651,0.24665476381778717,-0.009717322885990143,-0.24665476381778717
colbench_backend_programming,29,0.2466522455215454,-0.00984162837266922,-0.2466522455215454
colbench_backend_programming,976,0.24664877355098724,-0.009767009876668453,-0.24664877355098724
colbench_backend_programming,942,0.24664556980133057,-0.010928752832114697,-0.24664556980133057
colbench_backend_programming,493,0.24663031101226807,-0.009381241165101528,-0.24663031101226807
colbench_backend_programming,687,0.24662438035011292,-0.00946749746799469,-0.24662438035011292
colbench_backend_programming,8,0.24661482870578766,-0.00944849755614996,-0.24661482870578766
colbench_backend_programming,989,0.24658513069152832,-0.009341462515294552,-0.24658513069152832
colbench_backend_programming,41,0.24657167494297028,-0.00946416798979044,-0.24657167494297028
colbench_backend_programming,2,0.24657030403614044,-0.00925625953823328,-0.24657030403614044
colbench_backend_programming,122,0.24655841290950775,-0.009488419629633427,-0.24655841290950775
colbench_backend_programming,973,0.24655750393867493,-0.009460613131523132,-0.24655750393867493
colbench_backend_programming,31,0.24654258787631989,-0.009363495744764805,-0.24654258787631989
colbench_backend_programming,910,0.24653121829032898,-0.009506921283900738,-0.24653121829032898
colbench_backend_programming,875,0.24652130901813507,-0.009683392941951752,-0.24652130901813507
colbench_backend_programming,60,0.24647416174411774,-0.009163702838122845,-0.24647416174411774
colbench_backend_programming,132,0.24646110832691193,-0.009264701046049595,-0.24646110832691193
colbench_backend_programming,16,0.24645739793777466,-0.009507035836577415,-0.24645739793777466
colbench_backend_programming,203,0.2464464157819748,-0.009357485920190811,-0.2464464157819748
colbench_backend_programming,472,0.24643754959106445,-0.009616785682737827,-0.24643754959106445
colbench_backend_programming,296,0.24642117321491241,-0.00935431569814682,-0.24642117321491241
colbench_backend_programming,765,0.2464197278022766,-0.009220076724886894,-0.2464197278022766
colbench_backend_programming,224,0.24641893804073334,-0.009468109346926212,-0.24641893804073334
colbench_backend_programming,544,0.24641670286655426,-0.009438632056117058,-0.24641670286655426
colbench_backend_programming,535,0.24639976024627686,-0.00939999334514141,-0.24639976024627686
colbench_backend_programming,898,0.24639515578746796,-0.009407106786966324,-0.24639515578746796
colbench_backend_programming,878,0.24637097120285034,-0.009546883404254913,-0.24637097120285034
colbench_backend_programming,966,0.24636855721473694,-0.009466267190873623,-0.24636855721473694
colbench_backend_programming,724,0.24636109173297882,-0.009517757222056389,-0.24636109173297882
colbench_backend_programming,970,0.2463434487581253,-0.00954452808946371,-0.2463434487581253
colbench_backend_programming,562,0.2463356852531433,-0.01046841498464346,-0.2463356852531433
colbench_backend_programming,957,0.2463110238313675,-0.009486331604421139,-0.2463110238313675
colbench_backend_programming,832,0.2462981641292572,-0.009685833007097244,-0.2462981641292572
colbench_backend_programming,247,0.24628812074661255,-0.009686519391834736,-0.24628812074661255
colbench_backend_programming,513,0.2462812066078186,-0.009460088796913624,-0.2462812066078186
colbench_backend_programming,334,0.24624933302402496,-0.009199658408761024,-0.24624933302402496
colbench_backend_programming,58,0.24624446034431458,-0.009891470894217491,-0.24624446034431458
colbench_backend_programming,485,0.2462361752986908,-0.010831926017999649,-0.2462361752986908
colbench_backend_programming,704,0.2462323158979416,-0.00932886078953743,-0.2462323158979416
colbench_backend_programming,382,0.2462269514799118,-0.009309847839176655,-0.2462269514799118
colbench_backend_programming,818,0.24621963500976562,-0.009373882785439491,-0.24621963500976562
colbench_backend_programming,661,0.24621793627738953,-0.009055638685822487,-0.24621793627738953
colbench_backend_programming,116,0.24620676040649414,-0.009159855544567108,-0.24620676040649414
colbench_backend_programming,54,0.24620524048805237,-0.009369496256113052,-0.24620524048805237
colbench_backend_programming,251,0.24619974195957184,-0.009269194677472115,-0.24619974195957184
colbench_backend_programming,369,0.24619102478027344,-0.00951343309134245,-0.24619102478027344
colbench_backend_programming,385,0.2461683750152588,-0.009445209987461567,-0.2461683750152588
colbench_backend_programming,111,0.24616101384162903,-0.009193415753543377,-0.24616101384162903
colbench_backend_programming,333,0.24613957107067108,-0.009157790802419186,-0.24613957107067108
colbench_backend_programming,71,0.24612568318843842,-0.009524947963654995,-0.24612568318843842
colbench_backend_programming,648,0.24611547589302063,-0.009264926426112652,-0.24611547589302063
colbench_backend_programming,600,0.24610278010368347,-0.009610428474843502,-0.24610278010368347
colbench_backend_programming,809,0.2460995465517044,-0.01263414230197668,-0.2460995465517044
colbench_backend_programming,669,0.24609528481960297,-0.009197387844324112,-0.24609528481960297
colbench_backend_programming,335,0.24607230722904205,-0.00947125069797039,-0.24607230722904205
colbench_backend_programming,958,0.24606864154338837,-0.009441809728741646,-0.24606864154338837
colbench_backend_programming,27,0.24606537818908691,-0.00935923121869564,-0.24606537818908691
colbench_backend_programming,880,0.24604319036006927,-0.009501088410615921,-0.24604319036006927
colbench_backend_programming,141,0.24602772295475006,-0.009446767158806324,-0.24602772295475006
colbench_backend_programming,855,0.24601534008979797,-0.009496846236288548,-0.24601534008979797
colbench_backend_programming,948,0.24601325392723083,-0.009236978366971016,-0.24601325392723083
colbench_backend_programming,113,0.24599140882492065,-0.009289315901696682,-0.24599140882492065
colbench_backend_programming,150,0.24597564339637756,-0.009081711061298847,-0.24597564339637756
colbench_backend_programming,466,0.24594621360301971,-0.011392772197723389,-0.24594621360301971
colbench_backend_programming,343,0.24592556059360504,-0.009493717923760414,-0.24592556059360504
colbench_backend_programming,964,0.24592314660549164,-0.010364837944507599,-0.24592314660549164
colbench_backend_programming,307,0.24589212238788605,-0.009422000497579575,-0.24589212238788605
colbench_backend_programming,410,0.24588285386562347,-0.009730597026646137,-0.24588285386562347
colbench_backend_programming,796,0.2458786964416504,-0.009273780509829521,-0.2458786964416504
colbench_backend_programming,208,0.2458588182926178,-0.013941423036158085,-0.2458588182926178
colbench_backend_programming,505,0.24583403766155243,-0.009187279269099236,-0.24583403766155243
colbench_backend_programming,930,0.24582582712173462,-0.009387423284351826,-0.24582582712173462
colbench_backend_programming,621,0.24582166969776154,-0.009470123797655106,-0.24582166969776154
colbench_backend_programming,907,0.24579651653766632,-0.009376777336001396,-0.24579651653766632
colbench_backend_programming,225,0.24579569697380066,-0.009378833696246147,-0.24579569697380066
colbench_backend_programming,589,0.24578659236431122,-0.00932160671800375,-0.24578659236431122
colbench_backend_programming,104,0.24577227234840393,-0.009476527571678162,-0.24577227234840393
colbench_backend_programming,533,0.2457544505596161,-0.009351146407425404,-0.2457544505596161
colbench_backend_programming,974,0.24575355648994446,-0.009195930324494839,-0.24575355648994446
colbench_backend_programming,77,0.24574904143810272,-0.009349813684821129,-0.24574904143810272
colbench_backend_programming,575,0.2457379549741745,-0.009085659869015217,-0.2457379549741745
colbench_backend_programming,400,0.245714470744133,-0.009174053557217121,-0.245714470744133
colbench_backend_programming,266,0.24570022523403168,-0.009241887368261814,-0.24570022523403168
colbench_backend_programming,378,0.2456899732351303,-0.00959064532071352,-0.2456899732351303
colbench_backend_programming,98,0.2456609159708023,-0.009388870559632778,-0.2456609159708023
colbench_backend_programming,913,0.24564459919929504,-0.009467167779803276,-0.24564459919929504
colbench_backend_programming,859,0.2456437051296234,-0.009330864064395428,-0.2456437051296234
colbench_backend_programming,750,0.2456255853176117,-0.009194828569889069,-0.2456255853176117
colbench_backend_programming,892,0.24562141299247742,-0.009374150075018406,-0.24562141299247742
colbench_backend_programming,157,0.24560528993606567,-0.009421576745808125,-0.24560528993606567
colbench_backend_programming,197,0.24560005962848663,-0.012140709906816483,-0.24560005962848663
colbench_backend_programming,147,0.24556423723697662,-0.009127260185778141,-0.24556423723697662
colbench_backend_programming,696,0.24554786086082458,-0.0092249047011137,-0.24554786086082458
colbench_backend_programming,817,0.24554747343063354,-0.009158323518931866,-0.24554747343063354
colbench_backend_programming,891,0.24552303552627563,-0.010928512550890446,-0.24552303552627563
colbench_backend_programming,827,0.24551820755004883,-0.009306256659328938,-0.24551820755004883
colbench_backend_programming,555,0.24551516771316528,-0.009294928051531315,-0.24551516771316528
colbench_backend_programming,808,0.24550527334213257,-0.009425505995750427,-0.24550527334213257
colbench_backend_programming,462,0.2454901486635208,-0.009277144446969032,-0.2454901486635208
colbench_backend_programming,887,0.2454875260591507,-0.00932360254228115,-0.2454875260591507
colbench_backend_programming,56,0.24547737836837769,-0.009388227015733719,-0.24547737836837769
colbench_backend_programming,336,0.24546974897384644,-0.009500661864876747,-0.24546974897384644
colbench_backend_programming,955,0.24542301893234253,-0.009187332354485989,-0.24542301893234253
colbench_backend_programming,686,0.245408833026886,-0.00942655187100172,-0.245408833026886
colbench_backend_programming,587,0.24539856612682343,-0.011862981133162975,-0.24539856612682343
colbench_backend_programming,719,0.2453802078962326,-0.009362245909869671,-0.2453802078962326
colbench_backend_programming,121,0.24535228312015533,-0.009509094059467316,-0.24535228312015533
colbench_backend_programming,303,0.24531684815883636,-0.009192142635583878,-0.24531684815883636
colbench_backend_programming,394,0.24531497061252594,-0.009143241681158543,-0.24531497061252594
colbench_backend_programming,25,0.2452920377254486,-0.010483145713806152,-0.2452920377254486
colbench_backend_programming,352,0.24528859555721283,-0.009299925528466702,-0.24528859555721283
colbench_backend_programming,839,0.2452806979417801,-0.0094836987555027,-0.2452806979417801
colbench_backend_programming,242,0.24527570605278015,-0.009298707358539104,-0.24527570605278015
colbench_backend_programming,273,0.24526262283325195,-0.009384602308273315,-0.24526262283325195
colbench_backend_programming,205,0.2452363520860672,-0.009355682879686356,-0.2452363520860672
colbench_backend_programming,188,0.24519284069538116,-0.009300660341978073,-0.24519284069538116
colbench_backend_programming,570,0.24519087374210358,-0.009182465262711048,-0.24519087374210358
colbench_backend_programming,370,0.24517656862735748,-0.009479825384914875,-0.24517656862735748
colbench_backend_programming,110,0.245147243142128,-0.009365104138851166,-0.245147243142128
colbench_backend_programming,78,0.24513459205627441,-0.009907031431794167,-0.24513459205627441
colbench_backend_programming,219,0.24510997533798218,-0.009400113485753536,-0.24510997533798218
colbench_backend_programming,96,0.24510665237903595,-0.01135448832064867,-0.24510665237903595
colbench_backend_programming,773,0.24509865045547485,-0.009277205914258957,-0.24509865045547485
colbench_backend_programming,231,0.24509409070014954,-0.009214993566274643,-0.24509409070014954
colbench_backend_programming,34,0.24507999420166016,-0.009420652873814106,-0.24507999420166016
colbench_backend_programming,882,0.2450784593820572,-0.009042369201779366,-0.2450784593820572
colbench_backend_programming,476,0.24502724409103394,-0.009184878319501877,-0.24502724409103394
colbench_backend_programming,666,0.24502022564411163,-0.011590068228542805,-0.24502022564411163
colbench_backend_programming,347,0.24497877061367035,-0.009361986070871353,-0.24497877061367035
colbench_backend_programming,4,0.24493542313575745,-0.009262419305741787,-0.24493542313575745
colbench_backend_programming,842,0.2449246644973755,-0.009307005442678928,-0.2449246644973755
colbench_backend_programming,848,0.24491198360919952,-0.013603150844573975,-0.24491198360919952
colbench_backend_programming,975,0.24490682780742645,-0.00951059814542532,-0.24490682780742645
colbench_backend_programming,536,0.2449028640985489,-0.009280305355787277,-0.2449028640985489
colbench_backend_programming,263,0.2448752373456955,-0.009034035727381706,-0.2448752373456955
colbench_backend_programming,153,0.24486596882343292,-0.009165818803012371,-0.24486596882343292
colbench_backend_programming,640,0.24482470750808716,-0.009234931319952011,-0.24482470750808716
colbench_backend_programming,943,0.244817852973938,-0.012440119870007038,-0.244817852973938
colbench_backend_programming,388,0.24481093883514404,-0.009197263047099113,-0.24481093883514404
colbench_backend_programming,456,0.24480018019676208,-0.009304501116275787,-0.24480018019676208
colbench_backend_programming,202,0.24475368857383728,-0.009065955877304077,-0.24475368857383728
colbench_backend_programming,419,0.24473930895328522,-0.009200036525726318,-0.24473930895328522
colbench_backend_programming,332,0.244730144739151,-0.00923890806734562,-0.244730144739151
colbench_backend_programming,590,0.24471412599086761,-0.009155616164207458,-0.24471412599086761
colbench_backend_programming,311,0.24470435082912445,-0.00920630432665348,-0.24470435082912445
colbench_backend_programming,229,0.2446974217891693,-0.009254083968698978,-0.2446974217891693
colbench_backend_programming,393,0.24468977749347687,-0.009244019165635109,-0.24468977749347687
colbench_backend_programming,634,0.24467046558856964,-0.009053412824869156,-0.24467046558856964
colbench_backend_programming,119,0.2446603626012802,-0.00935590360313654,-0.2446603626012802
colbench_backend_programming,972,0.24460910260677338,-0.00912459660321474,-0.24460910260677338
colbench_backend_programming,101,0.24453262984752655,-0.00948290154337883,-0.24453262984752655
colbench_backend_programming,994,0.24452197551727295,-0.009283527731895447,-0.24452197551727295
colbench_backend_programming,144,0.2444859743118286,-0.00929681584239006,-0.2444859743118286
colbench_backend_programming,615,0.244451105594635,-0.009249086491763592,-0.244451105594635
colbench_backend_programming,423,0.24444253742694855,-0.008954239077866077,-0.24444253742694855
colbench_backend_programming,178,0.2443978637456894,-0.00923416018486023,-0.2443978637456894
colbench_backend_programming,779,0.24439582228660583,-0.008913997560739517,-0.24439582228660583
colbench_backend_programming,15,0.24439461529254913,-0.00921262614428997,-0.24439461529254913
colbench_backend_programming,662,0.24436941742897034,-0.0093885138630867,-0.24436941742897034
colbench_backend_programming,610,0.24436718225479126,-0.00928728561848402,-0.24436718225479126
colbench_backend_programming,633,0.24434365332126617,-0.008882252499461174,-0.24434365332126617
colbench_backend_programming,981,0.2443186640739441,-0.00939091481268406,-0.2443186640739441
colbench_backend_programming,436,0.24426938593387604,-0.009226652793586254,-0.24426938593387604
colbench_backend_programming,184,0.2442171722650528,-0.013400974683463573,-0.2442171722650528
colbench_backend_programming,445,0.24421238899230957,-0.009213782846927643,-0.24421238899230957
colbench_backend_programming,616,0.24420595169067383,-0.008930802345275879,-0.24420595169067383
colbench_backend_programming,230,0.24417942762374878,-0.008826090022921562,-0.24417942762374878
colbench_backend_programming,62,0.24407804012298584,-0.012838021852076054,-0.24407804012298584
colbench_backend_programming,529,0.24405500292778015,-0.008933614008128643,-0.24405500292778015
colbench_backend_programming,688,0.24400834739208221,-0.009186671115458012,-0.24400834739208221
colbench_backend_programming,912,0.2439570277929306,-0.009143599309027195,-0.2439570277929306
colbench_backend_programming,673,0.24395182728767395,-0.009196259081363678,-0.24395182728767395
colbench_backend_programming,194,0.24392999708652496,-0.008899356238543987,-0.24392999708652496
colbench_backend_programming,12,0.24392323195934296,-0.009193236008286476,-0.24392323195934296
colbench_backend_programming,102,0.24385280907154083,-0.01404035184532404,-0.24385280907154083
colbench_backend_programming,886,0.2433161437511444,-0.008946694433689117,-0.2433161437511444
colbench_backend_programming,305,0.242690771818161,-0.0090559720993042,-0.242690771818161
colbench_backend_programming,996,0.24202367663383484,-0.008888770826160908,-0.24202367663383484
colbench_backend_programming,48,0.23942042887210846,-0.021534385159611702,-0.23942042887210846
colbench_backend_programming,216,0.23931144177913666,-0.020507141947746277,-0.23931144177913666
colbench_backend_programming,79,0.23797805607318878,-0.019524825736880302,-0.23797805607318878
colbench_backend_programming,911,0.23218469321727753,0.02072705142199993,0.23218469321727753
colbench_backend_programming,288,0.23139943182468414,0.015441031195223331,0.23139943182468414
colbench_backend_programming,712,0.23088152706623077,0.01511599775403738,0.23088152706623077
colbench_backend_programming,968,0.23013044893741608,0.014376304112374783,0.23013044893741608
colbench_backend_programming,353,0.23012839257717133,0.014952309429645538,0.23012839257717133
colbench_backend_programming,442,0.23012728989124298,0.01624523662030697,0.23012728989124298
colbench_backend_programming,597,0.2297227531671524,0.014725000597536564,0.2297227531671524
colbench_backend_programming,711,0.2297154814004898,0.014540383592247963,0.2297154814004898
colbench_backend_programming,323,0.22967647016048431,0.018099945038557053,0.22967647016048431
colbench_backend_programming,277,0.22964785993099213,0.013522276654839516,0.22964785993099213
colbench_backend_programming,689,0.22962360084056854,0.01603676751255989,0.22962360084056854
colbench_backend_programming,319,0.2294851392507553,0.017589032649993896,0.2294851392507553
colbench_backend_programming,753,0.22934894263744354,0.013414250686764717,0.22934894263744354
colbench_backend_programming,329,0.22925440967082977,0.013173230923712254,0.22925440967082977
colbench_backend_programming,971,0.22917766869068146,0.016973624005913734,0.22917766869068146
colbench_backend_programming,446,0.22917412221431732,0.013815226964652538,0.22917412221431732
colbench_backend_programming,293,0.2291363924741745,0.015727490186691284,0.2291363924741745
colbench_backend_programming,270,0.22904427349567413,0.015293346717953682,0.22904427349567413
colbench_backend_programming,240,0.2290419489145279,0.01620353013277054,0.2290419489145279
colbench_backend_programming,546,0.22900868952274323,0.017484717071056366,0.22900868952274323
colbench_backend_programming,790,0.22897668182849884,0.015958618372678757,0.22897668182849884
colbench_backend_programming,721,0.22896058857440948,0.018150391057133675,0.22896058857440948
colbench_backend_programming,43,0.22875438630580902,0.017544254660606384,0.22875438630580902
colbench_backend_programming,556,0.22870202362537384,0.016041923314332962,0.22870202362537384
colbench_backend_programming,160,0.2286858707666397,0.013059651479125023,0.2286858707666397
colbench_backend_programming,917,0.2286355048418045,0.014743796549737453,0.2286355048418045
colbench_backend_programming,831,0.2286139577627182,0.01359847467392683,0.2286139577627182
colbench_backend_programming,761,0.22840319573879242,0.015632137656211853,0.22840319573879242
colbench_backend_programming,829,0.22840307652950287,0.0157775841653347,0.22840307652950287
colbench_backend_programming,710,0.2283831685781479,0.014107964932918549,0.2283831685781479
colbench_backend_programming,700,0.22831185162067413,0.01431866455823183,0.22831185162067413
colbench_backend_programming,42,0.22830595076084137,0.0163583941757679,0.22830595076084137
colbench_backend_programming,92,0.22825779020786285,0.015021922998130322,0.22825779020786285
colbench_backend_programming,109,0.2282475382089615,0.013212056830525398,0.2282475382089615
colbench_backend_programming,97,0.2282414585351944,0.017383599653840065,0.2282414585351944
colbench_backend_programming,425,0.22822539508342743,0.015627577900886536,0.22822539508342743
colbench_backend_programming,112,0.22820569574832916,0.014553659595549107,0.22820569574832916
colbench_backend_programming,206,0.228171244263649,0.013704502023756504,0.228171244263649
colbench_backend_programming,934,0.22815467417240143,0.013138540089130402,0.22815467417240143
colbench_backend_programming,877,0.22806183993816376,0.01408823300153017,0.22806183993816376
colbench_backend_programming,833,0.22804783284664154,0.01660672016441822,0.22804783284664154
colbench_backend_programming,478,0.22800050675868988,0.015129715204238892,0.22800050675868988
colbench_backend_programming,457,0.22795163094997406,0.017183735966682434,0.22795163094997406
colbench_backend_programming,70,0.22794516384601593,0.021862324327230453,0.22794516384601593
colbench_backend_programming,811,0.22793398797512054,0.014414604753255844,0.22793398797512054
colbench_backend_programming,814,0.22793082892894745,0.013233673758804798,0.22793082892894745
colbench_backend_programming,64,0.22790418565273285,0.013739054091274738,0.22790418565273285
colbench_backend_programming,530,0.22783847153186798,0.015119793824851513,0.22783847153186798
colbench_backend_programming,945,0.22783569991588593,0.01362669374793768,0.22783569991588593
colbench_backend_programming,330,0.22780375182628632,0.016402054578065872,0.22780375182628632
colbench_backend_programming,7,0.22755153477191925,0.018479665741324425,0.22755153477191925
colbench_backend_programming,409,0.22754688560962677,0.01564067229628563,0.22754688560962677
colbench_backend_programming,267,0.2275094836950302,0.01624332368373871,0.2275094836950302
colbench_backend_programming,581,0.22750400006771088,0.016625354066491127,0.22750400006771088
colbench_backend_programming,210,0.22742842137813568,0.01352627296000719,0.22742842137813568
colbench_backend_programming,243,0.22741363942623138,0.014682013541460037,0.22741363942623138
colbench_backend_programming,573,0.22737808525562286,0.016214795410633087,0.22737808525562286
colbench_backend_programming,373,0.22737394273281097,0.01846134662628174,0.22737394273281097
colbench_backend_programming,167,0.22737227380275726,0.016536757349967957,0.22737227380275726
colbench_backend_programming,528,0.22731612622737885,0.018472669646143913,0.22731612622737885
colbench_backend_programming,547,0.22731082141399384,0.01574532501399517,0.22731082141399384
colbench_backend_programming,681,0.2273050993680954,0.01438690535724163,0.2273050993680954
colbench_backend_programming,956,0.22729499638080597,0.023475851863622665,0.22729499638080597
colbench_backend_programming,234,0.227214977145195,0.020351504907011986,0.227214977145195
colbench_backend_programming,328,0.2271846979856491,0.015697866678237915,0.2271846979856491
colbench_backend_programming,680,0.22715024650096893,0.014806484803557396,0.22715024650096893
colbench_backend_programming,397,0.22714681923389435,0.013578723184764385,0.22714681923389435
colbench_backend_programming,75,0.2271069437265396,0.018107356503605843,0.2271069437265396
colbench_backend_programming,766,0.22707034647464752,0.013321948237717152,0.22707034647464752
colbench_backend_programming,249,0.22700832784175873,0.013381130993366241,0.22700832784175873
colbench_backend_programming,130,0.226871058344841,0.013478554785251617,0.226871058344841
colbench_backend_programming,901,0.22680546343326569,0.018723731860518456,0.22680546343326569
colbench_backend_programming,142,0.22680513560771942,0.012988132424652576,0.22680513560771942
colbench_backend_programming,26,0.2267421931028366,0.01758539117872715,0.2267421931028366
colbench_backend_programming,480,0.22667963802814484,0.022210530936717987,0.22667963802814484
colbench_backend_programming,239,0.22665126621723175,0.02131672389805317,0.22665126621723175
colbench_backend_programming,646,0.22647185623645782,0.018343573436141014,0.22647185623645782
colbench_backend_programming,126,0.22642330825328827,0.016071785241365433,0.22642330825328827
colbench_backend_programming,50,0.22637422382831573,0.020001649856567383,0.22637422382831573
colbench_backend_programming,83,0.22636817395687103,0.01350567676126957,0.22636817395687103
colbench_backend_programming,451,0.22625790536403656,0.0150938481092453,0.22625790536403656
colbench_backend_programming,543,0.2262391597032547,0.013384508900344372,0.2262391597032547
colbench_backend_programming,682,0.22607843577861786,0.01277464721351862,0.22607843577861786
colbench_backend_programming,890,0.2260136753320694,0.016531093046069145,0.2260136753320694
colbench_backend_programming,196,0.22600345313549042,0.022252637892961502,0.22600345313549042
colbench_backend_programming,497,0.22595854103565216,0.021092437207698822,0.22595854103565216
colbench_backend_programming,522,0.22588147222995758,0.0251411534845829,0.22588147222995758
colbench_backend_programming,539,0.2255159616470337,-0.037434905767440796,-0.2255159616470337
colbench_backend_programming,756,0.2252342253923416,0.023569636046886444,0.2252342253923416
colbench_backend_programming,576,0.22516681253910065,0.012873879633843899,0.22516681253910065
colbench_backend_programming,198,0.22491689026355743,0.023908207193017006,0.22491689026355743
colbench_backend_programming,256,0.2240486890077591,0.027606001123785973,0.2240486890077591
colbench_backend_programming,342,0.2235049456357956,0.028129804879426956,0.2235049456357956
colbench_backend_programming,46,0.22169946134090424,0.03154495358467102,0.22169946134090424
colbench_backend_programming,322,0.22031240165233612,0.030822237953543663,0.22031240165233612
colbench_backend_programming,193,0.2200126200914383,0.033442143350839615,0.2200126200914383
colbench_backend_programming,706,0.2184819132089615,0.04345862939953804,0.2184819132089615
colbench_backend_programming,226,0.21795760095119476,0.037179652601480484,0.21795760095119476
colbench_backend_programming,932,0.21280895173549652,0.04515906423330307,0.21280895173549652
colbench_backend_programming,557,0.09889677166938782,0.017338821664452553,-0.09889677166938782
colbench_backend_programming,854,0.09782644361257553,0.007854226976633072,-0.09782644361257553
colbench_backend_programming,914,0.09729659557342529,0.009564689360558987,-0.09729659557342529
colbench_backend_programming,123,0.09728860855102539,-0.008872060105204582,-0.09728860855102539
colbench_backend_programming,572,0.09711003303527832,0.0059358119033277035,-0.09711003303527832
colbench_backend_programming,846,0.0970287024974823,0.008033303543925285,-0.0970287024974823
colbench_backend_programming,238,0.0969734862446785,0.036783501505851746,-0.0969734862446785
colbench_backend_programming,289,0.09680695831775665,0.013621846213936806,-0.09680695831775665
colbench_backend_programming,379,0.09673771262168884,0.01686449721455574,-0.09673771262168884
colbench_backend_programming,690,0.09661166369915009,0.004215178079903126,-0.09661166369915009
colbench_backend_programming,262,0.0965849831700325,0.008566606789827347,-0.0965849831700325
colbench_backend_programming,656,0.09626667201519012,-0.0046774884685873985,-0.09626667201519012
colbench_backend_programming,103,0.09610140323638916,0.008305748924612999,-0.09610140323638916
colbench_backend_programming,619,0.09606479108333588,0.010907996445894241,-0.09606479108333588
colbench_backend_programming,320,0.09600372612476349,0.0064726765267550945,-0.09600372612476349
colbench_backend_programming,395,0.09571592509746552,0.011035848408937454,-0.09571592509746552
colbench_backend_programming,164,0.09567557275295258,-0.0004209780599921942,-0.09567557275295258
colbench_backend_programming,387,0.09560126066207886,0.009704738855361938,-0.09560126066207886
colbench_backend_programming,684,0.0952444076538086,0.004093314055353403,-0.0952444076538086
colbench_backend_programming,211,0.0952325239777565,0.0067479549907147884,-0.0952325239777565
colbench_backend_programming,598,0.09519017487764359,0.013399714604020119,-0.09519017487764359
colbench_backend_programming,376,0.0951702892780304,0.008825816214084625,-0.0951702892780304
colbench_backend_programming,521,0.09515458345413208,-0.0026473954785615206,-0.09515458345413208
colbench_backend_programming,165,0.0951046347618103,0.009454911574721336,-0.0951046347618103
colbench_backend_programming,67,0.09509164094924927,-0.004777357913553715,-0.09509164094924927
colbench_backend_programming,426,0.09507167339324951,-0.006857844535261393,-0.09507167339324951
colbench_backend_programming,223,0.09507053345441818,0.012385842390358448,-0.09507053345441818
colbench_backend_programming,220,0.09504572302103043,0.004022607579827309,-0.09504572302103043
colbench_backend_programming,853,0.09499520063400269,0.00851286482065916,-0.09499520063400269
colbench_backend_programming,366,0.09497398883104324,-0.0009508227230980992,-0.09497398883104324
colbench_backend_programming,607,0.09493795037269592,0.000929222151171416,-0.09493795037269592
colbench_backend_programming,583,0.09492088854312897,0.012045526877045631,-0.09492088854312897
colbench_backend_programming,735,0.0948161855340004,0.012447179295122623,-0.0948161855340004
colbench_backend_programming,991,0.09475326538085938,0.008814726956188679,-0.09475326538085938
colbench_backend_programming,940,0.09473325312137604,-0.0030165112111717463,-0.09473325312137604
colbench_backend_programming,595,0.09471491724252701,0.007477134000509977,-0.09471491724252701
colbench_backend_programming,862,0.09463688731193542,0.0025832036044448614,-0.09463688731193542
colbench_backend_programming,671,0.09461528062820435,0.016773179173469543,-0.09461528062820435
colbench_backend_programming,961,0.09460747241973877,0.010297424159944057,-0.09460747241973877
colbench_backend_programming,541,0.09450127184391022,0.010983173735439777,-0.09450127184391022
colbench_backend_programming,344,0.09430858492851257,0.013928249478340149,-0.09430858492851257
colbench_backend_programming,794,0.09427236020565033,-0.00013691550702787936,-0.09427236020565033
colbench_backend_programming,584,0.09423616528511047,0.01069623976945877,-0.09423616528511047
colbench_backend_programming,315,0.09423486888408661,0.0037943050265312195,-0.09423486888408661
colbench_backend_programming,777,0.09419158846139908,-5.788260023109615e-05,-0.09419158846139908
colbench_backend_programming,166,0.09409508854150772,-0.01160322967916727,-0.09409508854150772
colbench_backend_programming,952,0.09404397010803223,0.00391495181247592,-0.09404397010803223
colbench_backend_programming,979,0.09393797814846039,-0.0004962943494319916,-0.09393797814846039
colbench_backend_programming,404,0.0937105044722557,0.00782218761742115,-0.0937105044722557
colbench_backend_programming,532,0.09359803050756454,0.018619896844029427,-0.09359803050756454
colbench_backend_programming,815,0.09352423250675201,0.013697072863578796,-0.09352423250675201
colbench_backend_programming,380,0.09342470020055771,0.018326440826058388,-0.09342470020055771
colbench_backend_programming,30,0.09342148900032043,0.019455181434750557,-0.09342148900032043
colbench_backend_programming,200,0.0933736264705658,0.012608121149241924,-0.0933736264705658
colbench_backend_programming,762,0.09335918724536896,0.008021566085517406,-0.09335918724536896
colbench_backend_programming,292,0.09309343993663788,0.015241061337292194,-0.09309343993663788
colbench_backend_programming,337,0.09307803213596344,-0.005024405661970377,-0.09307803213596344
colbench_backend_programming,916,0.09296408295631409,0.007336339447647333,-0.09296408295631409
colbench_backend_programming,623,0.09295658767223358,-0.020313818007707596,-0.09295658767223358
colbench_backend_programming,321,0.09294344484806061,0.01454777829349041,-0.09294344484806061
colbench_backend_programming,624,0.09288202226161957,0.010580089874565601,-0.09288202226161957
colbench_backend_programming,826,0.09281910210847855,-0.016923336312174797,-0.09281910210847855
colbench_backend_programming,780,0.09276861697435379,0.020247701555490494,-0.09276861697435379
colbench_backend_programming,526,0.0927470326423645,0.005593600682914257,-0.0927470326423645
colbench_backend_programming,135,0.09271921217441559,0.0011794466990977526,-0.09271921217441559
colbench_backend_programming,863,0.09270840883255005,-0.0004361128085292876,-0.09270840883255005
colbench_backend_programming,375,0.09268064796924591,0.012231539934873581,-0.09268064796924591
colbench_backend_programming,594,0.09250845015048981,0.014711230993270874,-0.09250845015048981
colbench_backend_programming,350,0.09247951209545135,0.009270911104977131,-0.09247951209545135
colbench_backend_programming,371,0.09238368272781372,-0.006873649079352617,-0.09238368272781372
colbench_backend_programming,569,0.09237253665924072,-0.00019913047435693443,-0.09237253665924072
colbench_backend_programming,221,0.09233884513378143,0.02074223943054676,-0.09233884513378143
colbench_backend_programming,82,0.09232906997203827,0.008626994676887989,-0.09232906997203827
colbench_backend_programming,120,0.09228368103504181,0.010127857327461243,-0.09228368103504181
colbench_backend_programming,655,0.09206980466842651,0.004512718878686428,-0.09206980466842651
colbench_backend_programming,365,0.09200552850961685,0.002970836590975523,-0.09200552850961685
colbench_backend_programming,435,0.09180384874343872,0.0056867776438593864,-0.09180384874343872
colbench_backend_programming,468,0.09173479676246643,0.025237906724214554,-0.09173479676246643
colbench_backend_programming,927,0.09161341935396194,-0.004196657799184322,-0.09161341935396194
colbench_backend_programming,695,0.0915689542889595,0.01717396080493927,-0.0915689542889595
colbench_backend_programming,812,0.09142288565635681,0.0031859353184700012,0.09142288565635681
colbench_backend_programming,235,0.09139503538608551,0.011762453243136406,-0.09139503538608551
colbench_backend_programming,477,0.09114451706409454,-0.0005051602493040264,-0.09114451706409454
colbench_backend_programming,418,0.09096524119377136,-0.0036759222857654095,-0.09096524119377136
colbench_backend_programming,775,0.0908353328704834,-0.0025701678823679686,-0.0908353328704834
colbench_backend_programming,605,0.09070830047130585,-0.005024666432291269,0.09070830047130585
colbench_backend_programming,181,0.09059979021549225,-0.0033358465880155563,-0.09059979021549225
colbench_backend_programming,115,0.09040394425392151,-0.024131570011377335,0.09040394425392151
colbench_backend_programming,201,0.09037458896636963,-0.004770487546920776,0.09037458896636963
colbench_backend_programming,835,0.09035007655620575,-0.005640179384499788,-0.09035007655620575
colbench_backend_programming,471,0.09026075899600983,0.0028739904519170523,-0.09026075899600983
colbench_backend_programming,691,0.09013697504997253,0.007668991107493639,-0.09013697504997253
colbench_backend_programming,577,0.0898672342300415,0.002126564271748066,-0.0898672342300415
colbench_backend_programming,751,0.08985739946365356,-0.0025329398922622204,0.08985739946365356
colbench_backend_programming,443,0.08981776237487793,-0.002278347034007311,0.08981776237487793
colbench_backend_programming,870,0.08979013562202454,0.005744873080402613,0.08979013562202454
colbench_backend_programming,39,0.08958999812602997,-0.005016445182263851,-0.08958999812602997
colbench_backend_programming,501,0.08957681059837341,0.0026796353049576283,-0.08957681059837341
colbench_backend_programming,38,0.08948591351509094,0.003700972069054842,-0.08948591351509094
colbench_backend_programming,708,0.08944807946681976,0.007441533729434013,-0.08944807946681976
colbench_backend_programming,100,0.0893658995628357,-0.0035897812340408564,-0.0893658995628357
colbench_backend_programming,612,0.08935284614562988,-0.006613061297684908,-0.08935284614562988
colbench_backend_programming,508,0.08932115137577057,0.014571127481758595,0.08932115137577057
colbench_backend_programming,481,0.08917750418186188,-0.020739637315273285,-0.08917750418186188
colbench_backend_programming,692,0.08911745250225067,-0.0015652428846806288,-0.08911745250225067
colbench_backend_programming,841,0.0890941172838211,0.005703503265976906,0.0890941172838211
colbench_backend_programming,19,0.08908887207508087,-0.0013931484427303076,0.08908887207508087
colbench_backend_programming,564,0.08907914161682129,0.017516685649752617,-0.08907914161682129
colbench_backend_programming,869,0.08891583979129791,0.025980254635214806,0.08891583979129791
colbench_backend_programming,474,0.08879449963569641,0.01986980438232422,-0.08879449963569641
colbench_backend_programming,269,0.08876335620880127,-0.009879305958747864,0.08876335620880127
colbench_backend_programming,413,0.0887363851070404,-0.01892644353210926,-0.0887363851070404
colbench_backend_programming,778,0.08867253363132477,-0.026380257681012154,0.08867253363132477
colbench_backend_programming,856,0.0883701965212822,0.004084618296474218,-0.0883701965212822
colbench_backend_programming,722,0.0883093774318695,0.001035410212352872,0.0883093774318695
colbench_backend_programming,840,0.08818095922470093,0.01587509550154209,0.08818095922470093
colbench_backend_programming,171,0.08777551352977753,0.02519167773425579,0.08777551352977753
colbench_backend_programming,876,0.08752766251564026,0.005961795803159475,0.08752766251564026
colbench_backend_programming,949,0.08747696876525879,0.007288697641342878,-0.08747696876525879
colbench_backend_programming,399,0.08715005218982697,0.012916959822177887,-0.08715005218982697
colbench_backend_programming,823,0.08712124824523926,0.012297074310481548,0.08712124824523926
colbench_backend_programming,268,0.08711326122283936,0.025400741025805473,0.08711326122283936
colbench_backend_programming,186,0.08702762424945831,0.016768531873822212,0.08702762424945831
colbench_backend_programming,148,0.08680807054042816,0.0026189805939793587,0.08680807054042816
colbench_backend_programming,995,0.08673538267612457,0.01349929440766573,0.08673538267612457
colbench_backend_programming,781,0.08667217195034027,0.012061979621648788,0.08667217195034027
colbench_backend_programming,341,0.08659353852272034,0.023756051436066628,0.08659353852272034
colbench_backend_programming,432,0.08650738000869751,0.028683839365839958,0.08650738000869751
colbench_backend_programming,460,0.0863591879606247,0.016499612480401993,-0.0863591879606247
colbench_backend_programming,915,0.08630424737930298,0.012476502917706966,0.08630424737930298
colbench_backend_programming,127,0.08619615435600281,0.01445758156478405,0.08619615435600281
colbench_backend_programming,475,0.08614502847194672,0.0006307403673417866,0.08614502847194672
colbench_backend_programming,824,0.08608287572860718,0.014137664809823036,-0.08608287572860718
colbench_backend_programming,568,0.08607591688632965,0.012104618363082409,0.08607591688632965
colbench_backend_programming,764,0.0860203355550766,-0.006471213418990374,0.0860203355550766
colbench_backend_programming,271,0.08597701787948608,0.01231363695114851,0.08597701787948608
colbench_backend_programming,937,0.0856185257434845,0.01776416227221489,-0.0856185257434845
colbench_backend_programming,145,0.0853840708732605,0.0004887647228315473,0.0853840708732605
colbench_backend_programming,354,0.08529478311538696,0.012531680054962635,0.08529478311538696
colbench_backend_programming,389,0.08485445380210876,0.00441284803673625,0.08485445380210876
colbench_backend_programming,73,0.0848090648651123,0.028712445870041847,0.0848090648651123
colbench_backend_programming,674,0.08470293879508972,0.036565668880939484,-0.08470293879508972
colbench_backend_programming,531,0.08443209528923035,0.030029812827706337,0.08443209528923035
colbench_backend_programming,372,0.08442060649394989,0.02516954205930233,-0.08442060649394989
colbench_backend_programming,187,0.084358811378479,0.021382911130785942,0.084358811378479
colbench_backend_programming,255,0.08418482542037964,-0.0010982257081195712,0.08418482542037964
colbench_backend_programming,428,0.08402431011199951,-0.002175588859245181,0.08402431011199951
colbench_backend_programming,316,0.08398282527923584,0.006205196958035231,-0.08398282527923584
colbench_backend_programming,908,0.08392195403575897,0.009325976483523846,-0.08392195403575897
colbench_backend_programming,601,0.08290843665599823,0.015668783336877823,0.08290843665599823
colbench_backend_programming,44,0.0828656479716301,0.020696626976132393,0.0828656479716301
colbench_backend_programming,625,0.0828104168176651,0.025884808972477913,-0.0828104168176651
colbench_backend_programming,921,0.08201003074645996,0.024161972105503082,-0.08201003074645996
colbench_backend_programming,507,0.0817665159702301,-0.035295937210321426,-0.0817665159702301
colbench_backend_programming,358,0.08171600848436356,0.011245460249483585,0.08171600848436356
colbench_backend_programming,744,0.08142617344856262,0.03407714143395424,0.08142617344856262
colbench_backend_programming,983,0.08120241016149521,0.0067563788034021854,0.08120241016149521
colbench_backend_programming,699,0.08098793774843216,-0.001636214554309845,0.08098793774843216
colbench_backend_programming,326,0.08076934516429901,-0.021394653245806694,-0.08076934516429901
colbench_backend_programming,740,0.08072409778833389,-0.001460487488657236,0.08072409778833389
colbench_backend_programming,537,0.0805954560637474,0.007356507703661919,0.0805954560637474
colbench_backend_programming,386,0.0805627703666687,0.017477065324783325,0.0805627703666687
colbench_backend_programming,272,0.07981181144714355,-0.02307112328708172,-0.07981181144714355
colbench_backend_programming,283,0.07951341569423676,0.03847411647439003,0.07951341569423676
colbench_backend_programming,845,0.0792035162448883,-0.01132048387080431,-0.0792035162448883
colbench_backend_programming,318,0.07892249524593353,-0.04657817631959915,-0.07892249524593353
colbench_backend_programming,889,0.07828913629055023,-0.02823793515563011,-0.07828913629055023
colbench_backend_programming,364,0.0780908539891243,-0.029725922271609306,-0.0780908539891243
colbench_backend_programming,884,0.07807257771492004,-0.058122556656599045,-0.07807257771492004
colbench_backend_programming,244,0.07803565263748169,-0.024840153753757477,-0.07803565263748169
colbench_backend_programming,986,0.0777016431093216,-0.03251699358224869,-0.0777016431093216
colbench_backend_programming,87,0.07729443162679672,0.0026106592267751694,0.07729443162679672
colbench_backend_programming,5,0.07721453905105591,-0.050225503742694855,-0.07721453905105591
colbench_backend_programming,920,0.0770631656050682,-0.038787245750427246,-0.0770631656050682
colbench_backend_programming,297,0.07647181302309036,0.005205719266086817,0.07647181302309036
colbench_backend_programming,525,0.07603995501995087,-0.04345611110329628,-0.07603995501995087
colbench_backend_programming,703,0.07572199404239655,-0.05484580993652344,-0.07572199404239655
colbench_backend_programming,851,0.07564810663461685,-0.02774117887020111,-0.07564810663461685
colbench_backend_programming,421,0.07554540038108826,-0.03753209859132767,-0.07554540038108826
colbench_backend_programming,1,0.07520279288291931,0.049829088151454926,0.07520279288291931
colbench_backend_programming,868,0.07496709376573563,0.04153165593743324,0.07496709376573563
colbench_backend_programming,707,0.07450899481773376,-0.045823730528354645,-0.07450899481773376
colbench_backend_programming,844,0.07447207719087601,-0.055625852197408676,-0.07447207719087601
colbench_backend_programming,450,0.0744592547416687,0.031417496502399445,0.0744592547416687
colbench_backend_programming,905,0.07438315451145172,-0.056796833872795105,-0.07438315451145172
colbench_backend_programming,922,0.07427012175321579,0.04412060230970383,0.07427012175321579
colbench_backend_programming,173,0.07376398891210556,0.02143627032637596,0.07376398891210556
colbench_backend_programming,821,0.07340754568576813,0.049848247319459915,0.07340754568576813
colbench_backend_programming,896,0.07331709563732147,-0.03194344788789749,-0.07331709563732147
colbench_backend_programming,771,0.0730912834405899,-0.04689349606633186,-0.0730912834405899
colbench_backend_programming,734,0.07279467582702637,0.03956388682126999,0.07279467582702637
colbench_backend_programming,705,0.0724521279335022,-0.046322256326675415,-0.0724521279335022
colbench_backend_programming,738,0.07243029773235321,0.0442611426115036,0.07243029773235321
colbench_backend_programming,592,0.07189249992370605,0.055861711502075195,0.07189249992370605
colbench_backend_programming,33,0.07152263075113297,0.04791201651096344,0.07152263075113297
colbench_backend_programming,935,0.07147901505231857,0.04608906805515289,0.07147901505231857
colbench_backend_programming,190,0.07065336406230927,0.07001998275518417,0.07065336406230927
colbench_backend_programming,459,0.07045739144086838,-0.0371822714805603,-0.07045739144086838
colbench_backend_programming,55,0.07040926069021225,0.04877009987831116,0.07040926069021225
colbench_backend_programming,282,0.06987297534942627,-0.03625093400478363,-0.06987297534942627
colbench_backend_programming,492,0.06934948265552521,0.0710221529006958,0.06934948265552521
colbench_backend_programming,212,0.06883135437965393,0.04995569959282875,0.06883135437965393
colbench_backend_programming,729,0.06866209954023361,-0.04152701050043106,-0.06866209954023361
colbench_backend_programming,748,0.06766019016504288,0.05922986939549446,0.06766019016504288
colbench_backend_programming,683,0.06760592758655548,0.07473325729370117,0.06760592758655548
colbench_backend_programming,331,0.06648322939872742,0.02402172051370144,0.06648322939872742
colbench_backend_programming,638,0.06563694775104523,0.04626663401722908,0.06563694775104523
colbench_backend_programming,588,0.06500781327486038,0.04431281238794327,0.06500781327486038
colbench_backend_programming,730,0.06421475857496262,0.04566850885748863,0.06421475857496262
colbench_backend_programming,286,0.06212206184864044,0.08893097192049026,0.06212206184864044
colbench_backend_programming,936,0.061736125499010086,0.03478483855724335,-0.061736125499010086
colbench_backend_programming,488,0.06146837770938873,0.02273312769830227,-0.06146837770938873
colbench_backend_programming,757,0.06064317375421524,0.02612648718059063,-0.06064317375421524
colbench_backend_programming,657,0.059881292283535004,0.06251376122236252,0.059881292283535004
colbench_backend_programming,284,0.05974047631025314,0.02228384278714657,-0.05974047631025314
colbench_backend_programming,346,0.059734247624874115,0.02526179514825344,-0.059734247624874115
colbench_backend_programming,455,0.059481844305992126,0.02882576920092106,-0.059481844305992126
colbench_backend_programming,799,0.059002168476581573,0.056585680693387985,-0.059002168476581573
colbench_backend_programming,448,0.058909449726343155,0.021746216341853142,-0.058909449726343155
colbench_backend_programming,467,0.058737292885780334,0.02211439423263073,-0.058737292885780334
colbench_backend_programming,670,0.05873589590191841,0.03671863675117493,-0.05873589590191841
colbench_backend_programming,647,0.058668673038482666,0.04989157244563103,-0.058668673038482666
colbench_backend_programming,822,0.058623142540454865,0.01708531193435192,-0.058623142540454865
colbench_backend_programming,693,0.05840441584587097,0.018569564446806908,-0.05840441584587097
colbench_backend_programming,678,0.05833842232823372,0.03740666061639786,-0.05833842232823372
colbench_backend_programming,246,0.058030374348163605,0.013543943874537945,-0.058030374348163605
colbench_backend_programming,585,0.057863879948854446,5.3307645430322737e-05,-0.057863879948854446
colbench_backend_programming,274,0.05769869685173035,0.022525569424033165,0.05769869685173035
colbench_backend_programming,325,0.05755576118826866,0.023288000375032425,-0.05755576118826866
colbench_backend_programming,805,0.057448551058769226,-0.017522700130939484,-0.057448551058769226
colbench_backend_programming,736,0.057286784052848816,0.006662363186478615,-0.057286784052848816
colbench_backend_programming,545,0.05726882070302963,0.01686515472829342,-0.05726882070302963
colbench_backend_programming,24,0.057258278131484985,0.0024309733416885138,-0.057258278131484985
colbench_backend_programming,183,0.05706369876861572,-0.0008226552163250744,-0.05706369876861572
colbench_backend_programming,861,0.05691734701395035,0.01736619882285595,-0.05691734701395035
colbench_backend_programming,888,0.056847862899303436,0.03964586928486824,-0.056847862899303436
colbench_backend_programming,603,0.05676940083503723,-0.003512319643050432,-0.05676940083503723
colbench_backend_programming,783,0.05654855817556381,0.012635397724807262,-0.05654855817556381
colbench_backend_programming,801,0.05652936175465584,0.01666306145489216,-0.05652936175465584
colbench_backend_programming,904,0.056496914476156235,0.01759258657693863,-0.056496914476156235
colbench_backend_programming,596,0.056283071637153625,0.005739704240113497,-0.056283071637153625
colbench_backend_programming,195,0.056187696754932404,0.03886296600103378,-0.056187696754932404
colbench_backend_programming,486,0.0561542771756649,0.033986225724220276,-0.0561542771756649
colbench_backend_programming,412,0.056112874299287796,0.026149040088057518,-0.056112874299287796
colbench_backend_programming,650,0.055969852954149246,0.02412717044353485,-0.055969852954149246
colbench_backend_programming,725,0.05561114475131035,0.017095131799578667,-0.05561114475131035
colbench_backend_programming,990,0.05556522682309151,0.02652045153081417,-0.05556522682309151
colbench_backend_programming,131,0.05550359934568405,0.005153483711183071,-0.05550359934568405
colbench_backend_programming,95,0.055444471538066864,0.0047376337461173534,-0.055444471538066864
colbench_backend_programming,176,0.05544168874621391,0.017099900171160698,-0.05544168874621391
colbench_backend_programming,559,0.055234163999557495,0.009457677602767944,0.055234163999557495
colbench_backend_programming,788,0.054793525487184525,0.010447697713971138,-0.054793525487184525
colbench_backend_programming,807,0.05476117506623268,-0.0035019810311496258,-0.05476117506623268
colbench_backend_programming,52,0.05468922108411789,0.009357030503451824,-0.05468922108411789
colbench_backend_programming,479,0.05454777926206589,-0.009230758994817734,-0.05454777926206589
colbench_backend_programming,213,0.05448668822646141,0.020564042031764984,-0.05448668822646141
colbench_backend_programming,356,0.054463379085063934,-0.017131945118308067,0.054463379085063934
colbench_backend_programming,381,0.05431806296110153,0.0005299553740769625,0.05431806296110153
colbench_backend_programming,417,0.05422837287187576,0.0219158623367548,-0.05422837287187576
colbench_backend_programming,298,0.05417298525571823,0.03823425993323326,-0.05417298525571823
colbench_backend_programming,574,0.05413829907774925,0.03124544396996498,-0.05413829907774925
colbench_backend_programming,900,0.05379169061779976,-0.00867380015552044,-0.05379169061779976
colbench_backend_programming,743,0.05350697040557861,0.03725745901465416,-0.05350697040557861
colbench_backend_programming,582,0.053184255957603455,0.03201613575220108,-0.053184255957603455
colbench_backend_programming,68,0.05291903764009476,0.047677457332611084,-0.05291903764009476
colbench_backend_programming,169,0.05260859429836273,0.00016960673383437097,0.05260859429836273
colbench_backend_programming,217,0.0525752492249012,0.025249643251299858,-0.0525752492249012
colbench_backend_programming,550,0.05243918299674988,-0.007945570163428783,0.05243918299674988
colbench_backend_programming,398,0.05187763646245003,0.03364626318216324,-0.05187763646245003
colbench_backend_programming,396,0.05153467878699303,0.03693065419793129,-0.05153467878699303
colbench_backend_programming,32,0.05148899182677269,0.01748868077993393,-0.05148899182677269
colbench_backend_programming,179,0.051453597843647,-0.01156375091522932,0.051453597843647
colbench_backend_programming,22,0.05130992457270622,0.04912677779793739,-0.05130992457270622
colbench_backend_programming,776,0.05104820430278778,0.04180476441979408,0.05104820430278778
colbench_backend_programming,553,0.050990305840969086,-0.003766243113204837,0.050990305840969086
colbench_backend_programming,429,0.0509653203189373,0.021297937259078026,-0.0509653203189373
colbench_backend_programming,636,0.050826121121644974,0.03004699945449829,-0.050826121121644974
colbench_backend_programming,317,0.05061063915491104,-0.01358204148709774,0.05061063915491104
colbench_backend_programming,635,0.05012442171573639,-0.02800241857767105,-0.05012442171573639
colbench_backend_programming,437,0.0500294491648674,0.010210753418505192,0.0500294491648674
colbench_backend_programming,639,0.05000709369778633,0.03966967761516571,-0.05000709369778633
colbench_backend_programming,405,0.04993859678506851,0.021238913759589195,-0.04993859678506851
colbench_backend_programming,174,0.04968821257352829,-0.023089496418833733,0.04968821257352829
colbench_backend_programming,368,0.04913404956459999,-0.04117761552333832,-0.04913404956459999
colbench_backend_programming,985,0.04895021766424179,-0.01674565300345421,0.04895021766424179
colbench_backend_programming,422,0.04893598333001137,0.03993678838014603,-0.04893598333001137
colbench_backend_programming,950,0.04880555719137192,-0.025363322347402573,-0.04880555719137192
colbench_backend_programming,252,0.048402927815914154,0.012815501540899277,0.048402927815914154
colbench_backend_programming,649,0.0483102947473526,0.006240563467144966,0.0483102947473526
colbench_backend_programming,66,0.0481257289648056,0.024251539260149002,0.0481257289648056
colbench_backend_programming,944,0.04796665161848068,0.0026808585971593857,0.04796665161848068
colbench_backend_programming,852,0.0479140430688858,0.020961681380867958,0.0479140430688858
colbench_backend_programming,604,0.047821737825870514,-0.017531955614686012,-0.047821737825870514
colbench_backend_programming,787,0.046557456254959106,0.057560503482818604,0.046557456254959106
colbench_backend_programming,473,0.04620395973324776,-0.01382541935890913,-0.04620395973324776
colbench_backend_programming,677,0.046005524694919586,-0.004807890858501196,-0.046005524694919586
colbench_backend_programming,549,0.04551689326763153,0.03122018836438656,0.04551689326763153
colbench_backend_programming,349,0.0454302579164505,-0.0239113662391901,0.0454302579164505
colbench_backend_programming,733,0.0454108789563179,0.015465131029486656,-0.0454108789563179
colbench_backend_programming,49,0.04505492001771927,-0.01910286769270897,0.04505492001771927
colbench_backend_programming,392,0.04497094824910164,-0.046434126794338226,-0.04497094824910164
colbench_backend_programming,713,0.04421929270029068,-0.0484665147960186,-0.04421929270029068
colbench_backend_programming,93,0.04419046640396118,0.02852555550634861,0.04419046640396118
colbench_backend_programming,558,0.04398927092552185,-0.054460104554891586,-0.04398927092552185
colbench_backend_programming,487,0.04381054639816284,-0.005748405586928129,-0.04381054639816284
colbench_backend_programming,91,0.04367625713348389,0.018534189090132713,0.04367625713348389
colbench_backend_programming,359,0.043494004756212234,-0.040535926818847656,-0.043494004756212234
colbench_backend_programming,578,0.04320532828569412,0.034148555248975754,0.04320532828569412
colbench_backend_programming,89,0.04318736493587494,-0.04510316997766495,-0.04318736493587494
colbench_backend_programming,858,0.04313375800848007,-0.029561812058091164,-0.04313375800848007
colbench_backend_programming,883,0.042667895555496216,-0.016860241070389748,-0.042667895555496216
colbench_backend_programming,591,0.042663827538490295,0.014233667403459549,0.042663827538490295
colbench_backend_programming,361,0.042632684111595154,0.05220934376120567,0.042632684111595154
colbench_backend_programming,233,0.04221665859222412,0.02563808672130108,0.04221665859222412
colbench_backend_programming,314,0.04160541296005249,-0.01735648885369301,-0.04160541296005249
colbench_backend_programming,527,0.041509389877319336,0.03197837993502617,0.041509389877319336
colbench_backend_programming,663,0.0414007306098938,0.030406275764107704,0.0414007306098938
colbench_backend_programming,767,0.04120950400829315,0.03981149196624756,0.04120950400829315
colbench_backend_programming,800,0.041104115545749664,0.038567908108234406,0.041104115545749664
colbench_backend_programming,509,0.04107397049665451,0.029302077367901802,0.04107397049665451
colbench_backend_programming,290,0.04103560745716095,0.04403553903102875,0.04103560745716095
colbench_backend_programming,977,0.04058869555592537,-0.030630875378847122,-0.04058869555592537
colbench_backend_programming,415,0.04043220728635788,0.04254584386944771,0.04043220728635788
colbench_backend_programming,506,0.04028899222612381,0.02733621746301651,0.04028899222612381
colbench_backend_programming,560,0.040034450590610504,-0.031853727996349335,-0.040034450590610504
colbench_backend_programming,830,0.03996161371469498,0.004697395022958517,0.03996161371469498
colbench_backend_programming,215,0.03993796557188034,0.05743109807372093,0.03993796557188034
colbench_backend_programming,136,0.03988576680421829,0.02452036738395691,0.03988576680421829
colbench_backend_programming,53,0.03984689712524414,0.08422691375017166,0.03984689712524414
colbench_backend_programming,498,0.039815884083509445,0.03903764858841896,-0.039815884083509445
colbench_backend_programming,228,0.039716027677059174,0.03854489326477051,0.039716027677059174
colbench_backend_programming,447,0.039710983633995056,-0.048396896570920944,-0.039710983633995056
colbench_backend_programming,489,0.03938423842191696,0.038924381136894226,0.03938423842191696
colbench_backend_programming,514,0.03935058414936066,-0.03582010418176651,-0.03935058414936066
colbench_backend_programming,726,0.03924315422773361,0.0499214269220829,0.03924315422773361
colbench_backend_programming,667,0.03918478637933731,-0.02074153535068035,-0.03918478637933731
colbench_backend_programming,107,0.03918292000889778,0.03672576695680618,-0.03918292000889778
colbench_backend_programming,534,0.03913581371307373,0.03814446181058884,0.03913581371307373
colbench_backend_programming,759,0.03895340859889984,0.014665530994534492,0.03895340859889984
colbench_backend_programming,798,0.03877873718738556,0.015251515433192253,0.03877873718738556
colbench_backend_programming,65,0.03874632716178894,0.0613693930208683,0.03874632716178894
colbench_backend_programming,204,0.03857436776161194,0.05918319150805473,0.03857436776161194
colbench_backend_programming,618,0.03839075565338135,0.04589960351586342,0.03839075565338135
colbench_backend_programming,363,0.037898484617471695,-0.08033116161823273,-0.037898484617471695
colbench_backend_programming,865,0.03754419833421707,0.027933357283473015,0.03754419833421707
colbench_backend_programming,565,0.037464164197444916,0.037041809409856796,0.037464164197444916
colbench_backend_programming,548,0.03713677078485489,0.05091450735926628,0.03713677078485489
colbench_backend_programming,500,0.03679175674915314,0.054262109100818634,0.03679175674915314
colbench_backend_programming,258,0.03626605123281479,0.026719767600297928,0.03626605123281479
colbench_backend_programming,926,0.03610165789723396,0.06697458773851395,-0.03610165789723396
colbench_backend_programming,391,0.03581182658672333,0.018420521169900894,-0.03581182658672333
colbench_backend_programming,180,0.035704176872968674,0.04197867587208748,-0.035704176872968674
colbench_backend_programming,580,0.03472631052136421,0.05580287054181099,-0.03472631052136421
colbench_backend_programming,155,0.03464726731181145,0.047695524990558624,-0.03464726731181145
colbench_backend_programming,728,0.03436975181102753,0.03703393042087555,-0.03436975181102753
colbench_backend_programming,519,0.0342729277908802,0.04109274968504906,-0.0342729277908802
colbench_backend_programming,847,0.03383423015475273,0.05069354921579361,-0.03383423015475273
colbench_backend_programming,348,0.033718302845954895,0.0475773811340332,-0.033718302845954895
colbench_backend_programming,10,0.0331893116235733,0.0444878526031971,-0.0331893116235733
colbench_backend_programming,452,0.033061813563108444,0.03898722305893898,-0.033061813563108444
colbench_backend_programming,250,0.03272952884435654,0.06985960900783539,0.03272952884435654
colbench_backend_programming,881,0.032713282853364944,0.033675942569971085,-0.032713282853364944
colbench_backend_programming,13,0.032640013843774796,0.049021925777196884,-0.032640013843774796
colbench_backend_programming,484,0.032611094415187836,0.03623240441083908,-0.032611094415187836
colbench_backend_programming,665,0.03247852623462677,0.017405342310667038,-0.03247852623462677
colbench_backend_programming,874,0.03224056214094162,0.0227020476013422,-0.03224056214094162
colbench_backend_programming,175,0.032152168452739716,0.04146310314536095,-0.032152168452739716
colbench_backend_programming,984,0.03159676119685173,0.03650319203734398,-0.03159676119685173
colbench_backend_programming,593,0.031515784561634064,0.015406681224703789,0.031515784561634064
colbench_backend_programming,20,0.03141850233078003,0.04608029127120972,-0.03141850233078003
colbench_backend_programming,731,0.031191211193799973,0.02465331181883812,-0.031191211193799973
colbench_backend_programming,434,0.03102899342775345,0.016510898247361183,-0.03102899342775345
colbench_backend_programming,850,0.030763331800699234,0.017565608024597168,-0.030763331800699234
colbench_backend_programming,36,0.030620737001299858,0.03664449602365494,-0.030620737001299858
colbench_backend_programming,838,0.030528608709573746,-0.004187354352325201,-0.030528608709573746
colbench_backend_programming,118,0.03046107292175293,0.07277091592550278,-0.03046107292175293
colbench_backend_programming,834,0.03033749759197235,-0.02069430612027645,0.03033749759197235
colbench_backend_programming,383,0.029912348836660385,0.051282890141010284,-0.029912348836660385
colbench_backend_programming,903,0.029899073764681816,0.0074029723182320595,-0.029899073764681816
colbench_backend_programming,259,0.029870549216866493,0.03609715402126312,-0.029870549216866493
colbench_backend_programming,464,0.029735520482063293,0.07908426225185394,0.029735520482063293
colbench_backend_programming,628,0.029700174927711487,-0.02235996350646019,0.029700174927711487
colbench_backend_programming,192,0.029545649886131287,0.04029729217290878,-0.029545649886131287
colbench_backend_programming,630,0.02938365936279297,0.08376158028841019,0.02938365936279297
colbench_backend_programming,182,0.028879918158054352,0.08311309665441513,0.028879918158054352
colbench_backend_programming,403,0.02881518378853798,0.04570433124899864,-0.02881518378853798
colbench_backend_programming,763,0.02874688059091568,0.02064426988363266,-0.02874688059091568
colbench_backend_programming,611,0.028199702501296997,0.08691243082284927,0.028199702501296997
colbench_backend_programming,664,0.027644000947475433,0.09835071116685867,0.027644000947475433
colbench_backend_programming,819,0.02760244533419609,0.011446407996118069,-0.02760244533419609
colbench_backend_programming,637,0.026955701410770416,0.052464794367551804,-0.026955701410770416
colbench_backend_programming,453,0.026719078421592712,-0.02425221912562847,0.026719078421592712
colbench_backend_programming,608,0.02667188085615635,-0.004056563135236502,-0.02667188085615635
colbench_backend_programming,355,0.026602238416671753,-0.014050798490643501,0.026602238416671753
colbench_backend_programming,769,0.026273198425769806,-0.013633049093186855,-0.026273198425769806
colbench_backend_programming,879,0.026185791939496994,0.011207574978470802,-0.026185791939496994
colbench_backend_programming,579,0.026166707277297974,-0.01088353805243969,0.026166707277297974
colbench_backend_programming,792,0.026150546967983246,-0.02555382251739502,0.026150546967983246
colbench_backend_programming,768,0.02600487321615219,-0.016250863671302795,0.02600487321615219
colbench_backend_programming,902,0.025975488126277924,0.07954781502485275,0.025975488126277924
colbench_backend_programming,170,0.02590356580913067,0.028867386281490326,-0.02590356580913067
colbench_backend_programming,918,0.025818780064582825,-0.019041161984205246,0.025818780064582825
colbench_backend_programming,40,0.025642648339271545,-0.0010038871550932527,-0.025642648339271545
colbench_backend_programming,837,0.025626666843891144,0.053250014781951904,0.025626666843891144
colbench_backend_programming,158,0.025518426671624184,0.054005637764930725,-0.025518426671624184
colbench_backend_programming,499,0.02532864362001419,-0.02132580615580082,0.02532864362001419
colbench_backend_programming,816,0.02518031746149063,-0.0030060666613280773,0.02518031746149063
colbench_backend_programming,236,0.024998730048537254,-0.04996094852685928,-0.024998730048537254
colbench_backend_programming,81,0.02480626106262207,-0.014763828366994858,0.02480626106262207
colbench_backend_programming,84,0.02428777515888214,-0.02344224601984024,0.02428777515888214
colbench_backend_programming,929,0.02428160235285759,0.04253973066806793,-0.02428160235285759
colbench_backend_programming,438,0.02367565780878067,0.02314818650484085,-0.02367565780878067
colbench_backend_programming,523,0.023610079661011696,-0.018352041020989418,-0.023610079661011696
colbench_backend_programming,992,0.02353682927787304,-0.018520114943385124,-0.02353682927787304
colbench_backend_programming,441,0.02344629168510437,0.0048965266905725,0.02344629168510437
colbench_backend_programming,338,0.023423252627253532,-0.004545967094600201,-0.023423252627253532
colbench_backend_programming,804,0.02333102561533451,-0.007480427157133818,-0.02333102561533451
colbench_backend_programming,571,0.02332196570932865,-0.04872740060091019,-0.02332196570932865
colbench_backend_programming,732,0.02320048399269581,-0.04324662685394287,-0.02320048399269581
colbench_backend_programming,278,0.023195883259177208,-0.00034849048824980855,-0.023195883259177208
colbench_backend_programming,627,0.02297181636095047,0.005150791723281145,0.02297181636095047
colbench_backend_programming,454,0.022848358377814293,-0.019948657602071762,-0.022848358377814293
colbench_backend_programming,643,0.022621944546699524,0.004852625075727701,0.022621944546699524
colbench_backend_programming,614,0.02248079515993595,-0.015414808876812458,-0.02248079515993595
colbench_backend_programming,99,0.02231377176940441,-0.00873710960149765,-0.02231377176940441
colbench_backend_programming,430,0.022239916026592255,-0.05321458354592323,-0.022239916026592255
colbench_backend_programming,63,0.022199008613824844,-0.00858388002961874,-0.022199008613824844
colbench_backend_programming,561,0.02185932919383049,-0.010810469277203083,-0.02185932919383049
colbench_backend_programming,384,0.02148555964231491,-0.014559788629412651,-0.02148555964231491
colbench_backend_programming,602,0.021340683102607727,-0.024402743205428123,-0.021340683102607727
colbench_backend_programming,47,0.02133839763700962,-0.029465101659297943,-0.02133839763700962
colbench_backend_programming,993,0.021189358085393906,-0.01428387500345707,-0.021189358085393906
colbench_backend_programming,291,0.020927730947732925,-0.02218054234981537,-0.020927730947732925
colbench_backend_programming,261,0.020615000277757645,0.02304469607770443,0.020615000277757645
colbench_backend_programming,510,0.020482126623392105,0.01430265512317419,0.020482126623392105
colbench_backend_programming,312,0.020310405641794205,0.016595151275396347,0.020310405641794205
colbench_backend_programming,737,0.020257415249943733,-0.017872469499707222,-0.020257415249943733
colbench_backend_programming,755,0.020245658233761787,-0.024017972871661186,-0.020245658233761787
colbench_backend_programming,414,0.01973571628332138,-0.005719242617487907,0.01973571628332138
colbench_backend_programming,698,0.01922096684575081,0.008694912306964397,0.01922096684575081
colbench_backend_programming,672,0.01894298940896988,0.015815144404768944,0.01894298940896988
colbench_backend_programming,959,0.018806051462888718,-0.004001238849014044,-0.018806051462888718
colbench_backend_programming,718,0.01817331090569496,-0.027243824675679207,-0.01817331090569496
colbench_backend_programming,137,0.018093498423695564,-0.020518511533737183,-0.018093498423695564
colbench_backend_programming,825,0.017984110862016678,0.03363294154405594,0.017984110862016678
colbench_backend_programming,503,0.017965096980333328,0.0030694352462887764,0.017965096980333328
colbench_backend_programming,168,0.01795908808708191,0.06393884122371674,-0.01795908808708191
colbench_backend_programming,714,0.017926525324583054,0.01617707684636116,0.017926525324583054
colbench_backend_programming,754,0.017854586243629456,0.015553291887044907,0.017854586243629456
colbench_backend_programming,37,0.017570361495018005,0.0011764258379116654,0.017570361495018005
colbench_backend_programming,439,0.01740887761116028,0.02183423936367035,0.01740887761116028
colbench_backend_programming,925,0.01730789802968502,-0.007696045096963644,-0.01730789802968502
colbench_backend_programming,899,0.01667058654129505,-0.03935229033231735,-0.01667058654129505
colbench_backend_programming,90,0.016477122902870178,0.029194816946983337,0.016477122902870178
colbench_backend_programming,138,0.016422532498836517,0.009795316495001316,0.016422532498836517
colbench_backend_programming,154,0.016372691839933395,0.021845398470759392,0.016372691839933395
colbench_backend_programming,652,0.016145747154951096,0.002926425077021122,0.016145747154951096
colbench_backend_programming,622,0.01599186100065708,-0.027167314663529396,-0.01599186100065708
colbench_backend_programming,810,0.01594415493309498,0.039490558207035065,-0.01594415493309498
colbench_backend_programming,45,0.015844687819480896,0.044292669743299484,-0.015844687819480896
colbench_backend_programming,758,0.015746530145406723,0.029480963945388794,0.015746530145406723
colbench_backend_programming,702,0.01558823511004448,0.03398558124899864,0.01558823511004448
colbench_backend_programming,483,0.015557628124952316,0.04433538392186165,0.015557628124952316
colbench_backend_programming,260,0.015319017693400383,0.04307306930422783,-0.015319017693400383
colbench_backend_programming,280,0.014981396496295929,0.04806475713849068,0.014981396496295929
colbench_backend_programming,987,0.014768362045288086,0.01685892604291439,0.014768362045288086
colbench_backend_programming,76,0.01424805261194706,0.08480540663003922,-0.01424805261194706
colbench_backend_programming,458,0.014202835038304329,-0.05700133368372917,-0.014202835038304329
colbench_backend_programming,953,0.013826441019773483,0.037751201540231705,0.013826441019773483
colbench_backend_programming,163,0.013643048703670502,0.061293039470911026,-0.013643048703670502
colbench_backend_programming,540,0.013002067804336548,0.03588342294096947,0.013002067804336548
colbench_backend_programming,739,0.012836499139666557,0.03912859037518501,-0.012836499139666557
colbench_backend_programming,906,0.012834776192903519,0.04995616152882576,-0.012834776192903519
colbench_backend_programming,504,0.012833546847105026,0.016096793115139008,0.012833546847105026
colbench_backend_programming,21,0.012671632692217827,0.024294670671224594,-0.012671632692217827
colbench_backend_programming,117,0.012454284355044365,0.06040666624903679,-0.012454284355044365
colbench_backend_programming,61,0.012436732649803162,0.03700966760516167,-0.012436732649803162
colbench_backend_programming,149,0.012435391545295715,0.03381167724728584,0.012435391545295715
colbench_backend_programming,285,0.012173889204859734,0.054173823446035385,-0.012173889204859734
colbench_backend_programming,17,0.011847253888845444,0.07537572085857391,-0.011847253888845444
colbench_backend_programming,340,0.01175045594573021,0.057998232543468475,0.01175045594573021
colbench_backend_programming,864,0.01174299605190754,0.05154850706458092,-0.01174299605190754
colbench_backend_programming,965,0.011284757405519485,0.07748639583587646,0.011284757405519485
colbench_backend_programming,709,0.011076081544160843,0.06203074753284454,-0.011076081544160843
colbench_backend_programming,74,0.01089748926460743,0.06151283159852028,-0.01089748926460743
colbench_backend_programming,951,0.01072966679930687,0.03327127918601036,-0.01072966679930687
colbench_backend_programming,143,0.010481171309947968,0.04890989884734154,-0.010481171309947968
colbench_backend_programming,407,0.010310357436537743,0.04021163657307625,-0.010310357436537743
colbench_backend_programming,440,0.010108686983585358,0.041611384600400925,0.010108686983585358
colbench_backend_programming,679,0.010084632784128189,0.05549134314060211,-0.010084632784128189
colbench_backend_programming,108,0.009881604462862015,0.05076336860656738,-0.009881604462862015
colbench_backend_programming,774,0.009862475097179413,0.05685727298259735,0.009862475097179413
colbench_backend_programming,516,0.009761374443769455,0.0483853705227375,-0.009761374443769455
colbench_backend_programming,947,0.009712062776088715,0.048057276755571365,0.009712062776088715
colbench_backend_programming,302,0.00961078330874443,-0.05803530290722847,-0.00961078330874443
colbench_backend_programming,512,0.009603772312402725,0.055145058780908585,-0.009603772312402725
colbench_backend_programming,189,0.0094284787774086,0.045339666306972504,-0.0094284787774086
colbench_backend_programming,715,0.009402163326740265,0.058608636260032654,0.009402163326740265
colbench_backend_programming,658,0.009274426847696304,0.026317205280065536,-0.009274426847696304
colbench_backend_programming,716,0.009049028158187866,0.05422293394804001,0.009049028158187866
colbench_backend_programming,254,0.009045299142599106,0.0403270497918129,-0.009045299142599106
colbench_backend_programming,85,0.00897841528058052,-0.0018247913103550673,-0.00897841528058052
colbench_backend_programming,232,0.008956115692853928,0.0644506886601448,-0.008956115692853928
colbench_backend_programming,676,0.008732836693525314,0.05068771913647652,0.008732836693525314
colbench_backend_programming,345,0.0086151622235775,0.08111736923456192,0.0086151622235775
colbench_backend_programming,772,0.008500419557094574,0.009045963175594807,-0.008500419557094574
colbench_backend_programming,114,0.008306492120027542,0.049115199595689774,0.008306492120027542
colbench_backend_programming,401,0.008257299661636353,0.07750756293535233,-0.008257299661636353
colbench_backend_programming,629,0.00806773453950882,0.07648512721061707,0.00806773453950882
colbench_backend_programming,362,0.008058026432991028,0.053630515933036804,-0.008058026432991028
colbench_backend_programming,265,0.007943134754896164,-0.0415106825530529,-0.007943134754896164
colbench_backend_programming,161,0.007929634302854538,0.04067530855536461,-0.007929634302854538
colbench_backend_programming,151,0.007333986461162567,0.06588415801525116,-0.007333986461162567
colbench_backend_programming,324,0.007207505404949188,0.014586818404495716,-0.007207505404949188
colbench_backend_programming,613,0.007080338895320892,0.024892164394259453,0.007080338895320892
colbench_backend_programming,227,0.006554223597049713,0.03331402689218521,-0.006554223597049713
colbench_backend_programming,939,0.006394382566213608,0.010525799356400967,-0.006394382566213608
colbench_backend_programming,599,0.006349779665470123,-0.04720137268304825,0.006349779665470123
colbench_backend_programming,515,0.006134413182735443,0.028788959607481956,-0.006134413182735443
colbench_backend_programming,281,0.005976490676403046,0.018004216253757477,-0.005976490676403046
colbench_backend_programming,813,0.005946941673755646,0.04854970797896385,0.005946941673755646
colbench_backend_programming,866,0.005828626453876495,0.02002965845167637,-0.005828626453876495
colbench_backend_programming,294,0.005679585039615631,0.006450580433011055,-0.005679585039615631
colbench_backend_programming,872,0.005669508129358292,0.044867321848869324,0.005669508129358292
colbench_backend_programming,86,0.0055121928453445435,0.04673541709780693,-0.0055121928453445435
colbench_backend_programming,668,0.005468633025884628,0.007033360656350851,0.005468633025884628
colbench_backend_programming,644,0.00536259263753891,0.020546169951558113,-0.00536259263753891
colbench_backend_programming,923,0.005091499537229538,-0.003625917946919799,-0.005091499537229538
colbench_backend_programming,140,0.00467798113822937,0.0010436851298436522,-0.00467798113822937
colbench_backend_programming,701,0.004519939422607422,0.06061435863375664,0.004519939422607422
colbench_backend_programming,857,0.004248935729265213,0.0003131618141196668,-0.004248935729265213
colbench_backend_programming,770,0.004224613308906555,0.05621492862701416,-0.004224613308906555
colbench_backend_programming,752,0.004185881465673447,0.06788484007120132,0.004185881465673447
colbench_backend_programming,35,0.004181567579507828,0.002358557889238,-0.004181567579507828
colbench_backend_programming,860,0.003809090703725815,-0.02068219520151615,-0.003809090703725815
colbench_backend_programming,645,0.0034869834780693054,-0.02155585028231144,-0.0034869834780693054
colbench_backend_programming,377,0.0029899775981903076,0.051897354423999786,-0.0029899775981903076
colbench_backend_programming,309,0.002879451960325241,0.01479964517056942,0.002879451960325241
colbench_backend_programming,982,0.0027576424181461334,0.051069118082523346,0.0027576424181461334
colbench_backend_programming,567,0.0027573443949222565,0.07119743525981903,-0.0027573443949222565
colbench_backend_programming,502,0.0025800876319408417,0.034758180379867554,-0.0025800876319408417
colbench_backend_programming,124,0.0023823194205760956,0.008084732107818127,0.0023823194205760956
colbench_backend_programming,301,0.002323094755411148,-0.04195394739508629,0.002323094755411148
colbench_backend_programming,156,0.0021305903792381287,0.004064859822392464,0.0021305903792381287
colbench_backend_programming,660,0.001796536147594452,0.07190708816051483,0.001796536147594452
colbench_backend_programming,782,0.0015439987182617188,0.016243252903223038,0.0015439987182617188
colbench_backend_programming,431,0.0013899356126785278,-0.0018664487870410085,-0.0013899356126785278
colbench_backend_programming,295,0.0013755038380622864,-0.008739810436964035,-0.0013755038380622864
colbench_backend_programming,791,0.0011796653270721436,0.030899230390787125,-0.0011796653270721436
colbench_backend_programming,287,0.00106879323720932,-0.006973504554480314,-0.00106879323720932
colbench_backend_programming,433,0.001002233475446701,-0.011617681011557579,-0.001002233475446701
colbench_backend_programming,416,0.0007966607809066772,-0.0003356024681124836,-0.0007966607809066772
colbench_backend_programming,538,0.000716768205165863,-0.038935061544179916,0.000716768205165863
colbench_backend_programming,139,0.000685572624206543,-0.0034652494359761477,-0.000685572624206543
colbench_backend_programming,566,0.0006221309304237366,-0.04812294989824295,0.0006221309304237366
colbench_backend_programming,300,0.000536106526851654,0.005208705086261034,0.000536106526851654
colbench_backend_programming,802,0.00042620301246643066,0.0365520715713501,-0.00042620301246643066
colbench_backend_programming,563,0.000300087034702301,0.048833370208740234,0.000300087034702301
colbench_backend_programming,237,0.00025204941630363464,0.011507532559335232,-0.00025204941630363464
colbench_backend_programming,14,3.450736403465271e-05,-0.002654409734532237,-3.450736403465271e-05
corebench_hard,capsule-9660931,0.8350109457969666,-0.3289428949356079,-0.8350109457969666
corebench_hard,capsule-7716865,0.8294758796691895,-0.16446930170059204,-0.8294758796691895
corebench_hard,capsule-3449234,0.8240014910697937,-0.1674126386642456,-0.8240014910697937
corebench_hard,capsule-4252248,0.8172457218170166,-0.17541301250457764,-0.8172457218170166
corebench_hard,capsule-3821950,0.8167476654052734,-0.3404112756252289,-0.8167476654052734
corebench_hard,capsule-8536428,0.8142186999320984,-0.35288286209106445,-0.8142186999320984
corebench_hard,capsule-5136217,0.5686248540878296,-0.056059736758470535,-0.5686248540878296
corebench_hard,capsule-9911222,0.4713519811630249,-0.18123947083950043,-0.4713519811630249
corebench_hard,capsule-1394704,0.4610097408294678,-0.0567658506333828,-0.4610097408294678
corebench_hard,capsule-5507257,0.4373844265937805,-0.4501706063747406,-0.4373844265937805
corebench_hard,capsule-9832712,0.42959970235824585,0.08756325393915176,-0.42959970235824585
corebench_hard,capsule-4299879,0.4248858690261841,-0.11720646172761917,-0.4248858690261841
corebench_hard,capsule-4933686,0.39405131340026855,-0.14317427575588226,-0.39405131340026855
corebench_hard,capsule-8807709,0.37659940123558044,0.01307587418705225,-0.37659940123558044
corebench_hard,capsule-3418007,0.3568671941757202,-0.012859439477324486,-0.3568671941757202
corebench_hard,capsule-9240688,0.3453417420387268,-0.05543980002403259,-0.3453417420387268
corebench_hard,capsule-2708693,0.33927255868911743,0.10308125615119934,-0.33927255868911743
corebench_hard,capsule-2804717,0.3341329097747803,0.023764902725815773,-0.3341329097747803
corebench_hard,capsule-2345790,0.32850635051727295,-0.004014953970909119,-0.32850635051727295
corebench_hard,capsule-7186268,0.31496602296829224,0.2697910666465759,-0.31496602296829224
corebench_hard,capsule-1624349,0.2958708703517914,0.47648006677627563,-0.2958708703517914
corebench_hard,capsule-9054015,0.2944021224975586,0.043558262288570404,-0.2944021224975586
corebench_hard,capsule-2816027,0.26009154319763184,0.3687741160392761,-0.26009154319763184
corebench_hard,capsule-3262218,0.23552541434764862,0.26696497201919556,-0.23552541434764862
corebench_hard,capsule-9137200,0.2253361940383911,0.23812682926654816,-0.2253361940383911
corebench_hard,capsule-4671827,0.22435669600963593,0.30663734674453735,-0.22435669600963593
corebench_hard,capsule-4728591,0.1846117228269577,0.29393869638442993,-0.1846117228269577
corebench_hard,capsule-3301293,0.18112529814243317,0.39938509464263916,-0.18112529814243317
corebench_hard,capsule-8234136,0.17236612737178802,-0.4063146114349365,-0.17236612737178802
corebench_hard,capsule-1900704,0.14461635053157806,-0.0070447130128741264,-0.14461635053157806
corebench_hard,capsule-3639589,0.13787920773029327,0.13409607112407684,-0.13787920773029327
corebench_hard,capsule-6049678,0.12448417395353317,0.523235023021698,-0.12448417395353317
corebench_hard,capsule-0504157,0.11416409909725189,0.063198983669281,-0.11416409909725189
corebench_hard,capsule-3593259,0.10018111765384674,0.42082837224006653,-0.10018111765384674
corebench_hard,capsule-3849634,0.09991395473480225,0.5337098836898804,-0.09991395473480225
corebench_hard,capsule-9052293,0.09794850647449493,0.7120969891548157,-0.09794850647449493
corebench_hard,capsule-0851068,0.09180839359760284,0.5435981154441833,-0.09180839359760284
corebench_hard,capsule-1724988,0.08724473416805267,0.39025434851646423,-0.08724473416805267
corebench_hard,capsule-9670283,0.07375364005565643,0.26754942536354065,-0.07375364005565643
corebench_hard,capsule-9641396,0.058016106486320496,0.4154098331928253,-0.058016106486320496
corebench_hard,capsule-6003668,0.05662080645561218,0.17434322834014893,-0.05662080645561218
corebench_hard,capsule-0921079,0.03804539144039154,0.44880411028862,-0.03804539144039154
corebench_hard,capsule-4180912,0.03281204402446747,0.47861409187316895,-0.03281204402446747
corebench_hard,capsule-1175539,0.01814723014831543,0.4569368064403534,-0.01814723014831543
corebench_hard,capsule-2414499,0.005534499883651733,0.40000802278518677,0.005534499883651733
gaia,ded28325-3447-4c56-860f-e497d6fb3577,0.5566850304603577,-0.08356881886720657,-0.5566850304603577
gaia,c526d8d6-5987-4da9-b24c-83466fa172f3,0.5378149151802063,-0.10777359455823898,-0.5378149151802063
gaia,8f80e01c-1296-4371-9486-bb3d68651a60,0.535244345664978,-0.11131502687931061,-0.535244345664978
gaia,e142056d-56ab-4352-b091-b56054bd1359,0.5249166488647461,-0.12443425506353378,-0.5249166488647461
gaia,dc28cf18-6431-458b-83ef-64b3ce566c10,0.47079917788505554,0.17670951783657074,0.47079917788505554
gaia,11af4e1a-5f45-467d-9aeb-46f4bb0bf034,0.3797409236431122,0.06920728087425232,0.3797409236431122
gaia,72c06643-a2fa-4186-aa5c-9ec33ae9b445,0.3078829050064087,-0.11164121329784393,-0.3078829050064087
gaia,dd3c7503-f62a-4bd0-9f67-1b63b94194cc,0.26884526014328003,0.1938817948102951,0.26884526014328003
gaia,0e9e85b8-52b9-4de4-b402-5f635ab9631f,0.26508063077926636,0.036169543862342834,-0.26508063077926636
gaia,27d5d136-8563-469e-92bf-fd103c28b57c,0.23572435975074768,0.14831839501857758,0.23572435975074768
gaia,2d83110e-a098-4ebb-9987-066c06fa42d0,0.2338634431362152,0.16177967190742493,0.2338634431362152
gaia,7a4a336d-dcfa-45a0-b014-824c7619e8de,0.2308441400527954,-0.01837669499218464,-0.2308441400527954
gaia,9318445f-fe6a-4e1b-acbf-c68228c9906a,0.2247571349143982,-0.12107981741428375,-0.2247571349143982
gaia,df6561b2-7ee5-4540-baab-5095f742716a,0.22416827082633972,-0.140695720911026,-0.22416827082633972
gaia,6359a0b1-8f7b-499b-9336-840f9ab90688,0.21821799874305725,-0.17290852963924408,-0.21821799874305725
gaia,7673d772-ef80-4f0f-a602-1bf4485c9b43,0.21703866124153137,-0.12377728521823883,-0.21703866124153137
gaia,cca530fc-4052-43b2-b130-b30968d8aa44,0.21702909469604492,-0.15932607650756836,-0.21702909469604492
gaia,5f982798-16b9-4051-ab57-cfc7ebdb2a91,0.1877424716949463,-0.05203280225396156,-0.1877424716949463
gaia,c714ab3a-da30-4603-bacd-d008800188b9,0.18635928630828857,0.1466059535741806,0.18635928630828857
gaia,cca70ce6-1952-45d2-acd4-80c903b0bc49,0.18076324462890625,-0.16826200485229492,-0.18076324462890625
gaia,ad2b4d70-9314-4fe6-bfbe-894a45f6055f,0.18007370829582214,0.1202983483672142,-0.18007370829582214
gaia,6f37996b-2ac7-44b0-8e68-6d28256631b4,0.1784037947654724,0.19390647113323212,0.1784037947654724
gaia,8d46b8d6-b38a-47ff-ac74-cda14cf2d19b,0.17773708701133728,-0.24642160534858704,-0.17773708701133728
gaia,ebbc1f13-d24d-40df-9068-adcf735b4240,0.17342019081115723,0.16864143311977386,-0.17342019081115723
gaia,3da89939-209c-4086-8520-7eb734e6b4ef,0.17038699984550476,0.040202196687459946,-0.17038699984550476
gaia,ecbc4f94-95a3-4cc7-b255-6741a458a625,0.1696300208568573,0.04023014381527901,-0.1696300208568573
gaia,853c8244-429e-46ca-89f2-addf40dfb2bd,0.16872450709342957,-0.023593321442604065,-0.16872450709342957
gaia,624cbf11-6a41-4692-af9c-36b3e5ca3130,0.15821979939937592,0.04644415155053139,-0.15821979939937592
gaia,7dd30055-0198-452e-8c25-f73dbe27dcb8,0.15748558938503265,0.22165490686893463,-0.15748558938503265
gaia,65afbc8a-89ca-4ad5-8d62-355bb401f61d,0.14844830334186554,0.03895269334316254,-0.14844830334186554
gaia,d700d50d-c707-4dca-90dc-4528cddd0c80,0.14380991458892822,0.15130020678043365,0.14380991458892822
gaia,1f975693-876d-457b-a649-393859e79bf3,0.14295291900634766,0.15784266591072083,-0.14295291900634766
gaia,46719c30-f4c3-4cad-be07-d5cb21eee6bb,0.14113286137580872,-0.04345390945672989,-0.14113286137580872
gaia,d0633230-7067-47a9-9dbf-ee11e0a2cdd6,0.13940122723579407,-0.01689358614385128,-0.13940122723579407
gaia,1dcc160f-c187-48c2-b68e-319bd4354f3d,0.13646703958511353,0.1103418692946434,-0.13646703958511353
gaia,d5141ca5-e7a0-469f-bf3e-e773507c86e2,0.13566958904266357,0.17409899830818176,-0.13566958904266357
gaia,ad37a656-079a-49f9-a493-7b739c9167d1,0.1333816647529602,-0.025105301290750504,0.1333816647529602
gaia,a7feb290-76bb-4cb7-8800-7edaf7954f2f,0.13215063512325287,-0.03236899524927139,-0.13215063512325287
gaia,c8b7e059-c60d-472e-ad64-3b04ae1166dc,0.1314064860343933,0.04945965111255646,-0.1314064860343933
gaia,b415aba4-4b68-4fc6-9b89-2c812e55a3e1,0.13035523891448975,0.083069808781147,-0.13035523891448975
gaia,2dfc4c37-fec1-4518-84a7-10095d30ad75,0.1286214292049408,-0.16083036363124847,-0.1286214292049408
gaia,dc22a632-937f-4e6a-b72f-ba0ff3f5ff97,0.12824654579162598,0.21033962070941925,-0.12824654579162598
gaia,7619a514-5fa8-43ef-9143-83b66a43d7a4,0.12812253832817078,0.09510289132595062,-0.12812253832817078
gaia,0bb3b44a-ede5-4db5-a520-4e844b0079c5,0.12689225375652313,0.14739103615283966,-0.12689225375652313
gaia,b2c257e0-3ad7-4f05-b8e3-d9da973be36e,0.1259821653366089,-0.1660882830619812,-0.1259821653366089
gaia,872bfbb1-9ccf-49f6-8c5f-aa22818ccd66,0.1243496984243393,0.06454825401306152,-0.1243496984243393
gaia,2b3ef98c-cc05-450b-a719-711aee40ac65,0.12370647490024567,0.20054838061332703,-0.12370647490024567
gaia,42d4198c-5895-4f0a-b0c0-424a66465d83,0.12274380028247833,-0.15075506269931793,-0.12274380028247833
gaia,50f58759-7bd6-406f-9b0d-5692beb2a926,0.11906158924102783,0.019357552751898766,-0.11906158924102783
gaia,8b3379c0-0981-4f5b-8407-6444610cb212,0.11843898892402649,0.18891505897045135,-0.11843898892402649
gaia,384d0dd8-e8a4-4cfe-963c-d37f256e7662,0.11655396223068237,0.1309232860803604,-0.11655396223068237
gaia,7cc4acfa-63fd-4acc-a1a1-e8e529e0a97f,0.11563383787870407,0.17785610258579254,0.11563383787870407
gaia,f0f46385-fc03-4599-b5d3-f56496c3e69f,0.11554004997015,0.3033379316329956,0.11554004997015
gaia,48eb8242-1099-4c26-95d4-ef22b002457a,0.11508450657129288,-0.1618882119655609,-0.11508450657129288
gaia,20194330-9976-4043-8632-f8485c6c71b2,0.10933997482061386,-0.045029353350400925,-0.10933997482061386
gaia,851e570a-e3de-4d84-bcfa-cc85578baa59,0.10507159680128098,-0.13614843785762787,-0.10507159680128098
gaia,d1af70ea-a9a4-421a-b9cc-94b5e02f1788,0.10290975868701935,0.21520617604255676,-0.10290975868701935
gaia,8131e2c0-0083-4265-9ce7-78c2d568425d,0.10281740874052048,0.16904126107692719,-0.10281740874052048
gaia,544b7f0c-173a-4377-8d56-57b36eb26ddf,0.10237038880586624,0.2307693064212799,0.10237038880586624
gaia,676e5e31-a554-4acc-9286-b60d90a92d26,0.10041195899248123,0.13581514358520508,-0.10041195899248123
gaia,983bba7c-c092-455f-b6c9-7857003d48fc,0.09972958266735077,0.22859707474708557,-0.09972958266735077
gaia,0a3cd321-3e76-4622-911b-0fda2e5d6b1a,0.09695450961589813,0.12594954669475555,-0.09695450961589813
gaia,9b54f9d9-35ee-4a14-b62f-d130ea00317f,0.09689560532569885,0.3397035002708435,-0.09689560532569885
gaia,bec74516-02fc-48dc-b202-55e78d0e17cf,0.09621165692806244,-0.166396826505661,-0.09621165692806244
gaia,50ec8903-b81f-4257-9450-1085afd2c319,0.09425268322229385,0.20191995799541473,0.09425268322229385
gaia,366e2f2b-8632-4ef2-81eb-bc3877489217,0.08935137093067169,0.17576883733272552,-0.08935137093067169
gaia,5b2a14e8-6e59-479c-80e3-4696e8980152,0.08845354616641998,0.08410699665546417,-0.08845354616641998
gaia,72e110e7-464c-453c-a309-90a95aed6538,0.08766628056764603,0.21104805171489716,-0.08766628056764603
gaia,3627a8be-a77f-41bb-b807-7e1bd4c0ebdf,0.08741313964128494,0.20786690711975098,0.08741313964128494
gaia,c365c1c7-a3db-4d5e-a9a1-66f56eae7865,0.08185113221406937,-0.02197883464396,-0.08185113221406937
gaia,e9a2c537-8232-4c3f-85b0-b52de6bcba99,0.081719771027565,-0.1721961796283722,-0.081719771027565
gaia,99c9cc74-fdc8-46c6-8f8d-3ce2d3bfeea3,0.08136726170778275,0.06789488345384598,-0.08136726170778275
gaia,114d5fd0-e2ae-4b6d-a65a-870da2d19c08,0.08117077499628067,0.13699592649936676,-0.08117077499628067
gaia,0b260a57-3f3a-4405-9f29-6d7a1012dbfb,0.08111268281936646,0.2205553948879242,-0.08111268281936646
gaia,4d51c4bf-4b0e-4f3d-897b-3f6687a7d9f2,0.08104021847248077,0.18612529337406158,-0.08104021847248077
gaia,bfcd99e1-0690-4b53-a85c-0174a8629083,0.07974611222743988,0.3003109395503998,-0.07974611222743988
gaia,db4fd70a-2d37-40ea-873f-9433dc5e301f,0.07927325367927551,-0.1151338517665863,-0.07927325367927551
gaia,4b6bb5f7-f634-410e-815d-e673ab7f8632,0.0783214345574379,0.20701353251934052,-0.0783214345574379
gaia,708b99c5-e4a7-49cb-a5cf-933c8d46470d,0.07784534245729446,0.2787104845046997,-0.07784534245729446
gaia,0512426f-4d28-49f0-be77-06d05daec096,0.07782421261072159,0.1907382309436798,-0.07782421261072159
gaia,5cfb274c-0207-4aa7-9575-6ac0bd95d9b2,0.07748950272798538,0.2120528668165207,0.07748950272798538
gaia,9e1fc53b-46ff-49a1-9d05-9e6faac34cc5,0.07734460383653641,0.07878478616476059,-0.07734460383653641
gaia,16d825ff-1623-4176-a5b5-42e0f5c2b0ac,0.07447631657123566,0.3006257116794586,-0.07447631657123566
gaia,9d191bce-651d-4746-be2d-7ef8ecadb9c2,0.07334646582603455,0.175968199968338,0.07334646582603455
gaia,b4cc024b-3f5e-480e-b96a-6656493255b5,0.07215330749750137,0.3484478294849396,-0.07215330749750137
gaia,f2feb6a4-363c-4c09-a804-0db564eafd68,0.07080702483654022,0.07691104710102081,-0.07080702483654022
gaia,076c8171-9b3b-49b9-a477-244d2a532826,0.0697123110294342,0.30714163184165955,0.0697123110294342
gaia,bda648d7-d618-4883-88f4-3466eabd860e,0.0696713849902153,0.17586159706115723,0.0696713849902153
gaia,cf106601-ab4f-4af9-b045-5295fe67b37d,0.06945346295833588,0.134918212890625,0.06945346295833588
gaia,08cae58d-4084-4616-b6dd-dd6534e4825b,0.06678608059883118,0.06960047036409378,-0.06678608059883118
gaia,b7f857e4-d8aa-4387-af2a-0e844df5b9d8,0.06612052768468857,0.23756520450115204,0.06612052768468857
gaia,0383a3ee-47a7-41a4-b493-519bdefe0488,0.06437051296234131,0.09217246621847153,-0.06437051296234131
gaia,e4e91f1c-1dcd-439e-9fdd-cb976f5293fd,0.06376031786203384,0.2572685778141022,-0.06376031786203384
gaia,3ff6b7a9-a5bd-4412-ad92-0cd0d45c0fee,0.06245069205760956,0.18470105528831482,0.06245069205760956
gaia,05407167-39ec-4d3a-a234-73a9120c325d,0.06212006136775017,0.08415398746728897,-0.06212006136775017
gaia,08c0b6e9-1b43-4c2e-ae55-4e3fce2c2715,0.06181895360350609,0.19570478796958923,-0.06181895360350609
gaia,33d8ea3b-6c6b-4ff1-803d-7e270dea8a57,0.061728186905384064,0.2468229979276657,0.061728186905384064
gaia,de9887f5-ead8-4727-876f-5a4078f8598c,0.06128906458616257,0.23914599418640137,-0.06128906458616257
gaia,e961a717-6b25-4175-8a68-874d28190ee4,0.05856919288635254,0.30060824751853943,0.05856919288635254
gaia,08f3a05f-5947-4089-a4c4-d4bcfaa6b7a0,0.05826292186975479,0.1365536004304886,0.05826292186975479
gaia,4d0aa727-86b1-406b-9b33-f870dd14a4a5,0.05747409164905548,0.23995770514011383,0.05747409164905548
gaia,d8152ad6-e4d5-4c12-8bb7-8d57dc10c6de,0.05364011228084564,0.10533580929040909,-0.05364011228084564
gaia,50ad0280-0819-4bd9-b275-5de32d3b5bcb,0.0520453006029129,0.040269460529088974,-0.0520453006029129
gaia,0a65cb96-cb6e-4a6a-8aae-c1084f613456,0.05164550989866257,0.12648409605026245,0.05164550989866257
gaia,389793a7-ca17-4e82-81cb-2b3a2391b4b9,0.051508501172065735,-0.09144939482212067,0.051508501172065735
gaia,14569e28-c88c-43e4-8c32-097d35b9a67d,0.0514405332505703,-0.11318744719028473,-0.0514405332505703
gaia,8e867cd7-cff9-4e6c-867a-ff5ddc2550be,0.051081061363220215,0.08648315817117691,-0.051081061363220215
gaia,a0c07678-e491-4bbc-8f0b-07405144218f,0.05037407577037811,0.03296181932091713,-0.05037407577037811
gaia,a26649c6-1cb2-470a-871e-6910c64c3e53,0.0495203360915184,0.08374199271202087,0.0495203360915184
gaia,f918266a-b3e0-4914-865d-4faa564f1aef,0.045944944024086,0.24353225529193878,0.045944944024086
gaia,42576abe-0deb-4869-8c63-225c2d75a95a,0.04307969659566879,0.3381926417350769,0.04307969659566879
gaia,5188369a-3bbe-43d8-8b94-11558f909a08,0.042674846947193146,0.2219683676958084,0.042674846947193146
gaia,cabe07ed-9eca-40ea-8ead-410ef5e83f91,0.04248499497771263,0.27711400389671326,-0.04248499497771263
gaia,cffe0e32-c9a6-4c52-9877-78ceb4aaa9fb,0.04063061624765396,0.31188738346099854,-0.04063061624765396
gaia,7b5377b0-3f38-4103-8ad2-90fe89864c04,0.04042768478393555,0.1906755268573761,0.04042768478393555
gaia,6b078778-0b90-464d-83f6-59511c811b01,0.04002898931503296,-0.12658697366714478,-0.04002898931503296
gaia,a1e91b78-d3d8-4675-bb8d-62741b4b68a6,0.03838523477315903,0.22141148149967194,0.03838523477315903
gaia,4fc2f1ae-8625-45b5-ab34-ad4433bc21f8,0.037808991968631744,0.2233171910047531,0.037808991968631744
gaia,023e9d44-96ae-4eed-b912-244ee8c3b994,0.03780145198106766,0.08551130443811417,-0.03780145198106766
gaia,65638e28-7f37-4fa7-b7b9-8c19bb609879,0.03735418617725372,0.20392422378063202,-0.03735418617725372
gaia,7bd855d8-463d-4ed5-93ca-5fe35145f733,0.0358683243393898,0.17477527260780334,0.0358683243393898
gaia,71345b0a-9c7d-4b50-b2bf-937ec5879845,0.03569965809583664,0.1539427936077118,-0.03569965809583664
gaia,56137764-b4e0-45b8-9c52-1866420c3df5,0.03513197600841522,0.3111150860786438,0.03513197600841522
gaia,e1fc63a2-da7a-432f-be78-7c4a95598703,0.03512689843773842,0.3160136938095093,-0.03512689843773842
gaia,0bdb7c40-671d-4ad1-9ce3-986b159c0ddc,0.03497840464115143,0.04694000259041786,-0.03497840464115143
gaia,e8cb5b03-41e0-4086-99e5-f6806cd97211,0.034682758152484894,0.19571466743946075,-0.034682758152484894
gaia,9f41b083-683e-4dcf-9185-ccfeaa88fa45,0.034608032554388046,-0.009618147276341915,-0.034608032554388046
gaia,c3a79cfe-8206-451f-aca8-3fec8ebe51d3,0.034485261887311935,-0.006824925541877747,-0.034485261887311935
gaia,a0068077-79f4-461a-adfe-75c1a4148545,0.03401708975434303,0.18892785906791687,-0.03401708975434303
gaia,7d4a7d1d-cac6-44a8-96e8-ea9584a70825,0.03217482939362526,0.25581321120262146,-0.03217482939362526
gaia,edd4d4f2-1a58-45c4-b038-67337af4e029,0.030249863862991333,0.21064777672290802,0.030249863862991333
gaia,23dd907f-1261-4488-b21c-e9185af91d5e,0.03022775985300541,0.12888799607753754,-0.03022775985300541
gaia,04a04a9b-226c-43fd-b319-d5e89743676f,0.02922612987458706,0.13012197613716125,-0.02922612987458706
gaia,0ff53813-3367-4f43-bcbd-3fd725c1bf4b,0.028508681803941727,0.2969134449958801,-0.028508681803941727
gaia,e2d69698-bc99-4e85-9880-67eaccd66e6c,0.02739148773252964,0.19641035795211792,-0.02739148773252964
gaia,65da0822-a48a-4a68-bbad-8ed1b835a834,0.026695573702454567,0.2847200632095337,-0.026695573702454567
gaia,ed58682d-bc52-4baa-9eb0-4eb81e1edacc,0.026268988847732544,-0.0051261489279568195,0.026268988847732544
gaia,da52d699-e8d2-4dc5-9191-a2199e0b6a9b,0.02580421045422554,0.2586785852909088,-0.02580421045422554
gaia,ec09fa32-d03f-4bf8-84b0-1f16922c3ae4,0.02475276216864586,0.050196193158626556,-0.02475276216864586
gaia,840bfca7-4f7b-481a-8794-c560c340185d,0.02266392856836319,0.05696200206875801,0.02266392856836319
gaia,00d579ea-0889-4fd9-a771-2c8d79835c8d,0.022254252806305885,0.026600085198879242,-0.022254252806305885
gaia,54612da3-fd56-4941-80f4-5eb82330de25,0.021146655082702637,0.3901662528514862,0.021146655082702637
gaia,f46b4380-207e-4434-820b-f32ce04ae2a4,0.02077920362353325,0.29533910751342773,-0.02077920362353325
gaia,e29834fd-413a-455c-a33e-c3915b07401c,0.02028263546526432,-0.11675452440977097,-0.02028263546526432
gaia,5d0080cb-90d7-4712-bc33-848150e917d3,0.019802749156951904,0.24702408909797668,0.019802749156951904
gaia,f3917a3d-1d17-4ee2-90c5-683b072218fe,0.019695263355970383,0.14029166102409363,-0.019695263355970383
gaia,2a649bb1-795f-4a01-b3be-9a01868dae73,0.01596367359161377,0.21262125670909882,-0.01596367359161377
gaia,67e8878b-5cef-4375-804e-e6291fdbe78a,0.015689227730035782,0.1560804694890976,-0.015689227730035782
gaia,5a0c1adf-205e-4841-a666-7c3ef95def9d,0.015035435557365417,0.2197151482105255,0.015035435557365417
gaia,a56f1527-3abf-41d6-91f8-7296d6336c3f,0.013347864151000977,0.15293411910533905,-0.013347864151000977
gaia,b816bfce-3d80-4913-a07d-69b752ce6377,0.0127292200922966,0.33181846141815186,-0.0127292200922966
gaia,56db2318-640f-477a-a82f-bc93ad13e882,0.012707732617855072,0.3842141628265381,0.012707732617855072
gaia,935e2cff-ae78-4218-b3f5-115589b19dae,0.011719584465026855,0.20404620468616486,-0.011719584465026855
gaia,32102e3e-d12a-4209-9163-7b3a104efe5d,0.011686950922012329,0.336668461561203,0.011686950922012329
gaia,73c1b9fe-ee1d-4cf4-96ca-35c08f97b054,0.011616598814725876,0.22212548553943634,0.011616598814725876
gaia,c61d22de-5f6c-4958-a7f6-5e9707bd3466,0.0114935003221035,0.15349668264389038,-0.0114935003221035
gaia,b9763138-c053-4832-9f55-86200cb1f99c,0.008907288312911987,0.12716330587863922,-0.008907288312911987
gaia,3cef3a44-215e-4aed-8e3b-b1e3f08063b7,0.008809622377157211,0.24515479803085327,0.008809622377157211
gaia,3f57289b-8c60-48be-bd80-01f8099ca449,0.008403211832046509,0.2794831693172455,0.008403211832046509
gaia,a3fbeb63-0e8c-4a11-bff6-0e3b484c3e9c,0.00839214026927948,0.02141164243221283,0.00839214026927948
gaia,87c610df-bef7-4932-b950-1d83ef4e282b,0.008037254214286804,0.2174980193376541,-0.008037254214286804
gaia,305ac316-eef6-4446-960a-92d80d542f82,0.005835186690092087,0.21916021406650543,-0.005835186690092087
gaia,17b5a6a3-bc87-42e8-b0fb-6ab0781ef2cc,0.0043263621628284454,0.1914503425359726,-0.0043263621628284454
gaia,e0c10771-d627-4fd7-9694-05348e54ee36,0.001868225634098053,0.08379823714494705,0.001868225634098053
gaia,4b650a35-8529-4695-89ed-8dc7a500a498,0.000493023544549942,0.14616161584854126,0.000493023544549942
online_mind2web,733f1d8bf79d5bc2240c5357f928ffff,0.4237961769104004,-0.03461013734340668,-0.4237961769104004
online_mind2web,96afb3c51146b0c2a9c55f039a5ea6d6,0.42324772477149963,-0.034742120653390884,-0.42324772477149963
online_mind2web,92160852a6bbbc165cee4e14ab0b1d59,0.422649085521698,-0.028922073543071747,-0.422649085521698
online_mind2web,7e1047f4803237f319c004f7a7f6bccb,0.42233380675315857,-0.03475387021899223,-0.42233380675315857
online_mind2web,7fff82864f21ddeccf4104a220892824,0.4223068952560425,-0.03134622052311897,-0.4223068952560425
online_mind2web,949dc965a6c23a95663b3bc2ca2c3a8a,0.4222005605697632,-0.03699514642357826,-0.4222005605697632
online_mind2web,c801d1c951f59297f526bab84fa86c6e,0.4220965802669525,-0.031255245208740234,-0.4220965802669525
online_mind2web,c43a7dccf5c44f7b45a821e712dd1970,0.42208269238471985,-0.03622618317604065,-0.42208269238471985
online_mind2web,239a29bde438fe44fe17fe1390ef1634,0.4219720661640167,-0.04237556457519531,-0.4219720661640167
online_mind2web,9d090a15c214eb070d9caa8a034d03c1,0.4214710593223572,-0.02937413938343525,-0.4214710593223572
online_mind2web,a13e4231a3d6a7000c622c56448d97ba,0.4214441478252411,-0.041074566543102264,-0.4214441478252411
online_mind2web,b3a7da968de13bbdcaed12ffe4993df6,0.4205422103404999,-0.04114394262433052,-0.4205422103404999
online_mind2web,59912927c1fddee6ded8a49986896bc2,0.41942867636680603,-0.0426582470536232,-0.41942867636680603
online_mind2web,f389398d2eeb29e5571e00439c57eb76,0.4168994426727295,-0.04987519979476929,-0.4168994426727295
online_mind2web,c8c1ff115879b3afd14280beb1559b13,0.41549384593963623,-0.052930865436792374,-0.41549384593963623
online_mind2web,0b838cd54f826c59c71f600c56b89a11,0.41542544960975647,-0.051777713000774384,-0.41542544960975647
online_mind2web,1ab384fb3a791edfb410213cc6b82151,0.41352716088294983,-0.029133647680282593,-0.41352716088294983
online_mind2web,1bc154377120ec15b18dbabdba49c741,0.4128696322441101,-0.05669386312365532,-0.4128696322441101
online_mind2web,824eb7bb0ef1ce40bfd49c12182d9428,0.41259583830833435,-0.031183285638689995,-0.41259583830833435
online_mind2web,f2be37a9a60fbc25b6b11cf622d17352,0.4095676839351654,-0.0396161824464798,-0.4095676839351654
online_mind2web,d5c34bf39eb6096ae5d439325cde4d32,0.39230313897132874,0.08681852370500565,0.39230313897132874
online_mind2web,816851ff92ff0219acf4364dcc2c4692_110325,0.3105359375476837,-0.02025868184864521,-0.3105359375476837
online_mind2web,c577a14301a725e09ccd269a3e0b271e_110325,0.3093143105506897,-0.01889568567276001,-0.3093143105506897
online_mind2web,9c97bab9c2abfb90a426cbe9addae8d0_110325,0.30738744139671326,-0.019065186381340027,-0.30738744139671326
online_mind2web,d730f4ff450da1bd60a836163736ef6a_110325,0.3071784973144531,-0.018427513539791107,-0.3071784973144531
online_mind2web,33bd2cdcea4fcc42a09a8a1e4e5841c6_110325,0.3071759343147278,-0.018406907096505165,-0.3071759343147278
online_mind2web,e7301bb694871429bf2eb36c3a72186c_110325,0.306723415851593,-0.01821538619697094,-0.306723415851593
online_mind2web,a0a18ca6a3529f3e97c771aadd42d3a0_110325,0.3062134385108948,-0.01979655586183071,-0.3062134385108948
online_mind2web,824eb7bb0ef1ce40bfd49c12182d9428_110325,0.3058204650878906,-0.02012120559811592,-0.3058204650878906
online_mind2web,62f1626ce249c31098854f8b38bdd6cf_110325,0.3051632344722748,-0.019322501495480537,-0.3051632344722748
online_mind2web,f2be37a9a60fbc25b6b11cf622d17352_110325,0.3040585517883301,-0.020680923014879227,-0.3040585517883301
online_mind2web,636b07af4dd97c1793733db1fd1b90b8_110325,0.30396154522895813,-0.017925672233104706,-0.30396154522895813
online_mind2web,2d5a7f95f951a26838289dfd629ae850_110325,0.3020831346511841,-0.021744366735219955,-0.3020831346511841
online_mind2web,3c1ffc3f494e423b3c434c79e35da8f3_110325,0.27939116954803467,0.029987117275595665,0.27939116954803467
online_mind2web,3adeea7627f4343069f38adae40f73d0_110325,0.278591513633728,0.026234149932861328,0.278591513633728
online_mind2web,e7f6cca9a8875f98fee3b711ead3a444_110325,0.27675262093544006,0.030373936519026756,0.27675262093544006
online_mind2web,afcebfed28bea091d58f49ea6cb8194b,0.2601715326309204,-0.02266867831349373,-0.2601715326309204
online_mind2web,b2f4fde2fce122a93c7b578086cb0585,0.25808289647102356,0.005655343644320965,-0.25808289647102356
online_mind2web,ef289e34a2f59a707cb07e2a6229ff03,0.256874680519104,-0.029729921370744705,-0.256874680519104
online_mind2web,8ae510355d978424f490798f900bfa2c,0.25465652346611023,-0.02638755366206169,-0.25465652346611023
online_mind2web,8244409b2c82043f966cad05f9afe132,0.2534770369529724,0.010764447040855885,-0.2534770369529724
online_mind2web,b3f8bd9198d9d157e0848109563c4b23,0.2518015205860138,-0.028727924451231956,-0.2518015205860138
online_mind2web,47e314cc452c540524ffb7cf520285a3,0.25164684653282166,-0.018613630905747414,-0.25164684653282166
online_mind2web,fcf4952d2a1d80ea505c555c3c3b54e7,0.2514791488647461,-0.027672646567225456,-0.2514791488647461
online_mind2web,ba2a469af584f16da93ce6a7430cf7e5,0.2512974143028259,-0.05018952488899231,-0.2512974143028259
online_mind2web,92a3d4236f167af4afdc08876a902ba6,0.25072646141052246,0.057363808155059814,0.25072646141052246
online_mind2web,eb2db4b769c145dbe6ba4f74f3e0de98,0.2495710551738739,-0.03214241564273834,-0.2495710551738739
online_mind2web,7e6993f2c5cd72c44809024f0bc85dc1,0.24904948472976685,-0.03719215467572212,-0.24904948472976685
online_mind2web,415bf9da6f3db3a735ecbba3b0c76c15,0.24904558062553406,-0.06912906467914581,-0.24904558062553406
online_mind2web,84f806c7fc15576673915f195efa72df,0.24719944596290588,-0.03349880501627922,-0.24719944596290588
online_mind2web,11857213ca01510f12813740afd59918,0.24703100323677063,0.004544735420495272,-0.24703100323677063
online_mind2web,eb323dc584156d0eb3a2b90bb8c4b791,0.24564549326896667,-0.010736998170614243,-0.24564549326896667
online_mind2web,a48e2f1ee8d87eaeea56fe5e730427e6,0.24507874250411987,-0.03189300745725632,-0.24507874250411987
online_mind2web,2fc51dd3febd447f0fdcdabca8d944ce,0.24465668201446533,-0.007550530601292849,-0.24465668201446533
online_mind2web,9af05e392cf3f5a8ff17aa764ba5bda6,0.243841290473938,-0.04989860951900482,-0.243841290473938
online_mind2web,561693d6eec7bbfba3fefe9e4b26decb,0.2420653998851776,0.05274802818894386,0.2420653998851776
online_mind2web,85b284c18d7e78c9b5a9e074e7aa3b98,0.24184668064117432,-0.04984581843018532,-0.24184668064117432
online_mind2web,7c09c2c7c87cf6bb1138701eb54284ea,0.24158543348312378,-0.08448442816734314,-0.24158543348312378
online_mind2web,3dca7cbe7d086619d837ff9f5312cebc,0.23990917205810547,-0.046626489609479904,-0.23990917205810547
online_mind2web,b7258ee05d75e6c50673a59914db412e,0.2382812798023224,-0.025470932945609093,-0.2382812798023224
online_mind2web,33bd2cdcea4fcc42a09a8a1e4e5841c6,0.23530903458595276,-0.04442685469985008,-0.23530903458595276
online_mind2web,636b07af4dd97c1793733db1fd1b90b8,0.23481574654579163,-0.07244465500116348,-0.23481574654579163
online_mind2web,8f2611047de227a2ca8bda13f6e2e5fb,0.23415815830230713,-0.038872431963682175,-0.23415815830230713
online_mind2web,d730f4ff450da1bd60a836163736ef6a,0.23402857780456543,-0.03853614255785942,-0.23402857780456543
online_mind2web,e7301bb694871429bf2eb36c3a72186c,0.2330215573310852,-0.02528289519250393,-0.2330215573310852
online_mind2web,07ec4a12cba8090e2dc524d558ac7675,0.23025944828987122,0.06733939796686172,0.23025944828987122
online_mind2web,b64f938af842f6a1b4489d0e49a785a7,0.2294536530971527,-0.06613564491271973,-0.2294536530971527
online_mind2web,79f0bd7df6e685f30f20025cc6755c0a,0.22066956758499146,-0.008740289136767387,-0.22066956758499146
online_mind2web,e4e19e04286f644d747d8c5a79d17fac,0.2092778980731964,0.14015237987041473,0.2092778980731964
online_mind2web,0e5536aaad9d3462b06cf725e6ed535a,0.20829913020133972,0.009084375575184822,-0.20829913020133972
online_mind2web,59b7b990b4828bc305ab0d7ed6071b55,0.20718804001808167,-0.010002012364566326,-0.20718804001808167
online_mind2web,3443e9c3151fef19a3c3a45eb2c13640,0.20537814497947693,-0.13890407979488373,-0.20537814497947693
online_mind2web,ec78d3a635e417bc2a80d03ca93d7165,0.20530486106872559,-0.012236407957971096,-0.20530486106872559
online_mind2web,9ed3827266b3b804f485859c3d00401e,0.20512279868125916,-0.013764376752078533,-0.20512279868125916
online_mind2web,c6c9dc6079677cef594cec2fa6b16602,0.2041129171848297,0.0028191690798848867,-0.2041129171848297
online_mind2web,157f4a79d55e8fa3fd55ba772ba40fbc,0.20402967929840088,0.01225641742348671,-0.20402967929840088
online_mind2web,fc53ddd3421411a41c1020a3fdc84ec4,0.2028394639492035,0.025238782167434692,-0.2028394639492035
online_mind2web,c03ee2be3d73556ab789c0ad1cbd3451,0.20186522603034973,-0.03519333899021149,-0.20186522603034973
online_mind2web,84ef883a37af638c3bcf7561f28ce80a,0.2018364667892456,-0.006718030199408531,-0.2018364667892456
online_mind2web,753f372c189d3b306623cb0c65b50320,0.20168697834014893,-0.01986672170460224,-0.20168697834014893
online_mind2web,0e42c3a73f2aece1f854e0ba55b7c8b0,0.20167171955108643,-0.011977022513747215,-0.20167171955108643
online_mind2web,367d843c640637745e8fafa741cca13b,0.2004757523536682,-0.0011019213125109673,-0.2004757523536682
online_mind2web,34ccd15a8ea8fd3895af83f5ccf62369,0.2002696394920349,0.04633194953203201,0.2002696394920349
online_mind2web,c073ac1bcf40f84c599affc97edbc396,0.19978082180023193,-0.04206220805644989,-0.19978082180023193
online_mind2web,301f267f421b93045874726183e8f722,0.19959229230880737,-0.039345696568489075,-0.19959229230880737
online_mind2web,e43cbc8a0bf9e999884928d11006f894,0.19540557265281677,-0.015430202707648277,-0.19540557265281677
online_mind2web,5dec0e6620849459f29e6465982c597e,0.1952650249004364,-0.055647242814302444,-0.1952650249004364
online_mind2web,a0a18ca6a3529f3e97c771aadd42d3a0,0.19460514187812805,0.016627373173832893,-0.19460514187812805
online_mind2web,f00e7accfb4a5e09680bdb326e6274ad,0.19376280903816223,0.03899574652314186,0.19376280903816223
online_mind2web,29526b17a32485742b5ab63507e99417,0.1933882236480713,0.06212235614657402,0.1933882236480713
online_mind2web,5d542a7ec1fa142ba73cc87d970caf39,0.19230076670646667,-0.06772951781749725,-0.19230076670646667
online_mind2web,199be0b54a436daee74247971fc684ee,0.18912875652313232,-0.0043772063218057156,-0.18912875652313232
online_mind2web,fd787623166785d84093565bf945fd24,0.18839505314826965,0.0901382714509964,0.18839505314826965
online_mind2web,1fc28d91d25ccd1c6ba268101326a654,0.1874701976776123,0.08831819891929626,0.1874701976776123
online_mind2web,c577a14301a725e09ccd269a3e0b271e,0.18720489740371704,-0.013239490799605846,-0.18720489740371704
online_mind2web,64b76158720a69e4a5c31a55d54928bf,0.18624162673950195,-0.09048712253570557,-0.18624162673950195
online_mind2web,64345c365f544375357c7b67917f08a0,0.1785965859889984,-0.053294092416763306,-0.1785965859889984
online_mind2web,e7f6cca9a8875f98fee3b711ead3a444,0.1781632900238037,0.05274881795048714,0.1781632900238037
online_mind2web,c1d6ea6f2196d25782cc3646ff3090db,0.1769043207168579,-0.09673692286014557,-0.1769043207168579
online_mind2web,b99c02965196d51e80ac7539e33f335b,0.1767212152481079,0.005799870006740093,-0.1767212152481079
online_mind2web,99daaed9a83c266341d28aa40067d376,0.1748763769865036,0.009795239195227623,-0.1748763769865036
online_mind2web,bb518416a786fdb9b9bbf0c78515595e,0.1723971962928772,-0.0036739809438586235,-0.1723971962928772
online_mind2web,2218042362d8fae73756eb309848c2b2,0.17197492718696594,-0.1376316249370575,-0.17197492718696594
online_mind2web,c2153fc053112e89c2f103869c4d6890,0.16930720210075378,0.01373685896396637,0.16930720210075378
online_mind2web,f27b393bbd2082f92b566270c4b74fe6,0.16800010204315186,-0.010910013690590858,-0.16800010204315186
online_mind2web,4464a8421f8bc8786524a499258dfad3,0.1675434410572052,-0.03081241436302662,-0.1675434410572052
online_mind2web,9829f3087ab1f9c8eba6b6dd2b831d25,0.16518241167068481,-0.02528013475239277,-0.16518241167068481
online_mind2web,43a1ca251f11c6b0bdd0379766cc49e6,0.1649232804775238,-0.022083133459091187,-0.1649232804775238
online_mind2web,255bf27c43fd3f9254d6b81a5f36d3a9,0.1616351157426834,-0.07196541130542755,-0.1616351157426834
online_mind2web,e9f4dfc67e0e6aa37f05f7cc5aa7428c,0.15897929668426514,-0.02808193489909172,-0.15897929668426514
online_mind2web,dd44c665cec1e9c929a4c5f074e7844a,0.1582147479057312,-0.02129940129816532,-0.1582147479057312
online_mind2web,26810ed9c123a62992e3eed31db3c5ee,0.1573045551776886,0.08701712638139725,0.1573045551776886
online_mind2web,d8e2a81fa621ce4737e5ea85671b630e,0.15647701919078827,-0.054405417293310165,-0.15647701919078827
online_mind2web,95cad96f2e43f3c0d8efad1331c77c8c,0.15556740760803223,0.13017749786376953,0.15556740760803223
online_mind2web,b6d10e9bd19b4009a02dea0e98f4e1ae,0.1553223729133606,0.10433991998434067,0.1553223729133606
online_mind2web,4f903626f632586fe4728d6664947bab,0.15465497970581055,-0.02600967325270176,-0.15465497970581055
online_mind2web,48c73f3f53e2611c4a1052457c1033db,0.15317654609680176,0.03327881917357445,-0.15317654609680176
online_mind2web,c3a333968fc3c43d7f2688f425a0d633,0.15102232992649078,-0.08879091590642929,-0.15102232992649078
online_mind2web,9d46ccb915eff39ee1ae1e7328f5f20d,0.15061336755752563,0.029109470546245575,-0.15061336755752563
online_mind2web,28e7574e7bd6d14f36d2988a5ef2bd23,0.14975669980049133,0.004614152945578098,-0.14975669980049133
online_mind2web,78baf9dbe7c3532f7d7ef4cc22a7f065,0.1476084589958191,0.015478577464818954,-0.1476084589958191
online_mind2web,0a54069a0ef542e571d1fee7f39c93d5,0.14744457602500916,0.0032750938553363085,-0.14744457602500916
online_mind2web,47bfe8a7e0e4e7efc837287b407fbe90,0.14684106409549713,0.03815889731049538,-0.14684106409549713
online_mind2web,d1970c16271496cbbe166ecbecc0a1d8,0.14606767892837524,-0.015405869111418724,-0.14606767892837524
online_mind2web,a5c87cc1c94a090c9a8dc2c8b6a125d0,0.14541326463222504,-0.021323392167687416,-0.14541326463222504
online_mind2web,207e933d1bba815bcb58664b5d82c085,0.1448889970779419,-0.029160097241401672,-0.1448889970779419
online_mind2web,c521933dad9c0ef9f1dfa2f38b8e4405,0.14421412348747253,0.05816999450325966,0.14421412348747253
online_mind2web,c00437fd76a7a83b57f3dc4e5dbc41f8,0.14417590200901031,-0.030191570520401,-0.14417590200901031
online_mind2web,75146b7b67388b9244e0f21a1527c022,0.14412963390350342,-0.03029531054198742,-0.14412963390350342
online_mind2web,a11ecdff735b51372d536c866011af6f,0.1423196792602539,0.035989899188280106,0.1423196792602539
online_mind2web,7072d09436972a5d5fe7476e3e9f1559,0.1410578191280365,-0.01727398671209812,-0.1410578191280365
online_mind2web,1c3b747ae12ccee895745f82e3f2ef8a,0.14019273221492767,-0.04697338491678238,-0.14019273221492767
online_mind2web,905cb53061c33aa2d77e485fe1fca516,0.13898207247257233,-0.034101177006959915,-0.13898207247257233
online_mind2web,ade4c09ad3fdb1607209750924cd232f,0.13605418801307678,0.06519567966461182,0.13605418801307678
online_mind2web,f158345f8489e0d1d91e28768c39bca1,0.13537892699241638,-0.08175898343324661,-0.13537892699241638
online_mind2web,f05e87c5b92d9869e08806103c1c15a1,0.13370239734649658,-0.030697518959641457,-0.13370239734649658
online_mind2web,db1ffb5e60578597d1c3aa3c389ac7b1,0.1300610899925232,-0.060249876230955124,-0.1300610899925232
online_mind2web,20a460a8fe1971b84411c5b1e6ac4186,0.12973323464393616,0.09346474707126617,0.12973323464393616
online_mind2web,39c388cdc468688c8139cc2bb5157c13,0.12759456038475037,0.04233292490243912,-0.12759456038475037
online_mind2web,7562d9b4e4829a44245aafce2e1f62db,0.12515360116958618,-0.11009550094604492,-0.12515360116958618
online_mind2web,bb5d90e6f2fbc0ae146f7c1998c2b4a1,0.12372220307588577,-0.019731950014829636,-0.12372220307588577
online_mind2web,ba01ea557b73f864c35ebba0dd6f3cb2,0.12368643283843994,-0.031149115413427353,-0.12368643283843994
online_mind2web,2c8ef01a92c71ba9ef2e59bb17eea2b3,0.11935192346572876,0.01893879473209381,-0.11935192346572876
online_mind2web,c8d7f2aa7eb5dd074c48c9f76f8659ad,0.11930307000875473,0.06091656535863876,0.11930307000875473
online_mind2web,0059adc6b12a3822305deb68929b2de8,0.11772745102643967,0.0567111037671566,0.11772745102643967
online_mind2web,2532fd402d3c741b79894e6ff2269f53,0.1175713762640953,0.09270240366458893,0.1175713762640953
online_mind2web,7211af65d266402f99499053924262e9,0.11552222073078156,-0.06258860975503922,-0.11552222073078156
online_mind2web,871e7771cecb989972f138ecc373107b,0.11494969576597214,0.0891752541065216,0.11494969576597214
online_mind2web,2e4e21cf1449c6894b17d571c47b77ea,0.11382441222667694,0.02923361398279667,-0.11382441222667694
online_mind2web,d02d236836924919f35f2438d9ed2374,0.11367958784103394,-0.09238635748624802,-0.11367958784103394
online_mind2web,1aeca99e6a60b0e3aefb3ef212bdce79,0.11343485862016678,0.044533468782901764,-0.11343485862016678
online_mind2web,e4e097222d13a2560db6f6892612dab6,0.11236350238323212,-0.013876443728804588,-0.11236350238323212
online_mind2web,4639a54f3ab549864fd8d60b7398b1e1,0.10929631441831589,-0.007395891472697258,-0.10929631441831589
online_mind2web,da8f3823a827c7d3a492f383808e7912,0.10907645523548126,-0.029285822063684464,-0.10907645523548126
online_mind2web,512fd4deab099b8dc0dcfc0ec48a3c63,0.10867901146411896,0.10763400048017502,-0.10867901146411896
online_mind2web,c181f903ec1107b850032c17cad88393,0.10805200040340424,-0.020029617473483086,-0.10805200040340424
online_mind2web,2207bb4f21786690cfed20b37253fb8b,0.10715826600790024,0.10259615629911423,0.10715826600790024
online_mind2web,b962927dfe03bf2274a54381127ed433,0.10631006211042404,0.07932082563638687,-0.10631006211042404
online_mind2web,0a0fa834ce41b5297c6474293383759d,0.10469385981559753,0.07573790103197098,-0.10469385981559753
online_mind2web,47186fac8e7c7277af01144644eb4e0b,0.10413233935832977,-0.02967834286391735,-0.10413233935832977
online_mind2web,c7c07ec10c668625a21ba64165d719bb,0.10250865668058395,0.037004850804805756,-0.10250865668058395
online_mind2web,c39d6c245f8243993e707d54d2f4acec,0.10025187581777573,0.04081115126609802,-0.10025187581777573
online_mind2web,c94551d2b18f9ad0ab31b0bd98ca42e3,0.0999542772769928,0.08640312403440475,-0.0999542772769928
online_mind2web,fe33894188d20d7469f37a9fd855e7ff,0.09965705871582031,0.0028374074026942253,-0.09965705871582031
online_mind2web,6b5be1764692d1dc8f17dc4375b2daa8,0.09764281660318375,0.08879626542329788,0.09764281660318375
online_mind2web,b69eb4de621e9e265676daac44938f3f,0.09748948365449905,0.01363267283886671,-0.09748948365449905
online_mind2web,005be9dd91c95669d6ddde9ae667125c,0.0965634360909462,0.006449072156101465,-0.0965634360909462
online_mind2web,c0fa2c0e622971955cabf5bcf7b777e8,0.09484729915857315,0.007213544566184282,0.09484729915857315
online_mind2web,62c8d970b3d13891f355911e5a8f4030,0.09452705085277557,0.07512611150741577,-0.09452705085277557
online_mind2web,4091bdd3fa64a5b0d912bc08eaf9c824,0.09375739842653275,0.06759027391672134,0.09375739842653275
online_mind2web,cf757a775fa1224acfc7998489e199a8,0.09244143962860107,0.018306676298379898,-0.09244143962860107
online_mind2web,eb323dc584156d0eb3a2b90bb8c4b791_110325,0.09237638115882874,0.002496433909982443,-0.09237638115882874
online_mind2web,f707d765bca668830745d20807d7bee6,0.09214917570352554,0.04272584617137909,-0.09214917570352554
online_mind2web,e43cbc8a0bf9e999884928d11006f894_110325,0.09167490899562836,0.011059797368943691,-0.09167490899562836
online_mind2web,c698ff3fc0f6cbce39947c597ab5749b,0.09113318473100662,0.0748409703373909,0.09113318473100662
online_mind2web,330cd04c773ac498f51afa4665461ec8,0.09043645858764648,-0.05509553477168083,-0.09043645858764648
online_mind2web,987bad7c6d4726d64232a8a1c3386888,0.09028905630111694,0.05359242856502533,-0.09028905630111694
online_mind2web,1df24ec81137386d6476bcf343a79012,0.08944518864154816,0.02296997606754303,-0.08944518864154816
online_mind2web,8fdec8eeffd3491e6526cc78c028120b,0.0892769917845726,0.038460616022348404,0.0892769917845726
online_mind2web,cfafe3771369d1d261e9f7ecd44c296d,0.08927188813686371,0.038532473146915436,-0.08927188813686371
online_mind2web,01abae9608f2d8752a83e08f136f720c,0.08907289057970047,-0.0723276287317276,-0.08907289057970047
online_mind2web,2c8ef01a92c71ba9ef2e59bb17eea2b3_110325,0.08904082328081131,0.018228381872177124,0.08904082328081131
online_mind2web,aafd1fddea1558466ac6133934d35156,0.08845534920692444,0.030618950724601746,-0.08845534920692444
online_mind2web,87f4c5128e36cdb9366a138a7b61bb00,0.08807338029146194,0.014844454824924469,-0.08807338029146194
online_mind2web,27fa3ac20745d3d35e89fae157f63069,0.08777236193418503,0.032335009425878525,-0.08777236193418503
online_mind2web,4d3157aab34b54e5f0c4b965dfe930f3,0.08722810447216034,0.02237570472061634,-0.08722810447216034
online_mind2web,d8e2a81fa621ce4737e5ea85671b630e_110325,0.08710058778524399,-0.006700808648020029,-0.08710058778524399
online_mind2web,1ab384fb3a791edfb410213cc6b82151_110325,0.08666627109050751,-0.010416289791464806,-0.08666627109050751
online_mind2web,0a0fa834ce41b5297c6474293383759d_110325,0.08656583726406097,-0.02105719968676567,-0.08656583726406097
online_mind2web,816851ff92ff0219acf4364dcc2c4692,0.08577054738998413,0.021959984675049782,-0.08577054738998413
online_mind2web,0b2623e9fa5cea997f76490bcbc5220f,0.08487395942211151,0.09443330019712448,-0.08487395942211151
online_mind2web,d4fb78b7e74508cd3b33f01cf9200997,0.08323957026004791,-0.022598152980208397,-0.08323957026004791
online_mind2web,0b51b4fa0295ae80ccd176ebdad6fff6,0.08310186862945557,-0.012805970385670662,-0.08310186862945557
online_mind2web,75a1b5dcd2c28508a971d98d51fe5767,0.0829751268029213,0.0729018896818161,0.0829751268029213
online_mind2web,8f2611047de227a2ca8bda13f6e2e5fb_110325,0.08294585347175598,-0.019657133147120476,-0.08294585347175598
online_mind2web,c3307a70bb12ebf56cc9ec926b368f15,0.08276664465665817,0.06169496476650238,0.08276664465665817
online_mind2web,b7258ee05d75e6c50673a59914db412e_110325,0.08273519575595856,-0.010224352590739727,-0.08273519575595856
online_mind2web,5e1b8254c123c80178cc28e0afdb14f0_110325,0.08261416107416153,0.019540870562195778,0.08261416107416153
online_mind2web,a172a5d9ffaf5ef02bd550ec4fe24e6d,0.08236885815858841,0.026122501119971275,0.08236885815858841
online_mind2web,dd44c665cec1e9c929a4c5f074e7844a_110325,0.08232937008142471,-0.012295353226363659,-0.08232937008142471
online_mind2web,64345c365f544375357c7b67917f08a0_110325,0.08232613652944565,0.005204397719353437,-0.08232613652944565
online_mind2web,05483c50cc9b04c8ac44c574758fb2bd,0.08209820836782455,0.0835532546043396,-0.08209820836782455
online_mind2web,47b93b9e649eadeb8d96a6e3df715c2d,0.08175420016050339,0.1364387571811676,0.08175420016050339
online_mind2web,79f0bd7df6e685f30f20025cc6755c0a_110325,0.08173762261867523,-0.019744886085391045,-0.08173762261867523
online_mind2web,dcd26e662a616d373ddd339747c6ce5b,0.08137305080890656,0.06108987703919411,-0.08137305080890656
online_mind2web,1223b07536a87e0170ff87cbbebd1d3c,0.07987713068723679,0.046166859567165375,-0.07987713068723679
online_mind2web,56f8890a837c49f7df766b9c981646f3,0.07891940325498581,-0.03455067053437233,0.07891940325498581
online_mind2web,52efbab520734ef9bf7c09ba0f62cdc8,0.07784280925989151,0.08984102308750153,0.07784280925989151
online_mind2web,16200f51d63f0a47a58fa17acd49e368,0.07739172130823135,0.13383355736732483,0.07739172130823135
online_mind2web,3dca7cbe7d086619d837ff9f5312cebc_110325,0.07737021893262863,0.03729463741183281,0.07737021893262863
online_mind2web,8f80e64e44e1fada018997b2fe869683_110325,0.07651694864034653,0.028479639440774918,0.07651694864034653
online_mind2web,502e864440283214e0180645015f568b,0.07625961303710938,0.04289601370692253,-0.07625961303710938
online_mind2web,d9d8b7d84a3f8d057e368254fe8d65e2,0.07608775049448013,0.032740332186222076,-0.07608775049448013
online_mind2web,9f1cba613830ca1c6a58f9498c06e679_110325,0.07320515811443329,0.006728752516210079,-0.07320515811443329
online_mind2web,fe33894188d20d7469f37a9fd855e7ff_110325,0.07177626341581345,0.04797762632369995,0.07177626341581345
online_mind2web,fa9adb815b85d259f943d81874a052e5,0.07103618234395981,0.03813135623931885,-0.07103618234395981
online_mind2web,26a0e5c21c145dd8448aa92f35bec5ea,0.06914005428552628,0.037080615758895874,0.06914005428552628
online_mind2web,0632e496d37badee0350dad358f047c5,0.06771164387464523,0.04168698564171791,0.06771164387464523
online_mind2web,50d91eabde542906937ab4c5b6f8f23a,0.0675840824842453,-0.035104744136333466,-0.0675840824842453
online_mind2web,d7c955b47af68e01766fa86d0bee08a7,0.0674796774983406,-0.03138013929128647,-0.0674796774983406
online_mind2web,6b2cfae0ef25c73d1224b6ab74cb8b63,0.06715913116931915,0.0726381465792656,-0.06715913116931915
online_mind2web,9586827ad04ee2362f4f0076bf0f0468,0.06695033609867096,0.04895418882369995,0.06695033609867096
online_mind2web,3ae28b3c440efe87dc700480b78ac608,0.06654688715934753,0.002127147512510419,-0.06654688715934753
online_mind2web,d1807551297ac60ecaaabbd2a2ed301a,0.06597096472978592,0.02201664447784424,-0.06597096472978592
online_mind2web,271b36efd4346721b5542488ff997042,0.06565665453672409,-0.04550124332308769,-0.06565665453672409
online_mind2web,547f5729c59d5d12a457a3ebb74c31c6,0.06521555781364441,0.008759254589676857,-0.06521555781364441
online_mind2web,3ec0f6138d37fadcb989347a6088ec45,0.06469156593084335,0.00033476707176305354,0.06469156593084335
online_mind2web,b922508886ded315c9835457a6eb43ea,0.06461891531944275,0.11379551887512207,-0.06461891531944275
online_mind2web,4c572a627b53b0f9a734ab37f21819b8,0.06449750065803528,0.011687573976814747,-0.06449750065803528
online_mind2web,3adeea7627f4343069f38adae40f73d0,0.06427034735679626,-0.00398385152220726,-0.06427034735679626
online_mind2web,cad62d2be0c53f08a416457486b3db23,0.06340046972036362,0.06704093515872955,-0.06340046972036362
online_mind2web,4e0f5561a76478da87995dee00b09572,0.06065502017736435,0.08670603483915329,0.06065502017736435
online_mind2web,690d7b4a285fdb1e9dabf973bf46ae4d,0.06036924570798874,0.07306049764156342,-0.06036924570798874
online_mind2web,070c907d34a4ce71dfdbea38f9c5d4d8,0.059685543179512024,0.03512878343462944,-0.059685543179512024
online_mind2web,6174e5ddd40cfbdc33ee1502f40bac39,0.058670319616794586,0.03538293391466141,-0.058670319616794586
online_mind2web,bf3b311cc8dce16d3de844f4b5875dfd,0.058381885290145874,0.03893827274441719,0.058381885290145874
online_mind2web,63d6866fc000fcb1f153e07604bd1395,0.05818208307027817,0.027741240337491035,-0.05818208307027817
online_mind2web,323bd85e3559655d89e5496b951a25e8,0.05729101598262787,0.14220701158046722,0.05729101598262787
online_mind2web,123e8c2fc453f55fadd1d0b9aaf94df4,0.05493439361453056,-0.017340585589408875,-0.05493439361453056
online_mind2web,3c1ffc3f494e423b3c434c79e35da8f3,0.05485965311527252,-0.10622213780879974,-0.05485965311527252
online_mind2web,9c97bab9c2abfb90a426cbe9addae8d0,0.054547522217035294,-0.03017544187605381,-0.054547522217035294
online_mind2web,ce616721ce9aeda69890fbccb29677a6,0.0540098175406456,0.01912587322294712,0.0540098175406456
online_mind2web,8689af4d33ce00bf2cdd8987d3bbfd86,0.053399279713630676,0.05408811941742897,-0.053399279713630676
online_mind2web,3084bc225219fcb73dc1cb0f97276c1c,0.053193703293800354,-0.02714923955500126,-0.053193703293800354
online_mind2web,be9e7dca1222714571ef3d7d59d2a41c,0.05274730175733566,-0.007536927238106728,-0.05274730175733566
online_mind2web,4e3f6a538cc1f7321cfc50260db9545d,0.0525132417678833,0.17882604897022247,0.0525132417678833
online_mind2web,9bb63ad0e38d5691a618932a8b31c05a,0.04973188415169716,0.045234788209199905,-0.04973188415169716
online_mind2web,bbbc243b4f18a7a897f0bc84e11d293f,0.04848112165927887,0.14232094585895538,0.04848112165927887
online_mind2web,23204728192da9f73197a613d9681c18,0.04704555869102478,0.06133856251835823,0.04704555869102478
online_mind2web,6ebde509dca8f15c0fa1bd74f071e8d6,0.0461781769990921,-0.04970067739486694,-0.0461781769990921
online_mind2web,8ea6c3a2ea3f59150619935261a76d19,0.04566672444343567,0.06523081660270691,0.04566672444343567
online_mind2web,9ef1a8972f375db59c0e6329e11b7939,0.04422026872634888,-0.03196178004145622,-0.04422026872634888
online_mind2web,b320c68bffc1f3c7f2a8dc9d5478fb27,0.04356847703456879,0.061160728335380554,0.04356847703456879
online_mind2web,9b5dfe54a1c14c5c6336bae7374c3bb5,0.04349491745233536,-0.057374000549316406,-0.04349491745233536
online_mind2web,e3ab665e01e7632ce33ac1aeca14aff6,0.04201829433441162,0.022213544696569443,-0.04201829433441162
online_mind2web,26784156ae9859a0dd6c5920eb106f91,0.041920505464076996,0.13732345402240753,0.041920505464076996
online_mind2web,bb314cb80f0f8489135cbf59074d11e2,0.04165744036436081,0.0948590561747551,-0.04165744036436081
online_mind2web,354b4ddf048815f8fd4163d0d7e1aaa3,0.041385114192962646,0.056620895862579346,0.041385114192962646
online_mind2web,f27c0a7b8b0bb33d37698dff227fc8d7,0.04066690802574158,0.015212207101285458,0.04066690802574158
online_mind2web,662ae0f2d3ac851dbcdd245f908277e3,0.039849817752838135,0.1348533034324646,-0.039849817752838135
online_mind2web,9f1cba613830ca1c6a58f9498c06e679,0.03919263184070587,-0.00431530736386776,0.03919263184070587
online_mind2web,82eb3bfedd78456a0230b389f4e7a938,0.039187610149383545,0.078480564057827,0.039187610149383545
online_mind2web,5916018d1cad999881018cac1216a692,0.039152584969997406,0.08650963753461838,0.039152584969997406
online_mind2web,bc2ce7f206045dd2d322e5695a947219,0.038627274334430695,0.08429281413555145,0.038627274334430695
online_mind2web,d71be72aa25c3eab8eea47a0e60382e2,0.038238778710365295,0.03374815359711647,-0.038238778710365295
online_mind2web,461ab9b0c7b20ac5f912704480979c65,0.03787939250469208,0.09976375848054886,-0.03787939250469208
online_mind2web,515f2e5811cfdd5e0e669e40f17886d8,0.03718943148851395,0.03559489548206329,-0.03718943148851395
online_mind2web,828c2d98616a9478d5864d847d5a1b28,0.03705964982509613,0.03813505917787552,-0.03705964982509613
online_mind2web,246d654fab7c31d9651007e39e75f74f,0.03675335645675659,-0.030610429123044014,-0.03675335645675659
online_mind2web,864244b6969e0f8733b0eb1ca06cd51f,0.03527071326971054,0.05560323968529701,0.03527071326971054
online_mind2web,8f80e64e44e1fada018997b2fe869683,0.03461267799139023,0.032318949699401855,-0.03461267799139023
online_mind2web,60cbbbd58eb9d28b053aef945f464228,0.0342673659324646,0.07932908833026886,0.0342673659324646
online_mind2web,4e801ba102dfaf22c7cf7a126b107609,0.034204788506031036,0.028759194537997246,-0.034204788506031036
online_mind2web,62f1626ce249c31098854f8b38bdd6cf,0.03389434143900871,-0.02474609948694706,-0.03389434143900871
online_mind2web,5c00e9561eae94789443f405525a5869,0.032594963908195496,0.06273035705089569,0.032594963908195496
online_mind2web,9d09bc948462db032bac98968b11b008,0.03258492797613144,0.12949137389659882,0.03258492797613144
online_mind2web,fb7b4f784cfde003e2548fdf4e8d6b4f,0.03253984451293945,0.04213597625494003,0.03253984451293945
online_mind2web,a69d2934fe54fef165490a5a2d95bf38,0.03242262825369835,-0.016744464635849,-0.03242262825369835
online_mind2web,b4aa7315e31dfcdc52baf7771be260c9,0.03229890018701553,-0.008290134370326996,-0.03229890018701553
online_mind2web,180ed2ec377ef3a4af9035a21522091a,0.030706675723195076,0.039621490985155106,-0.030706675723195076
online_mind2web,3ef64f34eae59c9fac7ee9a4f18b4a0c,0.03049474209547043,0.20264732837677002,0.03049474209547043
online_mind2web,7b182a5087347d494b48a29dbc0f1d3e,0.030369507148861885,-0.0857534259557724,-0.030369507148861885
online_mind2web,07bdc595306729a028ba06cc7451a80a,0.029592590406537056,-0.010972869582474232,-0.029592590406537056
online_mind2web,1b867afecf072cb877ebfa4069263746,0.029132787138223648,0.05207303538918495,-0.029132787138223648
online_mind2web,a7a73c8fa75441fc76df9746c327bdd6,0.028020258992910385,-0.046714846044778824,-0.028020258992910385
online_mind2web,442a450e696a96085257db6297891a4d,0.027654018253087997,0.09624297171831131,-0.027654018253087997
online_mind2web,f2097f92a10d42a842c14179f422311e,0.02502259612083435,0.06735274195671082,0.02502259612083435
online_mind2web,34992feb69eb8e788faa06868b365c49,0.02469862625002861,0.051982104778289795,-0.02469862625002861
online_mind2web,046138801a05ddf56ad94e8672942496,0.024552829563617706,-0.0927826538681984,-0.024552829563617706
online_mind2web,ab6ee3b83aab6cd283320f5e01003cff,0.02443656697869301,0.013575238175690174,-0.02443656697869301
online_mind2web,6db4a0e346976f2729ba9afcd3208941,0.02383255958557129,0.04274836555123329,-0.02383255958557129
online_mind2web,8103786e0e5976ebf961bd062d5f39cd,0.023569326847791672,0.0027358701918274164,-0.023569326847791672
online_mind2web,aa4b5cb7114fcc138ade82b4b9716d24,0.023326724767684937,-0.040244463831186295,-0.023326724767684937
online_mind2web,71f8de1834599fba443f40dbbfab8edd,0.022822536528110504,0.026007216423749924,0.022822536528110504
online_mind2web,2dd41b1d0e8f389d0683f4a4627abfe6,0.0226883701980114,0.09870176762342453,-0.0226883701980114
online_mind2web,2d5a7f95f951a26838289dfd629ae850,0.022333964705467224,-0.03116748481988907,-0.022333964705467224
online_mind2web,3f312ae3efc3c3e90ababe050dd4e7ae,0.021914474666118622,0.05387228727340698,0.021914474666118622
online_mind2web,5e4e89c9b6fdaee7a41aca5601b82e04,0.021894939243793488,0.18067814409732819,0.021894939243793488
online_mind2web,0170ca95038b05fa58d463fe627ac605,0.021578773856163025,0.10075261443853378,0.021578773856163025
online_mind2web,853afd530c72f4b00ffc32ae854efaf8,0.0192498117685318,0.0305173359811306,0.0192498117685318
online_mind2web,73d08420706ae205a9c5be28b6d4e80f,0.01898285746574402,0.010743309743702412,0.01898285746574402
online_mind2web,627f7a18d85f29a687234f1ade4585c2,0.01708095520734787,-0.01986945979297161,0.01708095520734787
online_mind2web,c09721cc937d4dcfb391a0bc2c574b28,0.016257457435131073,-0.02803274244070053,-0.016257457435131073
online_mind2web,a6f0434ce6aff5f9b03681241b03ad82,0.0153094083070755,0.094558484852314,-0.0153094083070755
online_mind2web,11abb668c751dd56bb41f296a8bb3a13,0.014566473662853241,0.12176498770713806,0.014566473662853241
online_mind2web,2c20d87a046fadcb6ff07ee877bfbf37,0.01219579204916954,0.18329459428787231,-0.01219579204916954
online_mind2web,3621b099326c7aebd2e2dac6be3b52d1,0.011790677905082703,0.06224077567458153,0.011790677905082703
online_mind2web,644a856c3897665e475e0dce50bf217d,0.011643975973129272,0.07244178652763367,-0.011643975973129272
online_mind2web,29b7372d5a3884a2ba831af2d117af3c,0.011283472180366516,0.08265949040651321,0.011283472180366516
online_mind2web,a8b9edd598561d2de901864d5f40fe67,0.011063341051340103,0.052629388868808746,-0.011063341051340103
online_mind2web,4c186c6ed888d0c8d4cf4adb39443080,0.011027596890926361,0.059827953577041626,0.011027596890926361
online_mind2web,d1807551297ac60ecaaabbd2a2ed301a_110325,0.010350555181503296,0.03181566298007965,-0.010350555181503296
online_mind2web,5e1b8254c123c80178cc28e0afdb14f0,0.009640328586101532,-0.03460283949971199,-0.009640328586101532
online_mind2web,2fc51dd3febd447f0fdcdabca8d944ce_110325,0.009372763335704803,-0.015267545357346535,0.009372763335704803
online_mind2web,783ce6a3499fa7cf25bc12f8f0ecbbbb,0.00898154079914093,0.09415215998888016,-0.00898154079914093
online_mind2web,6ca20f1da01edeb49a7a42c816d8c6fe,0.008357733488082886,0.09514199197292328,0.008357733488082886
online_mind2web,b1ce968a361e1088ce8d2ade6c2c9af0,0.008102308958768845,0.028503356501460075,-0.008102308958768845
online_mind2web,d9a8689393effeed75ea0866e44e1def,0.007885977625846863,-0.0714426189661026,0.007885977625846863
online_mind2web,608c595eec271fa5dc03506923519994,0.007761668413877487,0.09770917892456055,-0.007761668413877487
online_mind2web,b7a9a6b5d451164c09bbd27b670bc2ae,0.005276989191770554,0.10920723527669907,-0.005276989191770554
online_mind2web,65c4030f22fb6eb101acfee4825f1318,0.005130831152200699,0.1372356116771698,-0.005130831152200699
online_mind2web,78f397336b6fd1cbba0127db7a8cd502,0.005043819546699524,0.00840882770717144,-0.005043819546699524
online_mind2web,a96fca87a17d792644e736d1d10d3cbe,0.004784192889928818,0.07616580277681351,-0.004784192889928818
online_mind2web,7680a920359cb1a508fbddb001b98167,0.004387371242046356,0.05741589516401291,-0.004387371242046356
online_mind2web,502e864440283214e0180645015f568b_110325,0.004290517419576645,0.01987561583518982,-0.004290517419576645
online_mind2web,d392e154c1c6ffbb26e2331c3afafc67,0.003973182290792465,0.09452272206544876,-0.003973182290792465
online_mind2web,e24662008c3be5d56f986f232fcec447,0.003487102687358856,0.0019745035097002983,-0.003487102687358856
online_mind2web,bd1e3770b7181f6fce9c35e18caa9785,0.002769753336906433,-0.05662408471107483,0.002769753336906433
online_mind2web,199be0b54a436daee74247971fc684ee_110325,0.00240117684006691,0.0034326594322919846,-0.00240117684006691
online_mind2web,7abdceee212151f187ee1a1744c57606,0.0011766999959945679,0.139724463224411,0.0011766999959945679
online_mind2web,11857213ca01510f12813740afd59918_110325,0.000996917486190796,0.019532794132828712,0.000996917486190796
online_mind2web,15be05973fba714e490cd9c884e4f072,0.0006074979901313782,-0.005809922236949205,-0.0006074979901313782
online_mind2web,38203be65401943aea2179c4c680059a,0.0005902610719203949,0.026485439389944077,0.0005902610719203949
online_mind2web,9c04b71bb8db6cf8e743b2290cbc8797,0.0005021989345550537,0.05452780798077583,-0.0005021989345550537
online_mind2web,bfa2de159be6978acf2702be31a2eeeb,0.00021812692284584045,0.10411502420902252,0.00021812692284584045
online_mind2web,7be8cd8dba885cddd9af5320f49bc41b,0.0001317337155342102,0.01689901575446129,-0.0001317337155342102
scicode,24,0.5531061291694641,-0.024914443492889404,-0.5531061291694641
scicode,17,0.5526252388954163,-0.025192255154252052,-0.5526252388954163
scicode,58,0.5518235564231873,-0.024897154420614243,-0.5518235564231873
scicode,45,0.5511056780815125,-0.024257630109786987,-0.5511056780815125
scicode,69,0.5506138801574707,-0.024413960054516792,-0.5506138801574707
scicode,48,0.5503430366516113,-0.024437416344881058,-0.5503430366516113
scicode,79,0.550264298915863,-0.024625636637210846,-0.550264298915863
scicode,67,0.5501576662063599,-0.023930624127388,-0.5501576662063599
scicode,62,0.5500341653823853,-0.024301424622535706,-0.5500341653823853
scicode,23,0.5497123003005981,-0.023667778819799423,-0.5497123003005981
scicode,52,0.5496200919151306,-0.023819783702492714,-0.5496200919151306
scicode,65,0.5496135950088501,-0.023875100538134575,-0.5496135950088501
scicode,18,0.5495090484619141,-0.02404271624982357,-0.5495090484619141
scicode,2,0.5494109392166138,-0.02406165562570095,-0.5494109392166138
scicode,11,0.5494080781936646,-0.02358650416135788,-0.5494080781936646
scicode,60,0.5492926836013794,-0.023068765178322792,-0.5492926836013794
scicode,28,0.5491633415222168,-0.02359769120812416,-0.5491633415222168
scicode,72,0.5490959286689758,-0.023872070014476776,-0.5490959286689758
scicode,40,0.5488576889038086,-0.023844843730330467,-0.5488576889038086
scicode,77,0.5486879348754883,-0.023823820054531097,-0.5486879348754883
scicode,21,0.5486791133880615,-0.024022409692406654,-0.5486791133880615
scicode,66,0.5484776496887207,-0.023737721145153046,-0.5484776496887207
scicode,41,0.5483832359313965,-0.02365541085600853,-0.5483832359313965
scicode,71,0.5483617186546326,-0.023740410804748535,-0.5483617186546326
scicode,26,0.548263669013977,-0.0237069521099329,-0.548263669013977
scicode,35,0.548237681388855,-0.024006392806768417,-0.548237681388855
scicode,80,0.5481246113777161,-0.023118911311030388,-0.5481246113777161
scicode,50,0.5481087565422058,-0.02370263636112213,-0.5481087565422058
scicode,68,0.547973096370697,-0.023438232019543648,-0.547973096370697
scicode,33,0.5479313731193542,-0.024083338677883148,-0.5479313731193542
scicode,32,0.5478515625,-0.023598171770572662,-0.5478515625
scicode,73,0.5478231310844421,-0.023601708933711052,-0.5478231310844421
scicode,37,0.5475713014602661,-0.0235544815659523,-0.5475713014602661
scicode,57,0.5475120544433594,-0.023578189313411713,-0.5475120544433594
scicode,54,0.5472897887229919,-0.023320050910115242,-0.5472897887229919
scicode,12,0.547259509563446,-0.02374064177274704,-0.547259509563446
scicode,42,0.5472577810287476,-0.023399593308568,-0.5472577810287476
scicode,22,0.5470904111862183,-0.023589884862303734,-0.5470904111862183
scicode,63,0.5469889640808105,-0.02341463975608349,-0.5469889640808105
scicode,27,0.546919584274292,-0.02320539578795433,-0.546919584274292
scicode,59,0.5467954277992249,-0.023290690034627914,-0.5467954277992249
scicode,9,0.5467468500137329,-0.023122811689972878,-0.5467468500137329
scicode,13,0.5467384457588196,-0.023449184373021126,-0.5467384457588196
scicode,34,0.5467349886894226,-0.02310156263411045,-0.5467349886894226
scicode,5,0.5467222332954407,-0.02337670512497425,-0.5467222332954407
scicode,31,0.5467166304588318,-0.023174528032541275,-0.5467166304588318
scicode,39,0.5465835928916931,-0.023287907242774963,-0.5465835928916931
scicode,76,0.5465105772018433,-0.023867040872573853,-0.5465105772018433
scicode,46,0.5462559461593628,-0.02348022535443306,-0.5462559461593628
scicode,55,0.5458914041519165,-0.02330111153423786,-0.5458914041519165
scicode,75,0.5457826852798462,-0.02294720895588398,-0.5457826852798462
scicode,64,0.5455272197723389,-0.023128340020775795,-0.5455272197723389
scicode,43,0.5454791188240051,-0.023266417905688286,-0.5454791188240051
scicode,61,0.54531329870224,-0.023095211014151573,-0.54531329870224
scicode,14,0.2582729458808899,0.06053035333752632,-0.2582729458808899
scicode,15,0.23885606229305267,0.01991569623351097,-0.23885606229305267
scicode,30,0.21814052760601044,0.05082692950963974,-0.21814052760601044
scicode,8,0.21670961380004883,0.07831081748008728,-0.21670961380004883
scicode,16,0.17943312227725983,0.11630019545555115,-0.17943312227725983
scicode,36,0.14913126826286316,0.14424744248390198,-0.14913126826286316
scicode,25,0.1066603809595108,0.1648588627576828,-0.1066603809595108
scicode,56,0.10323905944824219,0.20555032789707184,-0.10323905944824219
scicode,53,0.08942797780036926,0.13947367668151855,-0.08942797780036926
scicode,20,0.08478467166423798,0.17417925596237183,-0.08478467166423798
scicode,74,0.009190499782562256,0.2079508751630783,-0.009190499782562256
scienceagentbench,62,0.4497581124305725,-0.038790758699178696,-0.4497581124305725
scienceagentbench,32,0.44610506296157837,-0.03897453472018242,-0.44610506296157837
scienceagentbench,37,0.445883572101593,-0.037453893572092056,-0.445883572101593
scienceagentbench,43,0.44551122188568115,-0.0379345566034317,-0.44551122188568115
scienceagentbench,30,0.4452167749404907,-0.04266935959458351,-0.4452167749404907
scienceagentbench,72,0.444973886013031,-0.04074021056294441,-0.444973886013031
scienceagentbench,31,0.4448671340942383,-0.037463344633579254,-0.4448671340942383
scienceagentbench,78,0.4447253942489624,-0.03795535862445831,-0.4447253942489624
scienceagentbench,21,0.44449669122695923,-0.03702903538942337,-0.44449669122695923
scienceagentbench,64,0.4443051218986511,-0.0361572690308094,-0.4443051218986511
scienceagentbench,2,0.44405072927474976,-0.03677355498075485,-0.44405072927474976
scienceagentbench,34,0.44402557611465454,-0.03698230907320976,-0.44402557611465454
scienceagentbench,65,0.4437359571456909,-0.03617602586746216,-0.4437359571456909
scienceagentbench,15,0.4435536861419678,-0.03621051460504532,-0.4435536861419678
scienceagentbench,29,0.4435427784919739,-0.037199050188064575,-0.4435427784919739
scienceagentbench,60,0.44341737031936646,-0.03716076537966728,-0.44341737031936646
scienceagentbench,26,0.4433709979057312,-0.03744562342762947,-0.4433709979057312
scienceagentbench,9,0.4432741403579712,-0.0369715690612793,-0.4432741403579712
scienceagentbench,12,0.44287109375,-0.03633149713277817,-0.44287109375
scienceagentbench,1,0.44286173582077026,-0.03664880245923996,-0.44286173582077026
scienceagentbench,36,0.4428558349609375,-0.03597445413470268,-0.4428558349609375
scienceagentbench,8,0.4428099989891052,-0.037787072360515594,-0.4428099989891052
scienceagentbench,10,0.44255149364471436,-0.03989603742957115,-0.44255149364471436
scienceagentbench,95,0.44247400760650635,-0.038598354905843735,-0.44247400760650635
scienceagentbench,5,0.4424075484275818,-0.03909793868660927,-0.4424075484275818
scienceagentbench,59,0.44225794076919556,-0.03633970394730568,-0.44225794076919556
scienceagentbench,22,0.44163769483566284,-0.03701905533671379,-0.44163769483566284
scienceagentbench,61,0.4414294362068176,-0.038966432213783264,-0.4414294362068176
scienceagentbench,67,0.4411810040473938,-0.03712771087884903,-0.4411810040473938
scienceagentbench,87,0.44115960597991943,-0.03533058241009712,-0.44115960597991943
scienceagentbench,74,0.4401492476463318,-0.041005466133356094,-0.4401492476463318
scienceagentbench,68,0.4393630623817444,-0.03930743783712387,-0.4393630623817444
scienceagentbench,44,0.43767619132995605,-0.04124847799539566,-0.43767619132995605
scienceagentbench,92,0.2438419759273529,-0.021210145205259323,-0.2438419759273529
scienceagentbench,75,0.24271102249622345,-0.018014101311564445,-0.24271102249622345
scienceagentbench,85,0.2370752990245819,-0.014333825558423996,-0.2370752990245819
scienceagentbench,70,0.23705163598060608,-0.06456492096185684,-0.23705163598060608
scienceagentbench,24,0.23086360096931458,-0.05406080558896065,-0.23086360096931458
scienceagentbench,101,0.22609946131706238,-0.06151195988059044,-0.22609946131706238
scienceagentbench,25,0.22390344738960266,-0.06549488753080368,-0.22390344738960266
scienceagentbench,63,0.21955856680870056,-0.05766710638999939,-0.21955856680870056
scienceagentbench,47,0.21816642582416534,-0.08328674733638763,-0.21816642582416534
scienceagentbench,56,0.21640974283218384,-0.08378195017576218,-0.21640974283218384
scienceagentbench,42,0.21518005430698395,-0.07857643067836761,-0.21518005430698395
scienceagentbench,35,0.20851705968379974,-0.0620034821331501,-0.20851705968379974
scienceagentbench,7,0.19067372381687164,0.029873192310333252,-0.19067372381687164
scienceagentbench,52,0.1906643807888031,0.02259758859872818,-0.1906643807888031
scienceagentbench,98,0.18042075634002686,-0.012315124273300171,-0.18042075634002686
scienceagentbench,89,0.16043123602867126,-0.08053737133741379,-0.16043123602867126
scienceagentbench,102,0.15761378407478333,-0.07056865096092224,-0.15761378407478333
scienceagentbench,93,0.15487554669380188,-0.14328907430171967,-0.15487554669380188
scienceagentbench,94,0.15184389054775238,0.08833717554807663,0.15184389054775238
scienceagentbench,86,0.14576506614685059,0.0031988651026040316,-0.14576506614685059
scienceagentbench,58,0.13114674389362335,0.03961930423974991,-0.13114674389362335
scienceagentbench,77,0.13053040206432343,-0.16807863116264343,-0.13053040206432343
scienceagentbench,91,0.130208820104599,-0.09647224098443985,-0.130208820104599
scienceagentbench,97,0.12826544046401978,-0.11105267703533173,-0.12826544046401978
scienceagentbench,54,0.12449654936790466,-0.12478205561637878,-0.12449654936790466
scienceagentbench,48,0.12088511139154434,-0.0015678317286074162,-0.12088511139154434
scienceagentbench,55,0.10673783719539642,-0.05590413883328438,-0.10673783719539642
scienceagentbench,33,0.10542692989110947,-0.08741340041160583,-0.10542692989110947
scienceagentbench,53,0.09530314803123474,-0.013129565864801407,0.09530314803123474
scienceagentbench,4,0.0933118686079979,-0.1037798523902893,-0.0933118686079979
scienceagentbench,3,0.09264498949050903,-0.10231291502714157,0.09264498949050903
scienceagentbench,80,0.09067603945732117,-0.018981225788593292,0.09067603945732117
scienceagentbench,45,0.08432021737098694,0.03139456734061241,0.08432021737098694
scienceagentbench,27,0.08277560770511627,0.08983079344034195,-0.08277560770511627
scienceagentbench,6,0.08228623867034912,-0.019787762314081192,-0.08228623867034912
scienceagentbench,69,0.08015912771224976,-0.04587132856249809,0.08015912771224976
scienceagentbench,49,0.07973974943161011,-0.023303914815187454,-0.07973974943161011
scienceagentbench,81,0.073311448097229,-0.00021456372633110732,-0.073311448097229
scienceagentbench,71,0.07308393716812134,-0.03618331253528595,-0.07308393716812134
scienceagentbench,66,0.07230690866708755,0.03879266232252121,-0.07230690866708755
scienceagentbench,50,0.07059444487094879,-0.05024076625704765,-0.07059444487094879
scienceagentbench,84,0.06883727014064789,-0.14841371774673462,-0.06883727014064789
scienceagentbench,17,0.06867584586143494,-0.00855895783752203,-0.06867584586143494
scienceagentbench,57,0.06803350150585175,0.23149152100086212,0.06803350150585175
scienceagentbench,88,0.06562536954879761,0.024954479187726974,-0.06562536954879761
scienceagentbench,100,0.06477196514606476,0.08158262073993683,-0.06477196514606476
scienceagentbench,51,0.06425623595714569,0.010224638506770134,-0.06425623595714569
scienceagentbench,41,0.05893740430474281,0.18886147439479828,-0.05893740430474281
scienceagentbench,16,0.05607827380299568,0.0605047307908535,-0.05607827380299568
scienceagentbench,13,0.052066441625356674,0.02307528257369995,-0.052066441625356674
scienceagentbench,96,0.0393373966217041,-0.06764007359743118,0.0393373966217041
scienceagentbench,73,0.028376281261444092,0.16769936680793762,0.028376281261444092
scienceagentbench,40,0.027625426650047302,0.08751801401376724,-0.027625426650047302
scienceagentbench,38,0.022764310240745544,0.01617507077753544,-0.022764310240745544
scienceagentbench,83,0.021540530025959015,-0.14200647175312042,-0.021540530025959015
scienceagentbench,99,0.020594507455825806,-0.01606234721839428,-0.020594507455825806
scienceagentbench,76,0.01957063376903534,0.036595847457647324,0.01957063376903534
scienceagentbench,20,0.018786616623401642,0.07582090049982071,-0.018786616623401642
scienceagentbench,14,0.017522387206554413,-0.004672374576330185,-0.017522387206554413
scienceagentbench,28,0.015621982514858246,-0.14489178359508514,-0.015621982514858246
scienceagentbench,79,0.011890657246112823,0.10401883721351624,0.011890657246112823
scienceagentbench,18,0.009112372994422913,0.12898166477680206,-0.009112372994422913
scienceagentbench,11,0.009056024253368378,0.1919749528169632,-0.009056024253368378
scienceagentbench,23,0.006568774580955505,-0.046825893223285675,-0.006568774580955505
scienceagentbench,39,0.006029963493347168,-0.00018630246631801128,-0.006029963493347168
scienceagentbench,82,0.00533168762922287,-0.050277069211006165,0.00533168762922287
scienceagentbench,46,0.0036645233631134033,-0.01755180023610592,-0.0036645233631134033
scienceagentbench,90,0.0034211501479148865,0.04120255261659622,0.0034211501479148865
scienceagentbench,19,0.002860642969608307,-0.0015693021705374122,-0.002860642969608307
swebench_verified_mini,django__django-12406,0.9103063344955444,-0.5131999850273132,-0.9103063344955444
swebench_verified_mini,sphinx-doc__sphinx-7590,0.9097293615341187,-0.4929322600364685,-0.9097293615341187
swebench_verified_mini,sphinx-doc__sphinx-7748,0.9067009091377258,-0.4973601996898651,-0.9067009091377258
swebench_verified_mini,sphinx-doc__sphinx-7985,0.905317485332489,-0.5092736482620239,-0.905317485332489
swebench_verified_mini,sphinx-doc__sphinx-9229,0.9020620584487915,-0.4562389850616455,-0.9020620584487915
swebench_verified_mini,sphinx-doc__sphinx-8056,0.8722009062767029,-0.5092505812644958,-0.8722009062767029
swebench_verified_mini,sphinx-doc__sphinx-11510,0.8653861284255981,-0.363163024187088,-0.8653861284255981
swebench_verified_mini,django__django-11885,0.8622444868087769,-0.38068363070487976,-0.8622444868087769
swebench_verified_mini,django__django-12273,0.8460203409194946,-0.33840256929397583,-0.8460203409194946
swebench_verified_mini,sphinx-doc__sphinx-8265,0.7942800521850586,-0.08865935355424881,-0.7942800521850586
swebench_verified_mini,sphinx-doc__sphinx-8548,0.7891624569892883,-0.16162343323230743,-0.7891624569892883
swebench_verified_mini,sphinx-doc__sphinx-9461,0.7887597680091858,-0.24169182777404785,-0.7887597680091858
swebench_verified_mini,sphinx-doc__sphinx-10435,0.7055654525756836,-0.26404160261154175,-0.7055654525756836
swebench_verified_mini,django__django-12308,0.5165836215019226,0.06417053192853928,-0.5165836215019226
swebench_verified_mini,django__django-12325,0.44675642251968384,-0.08330948650836945,-0.44675642251968384
swebench_verified_mini,django__django-12304,0.40547409653663635,0.5335910320281982,-0.40547409653663635
swebench_verified_mini,sphinx-doc__sphinx-8551,0.3696131110191345,0.1266058385372162,-0.3696131110191345
swebench_verified_mini,django__django-11964,0.3562653660774231,0.03281044214963913,-0.3562653660774231
swebench_verified_mini,sphinx-doc__sphinx-8638,0.32353800535202026,-0.19484291970729828,-0.32353800535202026
swebench_verified_mini,sphinx-doc__sphinx-9230,0.3177160918712616,0.45154455304145813,-0.3177160918712616
swebench_verified_mini,sphinx-doc__sphinx-10673,0.3018367886543274,0.20584560930728912,-0.3018367886543274
swebench_verified_mini,sphinx-doc__sphinx-7757,0.27522343397140503,0.47438257932662964,-0.27522343397140503
swebench_verified_mini,django__django-12708,0.2698754668235779,0.7902230620384216,-0.2698754668235779
swebench_verified_mini,sphinx-doc__sphinx-8035,0.2648821473121643,0.3429320454597473,-0.2648821473121643
swebench_verified_mini,sphinx-doc__sphinx-10323,0.22122551500797272,0.1591445654630661,-0.22122551500797272
swebench_verified_mini,django__django-12774,0.22119149565696716,0.5033898949623108,-0.22119149565696716
swebench_verified_mini,django__django-12039,0.20912569761276245,0.4138570725917816,-0.20912569761276245
swebench_verified_mini,django__django-11848,0.1907101571559906,0.15736010670661926,-0.1907101571559906
swebench_verified_mini,django__django-12209,0.190172478556633,0.6618573665618896,-0.190172478556633
swebench_verified_mini,sphinx-doc__sphinx-9281,0.19001561403274536,0.2147316187620163,-0.19001561403274536
swebench_verified_mini,sphinx-doc__sphinx-10466,0.18694272637367249,0.633392333984375,-0.18694272637367249
swebench_verified_mini,sphinx-doc__sphinx-8475,0.18225660920143127,0.5607923269271851,-0.18225660920143127
swebench_verified_mini,sphinx-doc__sphinx-9367,0.18064813315868378,0.8478880524635315,-0.18064813315868378
swebench_verified_mini,sphinx-doc__sphinx-9320,0.1805596947669983,0.6930236220359802,-0.1805596947669983
swebench_verified_mini,django__django-12193,0.1693863570690155,-0.1039913073182106,-0.1693863570690155
swebench_verified_mini,sphinx-doc__sphinx-8269,0.16754797101020813,0.6291777491569519,-0.16754797101020813
swebench_verified_mini,django__django-11815,0.16158676147460938,0.5495622158050537,-0.16158676147460938
swebench_verified_mini,django__django-12713,0.16137950122356415,0.7456210255622864,-0.16137950122356415
swebench_verified_mini,django__django-12155,0.15041828155517578,0.7344672083854675,-0.15041828155517578
swebench_verified_mini,django__django-12262,0.14748814702033997,0.652727484703064,-0.14748814702033997
swebench_verified_mini,django__django-11999,0.14337575435638428,0.6625156402587891,-0.14337575435638428
swebench_verified_mini,sphinx-doc__sphinx-8721,0.14286088943481445,0.6480944156646729,-0.14286088943481445
swebench_verified_mini,sphinx-doc__sphinx-9698,0.13844625651836395,0.7653986215591431,-0.13844625651836395
swebench_verified_mini,django__django-12050,0.13618654012680054,0.8899909853935242,-0.13618654012680054
swebench_verified_mini,django__django-11790,0.1208730936050415,0.04566008225083351,-0.1208730936050415
swebench_verified_mini,django__django-12143,0.11117467284202576,0.681948184967041,-0.11117467284202576
swebench_verified_mini,django__django-11880,0.08632157742977142,0.8250895142555237,-0.08632157742977142
swebench_verified_mini,django__django-11951,0.07771748304367065,0.6825138926506042,-0.07771748304367065
swebench_verified_mini,django__django-12276,0.062021404504776,0.6638889312744141,-0.062021404504776
swebench_verified_mini,django__django-9296,0.03001563251018524,0.8354008197784424,-0.03001563251018524
taubench_airline,25,0.5124140977859497,-0.10225426405668259,-0.5124140977859497
taubench_airline,9,0.5100669264793396,-0.10825332254171371,-0.5100669264793396
taubench_airline,19,0.2947014570236206,-0.11102696508169174,-0.2947014570236206
taubench_airline,2,0.2705843150615692,-0.15838512778282166,-0.2705843150615692
taubench_airline,23,0.193098783493042,0.0076110935769975185,-0.193098783493042
taubench_airline,42,0.16932979226112366,0.10362797230482101,0.16932979226112366
taubench_airline,32,0.15631255507469177,0.16466651856899261,-0.15631255507469177
taubench_airline,28,0.13758036494255066,0.09071599692106247,-0.13758036494255066
taubench_airline,22,0.13038915395736694,0.05906059592962265,-0.13038915395736694
taubench_airline,45,0.12250438332557678,-0.15878935158252716,-0.12250438332557678
taubench_airline,18,0.11630276590585709,-0.07244589179754257,0.11630276590585709
taubench_airline,8,0.1117078885436058,-0.17915436625480652,-0.1117078885436058
taubench_airline,12,0.1109708920121193,0.15895715355873108,0.1109708920121193
taubench_airline,38,0.10388960689306259,0.0129496855661273,0.10388960689306259
taubench_airline,49,0.09277708828449249,0.04263152927160263,0.09277708828449249
taubench_airline,36,0.08978713303804398,-0.10922133177518845,0.08978713303804398
taubench_airline,10,0.08823846280574799,0.013412123546004295,-0.08823846280574799
taubench_airline,33,0.0805298238992691,-0.01067677978426218,-0.0805298238992691
taubench_airline,46,0.08038055896759033,0.12144844233989716,-0.08038055896759033
taubench_airline,26,0.07691097259521484,0.11156078428030014,-0.07691097259521484
taubench_airline,35,0.07530591636896133,-0.11690378189086914,0.07530591636896133
taubench_airline,3,0.07262149453163147,-0.07503630220890045,-0.07262149453163147
taubench_airline,31,0.06467145681381226,0.21083249151706696,-0.06467145681381226
taubench_airline,43,0.06024889647960663,0.18934203684329987,0.06024889647960663
taubench_airline,5,0.05369119346141815,0.31281566619873047,-0.05369119346141815
taubench_airline,27,0.04973272979259491,-0.04990602657198906,-0.04973272979259491
taubench_airline,17,0.04527854919433594,-0.1719430685043335,-0.04527854919433594
taubench_airline,34,0.0447239875793457,0.035522643476724625,-0.0447239875793457
taubench_airline,41,0.04049082100391388,0.17619076371192932,0.04049082100391388
taubench_airline,47,0.034845635294914246,0.07297038286924362,-0.034845635294914246
taubench_airline,48,0.031633153557777405,0.04969492182135582,0.031633153557777405
taubench_airline,37,0.03046034649014473,0.004662198480218649,0.03046034649014473
taubench_airline,16,0.026774238795042038,-0.1260783076286316,-0.026774238795042038
taubench_airline,24,0.02349764108657837,0.11339222639799118,0.02349764108657837
taubench_airline,7,0.022683054208755493,0.19902624189853668,0.022683054208755493
taubench_airline,1,0.021411966532468796,0.34793901443481445,0.021411966532468796
taubench_airline,11,0.020502997562289238,0.017410721629858017,-0.020502997562289238
taubench_airline,39,0.019387008622288704,0.03060760535299778,-0.019387008622288704
taubench_airline,6,0.017483696341514587,0.3148404061794281,-0.017483696341514587
taubench_airline,44,0.012203043326735497,0.0621686689555645,-0.012203043326735497
taubench_airline,15,0.008230150677263737,-0.2608565092086792,-0.008230150677263737
taubench_airline,20,0.0072705671191215515,0.07471051812171936,0.0072705671191215515
taubench_airline,29,0.007163854315876961,0.057637784630060196,-0.007163854315876961
taubench_airline,4,0.006909456104040146,0.19004563987255096,0.006909456104040146
taubench_airline,14,0.006813632324337959,0.2774154245853424,-0.006813632324337959
taubench_airline,30,0.006455743685364723,-0.04327259212732315,-0.006455743685364723
taubench_airline,40,0.0059252046048641205,0.008132122457027435,-0.0059252046048641205
taubench_airline,0,0.003695335239171982,0.07220904529094696,0.003695335239171982
taubench_airline,13,0.0032358653843402863,0.16840094327926636,0.0032358653843402863
taubench_airline,21,0.00016540847718715668,-0.015579954721033573,0.00016540847718715668
usaco,344_silver_crowded_cows,0.44657838344573975,-0.0005713067366741598,-0.44657838344573975
usaco,647_gold_248,0.44648873805999756,-0.0005646064528264105,-0.44648873805999756
usaco,794_platinum_sprinklers,0.4458111822605133,-0.0005130749777890742,-0.4458111822605133
usaco,813_gold_snow_boots,0.44559624791145325,-0.0004523448005784303,-0.44559624791145325
usaco,278_bronze_bovine_ballet,0.44559037685394287,-0.0005134510574862361,-0.44559037685394287
usaco,108_silver_mountain_climbing,0.4455457627773285,-0.0005087084136903286,-0.4455457627773285
usaco,1090_gold_telephone,0.4455324411392212,-0.00048440133105032146,-0.4455324411392212
usaco,87_bronze_cow_beauty_pageant_(bronze_level),0.4455234408378601,-0.00046844343887642026,-0.4455234408378601
usaco,918_silver_sleepy_cow_herding,0.4454139769077301,-0.0004582995316013694,-0.4454139769077301
usaco,945_gold_snakes,0.44534388184547424,-0.0005271388217806816,-0.44534388184547424
usaco,130_bronze_cows_in_a_row,0.44531071186065674,-0.0004974948824383318,-0.44531071186065674
usaco,832_bronze_milking_order,0.44524338841438293,-0.000511634221766144,-0.44524338841438293
usaco,1136_silver_acowdemia,0.4452350437641144,-0.0004988914006389678,-0.4452350437641144
usaco,763_silver_milk_measurement,0.44519978761672974,-0.0004894455196335912,-0.44519978761672974
usaco,376_bronze_ski_course_design,0.4451984465122223,-0.00048720231279730797,-0.4451984465122223
usaco,940_bronze_milk_factory,0.4451686143875122,-0.0004893600707873702,-0.4451686143875122
usaco,1068_platinum_sleeping_cows,0.44516682624816895,-0.00048713007709011436,-0.44516682624816895
usaco,1204_bronze_photoshoot_2,0.44515758752822876,-0.0004907363327220082,-0.44515758752822876
usaco,1279_silver_following_directions,0.44513362646102905,-0.0004936784971505404,-0.44513362646102905
usaco,1085_bronze_just_stalling,0.4451327919960022,-0.0005102500435896218,-0.4451327919960022
usaco,966_silver_moobuzz,0.4451121687889099,-0.0005042731645517051,-0.4451121687889099
usaco,766_gold_barn_painting,0.44510939717292786,-0.0004825112991966307,-0.44510939717292786
usaco,436_gold_fair_photography,0.4450361728668213,-0.00046430405927821994,-0.4450361728668213
usaco,94_bronze_hay_bales,0.44500723481178284,-0.0004691591311711818,-0.44500723481178284
usaco,1131_bronze_acowdemia_i,0.44500532746315,-0.00045818122453056276,-0.44500532746315
usaco,1109_bronze_clockwise_fence,0.4450024664402008,-0.0004923085798509419,-0.4450024664402008
usaco,988_bronze_photoshoot,0.44499602913856506,-0.00044580985559150577,-0.44499602913856506
usaco,787_silver_rental_service,0.44499194622039795,-0.00045917712850496173,-0.44499194622039795
usaco,125_silver_flowerpot,0.4449816048145294,-0.0004935283213853836,-0.4449816048145294
usaco,1260_platinum_breakdown,0.44498157501220703,-0.00043682180694304407,-0.44498157501220703
usaco,1133_bronze_acowdemia_iii,0.44497767090797424,-0.00047038577031344175,-0.44497767090797424
usaco,1021_platinum_equilateral_triangles,0.44497597217559814,-0.00045462496927939355,-0.44497597217559814
usaco,1113_gold_stone_game,0.4449674189090729,-0.0004809502570424229,-0.4449674189090729
usaco,865_platinum_sort_it_out,0.4449334144592285,-0.0004537652130238712,-0.4449334144592285
usaco,1138_gold_portals,0.4449302852153778,-0.00045471880002878606,-0.4449302852153778
usaco,809_bronze_taming_the_herd,0.44489437341690063,-0.0004895615275017917,-0.44489437341690063
usaco,834_silver_out_of_sorts,0.4448888301849365,-0.0004881143104285002,-0.4448888301849365
usaco,1181_bronze_drought,0.44487494230270386,-0.00047407450620085,-0.44487494230270386
usaco,417_silver_mooo_moo,0.4448670446872711,-0.000489143596496433,-0.4448670446872711
usaco,210_silver_milk_routing,0.44484707713127136,-0.00043651758460327983,-0.44484707713127136
usaco,243_bronze_perimeter,0.44483450055122375,-0.00044625852024182677,-0.44483450055122375
usaco,120_gold_nearby_cows,0.44482678174972534,-0.0004449790285434574,-0.44482678174972534
usaco,786_silver_lifeguards,0.44481927156448364,-0.00047449025441892445,-0.44481927156448364
usaco,105_bronze_grazing_patterns,0.44478434324264526,-0.00046748921158723533,-0.44478434324264526
usaco,99_silver_umbrellas_for_cows,0.44477924704551697,-0.00047182553680613637,-0.44477924704551697
usaco,401_gold_cow_decathlon,0.4447787404060364,-0.00047835413715802133,-0.4447787404060364
usaco,554_gold_trapped_in_the_haybales_(gold),0.444778174161911,-0.00043041721801273525,-0.444778174161911
usaco,1111_silver_year_of_the_cow,0.4447679817676544,-0.00045208868687041104,-0.4447679817676544
usaco,1255_silver_circular_barn,0.44476693868637085,-0.0004479714552871883,-0.44476693868637085
usaco,553_gold_palindromic_paths,0.4447626769542694,-0.0004639238177333027,-0.4447626769542694
usaco,759_bronze_blocked_billboard,0.4447251558303833,-0.00047401440679095685,-0.4447251558303833
usaco,394_bronze_mirror_field,0.44472500681877136,-0.0004648345638997853,-0.44472500681877136
usaco,1112_silver_just_green_enough,0.4446956515312195,-0.0004672775976359844,-0.4446956515312195
usaco,379_silver_bessie_slows_down,0.4446943402290344,-0.0004521602240856737,-0.4446943402290344
usaco,947_gold_balancing_inversions,0.4446789622306824,-0.000446357938926667,-0.4446789622306824
usaco,1067_gold_square_pasture,0.4446711242198944,-0.00046648684656247497,-0.4446711242198944
usaco,855_bronze_mixing_milk,0.44466057419776917,-0.00045915087684988976,-0.44466057419776917
usaco,643_silver_diamond_collector,0.44465768337249756,-0.0004725006001535803,-0.44465768337249756
usaco,860_silver_mooyo_mooyo,0.444656103849411,-0.0004356428107712418,-0.444656103849411
usaco,1087_silver_no_time_to_paint,0.44464758038520813,-0.0004298828134778887,-0.44464758038520813
usaco,811_silver_snow_boots,0.44464272260665894,-0.0004702933947555721,-0.44464272260665894
usaco,1188_platinum_minimizing_haybales,0.4446413218975067,-0.00044531296589411795,-0.4446413218975067
usaco,1302_silver_bakery,0.4446318745613098,-0.00044449238339439034,-0.4446318745613098
usaco,190_silver_clumsy_cows,0.444624662399292,-0.00044638229883275926,-0.444624662399292
usaco,993_gold_time_is_mooney,0.44461897015571594,-0.00044204341247677803,-0.44461897015571594
usaco,1063_silver_rectangular_pasture,0.4446161389350891,-0.0004301108419895172,-0.4446161389350891
usaco,1062_silver_cowntagion,0.44461217522621155,-0.00045616115676239133,-0.44461217522621155
usaco,242_bronze_cow_crossings,0.4446081519126892,-0.0004606493457686156,-0.4446081519126892
usaco,397_silver_auto-complete,0.44459810853004456,-0.00046139812911860645,-0.44459810853004456
usaco,133_bronze_unlocking_blocks,0.4445961117744446,-0.00046250419109128416,-0.4445961117744446
usaco,1276_bronze_air_cownditioning_ii,0.44459229707717896,-0.0004714851966127753,-0.44459229707717896
usaco,810_silver_rest_stops,0.444588303565979,-0.00047226398601196706,-0.444588303565979
usaco,137_gold_tied_down,0.44458818435668945,-0.0004776944115292281,-0.44458818435668945
usaco,939_bronze_bucket_brigade,0.44457879662513733,-0.00042908400064334273,-0.44457879662513733
usaco,767_gold_haybale_feast,0.4445779323577881,-0.0004484048986341804,-0.4445779323577881
usaco,1275_bronze_leaders,0.44457656145095825,-0.0004331498930696398,-0.44457656145095825
usaco,128_gold_haybale_restacking,0.4445759356021881,-0.00044191384222358465,-0.4445759356021881
usaco,395_bronze_auto-complete,0.44457539916038513,-0.000441638141637668,-0.44457539916038513
usaco,225_bronze_liars_and_truth_tellers,0.44456619024276733,-0.0004514615284278989,-0.44456619024276733
usaco,840_platinum_out_of_sorts,0.4445585012435913,-0.0004441281780600548,-0.4445585012435913
usaco,644_silver_closing_the_farm,0.4445427358150482,-0.00047096083289943635,-0.4445427358150482
usaco,342_bronze_farmer_john_has_no_large_brown_cow,0.4445408582687378,-0.00044917690684087574,-0.4445408582687378
usaco,1060_bronze_daisy_chains,0.4445210099220276,-0.0004589349846355617,-0.4445210099220276
usaco,103_bronze_gifts,0.4445161521434784,-0.0004442706413101405,-0.4445161521434784
usaco,1142_platinum_balanced_subsets,0.4445047676563263,-0.00045270490227267146,-0.4445047676563263
usaco,967_silver_meetings,0.4444986879825592,-0.00046053557889536023,-0.4444986879825592
usaco,1231_silver_subset_equality,0.444497287273407,-0.0004364719206932932,-0.444497287273407
usaco,241_bronze_message_relay,0.4444909691810608,-0.00044665028690360487,-0.4444909691810608
usaco,916_bronze_the_great_revegetation,0.4444893002510071,-0.00044313265243545175,-0.4444893002510071
usaco,950_platinum_valleys,0.4444892704486847,-0.0004472205473575741,-0.4444892704486847
usaco,345_silver_pogo-cow,0.4444817006587982,-0.00044903496745973825,-0.4444817006587982
usaco,1156_bronze_air_cownditioning,0.44447994232177734,-0.00044809136306867003,-0.44447994232177734
usaco,248_gold_taxi,0.44447389245033264,-0.0004406306252349168,-0.44447389245033264
usaco,1164_platinum_tickets,0.4444555342197418,-0.0004625188303180039,-0.4444555342197418
usaco,987_bronze_word_processor,0.4444487392902374,-0.00043311339686624706,-0.4444487392902374
usaco,964_bronze_where_am_i?,0.44444572925567627,-0.0004662521241698414,-0.44444572925567627
usaco,741_gold_bovine_genomics,0.444443017244339,-0.00043326729792170227,-0.444443017244339
usaco,93_gold_cow_steeplechase,0.4444406032562256,-0.0004499720234889537,-0.4444406032562256
usaco,1160_silver_convoluted_intervals,0.4444350004196167,-0.00043969706166535616,-0.4444350004196167
usaco,861_gold_fine_dining,0.44443005323410034,-0.00041592176421545446,-0.44443005323410034
usaco,412_bronze_reordering_the_cows,0.4444202482700348,-0.0004649377369787544,-0.4444202482700348
usaco,1278_silver_find_and_replace,0.4444192349910736,-0.00044520513620227575,-0.4444192349910736
usaco,788_silver_mootube,0.4444155991077423,-0.00044343541958369315,-0.4444155991077423
usaco,127_gold_large_banner,0.44441404938697815,-0.00043946169898845255,-0.44441404938697815
usaco,864_platinum_balance_beam,0.44441404938697815,-0.0004590995376929641,-0.44441404938697815
usaco,1017_gold_timeline,0.44441211223602295,-0.0004481998912524432,-0.44441211223602295
usaco,361_silver_milk_scheduling,0.44440776109695435,-0.0004460850032046437,-0.44440776109695435
usaco,924_platinum_cow_dating,0.44440463185310364,-0.0004169013991486281,-0.44440463185310364
usaco,1012_bronze_mad_scientist,0.44440433382987976,-0.0004560392117127776,-0.44440433382987976
usaco,132_bronze_islands,0.44440028071403503,-0.0004493194865062833,-0.44440028071403503
usaco,114_bronze_moo,0.44439423084259033,-0.0004411448026075959,-0.44439423084259033
usaco,833_bronze_family_tree,0.44438838958740234,-0.00045836070785298944,-0.44438838958740234
usaco,1018_gold_help_yourself,0.44438815116882324,-0.00045142494491301477,-0.44438815116882324
usaco,380_silver_cross_country_skiing,0.44438257813453674,-0.00045783977839164436,-0.44438257813453674
usaco,359_bronze_cow_baseball,0.444379985332489,-0.0004460515337996185,-0.444379985332489
usaco,1281_gold_find_and_replace,0.4443797469139099,-0.0004411824338603765,-0.4443797469139099
usaco,431_bronze_fair_photography,0.44437459111213684,-0.0004635122313629836,-0.44437459111213684
usaco,1227_bronze_photoshoot,0.44437336921691895,-0.000406682665925473,-0.44437336921691895
usaco,115_silver_overplanting_(silver),0.44437313079833984,-0.00043482871842570603,-0.44437313079833984
usaco,1299_bronze_hungry_cow,0.4443706274032593,-0.0004515637701842934,-0.4443706274032593
usaco,1206_silver_redistributing_gifts,0.4443671405315399,-0.00043888745130971074,-0.4443671405315399
usaco,1035_bronze_social_distancing_i,0.44436436891555786,-0.0004475243331398815,-0.44436436891555786
usaco,106_silver_delivery_route,0.4443625211715698,-0.00043077042209915817,-0.4443625211715698
usaco,205_bronze_meet_and_greet,0.44436174631118774,-0.0004243813455104828,-0.44436174631118774
usaco,784_bronze_lifeguards,0.4443575441837311,-0.0004433979047462344,-0.4443575441837311
usaco,1011_bronze_triangles,0.44435715675354004,-0.00044840291957370937,-0.44435715675354004
usaco,1208_silver_email_filing,0.4443521797657013,-0.00044555464410223067,-0.4443521797657013
usaco,104_bronze_haybale_stacking,0.4443514049053192,-0.00044499506475403905,-0.4443514049053192
usaco,262_silver_poker_hands,0.4443472921848297,-0.0004658681864384562,-0.4443472921848297
usaco,737_bronze_modern_art,0.44434452056884766,-0.0004396457225084305,-0.44434452056884766
usaco,1333_platinum_good_bitstrings,0.44431033730506897,-0.000448472797870636,-0.44431033730506897
usaco,991_silver_loan_repayment,0.4443083107471466,-0.00045101504656486213,-0.4443083107471466
usaco,343_silver_farmer_john_has_no_large_brown_cow,0.44430404901504517,-0.00043112662388011813,-0.44430404901504517
usaco,260_bronze_breed_proximity,0.4443025290966034,-0.0004358564910944551,-0.4443025290966034
usaco,340_bronze_combination_lock,0.4443013370037079,-0.00044958360376767814,-0.4443013370037079
usaco,136_silver_running_laps,0.444299578666687,-0.0004262857837602496,-0.444299578666687
usaco,98_silver_roadblock,0.44429340958595276,-0.0004237426910549402,-0.44429340958595276
usaco,247_gold_partitioning_the_farm,0.4442826211452484,-0.00045267477980814874,-0.4442826211452484
usaco,739_silver_bovine_genomics,0.4442780315876007,-0.00044597784290090203,-0.4442780315876007
usaco,1183_silver_cow_frisbee,0.4442732632160187,-0.00042881848639808595,-0.4442732632160187
usaco,925_platinum_moorio_kart,0.44427311420440674,-0.0004469806735869497,-0.44427311420440674
usaco,1180_bronze_non-transitive_dice,0.4442705810070038,-0.00045173242688179016,-0.4442705810070038
usaco,919_silver_painting_the_barn,0.4442703127861023,-0.00044683870510198176,-0.4442703127861023
usaco,398_silver_roadblock,0.44426989555358887,-0.000446775637101382,-0.44426989555358887
usaco,1326_silver_milk_sum,0.4442691504955292,-0.0004544166731648147,-0.4442691504955292
usaco,365_gold_optimal_milking,0.4442639946937561,-0.00044687968329526484,-0.4442639946937561
usaco,1205_bronze_blocks,0.4442526698112488,-0.00046203777310438454,-0.4442526698112488
usaco,1301_bronze_watching_mooloo,0.44424793124198914,-0.00043340999400243163,-0.44424793124198914
usaco,856_bronze_the_bucket_list,0.4442466199398041,-0.00044056877959519625,-0.4442466199398041
usaco,1230_silver_visits,0.444245845079422,-0.00043692332110367715,-0.444245845079422
usaco,764_silver_the_bovine_shuffle,0.4442451000213623,-0.0004309836367610842,-0.4442451000213623
usaco,1209_gold_redistributing_gifts,0.44424211978912354,-0.0004616000805981457,-0.44424211978912354
usaco,1228_bronze_counting_liars,0.4442409873008728,-0.0004339654406066984,-0.4442409873008728
usaco,785_bronze_out_of_place,0.4442409574985504,-0.00042871414916589856,-0.4442409574985504
usaco,381_silver_recording_the_moolympics,0.44423729181289673,-0.00044273113599047065,-0.44423729181289673
usaco,1059_bronze_do_you_know_your_abcs?,0.44423624873161316,-0.0004829010576941073,-0.44423624873161316
usaco,917_bronze_measuring_traffic,0.4442320764064789,-0.0004330998635850847,-0.4442320764064789
usaco,1155_bronze_lonely_photo,0.44423043727874756,-0.00041887492989189923,-0.44423043727874756
usaco,121_bronze_times_17,0.4442286491394043,-0.00044940298539586365,-0.4442286491394043
usaco,639_bronze_diamond_collector,0.4442284405231476,-0.00045903187128715217,-0.4442284405231476
usaco,396_bronze_secret_code,0.4442264437675476,-0.0004488075210247189,-0.4442264437675476
usaco,96_bronze_escaping_the_farm,0.4442261755466461,-0.00042139581637457013,-0.4442261755466461
usaco,735_bronze_the_lost_cow,0.4442247152328491,-0.0004383868654258549,-0.4442247152328491
usaco,1086_silver_dance_mooves,0.44422218203544617,-0.0004347847425378859,-0.44422218203544617
usaco,1069_platinum_spaceship,0.4442218840122223,-0.0004543248505797237,-0.4442218840122223
usaco,989_bronze_race,0.44422146677970886,-0.0004250540223438293,-0.44422146677970886
usaco,894_silver_grass_planting,0.44422033429145813,-0.0004559978551696986,-0.44422033429145813
usaco,997_platinum_non-decreasing_subsequences,0.44421809911727905,-0.0004332296084612608,-0.44421809911727905
usaco,1083_bronze_uddered_but_not_herd,0.4442165195941925,-0.00043957593152299523,-0.4442165195941925
usaco,358_bronze_record_keeping,0.44421476125717163,-0.00044858010369352996,-0.44421476125717163
usaco,1179_bronze_herdle,0.44421347975730896,-0.0004398114397190511,-0.44421347975730896
usaco,761_bronze_milk_measurement,0.4442124664783478,-0.00043263385305181146,-0.4442124664783478
usaco,812_silver_teleportation,0.44421225786209106,-0.0004452005377970636,-0.44421225786209106
usaco,897_gold_cow_poetry,0.4442104995250702,-0.0004572667821776122,-0.4442104995250702
usaco,760_bronze_the_bovine_shuffle,0.44421011209487915,-0.00043450467637740076,-0.44421011209487915
usaco,808_bronze_hoofball,0.4442097544670105,-0.0004374581330921501,-0.4442097544670105
usaco,1088_silver_spaced_out,0.44420066475868225,-0.00045878702076151967,-0.44420066475868225
usaco,1251_bronze_cow_college,0.4441949129104614,-0.0004365736967884004,-0.4441949129104614
usaco,131_bronze_three_lines,0.44419148564338684,-0.0004294329264666885,-0.44419148564338684
usaco,1040_silver_the_moo_particle,0.44418761134147644,-0.0004412767884787172,-0.44418761134147644
usaco,550_silver_trapped_in_the_haybales_(silver),0.4441853165626526,-0.00044336169958114624,-0.4441853165626526
usaco,267_gold_necklace,0.4441847503185272,-0.00044826301746070385,-0.4441847503185272
usaco,815_gold_taming_the_herd,0.4441833794116974,-0.0004276482213754207,-0.4441833794116974
usaco,965_bronze_livestock_lineup,0.4441799819469452,-0.00044814645661972463,-0.4441799819469452
usaco,835_silver_lemonade_line,0.4441751539707184,-0.00041424165829084814,-0.4441751539707184
usaco,762_silver_my_cow_ate_my_homework,0.4441750943660736,-0.0004437951429281384,-0.4441750943660736
usaco,549_silver_bessie_goes_moo,0.44417327642440796,-0.00044354694546200335,-0.44417327642440796
usaco,969_gold_milk_pumping,0.4441717863082886,-0.0004477321926970035,-0.4441717863082886
usaco,839_gold_talent_show,0.44416841864585876,-0.0004448029794730246,-0.44416841864585876
usaco,107_silver_bale_share,0.44416552782058716,-0.00047062584781087935,-0.44416552782058716
usaco,1262_platinum_palindromes,0.4441613256931305,-0.0004320155712775886,-0.4441613256931305
usaco,230_gold_island_travels,0.44415998458862305,-0.0004257334803696722,-0.44415998458862305
usaco,915_bronze_sleepy_cow_herding,0.4441598057746887,-0.0004439937474671751,-0.4441598057746887
usaco,194_gold_concurrently_balanced_strings,0.44414427876472473,-0.000444480509031564,-0.44414427876472473
usaco,259_bronze_cow_race,0.44414082169532776,-0.00043124851072207093,-0.44414082169532776
usaco,413_bronze_the_lazy_cow,0.4441320598125458,-0.0004558983782771975,-0.4441320598125458
usaco,187_bronze_find_the_cow!,0.4441286027431488,-0.0004375473363325,-0.4441286027431488
usaco,246_silver_milk_scheduling,0.44412705302238464,-0.0004224432341288775,-0.44412705302238464
usaco,123_bronze_wrong_directions,0.4441266357898712,-0.00044984964188188314,-0.4441266357898712
usaco,1039_silver_cereal,0.444125771522522,-0.00044949259608983994,-0.444125771522522
usaco,1325_bronze_rotate_and_shift,0.44412487745285034,-0.00042751760338433087,-0.44412487745285034
usaco,1016_silver_clock_tree,0.44412127137184143,-0.0004519110661931336,-0.44412127137184143
usaco,1300_bronze_stamp_grid,0.44411712884902954,-0.0004400862962938845,-0.44411712884902954
usaco,360_bronze_wormholes,0.444115549325943,-0.0004307360213715583,-0.444115549325943
usaco,263_silver_farm_painting,0.4441151022911072,-0.0004550644080154598,-0.4441151022911072
usaco,791_gold_stamp_painting,0.44411396980285645,-0.00045592273818328977,-0.44411396980285645
usaco,118_gold_cow_coupons,0.4441114068031311,-0.0004305211186874658,-0.4441114068031311
usaco,1328_silver_pareidolia,0.44410985708236694,-0.00043518704478628933,-0.44410985708236694
usaco,892_bronze_sleepy_cow_sorting,0.44410982728004456,-0.0004389507230371237,-0.44410982728004456
usaco,189_bronze_horseshoes,0.44410112500190735,-0.00042941264109686017,-0.44410112500190735
usaco,362_silver_vacation_planning,0.44409871101379395,-0.00042935743113048375,-0.44409871101379395
usaco,1114_gold_modern_art_3,0.4440959393978119,-0.0004382320330478251,-0.4440959393978119
usaco,209_silver_wifi_setup,0.4440925419330597,-0.0004469502018764615,-0.4440925419330597
usaco,347_gold_line_of_sight,0.44408807158470154,-0.0004284636816009879,-0.44408807158470154
usaco,228_silver_party_invitations,0.44408488273620605,-0.00041683143354021013,-0.44408488273620605
usaco,648_platinum_262144,0.44407781958580017,-0.00043644552351906896,-0.44407781958580017
usaco,831_bronze_team_tic_tac_toe,0.4440762996673584,-0.0004442678764462471,-0.4440762996673584
usaco,126_silver_landscaping,0.4440732002258301,-0.00044770215754397213,-0.4440732002258301
usaco,896_silver_mountain_view,0.4440728425979614,-0.00043328540050424635,-0.4440728425979614
usaco,430_bronze_odometer,0.44406747817993164,-0.0004206435987725854,-0.44406747817993164
usaco,193_gold_balanced_cow_breeds,0.44406282901763916,-0.00043848875793628395,-0.44406282901763916
usaco,1303_silver_cow-libi,0.44405537843704224,-0.0004541821253951639,-0.44405537843704224
usaco,891_bronze_shell_game,0.4440488815307617,-0.00042952076182700694,-0.4440488815307617
usaco,283_silver_fuel_economy,0.44403883814811707,-0.0004389340174384415,-0.44403883814811707
usaco,548_bronze_palindromic_paths_(bronze),0.4440387189388275,-0.00043158928747288883,-0.4440387189388275
usaco,837_gold_out_of_sorts,0.44403713941574097,-0.0004262642178218812,-0.44403713941574097
usaco,1038_silver_social_distancing,0.4440368413925171,-0.0004105207044631243,-0.4440368413925171
usaco,206_bronze_scrambled_letters,0.44402673840522766,-0.0004342214670032263,-0.44402673840522766
usaco,862_gold_cowpatibility,0.44402530789375305,-0.00042964110616594553,-0.44402530789375305
usaco,1115_gold_count_the_cows,0.44402259588241577,-0.00044867300312034786,-0.44402259588241577
usaco,1157_bronze_walking_home,0.44401276111602783,-0.00043835194082930684,-0.44401276111602783
usaco,1212_platinum_paint_by_rectangles,0.44401174783706665,-0.00043020196608267725,-0.44401174783706665
usaco,432_bronze_decorating_the_pastures,0.4440080225467682,-0.00043374928645789623,-0.4440080225467682
usaco,944_silver_fence_planning,0.4440023899078369,-0.00043036675197072327,-0.4440023899078369
usaco,244_silver_perimeter,0.4440001845359802,-0.0004335508856456727,-0.4440001845359802
usaco,1064_silver_stuck_in_a_rut,0.44399383664131165,-0.00043514647404663265,-0.44399383664131165
usaco,112_bronze_rope_folding,0.4439908564090729,-0.00044270517537370324,-0.4439908564090729
usaco,789_gold_mootube,0.44398972392082214,-0.0004355699638836086,-0.44398972392082214
usaco,1229_bronze_alchemy,0.4439888596534729,-0.0004178856033831835,-0.4439888596534729
usaco,1203_bronze_sleeping_in_class,0.44398733973503113,-0.0004329281218815595,-0.44398733973503113
usaco,90_silver_tile_exchanging,0.4439789354801178,-0.0004266755422577262,-0.4439789354801178
usaco,922_gold_dishwashing,0.44397783279418945,-0.00043266965076327324,-0.44397783279418945
usaco,1108_bronze_comfortable_cows,0.4439760148525238,-0.00043844699393957853,-0.4439760148525238
usaco,1182_silver_searching_for_soulmates,0.44397473335266113,-0.0004363014013506472,-0.44397473335266113
usaco,415_silver_watering_the_fields,0.4439708888530731,-0.0004463937657419592,-0.4439708888530731
usaco,1277_bronze_moo_operations,0.4439661502838135,-0.00042286267853341997,-0.4439661502838135
usaco,646_gold_closing_the_farm,0.4439648687839508,-0.000437761569628492,-0.4439648687839508
usaco,188_bronze_typo,0.4439626634120941,-0.00043232637108303607,-0.4439626634120941
usaco,346_gold_empty_stalls,0.4439595937728882,-0.0004192173364572227,-0.4439595937728882
usaco,547_bronze_trapped_in_the_haybales_(bronze),0.4439587891101837,-0.00042829554877243936,-0.4439587891101837
usaco,434_silver_dueling_gpss,0.44395866990089417,-0.0004373634874355048,-0.44395866990089417
usaco,963_bronze_cow_gymnastics,0.44395700097084045,-0.0004220021946821362,-0.44395700097084045
usaco,640_bronze_bull_in_a_china_shop,0.44394975900650024,-0.0004487896803766489,-0.44394975900650024
usaco,88_silver_cow_beauty_pageant_(silver_level),0.4439471364021301,-0.00042335237958468497,-0.4439471364021301
usaco,86_bronze_moo_sick,0.4439433813095093,-0.0004454130830708891,-0.4439433813095093
usaco,117_silver_relocation,0.4439406096935272,-0.0004361575411166996,-0.4439406096935272
usaco,1259_gold_strongest_friendship_group,0.44393447041511536,-0.0004345214110799134,-0.44393447041511536
usaco,1132_bronze_acowdemia_ii,0.44393134117126465,-0.00042593240505084395,-0.44393134117126465
usaco,1330_gold_pareidolia,0.44392603635787964,-0.0004097676428500563,-0.44392603635787964
usaco,377_bronze_bessie_slows_down,0.44391822814941406,-0.0003999324981123209,-0.44391822814941406
usaco,1037_bronze_cowntact_tracing,0.4439164400100708,-0.0004308689385652542,-0.4439164400100708
usaco,738_silver_paired_up,0.4439123272895813,-0.0004417983291205019,-0.4439123272895813
usaco,281_bronze_haywire,0.4439069926738739,-0.0004352489486336708,-0.4439069926738739
usaco,1014_silver_swapity_swapity_swap,0.4439053237438202,-0.00041436904575675726,-0.4439053237438202
usaco,1137_gold_united_cows_of_farmer_john,0.4439033567905426,-0.0004411814734339714,-0.4439033567905426
usaco,378_bronze_balanced_teams,0.44388678669929504,-0.0004242124268785119,-0.44388678669929504
usaco,92_gold_binary_sudoku,0.4438847303390503,-0.00041944097029045224,-0.4438847303390503
usaco,134_silver_unlocking_blocks_(silver),0.4438759386539459,-0.0004252495418768376,-0.4438759386539459
usaco,1013_bronze_swapity_swap,0.4438728392124176,-0.00042159538134001195,-0.4438728392124176
usaco,863_gold_teamwork,0.443872332572937,-0.00042829883750528097,-0.443872332572937
usaco,400_gold_roadblock,0.4438577890396118,-0.00043939612805843353,-0.4438577890396118
usaco,89_silver_cow_lineup,0.44385451078414917,-0.00043730673496611416,-0.44385451078414917
usaco,545_bronze_moocryption,0.4438409209251404,-0.00040679919766262174,-0.4438409209251404
usaco,893_bronze_guess_the_animal,0.4438401758670807,-0.00042608249350450933,-0.4438401758670807
usaco,223_bronze_mirrors,0.4438384771347046,-0.0004294573445804417,-0.4438384771347046
usaco,1161_gold_paired_up,0.44383546710014343,-0.0004197550588287413,-0.44383546710014343
usaco,866_platinum_the_cow_gathering,0.4438138008117676,-0.00044270732905715704,-0.4438138008117676
usaco,191_silver_distant_pastures,0.4438042640686035,-0.0004072423034813255,-0.4438042640686035
usaco,1036_bronze_social_distancing_ii,0.4438006579875946,-0.00042716742609627545,-0.4438006579875946
usaco,249_gold_route_design,0.44379496574401855,-0.0004395594587549567,-0.44379496574401855
usaco,111_gold_bovine_alliance,0.44379234313964844,-0.00043239767546765506,-0.44379234313964844
usaco,192_silver_balanced_cow_breeds,0.4437897801399231,-0.00041575345676392317,-0.4437897801399231
usaco,229_gold_cow_lineup,0.44377076625823975,-0.0004258855478838086,-0.44377076625823975
usaco,1015_silver_triangles,0.44374457001686096,-0.0004396569274831563,-0.44374457001686096
usaco,941_bronze_cow_evolution,0.44373562932014465,-0.00042169541120529175,-0.44373562932014465
usaco,642_silver_field_reduction,0.4437333941459656,-0.0004143447440583259,-0.4437333941459656
usaco,280_bronze_photo,0.44372501969337463,-0.0004459796764422208,-0.44372501969337463
usaco,942_silver_left_out,0.44371888041496277,-0.00045010706526227295,-0.44371888041496277
usaco,783_bronze_blocked_billboard_ii,0.44371047616004944,-0.00043467749492265284,-0.44371047616004944
usaco,1327_silver_field_day,0.4436834454536438,-0.0004166762519162148,-0.4436834454536438
usaco,101_gold_simplifying_the_farm,0.4436744749546051,-0.00041936294292099774,-0.4436744749546051
usaco,736_bronze_bovine_genomics,0.44366249442100525,-0.00043986289529129863,-0.44366249442100525
usaco,433_silver_fair_photography,0.44365349411964417,-0.00044044796959497035,-0.44365349411964417
usaco,641_bronze_field_reduction,0.4436471164226532,-0.0004299149732105434,-0.4436471164226532
usaco,226_silver_painting_the_fence,0.44360512495040894,-0.0004146742867305875,-0.44360512495040894
usaco,857_bronze_back_and_forth,0.44360479712486267,-0.0004106067353859544,-0.44360479712486267
usaco,341_bronze_goldilocks_and_the_n_cows,0.4435998499393463,-0.00041100289672613144,-0.4435998499393463
usaco,1257_gold_bribing_friends,0.443596214056015,-0.00040149653796106577,-0.443596214056015
usaco,1232_silver_cow_operations,0.44355589151382446,-0.0003989727993030101,-0.44355589151382446
usaco,261_bronze_breed_assignment,0.4435431659221649,-0.0004303333698771894,-0.4435431659221649
usaco,546_bronze_bessie_gets_even,0.44353148341178894,-0.0004078478959854692,-0.44353148341178894
usaco,818_platinum_cow_gymnasts,0.44351619482040405,-0.00043180971988476813,-0.44351619482040405
usaco,990_silver_berry_picking,0.4434332549571991,-0.00039635051507502794,-0.4434332549571991
usaco,84_bronze_contest_timing,0.4433770179748535,-0.000406537001254037,-0.4433770179748535
usaco,898_gold_sleepy_cow_sorting,0.44324588775634766,-0.0004119733930565417,-0.44324588775634766
usaco,1139_gold_permutation,0.4431479871273041,-0.00041174812940880656,-0.4431479871273041
usaco,91_gold_above_the_median,0.443056583404541,-0.0004046380054205656,-0.443056583404541
