benchmark,task_id,discrimination,easiness,a0,a1,a2,a3,a4,a5,a6,a7
assistantbench,57d9dc6935e8a40b02e7f8ec81768fe70e68a0c05f6866927c9fda38db38a486,2.1359710693359375,0.019434144720435143,-0.4928535223007202,-1.1341367959976196,0.897363007068634,0.518247127532959,0.3838946521282196,0.8347538709640503,0.9760377407073975,-0.4031400680541992
assistantbench,6e3be83d1949fa52cba03fb1ce4b5b3bf7e37a83fd7d67694b10b2e439d90cf8,2.086777448654175,0.00764786871150136,-0.7816577553749084,-0.839832067489624,0.9659795761108398,0.7949296236038208,0.33470484614372253,0.636265218257904,0.9492706656455994,-0.2352195680141449
assistantbench,c7afe00869f98cf363fd83677ac41757ed5e57f03eacc3d1304feb0a92084bd1,2.085256814956665,0.006844123359769583,-0.8250975012779236,-0.8222838640213013,1.000731348991394,0.6807671785354614,0.23072168231010437,0.7256379127502441,0.9475498199462891,-0.2209506332874298
assistantbench,99da66d8af02491f98b98c56b26c709e773b5a2ad945fb280375951ba600de09,2.0421438217163086,0.0273104477673769,-0.6061925888061523,-0.7744901180267334,0.9600604772567749,0.8244730830192566,0.25921630859375,0.6946955323219299,0.914741575717926,-0.4637109637260437
assistantbench,8fa42360185068216f2919935148d4e1ad28ddc18da0abd0f4bb0b6b6f84b127,2.041856050491333,0.07674464583396912,-0.7066590785980225,-0.9869629144668579,0.8064308166503906,0.8030079007148743,0.2192009538412094,0.7840428352355957,0.7652226686477661,-0.39015817642211914
assistantbench,52f7224e9c79431e7926afe317782711a0028750693e7456cde22ef6f4bd8bd5,2.03246808052063,0.01763271912932396,-0.6618700623512268,-0.7722551822662354,1.0645067691802979,0.8640145063400269,0.3469395339488983,0.712764322757721,0.7209017276763916,-0.26207077503204346
assistantbench,0ec4371851b96837b0a81b3dd3df401415061bb532fbafeb4609f3337c358508,2.0020384788513184,-0.012892082333564758,-0.7573437690734863,-0.7687311768531799,0.9841932058334351,0.5825484991073608,0.4124790132045746,0.5816423892974854,0.9293956756591797,-0.4042505621910095
assistantbench,cca4776df3c73e7f9430a2e624aafad056b14322a0b7ca6c0c22b7e7f3f0890a,2.001462936401367,-0.012978240847587585,-0.7567108869552612,-0.7681854367256165,0.9849905967712402,0.5768474340438843,0.41481292247772217,0.5803289413452148,0.9304912090301514,-0.4068281650543213
assistantbench,291b53e665b4dd4365cde995042db4a6f6fecef3fe3a6f4482f23d61bd673918,2.001406192779541,-0.012733236886560917,-0.7571247816085815,-0.7704171538352966,0.9838805198669434,0.5831445455551147,0.4085693657398224,0.5808886885643005,0.9299324750900269,-0.40203577280044556
assistantbench,2ddae3b7a208e3c25f14d82d7a1faaaa1832fbf950b4dac345e755c4c361f294,2.00107741355896,-0.012676956132054329,-0.7560179829597473,-0.769259512424469,0.9841091632843018,0.5794361233711243,0.4121420085430145,0.5826495289802551,0.9287770986557007,-0.4059576392173767
assistantbench,b36ef2d8f2643b80e74a44ce3403f674ecb2aed7fd36afeaa289061a59feef92,2.0005085468292236,-0.012557155452668667,-0.755337119102478,-0.7701718211174011,0.9828469753265381,0.5794654488563538,0.4115000367164612,0.5828669667243958,0.9286924600601196,-0.4062409996986389
assistantbench,9baaa267c95f9d8b75741ee9169c50563d297cfa592c20deaffd30dbc5984c74,2.0004525184631348,-0.012448366731405258,-0.75616055727005,-0.7692739367485046,0.9831035733222961,0.5811072587966919,0.4098309874534607,0.5836640000343323,0.9276055097579956,-0.40619397163391113
assistantbench,efc0f3a47e9ed2ecdbcc037c2093865fe6e39f4d413a5d1ccdc7357160a4606b,2.0001673698425293,-0.012508156709372997,-0.7581105828285217,-0.7681223154067993,0.9831163883209229,0.5813852548599243,0.4083709418773651,0.5816330313682556,0.9286331534385681,-0.40494006872177124
assistantbench,e6bc98089608217e45b6956a46518fe3cce64a799b3ac43c6974c449ae14c408,2.0001614093780518,-0.012570769526064396,-0.756679356098175,-0.7702612280845642,0.983146071434021,0.5807647705078125,0.40824171900749207,0.5813722014427185,0.9294387102127075,-0.40299463272094727
assistantbench,e2dc3a6b10b762e8aba7fa4d4e70f757f6d04dcbc8b56c48fc53fd9928d31d07,2.0001516342163086,-0.012416395358741283,-0.7572363615036011,-0.7700461149215698,0.9829068183898926,0.5808645486831665,0.4085066020488739,0.5809972286224365,0.9295189380645752,-0.4028373956680298
assistantbench,797f7a5b65ca28b7e7156e7db1e9f117bd4a021de0cd512bfdbb0be897d89eab,2.000136375427246,-0.012651567347347736,-0.7561988830566406,-0.7697893977165222,0.9831202030181885,0.5795192122459412,0.4104216694831848,0.5818195939064026,0.929084300994873,-0.4044845700263977
assistantbench,557e78eceec08ca8b0da5f9fdaca6e1c7ec6140a8ce600983ee716327dab005e,2.000119924545288,-0.012506730854511261,-0.758189857006073,-0.7683101296424866,0.9835004806518555,0.581138551235199,0.408891499042511,0.5802906155586243,0.9292921423912048,-0.4035087823867798
assistantbench,4dbedc5e1a0205e14b7ff3ba89bce3060dab15d0ada3b7e1351a6f2aa8287aec,2.0000290870666504,-0.012397807091474533,-0.7562037110328674,-0.7710566520690918,0.9826269149780273,0.5814263820648193,0.4076923727989197,0.5805613994598389,0.9299904108047485,-0.4024733006954193
assistantbench,748899d9d70c09beb3bd48ac8a3658bdcfd2f9114fe6dc4c4b8d2f9541ef4607,1.9999865293502808,-0.012604396790266037,-0.7560099363327026,-0.7710572481155396,0.9826303720474243,0.5816822648048401,0.407673716545105,0.5841565132141113,0.9274213314056396,-0.4029916226863861
assistantbench,8ad84bd6fe38481ba49e7ad1f6fbd43219a999074e5c6fc940003281f55ec65b,1.9999796152114868,-0.012334435246884823,-0.7563884258270264,-0.7692810893058777,0.9829145073890686,0.5816443562507629,0.4086785316467285,0.5814188122749329,0.9288715124130249,-0.4046013653278351
assistantbench,9e31099fffa6a3891c94934fd4fc2f3f522d51c1904ff3561f3a10e4bf245821,1.9998109340667725,-0.012505928985774517,-0.754052996635437,-0.7711604237556458,0.9824128150939941,0.5789257287979126,0.410875141620636,0.5831820368766785,0.9286587834358215,-0.4053918421268463
assistantbench,55f4258484c5b398956133128a50462a767da211f8f72aa5ac5bbffb9bcbba1a,1.9997004270553589,-0.023333866149187088,-0.6948009133338928,-0.902377188205719,0.8007001876831055,0.8238941431045532,0.3251754939556122,0.7394013404846191,0.8381384611129761,-0.16406477987766266
assistantbench,2aa5dd83fbcd0dce9a3dd4592106e5b5edf738008d932e357d477bba80e59ccf,1.9996249675750732,-0.012328178621828556,-0.7580482363700867,-0.7677599191665649,0.9827436208724976,0.5830150246620178,0.40735867619514465,0.5835395455360413,0.9266306161880493,-0.4044901132583618
assistantbench,fb9ba3ab6a13d0adc677f993e90d54914a5cdf211305a1bba6bf16ec4ccb9b7c,1.9996098279953003,-0.012443868443369865,-0.7567026019096375,-0.7700607180595398,0.9825214743614197,0.5811758041381836,0.408338338136673,0.5820766091346741,0.9282752275466919,-0.4030945301055908
assistantbench,4e615af6f0348597b4133cc1ec5418bb3f35328e3d95e23a275027cee97b5e09,1.9995448589324951,-0.012253164313733578,-0.7553350925445557,-0.7705332636833191,0.9823581576347351,0.582171618938446,0.4079190194606781,0.583882749080658,0.9272903203964233,-0.40347427129745483
assistantbench,a9074997e698f912b9e751779ea19c1e92fa148404e90e0ae997acea3f9559b0,1.9995197057724,-0.012304188683629036,-0.7550846338272095,-0.7703542113304138,0.9823441505432129,0.5816868543624878,0.40953031182289124,0.5841206908226013,0.9267702102661133,-0.40411126613616943
assistantbench,f88066d274e265edd6cd9d61cd80a41accb3a14baf2297652fdd05cdf716d455,1.9993817806243896,-0.012208216823637486,-0.7574071884155273,-0.7688318490982056,0.9826021790504456,0.5838348865509033,0.4070498049259186,0.5832176208496094,0.9265652894973755,-0.4025340676307678
assistantbench,929b45f34805280d77c61d1e093e3d4e551d77ddb6ecd73552b12b1af286388d,1.9990988969802856,-0.0121987983584404,-0.7560132741928101,-0.7699453234672546,0.9820687174797058,0.5814589262008667,0.4073942303657532,0.5824171900749207,0.9281951785087585,-0.4034167528152466
assistantbench,9bdca8677af1e25cb7b0c7992dc62670c3e58e4afcd5ae60bcaa2483556bba00,1.9989372491836548,-0.01204193290323019,-0.7545411586761475,-0.7722719311714172,0.9811185598373413,0.5830822587013245,0.40597355365753174,0.5849734544754028,0.9269046783447266,-0.40158969163894653
assistantbench,3af8028c2a59e28ca88baff0e6d91f2a9f170c5ef91003f1c8406755a2760ad4,1.9942803382873535,0.009519137442111969,-0.7109151482582092,-0.9577083587646484,0.9240549206733704,0.7172368764877319,0.3226279616355896,0.6701457500457764,0.7749186754226685,-0.1804412603378296
assistantbench,6b06d186921b8b390c65aebd0d16f09f60a47d2f1288ebe36953f734e84c0a3c,1.9823378324508667,0.006021653767675161,-0.8337728977203369,-0.8540514707565308,0.8839328289031982,0.6763992309570312,0.27213793992996216,0.5987098813056946,0.8888601660728455,-0.20891107618808746
assistantbench,ccec2229ced20a4b0cb4897e3a99120a3017ea030903e01c9bda6b13d40b0b14,1.9153990745544434,-0.026363570243120193,-0.755747377872467,-0.7410430908203125,0.8516026735305786,0.6843184232711792,0.18564146757125854,0.6105634570121765,0.9148224592208862,-0.3328441381454468
assistantbench,6f224e7730ed027cbac73aebb1aea7f954053082041b02b19f4ff126a0a8a208,1.8076764345169067,0.01145867258310318,-0.8361713886260986,-0.7314021587371826,0.7977836728096008,0.70753014087677,0.2711440324783325,0.5296420454978943,0.6760193109512329,-0.292340487241745
colbench_backend_programming,718,1.7185386419296265,0.028670765459537506,-0.5163180828094482,-0.9548137187957764,0.6890144348144531,0.10217414051294327,-0.1760890781879425,0.7443779706954956,0.63011234998703,-0.5547912120819092
colbench_backend_programming,95,1.7134851217269897,-0.006479970645159483,-0.5879969000816345,-0.6910758018493652,0.8342446088790894,0.2132575958967209,-0.2924276292324066,0.7967435121536255,0.4387502074241638,-0.6770868301391602
colbench_backend_programming,716,1.7048569917678833,-0.010713838040828705,-0.5153977870941162,-0.7644850015640259,0.6574965119361877,0.15071973204612732,-0.35197344422340393,0.8439407348632812,0.6311838030815125,-0.6057499647140503
colbench_backend_programming,192,1.7043097019195557,0.019353536888957024,-0.4647548198699951,-0.8528846502304077,0.6234797239303589,-0.003402620553970337,-0.10228575766086578,0.9523506164550781,0.45020532608032227,-0.6726106405258179
colbench_backend_programming,728,1.6934103965759277,-0.004405492451041937,-0.6304891109466553,-0.7226896286010742,0.7873817682266235,0.17809170484542847,-0.3738500773906708,0.7822639346122742,0.3707008957862854,-0.6379932761192322
colbench_backend_programming,258,1.690200924873352,0.0032835491001605988,-0.6241388320922852,-0.7924367785453796,0.6057713031768799,0.25735926628112793,-0.32646268606185913,0.8332741260528564,0.6074034571647644,-0.4860231280326843
colbench_backend_programming,250,1.6809810400009155,0.0017753670690581203,-0.4274779260158539,-0.8065584301948547,0.6582828760147095,0.17722603678703308,-0.25278258323669434,0.9410488605499268,0.39859896898269653,-0.6475529670715332
colbench_backend_programming,709,1.674124836921692,-0.010427834466099739,-0.5870640873908997,-0.6707070469856262,0.6988703608512878,0.09016132354736328,-0.49452197551727295,0.7728927731513977,0.6056719422340393,-0.5503626465797424
colbench_backend_programming,759,1.6711574792861938,-0.0007413431885652244,-0.5413704514503479,-0.7887409925460815,0.61783766746521,0.15765641629695892,-0.40144312381744385,0.786875307559967,0.6166852116584778,-0.5571032762527466
colbench_backend_programming,830,1.6699445247650146,0.019372103735804558,-0.39846277236938477,-0.8983801007270813,0.7265098690986633,0.12191805988550186,-0.2212018519639969,0.8515651226043701,0.5202503800392151,-0.48520222306251526
colbench_backend_programming,777,1.6646333932876587,0.0026284572668373585,-0.5971522927284241,-0.680409848690033,0.6607018709182739,0.118782639503479,-0.15095308423042297,0.8432800769805908,0.47408968210220337,-0.7363085746765137
colbench_backend_programming,850,1.659428358078003,-0.006507605314254761,-0.4969061017036438,-0.7801693677902222,0.7652002573013306,0.05432737618684769,-0.41324812173843384,0.6754884123802185,0.6153484582901001,-0.5512962341308594
colbench_backend_programming,65,1.6540451049804688,-0.0035716101992875338,-0.4664512276649475,-0.8373884558677673,0.6733536720275879,0.09311488270759583,-0.40210673213005066,0.7329756021499634,0.6065017580986023,-0.5368480682373047
colbench_backend_programming,61,1.6534794569015503,-0.017659936100244522,-0.5947621464729309,-0.8066694140434265,0.6540153622627258,0.26032230257987976,-0.2941513657569885,0.6555415391921997,0.6605746150016785,-0.5304849743843079
colbench_backend_programming,441,1.6477195024490356,0.009003836661577225,-0.42417794466018677,-0.8354530930519104,0.8187791705131531,0.1456076204776764,-0.2836880087852478,0.7409936189651489,0.5914671421051025,-0.40753644704818726
colbench_backend_programming,212,1.6472018957138062,0.002945680171251297,-0.47582200169563293,-0.8099705576896667,0.6187573671340942,0.17166933417320251,-0.2976606488227844,0.9311001300811768,0.4392281472682953,-0.5196282863616943
colbench_backend_programming,145,1.6467487812042236,0.018042808398604393,-0.5324397683143616,-0.8782365322113037,0.6851730942726135,0.23792162537574768,-0.4650982618331909,0.6581003665924072,0.5907548666000366,-0.36402976512908936
colbench_backend_programming,862,1.644600510597229,-0.006568732671439648,-0.5400132536888123,-0.6716379523277283,0.7458693385124207,0.2118135690689087,-0.0733090341091156,0.8173441290855408,0.4835907518863678,-0.6734445095062256
colbench_backend_programming,91,1.6435381174087524,-0.004263794515281916,-0.4804689586162567,-0.7750369310379028,0.7198435068130493,0.1494252234697342,-0.4026338756084442,0.7574217319488525,0.5867401957511902,-0.4991157054901123
colbench_backend_programming,872,1.6430745124816895,-0.007617274299263954,-0.4746531546115875,-0.7561460733413696,0.7058533430099487,0.2705238461494446,-0.32398831844329834,0.7130714058876038,0.5543718934059143,-0.6406729221343994
colbench_backend_programming,452,1.6419767141342163,0.006840248592197895,-0.5056384205818176,-0.707768976688385,0.7361780405044556,0.20623421669006348,-0.1945311427116394,0.8416621685028076,0.3935019373893738,-0.67372727394104
colbench_backend_programming,691,1.6408135890960693,0.0063905054703354836,-0.3984085023403168,-0.7670863270759583,0.7954215407371521,-0.0026558786630630493,-0.2331913709640503,0.6956612467765808,0.7224628925323486,-0.5021359324455261
colbench_backend_programming,506,1.6399606466293335,0.020434411242604256,-0.4127947688102722,-0.8321201801300049,0.7297796010971069,0.2169405221939087,-0.21804112195968628,0.8222413659095764,0.4823364317417145,-0.5391980409622192
colbench_backend_programming,592,1.6390845775604248,-0.0022679741960018873,-0.3503085970878601,-0.77140873670578,0.6252135038375854,0.24450285732746124,-0.25121572613716125,0.8923221826553345,0.55768883228302,-0.5897221565246582
colbench_backend_programming,707,1.6390537023544312,0.0042215315625071526,-0.5361969470977783,-0.738296627998352,0.8329211473464966,0.07428114116191864,-0.3591423034667969,0.4912901520729065,0.7802510261535645,-0.41891732811927795
colbench_backend_programming,114,1.6374675035476685,-0.0056169293820858,-0.5647618770599365,-0.795207679271698,0.6500279307365417,0.17702747881412506,-0.32615047693252563,0.7649579048156738,0.49317336082458496,-0.584259033203125
colbench_backend_programming,417,1.6373893022537231,-0.0033452296629548073,-0.4962368607521057,-0.709263026714325,0.7237727642059326,0.19859056174755096,-0.2643944323062897,0.7164632081985474,0.5315989851951599,-0.7089654207229614
colbench_backend_programming,636,1.6372498273849487,-0.02009502984583378,-0.6098655462265015,-0.7516383528709412,0.7161163091659546,0.22612088918685913,-0.31023094058036804,0.6046267151832581,0.6550192832946777,-0.537466824054718
colbench_backend_programming,630,1.6359635591506958,-0.0015634741866961122,-0.449008047580719,-0.7471068501472473,0.585112452507019,0.22107982635498047,-0.24513842165470123,0.921094536781311,0.4105241000652313,-0.6695736050605774
colbench_backend_programming,156,1.6342225074768066,-0.015986543148756027,-0.6163830161094666,-0.7049198150634766,0.7486344575881958,0.16320279240608215,-0.5318403244018555,0.5392296314239502,0.6124608516693115,-0.507960319519043
colbench_backend_programming,380,1.6327054500579834,-0.0019494828302413225,-0.5111161470413208,-0.6033391952514648,0.7716361284255981,0.1436810940504074,-0.1463180035352707,0.85242760181427,0.46091049909591675,-0.6811184287071228
colbench_backend_programming,577,1.6309734582901,0.012236173264682293,-0.47960907220840454,-0.7677799463272095,0.726205587387085,-0.13228990137577057,-0.27788689732551575,0.7685859799385071,0.6394639611244202,-0.46779099106788635
colbench_backend_programming,483,1.6297467947006226,0.010203090496361256,-0.5060057640075684,-0.7665987610816956,0.6905949711799622,0.12577559053897858,-0.297270268201828,0.8067005276679993,0.6086522340774536,-0.45828554034233093
colbench_backend_programming,45,1.6291271448135376,0.0039071450009942055,-0.5060184597969055,-0.6927792429924011,0.6769676804542542,0.08529502898454666,-0.37267768383026123,0.8231506943702698,0.5089049935340881,-0.6140414476394653
colbench_backend_programming,692,1.6278340816497803,0.014587610960006714,-0.43591389060020447,-0.668804943561554,0.7941380739212036,0.0916178971529007,-0.20789414644241333,0.77001953125,0.7299315333366394,-0.4522427022457123
colbench_backend_programming,407,1.6278116703033447,0.008370468392968178,-0.5157716870307922,-0.6360645890235901,0.71851646900177,0.23197388648986816,-0.26494550704956055,0.8776112794876099,0.5486176609992981,-0.5174122452735901
colbench_backend_programming,668,1.6256545782089233,-0.005934298504143953,-0.555830717086792,-0.8095523118972778,0.6505056023597717,0.15939079225063324,-0.3212987780570984,0.6778416037559509,0.5747271776199341,-0.5803907513618469
colbench_backend_programming,176,1.622752070426941,-0.0013573005562648177,-0.46085023880004883,-0.8445342183113098,0.7440633773803711,0.1707603931427002,-0.23793372511863708,0.5814000964164734,0.6360000967979431,-0.5707706212997437
colbench_backend_programming,804,1.6220523118972778,0.014228041283786297,-0.4821356236934662,-0.7761486768722534,0.6989844441413879,0.1264835000038147,-0.2514985203742981,0.6913151741027832,0.7826528549194336,-0.37135031819343567
colbench_backend_programming,377,1.621944546699524,-0.007209276780486107,-0.5271031856536865,-0.6867635250091553,0.7419693470001221,0.25202348828315735,-0.31970444321632385,0.8136907815933228,0.5001106858253479,-0.5027657151222229
colbench_backend_programming,780,1.621543288230896,-0.011231969110667706,-0.6048849821090698,-0.6792441606521606,0.7549965381622314,0.16546587646007538,-0.3276067078113556,0.649415135383606,0.6213738918304443,-0.538120448589325
colbench_backend_programming,864,1.619621753692627,-0.013379884883761406,-0.5478916168212891,-0.7414193153381348,0.6409987211227417,0.14319689571857452,-0.396729052066803,0.6730746030807495,0.6249814629554749,-0.5838465094566345
colbench_backend_programming,735,1.619582176208496,-0.012797525152564049,-0.6911329030990601,-0.6626972556114197,0.6729422211647034,0.25185626745224,-0.2682241201400757,0.6392437219619751,0.6144975423812866,-0.5759751200675964
colbench_backend_programming,774,1.618760585784912,-0.00624579843133688,-0.4999217391014099,-0.7397534847259521,0.6407944560050964,0.10552002489566803,-0.37183642387390137,0.808018684387207,0.5459177494049072,-0.5588330030441284
colbench_backend_programming,501,1.6184724569320679,-0.009555472061038017,-0.49573245644569397,-0.6867541074752808,0.6080671548843384,0.0894734114408493,-0.11282123625278473,0.7711653709411621,0.5465081334114075,-0.7862722873687744
colbench_backend_programming,861,1.6182526350021362,0.01433296874165535,-0.37165719270706177,-0.7054703235626221,0.7634238004684448,0.04322047531604767,-0.17127743363380432,0.8288776278495789,0.5788427591323853,-0.588903546333313
colbench_backend_programming,613,1.6171469688415527,0.009261584840714931,-0.4676106572151184,-0.852822482585907,0.6785649061203003,0.1942812204360962,-0.25078967213630676,0.6836090683937073,0.6109312176704407,-0.5172516107559204
colbench_backend_programming,658,1.6167422533035278,-0.01910191960632801,-0.5266002416610718,-0.7711277604103088,0.7009604573249817,0.09411528706550598,-0.3664075434207916,0.6987603902816772,0.6507570147514343,-0.44238126277923584
colbench_backend_programming,450,1.6164504289627075,0.008701569400727749,-0.36528700590133667,-0.8253918886184692,0.5980941653251648,0.08334037661552429,-0.3186998963356018,0.901124119758606,0.46090763807296753,-0.5545390844345093
colbench_backend_programming,647,1.6161458492279053,-0.02600006014108658,-0.6888624429702759,-0.617068886756897,0.7203970551490784,0.11688996851444244,-0.4655678868293762,0.6365897059440613,0.5669161081314087,-0.5297105312347412
colbench_backend_programming,391,1.6145581007003784,0.0019697691313922405,-0.6589109897613525,-0.727660059928894,0.6607456803321838,0.23084445297718048,-0.22807851433753967,0.7873941659927368,0.44092822074890137,-0.5355780124664307
colbench_backend_programming,254,1.6144620180130005,-0.0025903386995196342,-0.6289498805999756,-0.8127975463867188,0.6258301138877869,0.05135849118232727,-0.42224544286727905,0.6688886880874634,0.5095973610877991,-0.5201694965362549
colbench_backend_programming,781,1.6140151023864746,0.02079940214753151,-0.5306251645088196,-0.7715362310409546,0.6737850308418274,0.220478817820549,-0.5107967853546143,0.7153794169425964,0.5865986943244934,-0.3299046754837036
colbench_backend_programming,471,1.612427830696106,0.00317624444141984,-0.41725215315818787,-0.8362220525741577,0.7934023141860962,-0.12783847749233246,-0.2155626118183136,0.6774451732635498,0.6118995547294617,-0.44822627305984497
colbench_backend_programming,701,1.61171555519104,-0.009830377995967865,-0.5545480847358704,-0.7700902223587036,0.5946787595748901,0.13207127153873444,-0.33664658665657043,0.7828165292739868,0.5053074955940247,-0.5869500041007996
colbench_backend_programming,935,1.611671805381775,0.006327040959149599,-0.37652385234832764,-0.8696048259735107,0.6546717882156372,0.1780143678188324,-0.23366017639636993,0.8757061958312988,0.42520397901535034,-0.4867874085903168
colbench_backend_programming,232,1.6113733053207397,0.01446238998323679,-0.550571084022522,-0.7579947710037231,0.6658518314361572,0.1092788577079773,-0.3032863736152649,0.8026702404022217,0.4721927046775818,-0.5516436100006104
colbench_backend_programming,949,1.611175298690796,0.020886341109871864,-0.5132691860198975,-0.7411184310913086,0.7358997464179993,0.02199811488389969,-0.2191728949546814,0.7634382247924805,0.62861168384552,-0.46381524205207825
colbench_backend_programming,868,1.6111690998077393,-0.00016046564269345254,-0.35492146015167236,-0.745266854763031,0.6153160929679871,0.14604584872722626,-0.3393906056880951,0.8914576768875122,0.5125338435173035,-0.5847707390785217
colbench_backend_programming,395,1.610922932624817,-0.0027493250090628862,-0.48362046480178833,-0.6717766523361206,0.748920202255249,0.12003222107887268,-0.12288287281990051,0.779341459274292,0.4480966031551361,-0.7150853872299194
colbench_backend_programming,21,1.6108335256576538,-0.012886123731732368,-0.5174854397773743,-0.7180673480033875,0.6569424867630005,0.19107604026794434,-0.35470515489578247,0.6894359588623047,0.6832646131515503,-0.5246912837028503
colbench_backend_programming,512,1.6098337173461914,0.005318438168615103,-0.5060662031173706,-0.6855790019035339,0.7072004079818726,0.14325788617134094,-0.33526527881622314,0.8116106390953064,0.4892214238643646,-0.5782175064086914
colbench_backend_programming,961,1.6096831560134888,-0.0141854053363204,-0.6363269686698914,-0.6608801484107971,0.7159990072250366,0.2193707674741745,-0.2786092758178711,0.6425982117652893,0.6398289203643799,-0.5372991561889648
colbench_backend_programming,725,1.6093249320983887,-0.003398700151592493,-0.43618303537368774,-0.8324481844902039,0.7885928153991699,0.07541598379611969,-0.26526889204978943,0.611513614654541,0.622512936592102,-0.49728870391845703
colbench_backend_programming,937,1.609320878982544,-0.006665568333119154,-0.49708259105682373,-0.6434845924377441,0.6826953887939453,0.06758715957403183,-0.12909720838069916,0.8263221383094788,0.4908086657524109,-0.7195427417755127
colbench_backend_programming,825,1.6091465950012207,-0.007489039096981287,-0.5967702865600586,-0.6339099407196045,0.6327331066131592,0.2967192530632019,-0.38258951902389526,0.7591492533683777,0.5750275254249573,-0.5381853580474854
colbench_backend_programming,14,1.6084229946136475,0.037346746772527695,-0.4479834735393524,-0.7536112070083618,0.8079390525817871,0.09410877525806427,-0.25839143991470337,0.801598310470581,0.5702405571937561,-0.3496904671192169
colbench_backend_programming,415,1.606992244720459,-0.005950547754764557,-0.4394949674606323,-0.8522593379020691,0.6857249736785889,0.18181224167346954,-0.3268492817878723,0.6653303503990173,0.6069200038909912,-0.4917326271533966
colbench_backend_programming,168,1.6058573722839355,-0.01913294568657875,-0.6459897756576538,-0.62284255027771,0.583747148513794,0.27624717354774475,-0.3820531964302063,0.7225289344787598,0.44133684039115906,-0.7026221752166748
colbench_backend_programming,223,1.6057935953140259,0.0024594394490122795,-0.5654120445251465,-0.7663455009460449,0.6108831167221069,-0.006281405687332153,-0.09308363497257233,0.8024441003799438,0.4378693103790283,-0.6738462448120117
colbench_backend_programming,87,1.6053467988967896,0.017125295475125313,-0.5306275486946106,-0.8150573372840881,0.5670796632766724,0.20997123420238495,-0.5143080353736877,0.6556728482246399,0.6194323301315308,-0.4329793453216553
colbench_backend_programming,762,1.6051634550094604,-0.010293169878423214,-0.6337242126464844,-0.7244124412536621,0.6816034317016602,0.07959124445915222,-0.33545851707458496,0.6459686756134033,0.6024877429008484,-0.5352123379707336
colbench_backend_programming,821,1.6051143407821655,0.0016188480658456683,-0.4102367162704468,-0.751660943031311,0.6269279718399048,0.17541038990020752,-0.3206002116203308,0.896416425704956,0.45057106018066406,-0.556718111038208
colbench_backend_programming,549,1.604628324508667,0.004336836747825146,-0.4683675169944763,-0.8342044949531555,0.6316598057746887,0.1678294539451599,-0.3597199320793152,0.6548869013786316,0.5840908288955688,-0.5770344734191895
colbench_backend_programming,655,1.6041276454925537,-0.01083502359688282,-0.6060688495635986,-0.6826635599136353,0.764054536819458,0.15903127193450928,-0.3489418029785156,0.5965628027915955,0.5905405282974243,-0.5517433881759644
colbench_backend_programming,315,1.6037918329238892,-0.003935527056455612,-0.6696451902389526,-0.6585355401039124,0.7005577087402344,0.08650714159011841,-0.3545604646205902,0.6957806944847107,0.5867671370506287,-0.4875142574310303
colbench_backend_programming,166,1.603745460510254,-0.010023937560617924,-0.6299139261245728,-0.6416293382644653,0.7370237112045288,0.22764372825622559,-0.3042100667953491,0.6307277679443359,0.6170783638954163,-0.5452956557273865
colbench_backend_programming,246,1.6035401821136475,-2.2450287360697985e-05,-0.4924877882003784,-0.7666639089584351,0.760968804359436,0.11643718928098679,-0.25978612899780273,0.6914202570915222,0.6355575323104858,-0.44599124789237976
colbench_backend_programming,567,1.6031056642532349,-0.019986620172858238,-0.5419309735298157,-0.6363733410835266,0.6643834114074707,0.19321894645690918,-0.42469263076782227,0.7191927433013916,0.49188485741615295,-0.6730495691299438
colbench_backend_programming,927,1.6030930280685425,0.014642216265201569,-0.4347282946109772,-0.7587109804153442,0.7849343419075012,0.07681736350059509,-0.12940452992916107,0.7174835801124573,0.679103434085846,-0.43651309609413147
colbench_backend_programming,595,1.6030561923980713,-0.001694863778539002,-0.5186498761177063,-0.669718861579895,0.6877015233039856,0.159038245677948,-0.06570899486541748,0.8007240891456604,0.492949903011322,-0.6823234558105469
colbench_backend_programming,619,1.6026619672775269,-0.009940508753061295,-0.6051486134529114,-0.7323686480522156,0.6843169331550598,0.0929400622844696,-0.3434228301048279,0.5904583930969238,0.6006278991699219,-0.601410984992981
colbench_backend_programming,798,1.600925326347351,-0.00683682132512331,-0.4842700958251953,-0.7810395956039429,0.5630950927734375,0.2346336543560028,-0.29553720355033875,0.7307009696960449,0.6716710329055786,-0.5233397483825684
colbench_backend_programming,730,1.6008992195129395,0.002356724115088582,-0.3328629434108734,-0.765257716178894,0.6373485326766968,0.16249366104602814,-0.3221575915813446,0.8729144334793091,0.4691105782985687,-0.5899269580841064
colbench_backend_programming,89,1.600097417831421,0.02286873571574688,-0.49515509605407715,-0.749455451965332,0.7671616673469543,0.10003020614385605,-0.2528870701789856,0.7381771206855774,0.5298089981079102,-0.5151232481002808
colbench_backend_programming,108,1.5993390083312988,0.004086154978722334,-0.4420809745788574,-0.8462390899658203,0.6644428968429565,0.0891411304473877,-0.2987995743751526,0.6525553464889526,0.5106712579727173,-0.6488481760025024
colbench_backend_programming,359,1.599173665046692,-0.016850540414452553,-0.5480615496635437,-0.6683301329612732,0.7516760230064392,0.15500737726688385,-0.3616430163383484,0.5695352554321289,0.7728878855705261,-0.4108089208602905
colbench_backend_programming,1,1.5989998579025269,0.005500576924532652,-0.43509984016418457,-0.7440961003303528,0.5672013759613037,0.28300637006759644,-0.22689026594161987,0.9015930891036987,0.5255969762802124,-0.5209588408470154
colbench_backend_programming,99,1.5986093282699585,0.027082659304142,-0.3544899523258209,-0.756570041179657,0.7245377898216248,0.058684639632701874,-0.23874811828136444,0.747607946395874,0.6632277965545654,-0.5227829217910767
colbench_backend_programming,748,1.5982592105865479,0.022260775789618492,-0.5299704074859619,-0.8114595413208008,0.5779820680618286,0.22929345071315765,-0.28147605061531067,0.8543698191642761,0.3759787678718567,-0.5271828174591064
colbench_backend_programming,984,1.596828579902649,2.3712571419309825e-05,-0.5664148926734924,-0.7747063636779785,0.7668496370315552,0.114738330245018,-0.308240681886673,0.7096253037452698,0.5257232785224915,-0.390739381313324
colbench_backend_programming,545,1.5966224670410156,0.004724462050944567,-0.44936007261276245,-0.6955700516700745,0.7571056485176086,0.14901302754878998,-0.24009864032268524,0.7130699753761292,0.702594518661499,-0.45639047026634216
colbench_backend_programming,929,1.5952857732772827,-0.01053687371313572,-0.5462568402290344,-0.702942430973053,0.6713147163391113,0.14027483761310577,-0.2979797422885895,0.7471300959587097,0.6635245084762573,-0.4413747191429138
colbench_backend_programming,186,1.5947266817092896,0.018291231244802475,-0.5628296136856079,-0.8485175371170044,0.6085751056671143,0.31721821427345276,-0.45647746324539185,0.602644145488739,0.5685420036315918,-0.3749818205833435
colbench_backend_programming,298,1.5942578315734863,-0.006962016224861145,-0.5507375597953796,-0.7249321341514587,0.6658309102058411,0.17398372292518616,-0.24760802090168,0.6967607736587524,0.4462808072566986,-0.7023292779922485
colbench_backend_programming,623,1.5939022302627563,-0.007870973087847233,-0.6594381928443909,-0.6340931057929993,0.6337850093841553,0.0532342791557312,-0.3864876925945282,0.6766877174377441,0.6219887137413025,-0.5522002577781677
colbench_backend_programming,883,1.5937507152557373,0.013534855097532272,-0.34723734855651855,-0.7038949728012085,0.7372919321060181,0.0014183223247528076,-0.2837967872619629,0.6718870401382446,0.8308845162391663,-0.3975624740123749
colbench_backend_programming,979,1.5936288833618164,-0.00740438187494874,-0.5863693952560425,-0.7205570936203003,0.7099720239639282,0.09585131704807281,-0.3299112021923065,0.6475327610969543,0.5988674759864807,-0.5259195566177368
colbench_backend_programming,454,1.5929819345474243,-0.0009501084568910301,-0.65660160779953,-0.6805932521820068,0.6007468104362488,0.22662846744060516,-0.3432047367095947,0.6189431548118591,0.7022351622581482,-0.4868132770061493
colbench_backend_programming,164,1.5927047729492188,-0.005431196186691523,-0.4293080270290375,-0.6089059114456177,0.7433150410652161,0.09136402606964111,-0.17213580012321472,0.7747492790222168,0.4797189235687256,-0.7488487958908081
colbench_backend_programming,838,1.592272162437439,-0.012777026742696762,-0.6040478348731995,-0.6658430099487305,0.5818126201629639,0.15983957052230835,-0.31868425011634827,0.7581501007080078,0.4905608296394348,-0.6678729057312012
colbench_backend_programming,732,1.5908534526824951,0.03679877519607544,-0.3887462317943573,-0.8156778812408447,0.8268093466758728,0.0888252705335617,-0.16275626420974731,0.7469282150268555,0.555210530757904,-0.360842227935791
colbench_backend_programming,502,1.5899908542633057,-0.002759841736406088,-0.5550451278686523,-0.7544116377830505,0.6331072449684143,0.2198629379272461,-0.24017176032066345,0.7281671762466431,0.6181716322898865,-0.4812987446784973
colbench_backend_programming,182,1.5890977382659912,0.007434426341205835,-0.39505863189697266,-0.6816815137863159,0.6193515658378601,0.16993874311447144,-0.2942267656326294,0.9280515909194946,0.3555048108100891,-0.6463453769683838
colbench_backend_programming,854,1.588295817375183,-0.012000160291790962,-0.6581630706787109,-0.6656315326690674,0.7494152784347534,0.19627097249031067,-0.295178085565567,0.6260427832603455,0.5849474668502808,-0.47441646456718445
colbench_backend_programming,484,1.5872992277145386,0.008500010706484318,-0.42171522974967957,-0.6493088006973267,0.7072693109512329,0.09415657818317413,-0.2807466983795166,0.8211478590965271,0.5750827193260193,-0.5719749331474304
colbench_backend_programming,416,1.5871787071228027,-0.008882803842425346,-0.642966628074646,-0.6703395247459412,0.7002379894256592,0.2715017795562744,-0.39909645915031433,0.6109066009521484,0.6199348568916321,-0.4189566969871521
colbench_backend_programming,982,1.5864207744598389,-0.005279169417917728,-0.43679818511009216,-0.6249829530715942,0.6921969652175903,0.11350934207439423,-0.4236464202404022,0.7929810285568237,0.5419517159461975,-0.5842145681381226
colbench_backend_programming,316,1.585661768913269,0.012884010560810566,-0.446171373128891,-0.7805793881416321,0.7352873682975769,-0.06667104363441467,-0.20072370767593384,0.710564136505127,0.644261360168457,-0.4478767216205597
colbench_backend_programming,670,1.5852389335632324,-0.013405847363173962,-0.49909207224845886,-0.7389426827430725,0.7038472294807434,0.16918087005615234,-0.22542718052864075,0.7022876739501953,0.5143070816993713,-0.620719850063324
colbench_backend_programming,492,1.5840916633605957,0.0068781753070652485,-0.3556869626045227,-0.7773429751396179,0.6471371650695801,0.13177892565727234,-0.28727027773857117,0.8922045230865479,0.4790809452533722,-0.48409438133239746
colbench_backend_programming,383,1.583917260169983,-0.018182313069701195,-0.7228221893310547,-0.6399102807044983,0.6137169599533081,0.1304939091205597,-0.4885099530220032,0.6207229495048523,0.47336041927337646,-0.5789217948913574
colbench_backend_programming,309,1.58370041847229,-0.015974465757608414,-0.6239814758300781,-0.6403367519378662,0.638742208480835,0.1713593602180481,-0.478527307510376,0.6215750575065613,0.6577687859535217,-0.47261375188827515
colbench_backend_programming,220,1.583579659461975,-0.0034686578437685966,-0.43774688243865967,-0.6190648674964905,0.7520760297775269,0.17704565823078156,-0.08575326204299927,0.7821028232574463,0.5246521830558777,-0.6645292043685913
colbench_backend_programming,731,1.5832908153533936,-0.0059280539862811565,-0.4930465817451477,-0.7210587859153748,0.7100925445556641,0.1639886200428009,-0.3059481084346771,0.6675810217857361,0.644896924495697,-0.5074493288993835
colbench_backend_programming,154,1.5831726789474487,-0.022954460233449936,-0.5000205039978027,-0.72292560338974,0.7015591263771057,0.19915452599525452,-0.4315272569656372,0.5971399545669556,0.5059148669242859,-0.6349838972091675
colbench_backend_programming,569,1.5830129384994507,0.0020077358931303024,-0.5735786557197571,-0.6206526756286621,0.6210741996765137,0.0011488497257232666,-0.20246033370494843,0.8551186323165894,0.4100160002708435,-0.6823944449424744
colbench_backend_programming,650,1.5828909873962402,-0.01438553724437952,-0.6976147890090942,-0.6437978148460388,0.583181619644165,0.16373153030872345,-0.3662925958633423,0.6512356996536255,0.5817127823829651,-0.5838021039962769
colbench_backend_programming,791,1.582869529724121,-0.020837437361478806,-0.5701444149017334,-0.7563550472259521,0.6913988590240479,0.12963470816612244,-0.47284334897994995,0.5031113624572754,0.6169143319129944,-0.5061776041984558
colbench_backend_programming,729,1.5826853513717651,0.0005701125483028591,-0.5698744654655457,-0.7121527791023254,0.6985213160514832,0.107844278216362,-0.31021225452423096,0.5006012916564941,0.800492525100708,-0.4310344457626343
colbench_backend_programming,612,1.5825148820877075,0.006646118592470884,-0.3553391695022583,-0.7468031048774719,0.8234895467758179,-0.05243775248527527,-0.2763119041919708,0.6322718858718872,0.6075780391693115,-0.5424212217330933
colbench_backend_programming,629,1.582504391670227,-0.010722089558839798,-0.5342331528663635,-0.6670979857444763,0.6248691082000732,0.26887598633766174,-0.3160765469074249,0.7708171010017395,0.3191673159599304,-0.7177802920341492
colbench_backend_programming,611,1.5821983814239502,-0.0033026395831257105,-0.35864686965942383,-0.6670849919319153,0.581159234046936,0.31734776496887207,-0.1818123161792755,0.8892226219177246,0.47527027130126953,-0.6645386815071106
colbench_backend_programming,853,1.5821905136108398,-0.0011649378575384617,-0.528749942779541,-0.6140148043632507,0.6106860041618347,0.11350759118795395,-0.1371755450963974,0.8066505789756775,0.5031763911247253,-0.7336388826370239
colbench_backend_programming,772,1.5821601152420044,-0.010555706918239594,-0.6360479593276978,-0.6977138519287109,0.6607894897460938,0.18142318725585938,-0.4371805489063263,0.57985919713974,0.6468396186828613,-0.44333577156066895
colbench_backend_programming,139,1.5819138288497925,0.02504836767911911,-0.4791603088378906,-0.8197683095932007,0.6696348190307617,0.16750821471214294,-0.1969011127948761,0.7218064069747925,0.5726835131645203,-0.4864419996738434
colbench_backend_programming,32,1.58150315284729,0.0005514544900506735,-0.5545799136161804,-0.6628986597061157,0.6322779059410095,0.25186479091644287,-0.18024104833602905,0.7514780163764954,0.5131092667579651,-0.6560947895050049
colbench_backend_programming,628,1.5810494422912598,0.0010568947764113545,-0.7069389224052429,-0.6530877351760864,0.560802698135376,0.2531670331954956,-0.5580593347549438,0.5042487382888794,0.6813321709632874,-0.4061124324798584
colbench_backend_programming,594,1.5806851387023926,-0.009018611162900925,-0.7203539609909058,-0.6776717305183411,0.6566683053970337,0.191200852394104,-0.2608863115310669,0.6557079553604126,0.5699051022529602,-0.4794154763221741
colbench_backend_programming,158,1.5805761814117432,-0.021770339459180832,-0.6943432092666626,-0.6447669267654419,0.6455152034759521,0.23082733154296875,-0.39145606756210327,0.6426780819892883,0.5495610237121582,-0.5119790434837341
colbench_backend_programming,664,1.5804306268692017,0.001982786925509572,-0.408355712890625,-0.6433278322219849,0.7226400375366211,0.2284395694732666,-0.31947994232177734,0.8924621939659119,0.32380539178848267,-0.5825260281562805
colbench_backend_programming,438,1.5803418159484863,-0.003873521229252219,-0.5884899497032166,-0.6903817057609558,0.7216306924819946,0.10036967694759369,-0.4504390358924866,0.5735390186309814,0.6262456178665161,-0.4687027633190155
colbench_backend_programming,637,1.5799709558486938,0.00016271404456347227,-0.31333523988723755,-0.6615591645240784,0.8309062719345093,0.08444670587778091,-0.29077643156051636,0.7698714733123779,0.5586534142494202,-0.5230540633201599
colbench_backend_programming,261,1.5797569751739502,0.014865410514175892,-0.44630998373031616,-0.8340499997138977,0.6395983695983887,0.1434125006198883,-0.2166491150856018,0.7280849814414978,0.6391863226890564,-0.43074706196784973
colbench_backend_programming,169,1.5794329643249512,0.017579330131411552,-0.6566926836967468,-0.6575236320495605,0.5844116806983948,0.41686779260635376,-0.38600537180900574,0.6927111148834229,0.5559788346290588,-0.421602725982666
colbench_backend_programming,344,1.579413890838623,-0.0024866044986993074,-0.4751313328742981,-0.6774542331695557,0.7379833459854126,0.15401622653007507,-0.06009061634540558,0.7649357914924622,0.4674786925315857,-0.6589686870574951
colbench_backend_programming,375,1.5792990922927856,-0.01229147519916296,-0.6372867822647095,-0.7178871035575867,0.7125204801559448,0.16915985941886902,-0.2808389365673065,0.5897886753082275,0.5853835344314575,-0.5167140364646912
colbench_backend_programming,639,1.5791412591934204,-0.021720239892601967,-0.6120993494987488,-0.6370511651039124,0.737675130367279,0.2836960256099701,-0.31126391887664795,0.6085174679756165,0.5983725786209106,-0.5131380558013916
colbench_backend_programming,596,1.5790985822677612,0.007031390909105539,-0.4754180908203125,-0.6998941898345947,0.7846757769584656,0.09927815198898315,-0.29426056146621704,0.7040426731109619,0.6139238476753235,-0.43924716114997864
colbench_backend_programming,195,1.5789490938186646,-0.02432641200721264,-0.5622462034225464,-0.5905916094779968,0.7569151520729065,0.24481725692749023,-0.36065447330474854,0.617864727973938,0.6256890892982483,-0.540360689163208
colbench_backend_programming,481,1.578690528869629,-0.006538824178278446,-0.6273314356803894,-0.6530985832214355,0.7038356065750122,0.1657750904560089,-0.31267911195755005,0.6510452628135681,0.6124426126480103,-0.5025943517684937
colbench_backend_programming,190,1.5780692100524902,0.0065879435278475285,-0.39911577105522156,-0.7966398000717163,0.574401319026947,0.1335916668176651,-0.26231929659843445,0.9068830609321594,0.458011656999588,-0.4975614845752716
colbench_backend_programming,39,1.5780197381973267,-0.005557409953325987,-0.466564416885376,-0.7315542697906494,0.7216848134994507,0.15198269486427307,-0.12953585386276245,0.6447933912277222,0.4260427951812744,-0.7611269354820251
colbench_backend_programming,870,1.5776803493499756,0.01514890231192112,-0.4691287875175476,-0.7628786563873291,0.6735864877700806,0.30425727367401123,-0.4702432155609131,0.624962568283081,0.6240277886390686,-0.3736318051815033
colbench_backend_programming,739,1.577439308166504,0.017426172271370888,-0.3686257302761078,-0.7424625754356384,0.6505593657493591,0.19815850257873535,-0.14186488091945648,0.8192703723907471,0.39771151542663574,-0.6994147896766663
colbench_backend_programming,20,1.5763691663742065,-0.0105369184166193,-0.5430517792701721,-0.7067441940307617,0.7431071996688843,0.22957345843315125,-0.2682567238807678,0.670541524887085,0.43509405851364136,-0.6121604442596436
colbench_backend_programming,865,1.5762864351272583,0.028466297313570976,-0.2702469825744629,-0.7837290167808533,0.7856076955795288,0.03990805894136429,-0.27031102776527405,0.8559585809707642,0.4310700297355652,-0.43253618478775024
colbench_backend_programming,372,1.5761982202529907,-0.016454529017210007,-0.633875846862793,-0.607158899307251,0.7210472226142883,0.1411980390548706,-0.3715105950832367,0.614422619342804,0.6008594036102295,-0.5454785227775574
colbench_backend_programming,906,1.5758006572723389,0.0010759966680780053,-0.4776788055896759,-0.7163967490196228,0.6405609846115112,0.1527777761220932,-0.23363226652145386,0.8097944259643555,0.5825449824333191,-0.508307933807373
colbench_backend_programming,477,1.5756186246871948,0.014835725538432598,-0.4152635931968689,-0.6961747407913208,0.7939348816871643,-0.01756802201271057,-0.2480251044034958,0.7198354005813599,0.6256476640701294,-0.47298556566238403
colbench_backend_programming,574,1.574912190437317,-0.024237697944045067,-0.5499295592308044,-0.6693320274353027,0.7383800745010376,0.2365311235189438,-0.34680142998695374,0.5490784645080566,0.608822226524353,-0.579953134059906
colbench_backend_programming,916,1.5743000507354736,-0.008645927533507347,-0.43678057193756104,-0.5951459407806396,0.7430747747421265,0.1725808084011078,-0.08980943262577057,0.7727043628692627,0.4891641139984131,-0.7120964527130127
colbench_backend_programming,812,1.5740118026733398,0.013762864284217358,-0.4530658721923828,-0.7609047889709473,0.5777021050453186,0.2661828100681305,-0.46831977367401123,0.6393711566925049,0.6979067325592041,-0.4165123403072357
colbench_backend_programming,564,1.57390296459198,-0.008444090373814106,-0.5764482021331787,-0.6929031610488892,0.7618602514266968,0.10180569440126419,-0.3538990616798401,0.5911470651626587,0.5822422504425049,-0.5101590752601624
colbench_backend_programming,563,1.573594570159912,-0.013022098690271378,-0.6515194177627563,-0.677450954914093,0.685174286365509,0.19160062074661255,-0.4361635148525238,0.6046910285949707,0.6090835928916931,-0.39966893196105957
colbench_backend_programming,846,1.5735089778900146,-0.008642076514661312,-0.4489091634750366,-0.6547590494155884,0.7060678005218506,0.12852908670902252,-0.08321839570999146,0.7494803071022034,0.4811142683029175,-0.7283772230148315
colbench_backend_programming,523,1.5729401111602783,0.023294610902667046,-0.6177797317504883,-0.7659026384353638,0.6375552415847778,0.21690472960472107,-0.16970153152942657,0.7554069757461548,0.5271685123443604,-0.4183453619480133
colbench_backend_programming,467,1.5726569890975952,0.0032844115048646927,-0.4257199764251709,-0.8032510876655579,0.7976059913635254,0.16077065467834473,-0.19805847108364105,0.6051604151725769,0.614436149597168,-0.44922101497650146
colbench_backend_programming,418,1.5717003345489502,0.0001309347280766815,-0.33162274956703186,-0.7157843708992004,0.8465732932090759,-0.0799499899148941,-0.23386895656585693,0.6773953437805176,0.642653226852417,-0.44528692960739136
colbench_backend_programming,922,1.5714848041534424,0.006389575079083443,-0.3750760555267334,-0.7776399254798889,0.5603121519088745,0.1325010508298874,-0.22197610139846802,0.944006085395813,0.5004113912582397,-0.44924384355545044
colbench_backend_programming,783,1.5712748765945435,0.006902485154569149,-0.33221322298049927,-0.8120605945587158,0.7174845337867737,0.05000653862953186,-0.050070494413375854,0.7334205508232117,0.5988470315933228,-0.5317721366882324
colbench_backend_programming,805,1.5711941719055176,-0.01280860137194395,-0.7013047337532043,-0.6691038608551025,0.6640908718109131,0.14748980104923248,-0.3908002972602844,0.6011184453964233,0.5175157785415649,-0.5333499312400818
colbench_backend_programming,824,1.570144772529602,0.011368812993168831,-0.3728122115135193,-0.7413690686225891,0.7765597701072693,-0.02301362156867981,-0.15301613509655,0.7110745906829834,0.7002049684524536,-0.3922179937362671
colbench_backend_programming,321,1.5700490474700928,-0.015749935060739517,-0.671056866645813,-0.6885942816734314,0.6518028378486633,0.06229541450738907,-0.3706129193305969,0.5807732939720154,0.5947630405426025,-0.5324024558067322
colbench_backend_programming,738,1.5695762634277344,0.008319681510329247,-0.39859724044799805,-0.7249253392219543,0.627742350101471,0.1830313354730606,-0.3040553331375122,0.9042182564735413,0.41896241903305054,-0.515773594379425
colbench_backend_programming,602,1.5695453882217407,0.003564942628145218,-0.5386026501655579,-0.7605273127555847,0.7426865100860596,0.09115396440029144,-0.2819356322288513,0.7264594435691833,0.48334768414497375,-0.4407151937484741
colbench_backend_programming,763,1.5695102214813232,-0.021878326311707497,-0.6887390613555908,-0.6366690397262573,0.6136168837547302,0.2446494996547699,-0.38446635007858276,0.6427948474884033,0.5516800284385681,-0.5309648513793945
colbench_backend_programming,213,1.5689375400543213,-0.013177157379686832,-0.6811695098876953,-0.7229846119880676,0.6242819428443909,0.09618540108203888,-0.36102965474128723,0.6348598599433899,0.5327386856079102,-0.5086126923561096
colbench_backend_programming,396,1.5685361623764038,-0.018714657053351402,-0.6083551049232483,-0.627173125743866,0.7208913564682007,0.2658749222755432,-0.32830649614334106,0.6055281162261963,0.6036168932914734,-0.517384946346283
colbench_backend_programming,676,1.568408727645874,0.008035331033170223,-0.3280439078807831,-0.6914015412330627,0.6185991764068604,0.17527905106544495,-0.1834278404712677,0.8917962908744812,0.5044780969619751,-0.6143491268157959
colbench_backend_programming,143,1.568324089050293,0.008685598149895668,-0.5945115685462952,-0.7337242960929871,0.6051517724990845,0.310761421918869,-0.11352810263633728,0.7960377931594849,0.31601399183273315,-0.5988606214523315
colbench_backend_programming,775,1.568047285079956,-0.01005473267287016,-0.7111884355545044,-0.6623637676239014,0.6264120936393738,0.11575882881879807,-0.32914990186691284,0.6337223052978516,0.5985913872718811,-0.4901123046875
colbench_backend_programming,752,1.5677645206451416,-0.01221952773630619,-0.4492996335029602,-0.7745087742805481,0.6022590398788452,0.14951109886169434,-0.3108210265636444,0.6889246702194214,0.5683228373527527,-0.6138927936553955
colbench_backend_programming,521,1.5674793720245361,-0.004090925678610802,-0.4272618591785431,-0.6596624851226807,0.709584653377533,0.06537473946809769,-0.15295812487602234,0.7175754308700562,0.47370168566703796,-0.7541858553886414
colbench_backend_programming,338,1.5673049688339233,0.025678055360913277,-0.529883623123169,-0.809196949005127,0.7749288082122803,0.13148963451385498,-0.2622416019439697,0.6111953854560852,0.5694129467010498,-0.36946266889572144
colbench_backend_programming,715,1.5664297342300415,0.013817545026540756,-0.37007731199264526,-0.6923524141311646,0.6134543418884277,0.14378762245178223,-0.17421507835388184,0.9393967390060425,0.42570024728775024,-0.5885187387466431
colbench_backend_programming,387,1.5663444995880127,-0.006445468403398991,-0.46554437279701233,-0.6797242164611816,0.7054821848869324,0.07818332314491272,-0.13327355682849884,0.7285374999046326,0.416687548160553,-0.7407451868057251
colbench_backend_programming,235,1.566191554069519,-0.00782726053148508,-0.46373337507247925,-0.6418867111206055,0.6326203942298889,0.05624842643737793,-0.13270854949951172,0.773460865020752,0.5075071454048157,-0.7410125732421875
colbench_backend_programming,460,1.5661163330078125,0.014635094441473484,-0.40391236543655396,-0.7261481881141663,0.8066540956497192,0.04924163222312927,-0.12423296272754669,0.7190883159637451,0.659538984298706,-0.3763708472251892
colbench_backend_programming,800,1.5656042098999023,-0.0005574962706305087,-0.44187334179878235,-0.7168943285942078,0.6721524000167847,0.12185172736644745,-0.4086180031299591,0.7308075428009033,0.5827599763870239,-0.48438888788223267
colbench_backend_programming,713,1.5653178691864014,-0.020145511254668236,-0.5827877521514893,-0.6526908278465271,0.718517005443573,0.11212655156850815,-0.4063284397125244,0.4889192581176758,0.7632474899291992,-0.4111478328704834
colbench_backend_programming,527,1.5651506185531616,-0.0015930173685774207,-0.4825921356678009,-0.7943109273910522,0.653348982334137,0.11360512673854828,-0.33777672052383423,0.7487691044807434,0.5527215003967285,-0.407247930765152
colbench_backend_programming,516,1.5649744272232056,-0.02066727913916111,-0.5226824879646301,-0.6820131540298462,0.6950739026069641,0.1437654197216034,-0.367561012506485,0.7092872262001038,0.61810702085495,-0.43216177821159363
colbench_backend_programming,10,1.5644054412841797,-0.022714005783200264,-0.6202459335327148,-0.6821897625923157,0.6896241307258606,0.22760483622550964,-0.40649670362472534,0.5670854449272156,0.5235896110534668,-0.5558054447174072
colbench_backend_programming,30,1.5643956661224365,-0.000566018745303154,-0.6810128688812256,-0.6987937688827515,0.6198794841766357,0.13989931344985962,-0.2723468542098999,0.6670160293579102,0.5713965892791748,-0.49582555890083313
colbench_backend_programming,698,1.5640058517456055,0.005567961372435093,-0.4031031131744385,-0.743291437625885,0.6743986010551453,0.008435219526290894,-0.35145366191864014,0.7564796209335327,0.6180950403213501,-0.44545799493789673
colbench_backend_programming,764,1.5639939308166504,0.017466576769948006,-0.5335747003555298,-0.8359699845314026,0.6110454201698303,0.24728894233703613,-0.4322516620159149,0.6276128888130188,0.5726275444030762,-0.34548419713974
colbench_backend_programming,903,1.5639625787734985,-0.008988282643258572,-0.5870551466941833,-0.6588574647903442,0.6144025921821594,0.22228588163852692,-0.2649240493774414,0.7469211220741272,0.486590176820755,-0.6127845048904419
colbench_backend_programming,325,1.5638296604156494,0.012897984124720097,-0.4119839370250702,-0.7429333329200745,0.6913299560546875,-0.023062050342559814,-0.11808787286281586,0.8379815220832825,0.5519527196884155,-0.47392377257347107
colbench_backend_programming,671,1.5636382102966309,-0.008971435017883778,-0.6053107976913452,-0.7428566217422485,0.6611717343330383,0.04716397821903229,-0.31611543893814087,0.6058675646781921,0.5847571492195129,-0.5276450514793396
colbench_backend_programming,826,1.5635879039764404,0.012197187170386314,-0.4330105185508728,-0.7603477239608765,0.7124395966529846,-0.029609814286231995,-0.19022098183631897,0.6894189715385437,0.6673848628997803,-0.4624371826648712
colbench_backend_programming,281,1.5634496212005615,-0.01319112628698349,-0.7051292657852173,-0.7185001373291016,0.5588344931602478,0.1752970814704895,-0.36672908067703247,0.6360903382301331,0.6281935572624207,-0.39264699816703796
colbench_backend_programming,794,1.563376545906067,-0.014615806750953197,-0.6520709991455078,-0.6794803738594055,0.6608984470367432,0.16231809556484222,-0.3288319408893585,0.5413762927055359,0.574032723903656,-0.602818489074707
colbench_backend_programming,778,1.5629756450653076,0.01543669868260622,-0.45695066452026367,-0.8010087013244629,0.6378835439682007,0.27688997983932495,-0.4186622202396393,0.6204953789710999,0.6542915105819702,-0.3471609354019165
colbench_backend_programming,888,1.5628957748413086,-0.015467795543372631,-0.6272417902946472,-0.6710904836654663,0.6316184401512146,0.1563059240579605,-0.3461192548274994,0.6380031704902649,0.6046783924102783,-0.5319703817367554
colbench_backend_programming,171,1.5624074935913086,0.01370749156922102,-0.4459325075149536,-0.8244545459747314,0.62668377161026,0.18789055943489075,-0.4859539866447449,0.5938257575035095,0.6183258295059204,-0.4042196571826935
colbench_backend_programming,285,1.5623387098312378,-0.0203902255743742,-0.5123754143714905,-0.7155222296714783,0.706254780292511,0.10819003731012344,-0.3558073937892914,0.7013006210327148,0.6264663934707642,-0.3808135390281677
colbench_backend_programming,337,1.5613811016082764,-0.009492571465671062,-0.618526816368103,-0.6511827111244202,0.7110253572463989,0.23042984306812286,-0.2535131871700287,0.6089344620704651,0.600612998008728,-0.5261515974998474
colbench_backend_programming,356,1.560817837715149,0.021539904177188873,-0.39045751094818115,-0.7488075494766235,0.7603381276130676,0.18447977304458618,-0.36348748207092285,0.6453770399093628,0.6075928807258606,-0.439353883266449
colbench_backend_programming,714,1.5596379041671753,-0.0027389111928641796,-0.604422926902771,-0.6573452949523926,0.6082964539527893,0.29595834016799927,-0.341951847076416,0.7361963987350464,0.5262442231178284,-0.49150341749191284
colbench_backend_programming,371,1.5596368312835693,-0.009812246076762676,-0.6042810678482056,-0.6679495573043823,0.7271788120269775,0.18376092612743378,-0.2782932221889496,0.6146397590637207,0.5950043797492981,-0.49933797121047974
colbench_backend_programming,951,1.5595512390136719,-0.014113196171820164,-0.4972981810569763,-0.6537990570068359,0.7251836657524109,0.16248802840709686,-0.38465678691864014,0.6810522675514221,0.6003912091255188,-0.4825817346572876
colbench_backend_programming,200,1.55948805809021,-0.004229971207678318,-0.7086488008499146,-0.6846333146095276,0.6855452060699463,0.10341253131628036,-0.3190264105796814,0.6508640646934509,0.49339306354522705,-0.45999160408973694
colbench_backend_programming,540,1.55939781665802,0.01201623771339655,-0.6526819467544556,-0.6897609233856201,0.6479161977767944,0.3091810643672943,-0.33962470293045044,0.7071475982666016,0.43358153104782104,-0.4595364034175873
colbench_backend_programming,331,1.5590801239013672,0.007280744146555662,-0.39186933636665344,-0.8145203590393066,0.6162612438201904,0.22875481843948364,-0.20067864656448364,0.8579641580581665,0.41307103633880615,-0.48437273502349854
colbench_backend_programming,584,1.5585708618164062,-0.013256042264401913,-0.5926368236541748,-0.6313965916633606,0.7065937519073486,0.09775900840759277,-0.38463225960731506,0.6086056232452393,0.5965890884399414,-0.5442151427268982
colbench_backend_programming,53,1.55746591091156,-0.005262898281216621,-0.43929529190063477,-0.752114474773407,0.6636187434196472,0.06311764568090439,-0.42509084939956665,0.7187629342079163,0.5337499380111694,-0.4903659224510193
colbench_backend_programming,683,1.5574042797088623,0.010590550489723682,-0.4274894893169403,-0.7640265226364136,0.5732600688934326,0.21222874522209167,-0.3360360264778137,0.7791073322296143,0.4067150950431824,-0.6324640512466431
colbench_backend_programming,902,1.5573761463165283,0.016984958201646805,-0.359613299369812,-0.6278255581855774,0.6186589002609253,0.16480077803134918,-0.30196622014045715,0.9153399467468262,0.41917407512664795,-0.6223325133323669
colbench_backend_programming,118,1.5569204092025757,-0.014150438830256462,-0.5457416772842407,-0.674248218536377,0.6113730669021606,0.22322621941566467,-0.2675999402999878,0.7053436040878296,0.5158425569534302,-0.6424457430839539
colbench_backend_programming,858,1.5560625791549683,0.02908508852124214,-0.45493069291114807,-0.7090942859649658,0.6952759623527527,-0.15514428913593292,-0.35393059253692627,0.7223634719848633,0.6756555438041687,-0.31700122356414795
colbench_backend_programming,771,1.5560332536697388,0.007899667136371136,-0.5915781259536743,-0.768144428730011,0.668670117855072,0.07785942405462265,-0.23746035993099213,0.5074688196182251,0.7663344740867615,-0.3561832904815674
colbench_backend_programming,354,1.5557382106781006,0.026657314971089363,-0.5092787146568298,-0.8347545862197876,0.6488684415817261,0.19796529412269592,-0.4593070447444916,0.6313081979751587,0.5371504426002502,-0.32538771629333496
colbench_backend_programming,379,1.5554351806640625,-0.021508697420358658,-0.588678777217865,-0.6016826629638672,0.7358386516571045,0.09303314238786697,-0.4082241654396057,0.5833417177200317,0.5854863524436951,-0.5576481223106384
colbench_backend_programming,583,1.5553103685379028,-0.012878972105681896,-0.6224119067192078,-0.6658305525779724,0.6874269247055054,0.19788137078285217,-0.27570441365242004,0.5849219560623169,0.6199233531951904,-0.5235446691513062
colbench_backend_programming,201,1.5547477006912231,0.01622202806174755,-0.456651508808136,-0.7985255718231201,0.6800470352172852,0.2437172383069992,-0.4769035875797272,0.5904066562652588,0.5654229521751404,-0.39177101850509644
colbench_backend_programming,571,1.5546619892120361,-0.015973417088389397,-0.6166921257972717,-0.736335039138794,0.6379842758178711,0.14452411234378815,-0.3667166829109192,0.532124400138855,0.6833562850952148,-0.4265573024749756
colbench_backend_programming,787,1.5543947219848633,0.011625552549958229,-0.564048707485199,-0.6473141312599182,0.6192790269851685,0.38123536109924316,-0.4352678060531616,0.6292715072631836,0.5722172260284424,-0.48708969354629517
colbench_backend_programming,908,1.5543204545974731,-0.0007277224794961512,-0.48521971702575684,-0.652265191078186,0.6438940167427063,0.11272965371608734,-0.10708630084991455,0.7502912282943726,0.4817090332508087,-0.7219892144203186
colbench_backend_programming,434,1.5542079210281372,-0.00679926760494709,-0.4861990809440613,-0.6388829946517944,0.663638174533844,0.04931887984275818,-0.4088284373283386,0.7105991244316101,0.6077661514282227,-0.535426676273346
colbench_backend_programming,672,1.5540602207183838,0.012924863956868649,-0.4243401288986206,-0.7603322863578796,0.6466115713119507,0.005399256944656372,-0.3431952893733978,0.759070098400116,0.5883015394210815,-0.44578999280929565
colbench_backend_programming,679,1.5519047975540161,-0.0031476544681936502,-0.404989629983902,-0.6301805973052979,0.6471816301345825,0.13294310867786407,-0.3156227171421051,0.776958167552948,0.5939051508903503,-0.5956018567085266
colbench_backend_programming,123,1.551814317703247,0.006688117980957031,-0.38805997371673584,-0.7751151323318481,0.7716755867004395,-0.0471942275762558,-0.1933974325656891,0.6290963292121887,0.6397397518157959,-0.46539372205734253
colbench_backend_programming,55,1.5517284870147705,0.004837110638618469,-0.37084275484085083,-0.7815018892288208,0.5612950325012207,0.08597889542579651,-0.259065181016922,0.9181973338127136,0.4501531422138214,-0.4736119210720062
colbench_backend_programming,598,1.5512601137161255,-0.009219742380082607,-0.6976046562194824,-0.6900965571403503,0.5986303091049194,0.1301547884941101,-0.2662803828716278,0.6545093059539795,0.5805912613868713,-0.48150816559791565
colbench_backend_programming,362,1.5509483814239502,-0.013222887180745602,-0.5558798313140869,-0.7094734907150269,0.6276323795318604,0.08471371978521347,-0.36048465967178345,0.7393997311592102,0.597394585609436,-0.39805203676223755
colbench_backend_programming,841,1.5509464740753174,0.014017891138792038,-0.47321224212646484,-0.7754793763160706,0.6147211790084839,0.2284093201160431,-0.467917799949646,0.6345971822738647,0.6266739368438721,-0.3683789372444153
colbench_backend_programming,430,1.5505415201187134,0.018181348219513893,-0.4221457242965698,-0.738512396812439,0.6911543011665344,0.09365880489349365,-0.15710711479187012,0.8105279803276062,0.4951709508895874,-0.5169844031333923
colbench_backend_programming,638,1.550493597984314,0.006551781669259071,-0.3951117992401123,-0.7395394444465637,0.5102633237838745,0.15601590275764465,-0.26266390085220337,0.9126909971237183,0.47773584723472595,-0.5348460674285889
colbench_backend_programming,588,1.5503748655319214,0.010184942744672298,-0.3654666841030121,-0.7794606685638428,0.5673829913139343,0.13968268036842346,-0.21924947202205658,0.92057204246521,0.46656009554862976,-0.45596179366111755
colbench_backend_programming,950,1.5502591133117676,0.0037513512652367353,-0.5256813764572144,-0.7021746635437012,0.7579535245895386,0.29986512660980225,-0.2162746787071228,0.5389367341995239,0.6955132484436035,-0.38540101051330566
colbench_backend_programming,769,1.5500317811965942,0.017702601850032806,-0.42030203342437744,-0.6638327836990356,0.7299420833587646,0.10586628317832947,-0.20846156775951385,0.8322038054466248,0.46235331892967224,-0.539868175983429
colbench_backend_programming,52,1.5497612953186035,0.004859686363488436,-0.5045028924942017,-0.7828077077865601,0.6229722499847412,0.08823820948600769,-0.22039695084095,0.6639631390571594,0.6471565961837769,-0.4799325466156006
colbench_backend_programming,660,1.5494933128356934,-0.0014546213205903769,-0.5815428495407104,-0.6678242683410645,0.5810168385505676,0.30889761447906494,-0.2262926697731018,0.8053205013275146,0.34459102153778076,-0.604365348815918
colbench_backend_programming,566,1.5492887496948242,0.04989085718989372,-0.4602677822113037,-0.7662637829780579,0.7907350063323975,0.15859396755695343,-0.17249885201454163,0.74190354347229,0.558309018611908,-0.24287691712379456
colbench_backend_programming,238,1.5491632223129272,-0.01361854374408722,-0.6656752228736877,-0.6768077611923218,0.6227229833602905,0.20644573867321014,-0.24875111877918243,0.59950852394104,0.5959069728851318,-0.540294349193573
colbench_backend_programming,405,1.5486116409301758,0.0032346961088478565,-0.48599275946617126,-0.7744811773300171,0.7212574481964111,0.049704886972904205,-0.27350541949272156,0.6630715727806091,0.573829710483551,-0.44244271516799927
colbench_backend_programming,217,1.5484859943389893,-0.021633360534906387,-0.6258475184440613,-0.5360637903213501,0.6654695868492126,0.192055344581604,-0.3908464014530182,0.6594309210777283,0.6167248487472534,-0.5206390023231506
colbench_backend_programming,835,1.5484473705291748,-0.007945111021399498,-0.669818639755249,-0.5952582955360413,0.6399469375610352,0.1393488645553589,-0.3384164571762085,0.6529634594917297,0.5752881169319153,-0.5421313643455505
colbench_backend_programming,90,1.547821044921875,0.0067778038792312145,-0.44367849826812744,-0.7479628920555115,0.6841150522232056,0.15414592623710632,-0.2619684934616089,0.7345532774925232,0.5981872081756592,-0.4262072443962097
colbench_backend_programming,93,1.5477415323257446,-0.0031497105956077576,-0.4632844924926758,-0.761375367641449,0.6052656173706055,0.10986075550317764,-0.35856419801712036,0.7351927161216736,0.5921490788459778,-0.4506060779094696
colbench_backend_programming,173,1.54721200466156,0.007951471023261547,-0.42294180393218994,-0.7699365615844727,0.5257993340492249,0.07354038953781128,-0.3280925154685974,0.8856297731399536,0.4162152409553528,-0.5244900584220886
colbench_backend_programming,117,1.5472066402435303,0.003995866514742374,-0.46295732259750366,-0.699903666973114,0.7648020386695862,0.1399102658033371,-0.28783437609672546,0.7698776125907898,0.43398231267929077,-0.4703782796859741
colbench_backend_programming,977,1.5467567443847656,0.019228389486670494,-0.4907432794570923,-0.8068181872367859,0.7615989446640015,0.09612919390201569,-0.22738602757453918,0.6478778123855591,0.4582957327365875,-0.4794924557209015
colbench_backend_programming,260,1.546543836593628,0.01272200234234333,-0.4754016101360321,-0.6451806426048279,0.6770750880241394,0.15023916959762573,-0.2715941071510315,0.8313941359519958,0.5110063552856445,-0.49236541986465454
colbench_backend_programming,690,1.5456864833831787,-0.011658220551908016,-0.6251770257949829,-0.6146969795227051,0.6732438802719116,0.2046780288219452,-0.2761441171169281,0.648305356502533,0.6127863526344299,-0.503224790096283
colbench_backend_programming,565,1.5455552339553833,0.008405458182096481,-0.5096467137336731,-0.7118836641311646,0.6886821985244751,0.3379494547843933,-0.26541846990585327,0.7052323818206787,0.5403915643692017,-0.4170219898223877
colbench_backend_programming,665,1.5445464849472046,0.004007187206298113,-0.39793816208839417,-0.6408790349960327,0.6491757035255432,0.14062641561031342,-0.22638516128063202,0.7740017771720886,0.4423358738422394,-0.7275633811950684
colbench_backend_programming,644,1.5442805290222168,-0.013591800816357136,-0.5474138855934143,-0.7619670033454895,0.6147416830062866,0.06464376300573349,-0.40697669982910156,0.6210877299308777,0.5403763651847839,-0.5282745957374573
colbench_backend_programming,297,1.5440586805343628,0.016640158370137215,-0.6132603883743286,-0.6760705709457397,0.4682217240333557,0.3865355849266052,-0.4512926936149597,0.6706671714782715,0.45299389958381653,-0.5689054131507874
colbench_backend_programming,341,1.5439119338989258,0.017381545156240463,-0.5293402075767517,-0.8221056461334229,0.5950350761413574,0.2299329787492752,-0.4471988379955292,0.6178737282752991,0.558777391910553,-0.35592490434646606
colbench_backend_programming,340,1.5436478853225708,0.012231058441102505,-0.3441174030303955,-0.6674378514289856,0.6622195243835449,0.10432586073875427,-0.2322458028793335,0.8987213969230652,0.4273672103881836,-0.5703147053718567
colbench_backend_programming,398,1.5429514646530151,-0.013133471831679344,-0.6368319988250732,-0.6207365393638611,0.6982348561286926,0.16113466024398804,-0.38079777359962463,0.6372787356376648,0.5302219986915588,-0.49403202533721924
colbench_backend_programming,674,1.5421994924545288,-0.02099759690463543,-0.6387576460838318,-0.628758430480957,0.5760950446128845,0.09659090638160706,-0.32305970788002014,0.6184164881706238,0.650629460811615,-0.5689377784729004
colbench_backend_programming,605,1.541861891746521,0.014028762467205524,-0.4907991290092468,-0.8032264113426208,0.5666105151176453,0.28029581904411316,-0.3735429346561432,0.6267445683479309,0.6692324876785278,-0.3338460922241211
colbench_backend_programming,965,1.541560173034668,-0.009933393448591232,-0.4591608941555023,-0.626161515712738,0.6408883929252625,0.0800139307975769,-0.4220220446586609,0.7702701687812805,0.5198447704315186,-0.5609840154647827
colbench_backend_programming,857,1.5415047407150269,0.0036540261935442686,-0.52386873960495,-0.728717565536499,0.5719525218009949,0.17488403618335724,-0.2992478013038635,0.6674809455871582,0.578846275806427,-0.5855869054794312
colbench_backend_programming,488,1.541019320487976,-0.01914740540087223,-0.6274099946022034,-0.6294338703155518,0.6739594340324402,0.15838061273097992,-0.3574911653995514,0.6340675950050354,0.5844434499740601,-0.48393064737319946
colbench_backend_programming,479,1.540624976158142,0.013110548257827759,-0.37953513860702515,-0.7001176476478577,0.7144791483879089,0.04830029606819153,-0.11211864650249481,0.8058506846427917,0.5494449734687805,-0.5124883651733398
colbench_backend_programming,320,1.5405900478363037,-0.006226173136383295,-0.6088818907737732,-0.614852786064148,0.6468246579170227,0.17259283363819122,-0.278489351272583,0.6614707112312317,0.6223396062850952,-0.5235072374343872
colbench_backend_programming,890,1.5396373271942139,0.016617707908153534,-0.4103933274745941,-0.8378760814666748,0.536760687828064,0.21711143851280212,-0.43358170986175537,0.7597076296806335,0.4699016213417053,-0.4228689670562744
colbench_backend_programming,131,1.5391061305999756,0.00745461555197835,-0.5938767790794373,-0.7057617902755737,0.6119592785835266,0.15387588739395142,-0.18703725934028625,0.7442846894264221,0.41163116693496704,-0.6012515425682068
colbench_backend_programming,557,1.5390490293502808,-0.01493854634463787,-0.5918186902999878,-0.637342631816864,0.7051928639411926,0.14856651425361633,-0.32173284888267517,0.6095487475395203,0.5847728848457336,-0.5251922011375427
colbench_backend_programming,572,1.538761854171753,-0.012058212421834469,-0.42027077078819275,-0.5263258218765259,0.7493688464164734,0.23269927501678467,-0.04201391339302063,0.7916499376296997,0.5079948902130127,-0.6417986154556274
colbench_backend_programming,312,1.5387073755264282,-0.012519743293523788,-0.5315430164337158,-0.6292250156402588,0.6061300039291382,0.3218863010406494,-0.32633861899375916,0.6865823864936829,0.596444845199585,-0.5333996415138245
colbench_backend_programming,736,1.5377871990203857,-0.0031956229358911514,-0.5301005840301514,-0.717669665813446,0.6485235691070557,0.11438734829425812,-0.21835759282112122,0.7346317768096924,0.4707695543766022,-0.5710324645042419
colbench_backend_programming,440,1.53756582736969,-0.013767878524959087,-0.39710915088653564,-0.7486628293991089,0.679881751537323,0.11738251894712448,-0.36088868975639343,0.6410300135612488,0.5112737417221069,-0.6060841083526611
colbench_backend_programming,25,1.5375292301177979,-0.009974861517548561,-0.606917679309845,-0.6050888299942017,0.7569975852966309,0.06049425154924393,-0.18851584196090698,0.6100506782531738,0.5933451056480408,-0.5413419008255005
colbench_backend_programming,174,1.5374196767807007,0.01288963109254837,-0.5948688983917236,-0.6865452527999878,0.5732975602149963,0.349163293838501,-0.4354187250137329,0.6005756258964539,0.5280079245567322,-0.5087119340896606
colbench_backend_programming,155,1.5357955694198608,0.01552282553166151,-0.4990260899066925,-0.7918222546577454,0.6891457438468933,0.137035071849823,-0.17195674777030945,0.7475943565368652,0.43689846992492676,-0.45783308148384094
colbench_backend_programming,209,1.5355806350708008,-0.010504242964088917,-0.5964353680610657,-0.5983839631080627,0.7574344277381897,0.020043909549713135,-0.21351376175880432,0.6109299063682556,0.5941703915596008,-0.5461124777793884
colbench_backend_programming,705,1.535569429397583,0.008400531485676765,-0.5401275157928467,-0.7787773609161377,0.6838390231132507,0.08784663677215576,-0.18792559206485748,0.50047367811203,0.7610927820205688,-0.34545138478279114
colbench_backend_programming,443,1.5353851318359375,0.03980443999171257,-0.3053821325302124,-0.8341261148452759,0.7203729152679443,0.1431155800819397,-0.26480427384376526,0.7339770197868347,0.5129852890968323,-0.39618951082229614
colbench_backend_programming,278,1.5352506637573242,-0.0025052472483366728,-0.6228346228599548,-0.6202839612960815,0.6209987998008728,0.1355208456516266,-0.4458163380622864,0.5588839650154114,0.649739146232605,-0.49704092741012573
colbench_backend_programming,412,1.5352282524108887,-0.020489417016506195,-0.6243045330047607,-0.5737029910087585,0.687654435634613,0.15571027994155884,-0.4212454855442047,0.6121107935905457,0.5400748252868652,-0.5450801849365234
colbench_backend_programming,163,1.5344011783599854,0.004381165839731693,-0.4374980926513672,-0.6596579551696777,0.6692031025886536,0.0874037966132164,-0.3489100933074951,0.7444649934768677,0.49502426385879517,-0.5927447080612183
colbench_backend_programming,953,1.5336804389953613,0.0029543598648160696,-0.5044666528701782,-0.7350733876228333,0.6430516242980957,0.25477904081344604,-0.3123270571231842,0.5793092846870422,0.6902045011520386,-0.41158074140548706
colbench_backend_programming,649,1.5336097478866577,0.00725146196782589,-0.5916383266448975,-0.7336805462837219,0.6022874116897583,0.3514949083328247,-0.3962371349334717,0.5802448391914368,0.5195909142494202,-0.46224913001060486
colbench_backend_programming,376,1.5335155725479126,-0.011497898027300835,-0.6267151236534119,-0.7038821578025818,0.6354861259460449,0.21758219599723816,-0.22719112038612366,0.562606930732727,0.6152383089065552,-0.515366792678833
colbench_backend_programming,221,1.5334837436676025,0.010516028851270676,-0.4071316123008728,-0.7512462735176086,0.7568566799163818,-0.07240152359008789,-0.21788692474365234,0.6635764241218567,0.6033446192741394,-0.4376509487628937
colbench_backend_programming,528,1.5331240892410278,0.015656258910894394,-0.38832542300224304,-0.8095362186431885,0.5585880279541016,0.27706173062324524,-0.4100676476955414,0.757231593132019,0.4862491488456726,-0.4213629961013794
colbench_backend_programming,83,1.5330424308776855,0.01682300679385662,-0.38105666637420654,-0.8144187331199646,0.5614778399467468,0.26824700832366943,-0.4176875352859497,0.7524882555007935,0.48570477962493896,-0.4217968285083771
colbench_backend_programming,136,1.5330287218093872,0.02442564070224762,-0.3878645598888397,-0.8287960290908813,0.6527642607688904,0.061845675110816956,-0.2164381444454193,0.8232836127281189,0.4153475761413574,-0.4309919774532318
colbench_backend_programming,509,1.532843828201294,0.002716450020670891,-0.47721344232559204,-0.7308873534202576,0.6621165871620178,0.27383387088775635,-0.26540815830230713,0.7117636799812317,0.5647810101509094,-0.4222218692302704
colbench_backend_programming,151,1.5324841737747192,-0.009886772371828556,-0.5270711779594421,-0.67340487241745,0.6557614207267761,0.25478923320770264,-0.2952885031700134,0.6809144020080566,0.6118332743644714,-0.4439702033996582
colbench_backend_programming,840,1.5323514938354492,0.02063821069896221,-0.46775954961776733,-0.7458740472793579,0.609805166721344,0.16532489657402039,-0.507396399974823,0.664008378982544,0.5985422730445862,-0.3422984480857849
colbench_backend_programming,744,1.5322184562683105,0.008322889916598797,-0.5252355933189392,-0.6687588691711426,0.609157919883728,0.4013567566871643,-0.3751039505004883,0.6945123672485352,0.4449354112148285,-0.5209646224975586
colbench_backend_programming,987,1.5313373804092407,0.031652286648750305,-0.3382982015609741,-0.7204885482788086,0.6185524463653564,-0.04658178985118866,-0.3043861985206604,0.8417217135429382,0.5128995180130005,-0.5123041272163391
colbench_backend_programming,446,1.5313183069229126,0.017065543681383133,-0.35707902908325195,-0.8236528635025024,0.5672166347503662,0.23665200173854828,-0.41687607765197754,0.7632498145103455,0.4794769287109375,-0.41839349269866943
colbench_backend_programming,279,1.531079888343811,-0.009546174667775631,-0.6095279455184937,-0.6068000793457031,0.7442936301231384,0.05149906128644943,-0.18402542173862457,0.6117680072784424,0.5937032103538513,-0.5359484553337097
colbench_backend_programming,283,1.5309488773345947,0.012172400020062923,-0.582610547542572,-0.7335674166679382,0.5627911686897278,0.4011126756668091,-0.3395322263240814,0.6699161529541016,0.4122079610824585,-0.5046167373657227
colbench_backend_programming,510,1.5305763483047485,0.028724467381834984,-0.5141518115997314,-0.7922517657279968,0.6706270575523376,0.05855023115873337,-0.32087522745132446,0.7244120836257935,0.45398563146591187,-0.4045286774635315
colbench_backend_programming,593,1.5305695533752441,-0.0022949809208512306,-0.4376218914985657,-0.7100152969360352,0.5726022124290466,0.16967111825942993,-0.35586535930633545,0.6885971426963806,0.641276478767395,-0.5275461673736572
colbench_backend_programming,275,1.5305272340774536,-0.009496686048805714,-0.6013296842575073,-0.6039413213729858,0.7516459822654724,0.06393921375274658,-0.17618998885154724,0.6127582788467407,0.5927121043205261,-0.5378548502922058
colbench_backend_programming,267,1.5303847789764404,0.015483363531529903,-0.37649160623550415,-0.8203295469284058,0.5565915107727051,0.25486353039741516,-0.40965715050697327,0.7517085671424866,0.49084708094596863,-0.4228782653808594
colbench_backend_programming,426,1.5302996635437012,0.001158663653768599,-0.3705601096153259,-0.7700139284133911,0.7529739737510681,-0.06646521389484406,-0.1209610253572464,0.6516687870025635,0.660666286945343,-0.4054742753505707
colbench_backend_programming,543,1.5301438570022583,0.01622840017080307,-0.39854010939598083,-0.7922490239143372,0.5537935495376587,0.27318695187568665,-0.42546001076698303,0.7653099298477173,0.47672805190086365,-0.42372655868530273
colbench_backend_programming,455,1.5300110578536987,-0.007922560907900333,-0.476632297039032,-0.6526532173156738,0.7366394400596619,0.16148655116558075,-0.2571624219417572,0.705685555934906,0.43243515491485596,-0.6065961718559265
colbench_backend_programming,475,1.5300055742263794,0.027387643232941628,-0.34126222133636475,-0.7679070234298706,0.7068604826927185,0.1167307049036026,-0.275615930557251,0.794145405292511,0.5207676291465759,-0.3790360689163208
colbench_backend_programming,335,1.5297256708145142,-0.009383602999150753,-0.6062285304069519,-0.6069198250770569,0.7448516488075256,0.0614280179142952,-0.17622092366218567,0.6130999326705933,0.5925502777099609,-0.5362436771392822
colbench_backend_programming,120,1.5295836925506592,-0.0054792724549770355,-0.42190927267074585,-0.6191266179084778,0.6988704800605774,0.2522280216217041,-0.0063873231410980225,0.7086710333824158,0.5242403745651245,-0.6702079772949219
colbench_backend_programming,581,1.5293627977371216,0.015341762453317642,-0.3820324242115021,-0.802320122718811,0.5565893054008484,0.2726595997810364,-0.41396862268447876,0.7591235637664795,0.4860670864582062,-0.4257338047027588
colbench_backend_programming,290,1.5293385982513428,0.010535548441112041,-0.5426267981529236,-0.7506349086761475,0.652137041091919,0.281947523355484,-0.2820391356945038,0.6942912340164185,0.49175170063972473,-0.41568809747695923
colbench_backend_programming,103,1.5291317701339722,-0.010157846845686436,-0.6299360394477844,-0.6938686966896057,0.6496263742446899,0.1945028007030487,-0.25790563225746155,0.5554064512252808,0.5726147294044495,-0.5452024340629578
colbench_backend_programming,15,1.5291208028793335,-0.009369134902954102,-0.6054590344429016,-0.6014207005500793,0.7471845149993896,0.0675281509757042,-0.1787656545639038,0.6135443449020386,0.5935440063476562,-0.535154402256012
colbench_backend_programming,997,1.5286012887954712,-0.009229452349245548,-0.6044681072235107,-0.6107760667800903,0.7411736249923706,0.04386769235134125,-0.18647384643554688,0.6127967834472656,0.5906619429588318,-0.5364288687705994
colbench_backend_programming,79,1.528471827507019,-0.009378043934702873,-0.6023629903793335,-0.6128631830215454,0.7432266473770142,0.04705244302749634,-0.17864814400672913,0.6107743978500366,0.5930590629577637,-0.5352607369422913
colbench_backend_programming,974,1.528220295906067,-0.008954671211540699,-0.6006168723106384,-0.615382194519043,0.7428522109985352,0.050294749438762665,-0.1769656538963318,0.6132981777191162,0.5911630392074585,-0.5336076021194458
colbench_backend_programming,656,1.528138518333435,-0.0031393966637551785,-0.4081594944000244,-0.6592910289764404,0.6334298849105835,0.10350996255874634,-0.06746509671211243,0.7175478935241699,0.4901842474937439,-0.749862551689148
colbench_backend_programming,518,1.5280636548995972,-0.009511006064713001,-0.6071552038192749,-0.6071043610572815,0.7399317622184753,0.053555503487586975,-0.178236186504364,0.6131651401519775,0.5918108820915222,-0.5379763245582581
colbench_backend_programming,585,1.5280296802520752,-0.013296983204782009,-0.6491742134094238,-0.6427709460258484,0.6057661175727844,0.1417519748210907,-0.3754982054233551,0.6047128438949585,0.5455317497253418,-0.5558465719223022
colbench_backend_programming,820,1.5278598070144653,-0.00910667423158884,-0.6033996343612671,-0.6158049702644348,0.7395251393318176,0.04688553512096405,-0.17631012201309204,0.6127873659133911,0.5906816720962524,-0.5352144241333008
colbench_backend_programming,947,1.527809739112854,-0.009461093693971634,-0.3711991310119629,-0.632938027381897,0.740071177482605,0.19382528960704803,-0.34303826093673706,0.7005018591880798,0.5641937851905823,-0.5327633619308472
colbench_backend_programming,879,1.527611255645752,-0.005371608305722475,-0.5994060635566711,-0.6680334806442261,0.6774947047233582,0.14417432248592377,-0.35959991812705994,0.6084640026092529,0.6359903812408447,-0.3797767162322998
colbench_backend_programming,624,1.5274152755737305,-0.0004128806758671999,-0.6852867007255554,-0.6290455460548401,0.6823756694793701,0.14427773654460907,-0.2981538474559784,0.6540833711624146,0.5258086919784546,-0.4336278438568115
colbench_backend_programming,198,1.5274038314819336,0.015419446863234043,-0.37567928433418274,-0.8128868341445923,0.5620872378349304,0.27507859468460083,-0.3967348337173462,0.7521517276763916,0.4890231490135193,-0.4209012985229492
colbench_backend_programming,892,1.527158260345459,-0.00981469638645649,-0.6055792570114136,-0.6010424494743347,0.739952027797699,0.04355889558792114,-0.19004817306995392,0.6115583181381226,0.5943880081176758,-0.5398045182228088
colbench_backend_programming,435,1.5269427299499512,0.007128348108381033,-0.3250587582588196,-0.7474573850631714,0.7538898587226868,-0.030995666980743408,-0.20590908825397491,0.6030319333076477,0.6696740388870239,-0.4933339059352875
colbench_backend_programming,921,1.5269362926483154,-0.012812739238142967,-0.6160739064216614,-0.5252947807312012,0.6581808924674988,0.2481740117073059,-0.2791067659854889,0.6538423895835876,0.6102582216262817,-0.5508490204811096
colbench_backend_programming,229,1.5264490842819214,-0.010622148402035236,-0.606577455997467,-0.6044716835021973,0.7434229254722595,0.04466846585273743,-0.17524242401123047,0.6046827435493469,0.5950908660888672,-0.5399699211120605
colbench_backend_programming,490,1.526330590248108,-0.009933936409652233,-0.6013423800468445,-0.6079536080360413,0.7435765862464905,0.04216925799846649,-0.1752799153327942,0.6094599366188049,0.5941321849822998,-0.5372366309165955
colbench_backend_programming,666,1.5263129472732544,-0.009174800477921963,-0.5998080372810364,-0.6085511445999146,0.7430261969566345,0.050909094512462616,-0.17810657620429993,0.613785982131958,0.5918253064155579,-0.5349161028862
colbench_backend_programming,327,1.5262534618377686,-0.010149896144866943,-0.600973904132843,-0.6077408790588379,0.7435402274131775,0.04266328364610672,-0.17444689571857452,0.6088579893112183,0.5948386192321777,-0.5378533601760864
colbench_backend_programming,370,1.5262073278427124,-0.009463268332183361,-0.5987309217453003,-0.6061582565307617,0.7460341453552246,0.052189476788043976,-0.17979153990745544,0.6106396913528442,0.5927897691726685,-0.5361957550048828
colbench_backend_programming,901,1.5261417627334595,0.01602722331881523,-0.37501969933509827,-0.8048784732818604,0.5590528845787048,0.2570408284664154,-0.4182092249393463,0.7536756992340088,0.4880307912826538,-0.4253579378128052
colbench_backend_programming,842,1.5260424613952637,-0.010072248987853527,-0.6015049815177917,-0.6077806353569031,0.7438551187515259,0.04353705793619156,-0.17325332760810852,0.6077022552490234,0.5955352783203125,-0.537031888961792
colbench_backend_programming,653,1.5258382558822632,-0.0098331980407238,-0.5980383157730103,-0.6099148392677307,0.7426562309265137,0.04257591813802719,-0.1729629933834076,0.6118735671043396,0.5925744771957397,-0.5382708311080933
colbench_backend_programming,943,1.525786280632019,-0.00975523516535759,-0.6008436679840088,-0.6087352633476257,0.742843508720398,0.044749341905117035,-0.17408926784992218,0.609889030456543,0.5939480066299438,-0.5362716913223267
colbench_backend_programming,51,1.5256597995758057,-0.009679979644715786,-0.5998191833496094,-0.609177827835083,0.7425246834754944,0.0425272136926651,-0.17662210762500763,0.610626220703125,0.5936933755874634,-0.5357928276062012
colbench_backend_programming,172,1.525604486465454,-0.009883612394332886,-0.5981257557868958,-0.6105490326881409,0.7425214648246765,0.04315277934074402,-0.1736074984073639,0.6106136441230774,0.5935914516448975,-0.5370334386825562
colbench_backend_programming,336,1.5255851745605469,-0.009274574927985668,-0.6031002402305603,-0.6105532050132751,0.7384355068206787,0.04366057366132736,-0.18286366760730743,0.612102746963501,0.5913234949111938,-0.5347330570220947
colbench_backend_programming,641,1.5255749225616455,-0.010113620199263096,-0.6043221354484558,-0.6073851585388184,0.7440143823623657,0.04262400418519974,-0.17458480596542358,0.6038423776626587,0.5986087322235107,-0.5333335399627686
colbench_backend_programming,104,1.5255509614944458,-0.009859291836619377,-0.6008930206298828,-0.6082673668861389,0.7431123852729797,0.04209147393703461,-0.1740763634443283,0.6089414954185486,0.5946695804595947,-0.5362015962600708
colbench_backend_programming,313,1.52554190158844,-0.009789472445845604,-0.5988070964813232,-0.6097816228866577,0.7422814965248108,0.04348912090063095,-0.17376524209976196,0.6110089421272278,0.5928050875663757,-0.5376404523849487
colbench_backend_programming,54,1.5255393981933594,-0.00996738113462925,-0.6006302237510681,-0.6084298491477966,0.7434377670288086,0.04096628725528717,-0.1745224893093109,0.6077170968055725,0.596318244934082,-0.5353275537490845
colbench_backend_programming,600,1.5255008935928345,-0.009742497466504574,-0.5998708009719849,-0.6091806292533875,0.7429125905036926,0.04264482110738754,-0.17294201254844666,0.6103358864784241,0.5927185416221619,-0.5373408198356628
colbench_backend_programming,184,1.5254592895507812,-0.009950290434062481,-0.6024094223976135,-0.6074619293212891,0.7434437274932861,0.0453297421336174,-0.17409196496009827,0.6069908738136292,0.5959731936454773,-0.535187304019928
colbench_backend_programming,6,1.5254284143447876,-0.009439842775464058,-0.5989023447036743,-0.6062220335006714,0.7428812980651855,0.04443081468343735,-0.18546289205551147,0.6122926473617554,0.591672420501709,-0.5362099409103394
colbench_backend_programming,266,1.5254098176956177,-0.009222691878676414,-0.6016417741775513,-0.6123158931732178,0.7398998141288757,0.04594498127698898,-0.1778191328048706,0.611309289932251,0.5917876362800598,-0.5337393879890442
colbench_backend_programming,873,1.5253962278366089,-0.010068144649267197,-0.6044812798500061,-0.600172758102417,0.7458359003067017,0.053771309554576874,-0.18045742809772491,0.6054948568344116,0.5971352458000183,-0.5350764393806458
colbench_backend_programming,323,1.5253652334213257,0.015595737844705582,-0.375705361366272,-0.8137435913085938,0.55250084400177,0.2488793581724167,-0.4116140305995941,0.7550556063652039,0.48756980895996094,-0.42302292585372925
colbench_backend_programming,424,1.5253618955612183,-0.009586955420672894,-0.6000398993492126,-0.5983341932296753,0.7467221021652222,0.052225179970264435,-0.18564294278621674,0.6112141609191895,0.5934540629386902,-0.536770224571228
colbench_backend_programming,590,1.5252597332000732,-0.010157676413655281,-0.6041755080223083,-0.6074264645576477,0.742569088935852,0.04450703412294388,-0.17725645005702972,0.6037576794624329,0.5982410311698914,-0.5340384244918823
colbench_backend_programming,253,1.5251259803771973,-0.009631258435547352,-0.6005049347877502,-0.608759343624115,0.7417001724243164,0.043056607246398926,-0.17575465142726898,0.6103667616844177,0.5930793881416321,-0.5363408923149109
colbench_backend_programming,382,1.5251165628433228,-0.010046337731182575,-0.6042333841323853,-0.6062383055686951,0.741510272026062,0.04620242118835449,-0.17601409554481506,0.6074599623680115,0.5926868915557861,-0.5386272668838501
colbench_backend_programming,818,1.5250356197357178,-0.0096198208630085,-0.6000848412513733,-0.6090244650840759,0.7407757639884949,0.04556550085544586,-0.17553648352622986,0.6117162704467773,0.5908791422843933,-0.5382825136184692
colbench_backend_programming,719,1.5249658823013306,-0.009851107373833656,-0.6016979813575745,-0.6085643768310547,0.7427664995193481,0.04196528345346451,-0.17652606964111328,0.6060700416564941,0.5970435738563538,-0.5335947275161743
colbench_backend_programming,423,1.5249592065811157,-0.009810730814933777,-0.6005510091781616,-0.6090894341468811,0.7422308921813965,0.04355614632368088,-0.17514146864414215,0.6084672808647156,0.5950049757957458,-0.5348901748657227
colbench_backend_programming,125,1.5249422788619995,-0.010117182508111,-0.6041840314865112,-0.6063465476036072,0.7418574094772339,0.04504736512899399,-0.17664676904678345,0.6057324409484863,0.5944979190826416,-0.5374282598495483
colbench_backend_programming,304,1.5249313116073608,-0.009529690258204937,-0.599780261516571,-0.6102893352508545,0.7412900328636169,0.04519561678171158,-0.1761961579322815,0.6105610132217407,0.592888593673706,-0.5350943803787231
colbench_backend_programming,770,1.5249147415161133,-0.007149364799261093,-0.4003279209136963,-0.5630519986152649,0.652163028717041,0.21933382749557495,-0.3042135238647461,0.7493476867675781,0.6010302305221558,-0.5994547605514526
colbench_backend_programming,894,1.5249124765396118,-0.009822222404181957,-0.5970180630683899,-0.6096900701522827,0.7455330491065979,0.0546787828207016,-0.16837595403194427,0.6086990237236023,0.594064474105835,-0.5353677272796631
colbench_backend_programming,369,1.524904489517212,-0.009899254888296127,-0.6035816669464111,-0.6082032918930054,0.7421417236328125,0.04789641499519348,-0.17462113499641418,0.6053009629249573,0.597610592842102,-0.5329380035400391
colbench_backend_programming,219,1.5248411893844604,-0.00952242687344551,-0.5987513661384583,-0.6109297275543213,0.7410574555397034,0.04501286894083023,-0.17592063546180725,0.6107436418533325,0.5930197834968567,-0.5353330373764038
colbench_backend_programming,597,1.5248136520385742,0.014627416618168354,-0.3719722032546997,-0.8031636476516724,0.5601678490638733,0.2593052387237549,-0.411743700504303,0.754289448261261,0.4886564612388611,-0.42816320061683655
colbench_backend_programming,808,1.5247976779937744,-0.009260185994207859,-0.5988713502883911,-0.6102802753448486,0.7409875392913818,0.0465623214840889,-0.17584910988807678,0.6132524609565735,0.5911512970924377,-0.5350019931793213
colbench_backend_programming,931,1.5247619152069092,-0.00953216478228569,-0.5991951823234558,-0.610077977180481,0.7401391863822937,0.04628957808017731,-0.17617344856262207,0.6119699478149414,0.591057300567627,-0.5374262928962708
colbench_backend_programming,642,1.5247457027435303,-0.009233549237251282,-0.5997529625892639,-0.608318567276001,0.7407941222190857,0.04106893390417099,-0.1858438104391098,0.6117011308670044,0.5914748907089233,-0.5348579287528992
colbench_backend_programming,390,1.5247236490249634,-0.009716327302157879,-0.5999383330345154,-0.6099116802215576,0.7408866286277771,0.045611754059791565,-0.17631688714027405,0.6097598075866699,0.5930242538452148,-0.5360022783279419
colbench_backend_programming,330,1.5246875286102295,0.015400994569063187,-0.3671286106109619,-0.8120269775390625,0.5577408671379089,0.24295398592948914,-0.41869476437568665,0.7532660365104675,0.4872344732284546,-0.42460206151008606
colbench_backend_programming,216,1.524642825126648,-0.00952641386538744,-0.5991214513778687,-0.6099481582641602,0.7411386370658875,0.04536376893520355,-0.17513598501682281,0.6111304759979248,0.5925743579864502,-0.5356404185295105
colbench_backend_programming,912,1.5246186256408691,-0.0095729511231184,-0.5992994904518127,-0.610146701335907,0.7406377792358398,0.04511914402246475,-0.1758614182472229,0.611171543598175,0.5921041965484619,-0.5360949039459229
colbench_backend_programming,898,1.5245932340621948,-0.00936275813728571,-0.6000430583953857,-0.6102213263511658,0.7408033609390259,0.04661039263010025,-0.17585787177085876,0.610845148563385,0.5929436087608337,-0.5341915488243103
colbench_backend_programming,907,1.5245882272720337,-0.00944499485194683,-0.6016340851783752,-0.6085540652275085,0.7401989698410034,0.04670695960521698,-0.1780206859111786,0.6105890274047852,0.5923140048980713,-0.5353928804397583
colbench_backend_programming,94,1.524585247039795,-0.009860054589807987,-0.6039185523986816,-0.6084901690483093,0.7413520216941833,0.0449945405125618,-0.18026037514209747,0.6040239930152893,0.5979719161987305,-0.5318323969841003
colbench_backend_programming,28,1.5245460271835327,-0.009662039577960968,-0.6025827527046204,-0.6084516644477844,0.7407960891723633,0.04631505906581879,-0.17745453119277954,0.6080313324928284,0.5933237075805664,-0.5355110168457031
colbench_backend_programming,80,1.524535894393921,-0.009427042677998543,-0.5986175537109375,-0.6057878732681274,0.7426716089248657,0.0483284592628479,-0.18203529715538025,0.6120163202285767,0.5922244787216187,-0.5353133678436279
colbench_backend_programming,535,1.5245319604873657,-0.009208976291120052,-0.6007592678070068,-0.6083734631538391,0.7407588362693787,0.04973083734512329,-0.17811813950538635,0.6122317314147949,0.5909642577171326,-0.5349563360214233
colbench_backend_programming,2,1.5245263576507568,-0.00947541929781437,-0.6001357436180115,-0.6097888946533203,0.7409048080444336,0.04453827440738678,-0.1766720414161682,0.6100326776504517,0.5929775834083557,-0.5350479483604431
colbench_backend_programming,773,1.5245139598846436,-0.009143010713160038,-0.6009329557418823,-0.6109941601753235,0.7396010160446167,0.05074407905340195,-0.1754113733768463,0.6121881604194641,0.5906558036804199,-0.5345150232315063
colbench_backend_programming,351,1.5245071649551392,-0.009153129532933235,-0.5961602330207825,-0.611268937587738,0.7414608001708984,0.04329938441514969,-0.17189320921897888,0.6144112944602966,0.5901456475257874,-0.536754846572876
colbench_backend_programming,167,1.5244804620742798,0.014773295260965824,-0.3650417625904083,-0.8074305057525635,0.5657562613487244,0.2585710287094116,-0.4105619788169861,0.7490035891532898,0.49264493584632874,-0.4238342046737671
colbench_backend_programming,687,1.524454116821289,-0.009479529224336147,-0.5994357466697693,-0.6096954941749573,0.7408731579780579,0.04734610766172409,-0.17551298439502716,0.6109066009521484,0.5929154753684998,-0.5349889993667603
colbench_backend_programming,463,1.5244450569152832,-0.00967453233897686,-0.6016877889633179,-0.6081766486167908,0.7403653860092163,0.04679899662733078,-0.17644327878952026,0.609565794467926,0.5916518568992615,-0.5375316143035889
colbench_backend_programming,621,1.5244415998458862,-0.009483171626925468,-0.5986436009407043,-0.6104642152786255,0.7406966686248779,0.044644296169281006,-0.17590487003326416,0.6113027334213257,0.5920173525810242,-0.5358532071113586
colbench_backend_programming,148,1.5244382619857788,0.01835973747074604,-0.49808254837989807,-0.8047338128089905,0.5983947515487671,0.2384861707687378,-0.44924765825271606,0.6013197898864746,0.5825040936470032,-0.3325020670890808
colbench_backend_programming,559,1.5244287252426147,0.0080148009583354,-0.5151668190956116,-0.7319241166114807,0.591961681842804,0.18560002744197845,-0.4803401827812195,0.5463981032371521,0.7336894273757935,-0.2651965916156769
colbench_backend_programming,444,1.5243916511535645,-0.009579758159816265,-0.5999264717102051,-0.6094924211502075,0.741176426410675,0.044683270156383514,-0.17491544783115387,0.6098575592041016,0.5934960842132568,-0.5350504517555237
colbench_backend_programming,406,1.524361252784729,-0.009783775545656681,-0.6026110053062439,-0.6067729592323303,0.7407518029212952,0.04668375849723816,-0.17504793405532837,0.6091634035110474,0.5925318598747253,-0.5372663140296936
colbench_backend_programming,273,1.5243489742279053,-0.009535254910588264,-0.5999233722686768,-0.6106736660003662,0.7399126887321472,0.046695858240127563,-0.17833353579044342,0.6095852851867676,0.5935127139091492,-0.5343254804611206
colbench_backend_programming,374,1.5243452787399292,-0.009469142183661461,-0.5988283157348633,-0.6108555197715759,0.7402716875076294,0.04524466395378113,-0.17613112926483154,0.6110218167304993,0.59235018491745,-0.5353419184684753
colbench_backend_programming,495,1.5243314504623413,-0.009484551846981049,-0.6002376675605774,-0.6095405220985413,0.7408254146575928,0.045248351991176605,-0.1759500503540039,0.6098141074180603,0.5928924083709717,-0.5352932810783386
colbench_backend_programming,717,1.5242950916290283,-0.009473312646150589,-0.599483847618103,-0.6100153923034668,0.7396047115325928,0.047051750123500824,-0.17732705175876617,0.6115848422050476,0.5912548899650574,-0.5363611578941345
colbench_backend_programming,544,1.5242892503738403,-0.009193513542413712,-0.5987644195556641,-0.6111655831336975,0.738945722579956,0.0441456064581871,-0.1791742742061615,0.6132273077964783,0.5913172960281372,-0.5344331860542297
colbench_backend_programming,420,1.5242875814437866,-0.009461731649935246,-0.6012752056121826,-0.6072577834129333,0.7407128214836121,0.046331219375133514,-0.17742595076560974,0.6108921766281128,0.592149555683136,-0.5357667207717896
colbench_backend_programming,626,1.5242831707000732,-0.009468218311667442,-0.5986133813858032,-0.6108977794647217,0.7402125597000122,0.046014681458473206,-0.17669612169265747,0.610794186592102,0.5927830934524536,-0.5349676012992859
colbench_backend_programming,150,1.52428138256073,-0.00923104677349329,-0.6001883745193481,-0.6098483800888062,0.7399995923042297,0.04791868478059769,-0.17729295790195465,0.6115761399269104,0.5921070575714111,-0.5341796875
colbench_backend_programming,957,1.5242756605148315,-0.010078097693622112,-0.6065255403518677,-0.6050064563751221,0.7411074638366699,0.04754849523305893,-0.17729231715202332,0.6034577488899231,0.5961880087852478,-0.5357003808021545
colbench_backend_programming,72,1.5242654085159302,-0.009596560150384903,-0.6019513010978699,-0.6084801554679871,0.7410309910774231,0.04614891856908798,-0.1792953908443451,0.6071019172668457,0.5962443351745605,-0.5322669148445129
colbench_backend_programming,793,1.5242568254470825,-0.009220211766660213,-0.5997228622436523,-0.6106671094894409,0.7405508756637573,0.053578443825244904,-0.17395037412643433,0.6112033724784851,0.592681348323822,-0.5332836508750916
colbench_backend_programming,972,1.524239420890808,-0.009359285235404968,-0.599366307258606,-0.6099190711975098,0.7406833171844482,0.04497198015451431,-0.17529678344726562,0.6113580465316772,0.5907288193702698,-0.5366397500038147
colbench_backend_programming,41,1.5242279767990112,-0.009364725090563297,-0.5980489253997803,-0.6111660599708557,0.7404403686523438,0.04566296190023422,-0.17552757263183594,0.6117123365402222,0.5923828482627869,-0.5346290469169617
colbench_backend_programming,531,1.5242245197296143,0.035093363374471664,-0.29880550503730774,-0.8095753192901611,0.7392169833183289,0.2529536485671997,-0.19883716106414795,0.7125639915466309,0.5125842094421387,-0.3976307809352875
colbench_backend_programming,78,1.5242170095443726,-0.009334653615951538,-0.5991361737251282,-0.6103201508522034,0.7402423024177551,0.0455382764339447,-0.17628690600395203,0.6113947629928589,0.5920208692550659,-0.5351458191871643
colbench_backend_programming,48,1.524214267730713,-0.009327864274382591,-0.5980492234230042,-0.6116527318954468,0.739676296710968,0.046466536819934845,-0.17698176205158234,0.6120682954788208,0.5918830633163452,-0.5346883535385132
colbench_backend_programming,101,1.5242140293121338,-0.009504785761237144,-0.6001808643341064,-0.60978764295578,0.7403082847595215,0.04629643261432648,-0.17723217606544495,0.6097747683525085,0.5931359529495239,-0.5347185730934143
colbench_backend_programming,56,1.5242112874984741,-0.009202172048389912,-0.599502444267273,-0.6099811792373657,0.7398819327354431,0.04758591204881668,-0.1758178174495697,0.6130083203315735,0.5907070636749268,-0.5351861119270325
colbench_backend_programming,849,1.5241975784301758,-0.009363336488604546,-0.5990865230560303,-0.6093217134475708,0.7406611442565918,0.050788506865501404,-0.1758420169353485,0.6119999289512634,0.5918045043945312,-0.534925639629364
colbench_backend_programming,296,1.5241868495941162,-0.009375948458909988,-0.6000152826309204,-0.6094374656677246,0.7400864958763123,0.04650742560625076,-0.1763119101524353,0.6112010478973389,0.5911384224891663,-0.5364000201225281
colbench_backend_programming,946,1.5241822004318237,-0.009506587870419025,-0.5995799899101257,-0.6107694506645203,0.7402377128601074,0.046260759234428406,-0.17782798409461975,0.609149158000946,0.5940487384796143,-0.5337835550308228
colbench_backend_programming,128,1.5241771936416626,-0.009313883259892464,-0.5996038913726807,-0.6100192666053772,0.7400587797164917,0.044943585991859436,-0.1784072071313858,0.6110445857048035,0.5921061635017395,-0.5347583293914795
colbench_backend_programming,891,1.524174690246582,-0.009699316695332527,-0.602954089641571,-0.6060651540756226,0.7415794730186462,0.04779817909002304,-0.17690622806549072,0.6079636812210083,0.5932567715644836,-0.5358598828315735
colbench_backend_programming,551,1.5241676568984985,-0.00911515112966299,-0.5998123288154602,-0.6085228323936462,0.7404177784919739,0.04489688575267792,-0.1807815432548523,0.6119737029075623,0.5921534895896912,-0.5337961316108704
colbench_backend_programming,648,1.524163842201233,-0.009624717757105827,-0.6020269393920898,-0.6081629991531372,0.7404377460479736,0.04613380879163742,-0.1771843135356903,0.6086112856864929,0.5924929976463318,-0.5362372398376465
colbench_backend_programming,806,1.5241602659225464,-0.009439307264983654,-0.600542426109314,-0.6094350814819336,0.7401755452156067,0.047433093190193176,-0.17622482776641846,0.6103394031524658,0.5922639966011047,-0.5353004336357117
colbench_backend_programming,785,1.5241549015045166,-0.009390519931912422,-0.5974534749984741,-0.6071009635925293,0.742268443107605,0.04588087648153305,-0.1789073497056961,0.6126377582550049,0.5916559100151062,-0.5357879400253296
colbench_backend_programming,836,1.5241397619247437,-0.00934717059135437,-0.5993587970733643,-0.6093441843986511,0.7405164241790771,0.04447399079799652,-0.1785416156053543,0.611292839050293,0.5922059416770935,-0.5346625447273254
colbench_backend_programming,306,1.5241315364837646,-0.009276581928133965,-0.5980937480926514,-0.6116060018539429,0.7407002449035645,0.04462239146232605,-0.17559513449668884,0.6112868785858154,0.5923249125480652,-0.5340570211410522
colbench_backend_programming,640,1.524126410484314,-0.00960374716669321,-0.5994925498962402,-0.6099405884742737,0.7409271001815796,0.044707365334033966,-0.17525121569633484,0.6095759868621826,0.593376100063324,-0.5349576473236084
colbench_backend_programming,334,1.524125576019287,-0.009389961138367653,-0.5985621809959412,-0.6112957000732422,0.7404993772506714,0.0443548858165741,-0.1769324541091919,0.6105550527572632,0.5934951901435852,-0.5332673788070679
colbench_backend_programming,832,1.5241081714630127,-0.009551855735480785,-0.6002749800682068,-0.6085569858551025,0.7414770722389221,0.0456373393535614,-0.17682349681854248,0.6090315580368042,0.5940482020378113,-0.534119725227356
colbench_backend_programming,685,1.5241000652313232,-0.009317757561802864,-0.5991778373718262,-0.6105223298072815,0.7395100593566895,0.04714775085449219,-0.17714297771453857,0.6118841171264648,0.5912439823150635,-0.535425066947937
colbench_backend_programming,878,1.5240910053253174,-0.009468751028180122,-0.6015969514846802,-0.6089308261871338,0.7395751476287842,0.047618620097637177,-0.17811939120292664,0.6095576882362366,0.5923437476158142,-0.535481870174408
colbench_backend_programming,147,1.5240893363952637,-0.009487053379416466,-0.6005246043205261,-0.603578507900238,0.7434542179107666,0.055876828730106354,-0.17746347188949585,0.6103237867355347,0.5932286977767944,-0.5349360704421997
colbench_backend_programming,954,1.5240693092346191,-0.009480739012360573,-0.6003975868225098,-0.6096270084381104,0.7400520443916321,0.04640526324510574,-0.1774286925792694,0.6097027063369751,0.5929251313209534,-0.5348420739173889
colbench_backend_programming,205,1.5240594148635864,-0.00920817069709301,-0.600849986076355,-0.6086985468864441,0.7389640212059021,0.042584314942359924,-0.18594543635845184,0.6115456819534302,0.590904951095581,-0.5344240069389343
colbench_backend_programming,59,1.5240558385849,-0.009164263494312763,-0.5982751846313477,-0.6104479432106018,0.7405429482460022,0.046540044248104095,-0.1770971715450287,0.6124152541160583,0.5915024280548096,-0.5341402292251587
colbench_backend_programming,494,1.5240237712860107,-0.009446335956454277,-0.5997903347015381,-0.6099993586540222,0.7399970889091492,0.04648175835609436,-0.17696073651313782,0.6105051040649414,0.5926251411437988,-0.5346106886863708
colbench_backend_programming,69,1.5240228176116943,-0.009221864864230156,-0.5990681648254395,-0.6101531982421875,0.7399077415466309,0.04682367295026779,-0.17576318979263306,0.6123340725898743,0.5910277366638184,-0.5354067087173462
colbench_backend_programming,461,1.5240120887756348,-0.009352228604257107,-0.602582573890686,-0.6078333258628845,0.7396225333213806,0.04631844907999039,-0.17786073684692383,0.6103253960609436,0.5910516977310181,-0.5360832214355469
colbench_backend_programming,71,1.5240064859390259,-0.009501888416707516,-0.5997120141983032,-0.6106816530227661,0.7402641177177429,0.045998625457286835,-0.17753924429416656,0.60884690284729,0.5942577719688416,-0.5334277749061584
colbench_backend_programming,609,1.5239816904067993,-0.009325927123427391,-0.5991085767745972,-0.6106089949607849,0.7400252223014832,0.04644741117954254,-0.17715668678283691,0.6107596158981323,0.5927860736846924,-0.5339887738227844
colbench_backend_programming,562,1.523980736732483,-0.009263844229280949,-0.597328245639801,-0.6113684177398682,0.7400374412536621,0.04562763869762421,-0.17583799362182617,0.6126750707626343,0.591005802154541,-0.5353782773017883
colbench_backend_programming,942,1.5239766836166382,-0.009327818639576435,-0.5990436673164368,-0.610187828540802,0.7397056818008423,0.04624156653881073,-0.17631614208221436,0.6118496060371399,0.5911033153533936,-0.535881519317627
colbench_backend_programming,257,1.523971438407898,-0.009381155483424664,-0.6001765727996826,-0.6101488471031189,0.7400921583175659,0.04674726724624634,-0.17706432938575745,0.609682023525238,0.5929581522941589,-0.5342381000518799
colbench_backend_programming,848,1.5239615440368652,-0.009214431047439575,-0.6001298427581787,-0.6089683771133423,0.7399697303771973,0.05175929516553879,-0.17726539075374603,0.6118459105491638,0.5916057229042053,-0.5342755317687988
colbench_backend_programming,859,1.523961067199707,-0.009220766834914684,-0.5995140075683594,-0.6114091873168945,0.7402419447898865,0.04566981643438339,-0.17754939198493958,0.6093288660049438,0.5938966274261475,-0.5325940251350403
colbench_backend_programming,817,1.5239475965499878,-0.009471132420003414,-0.6000609397888184,-0.6097214818000793,0.740247905254364,0.04636445641517639,-0.1767898052930832,0.609909176826477,0.5928308963775635,-0.5345784425735474
colbench_backend_programming,8,1.5239441394805908,-0.009257412515580654,-0.5985751748085022,-0.6109145879745483,0.7400268912315369,0.045743197202682495,-0.1764429807662964,0.6116864681243896,0.5916302800178528,-0.5346452593803406
colbench_backend_programming,225,1.5239416360855103,-0.009310048073530197,-0.5998756289482117,-0.6105253100395203,0.739790141582489,0.05143734812736511,-0.17574849724769592,0.6107678413391113,0.5929162502288818,-0.5332881212234497
colbench_backend_programming,4,1.5239415168762207,-0.009084626100957394,-0.6045199632644653,-0.6114486455917358,0.7333077192306519,0.04378264397382736,-0.1780581772327423,0.613538920879364,0.5904859900474548,-0.5353675484657288
colbench_backend_programming,472,1.5239379405975342,-0.009402178227901459,-0.5999874472618103,-0.6075226664543152,0.7407492399215698,0.04737769067287445,-0.17759166657924652,0.6112912893295288,0.5918774604797363,-0.5355642437934875
colbench_backend_programming,102,1.5239367485046387,-0.009424593299627304,-0.6005501747131348,-0.6098397374153137,0.7400062680244446,0.04609568417072296,-0.17740856111049652,0.609385073184967,0.5932789444923401,-0.5341163277626038
colbench_backend_programming,303,1.5239264965057373,-0.009341763332486153,-0.6007770895957947,-0.610323429107666,0.739574670791626,0.046840913593769073,-0.17868080735206604,0.6094774007797241,0.5928788781166077,-0.5337269902229309
colbench_backend_programming,411,1.5239238739013672,-0.009456872940063477,-0.6008961200714111,-0.6099172234535217,0.7398622035980225,0.04633842408657074,-0.17904217541217804,0.6087329387664795,0.5935657024383545,-0.5336600542068481
colbench_backend_programming,466,1.5239120721817017,-0.009475319646298885,-0.6001372933387756,-0.6089698076248169,0.7416925430297852,0.04785327613353729,-0.17483311891555786,0.6088393330574036,0.5944739580154419,-0.5331510305404663
colbench_backend_programming,9,1.523909091949463,-0.009318927302956581,-0.599326491355896,-0.6101046204566956,0.7393981218338013,0.04683946818113327,-0.17724627256393433,0.6117168068885803,0.59138423204422,-0.5353752970695496
colbench_backend_programming,34,1.5238975286483765,-0.009263599291443825,-0.5985393524169922,-0.6107584834098816,0.7395530343055725,0.045900873839855194,-0.1777835488319397,0.6121343374252319,0.5911703705787659,-0.5349250435829163
colbench_backend_programming,934,1.5238903760910034,0.01654854603111744,-0.37047237157821655,-0.8189835548400879,0.5470390319824219,0.248271644115448,-0.41630855202674866,0.7547314167022705,0.4867702126502991,-0.4165213704109192
colbench_backend_programming,694,1.52388334274292,-0.009380985051393509,-0.5988567471504211,-0.6108577251434326,0.7406137585639954,0.04464174062013626,-0.17544159293174744,0.6102132201194763,0.5930678844451904,-0.5339218378067017
colbench_backend_programming,797,1.5238826274871826,-0.009332345798611641,-0.5987328290939331,-0.6105104088783264,0.7400486469268799,0.045433707535266876,-0.17655986547470093,0.611444354057312,0.591656506061554,-0.534960925579071
colbench_backend_programming,654,1.5238653421401978,-0.009316137991845608,-0.5995879173278809,-0.6103452444076538,0.7398026585578918,0.045890793204307556,-0.17758813500404358,0.6105776429176331,0.5922088027000427,-0.5344817638397217
colbench_backend_programming,967,1.5238600969314575,-0.009356960654258728,-0.599668025970459,-0.6106453537940979,0.7395923137664795,0.0465104803442955,-0.17794300615787506,0.6101177334785461,0.5926661491394043,-0.5341721773147583
colbench_backend_programming,462,1.5238596200942993,-0.00910626258701086,-0.5988516211509705,-0.6111494898796082,0.7395545244216919,0.04903116822242737,-0.1764918565750122,0.6120809316635132,0.5919509530067444,-0.5333648920059204
colbench_backend_programming,955,1.523853063583374,-0.009058568626642227,-0.597606360912323,-0.6101990342140198,0.7401068210601807,0.04322630912065506,-0.1805240511894226,0.6129141449928284,0.5909809470176697,-0.5343353748321533
colbench_backend_programming,202,1.5238378047943115,-0.009519827552139759,-0.6005383729934692,-0.6098912954330444,0.7397966384887695,0.0462961345911026,-0.17824557423591614,0.608727753162384,0.5938169956207275,-0.5339343547821045
colbench_backend_programming,980,1.5238314867019653,-0.009378740563988686,-0.6005442142486572,-0.6102633476257324,0.7395225763320923,0.04664109647274017,-0.17876848578453064,0.6090229749679565,0.5937875509262085,-0.5333554148674011
colbench_backend_programming,938,1.5238250494003296,-0.009267660789191723,-0.6008365750312805,-0.6093941926956177,0.7400081157684326,0.04821854829788208,-0.1775868535041809,0.6098656058311462,0.5935163497924805,-0.5329212546348572
colbench_backend_programming,962,1.523817539215088,-0.009436567313969135,-0.5992293953895569,-0.6106056571006775,0.7401002049446106,0.04551738500595093,-0.17670173943042755,0.6100363731384277,0.592974841594696,-0.534132719039917
colbench_backend_programming,343,1.5238133668899536,-0.009084328077733517,-0.5976964831352234,-0.6048661470413208,0.7407010793685913,0.033046379685401917,-0.19238850474357605,0.6134520769119263,0.591357409954071,-0.5349135398864746
colbench_backend_programming,978,1.5238109827041626,-0.009335849434137344,-0.5988230109214783,-0.6110730767250061,0.739622175693512,0.04642529785633087,-0.1775461584329605,0.610577404499054,0.5925824046134949,-0.5341565608978271
colbench_backend_programming,378,1.5237934589385986,-0.009324789047241211,-0.6014928817749023,-0.6085852980613708,0.73930424451828,0.04645536094903946,-0.17903995513916016,0.6107028722763062,0.5905510187149048,-0.5359887480735779
colbench_backend_programming,230,1.523787260055542,-0.009324204176664352,-0.5987355709075928,-0.6111859083175659,0.7400636672973633,0.045503243803977966,-0.17725172638893127,0.6102305054664612,0.593204140663147,-0.5333288311958313
colbench_backend_programming,482,1.523783564567566,-0.009265484288334846,-0.5991874933242798,-0.6099072098731995,0.7395973205566406,0.04625474661588669,-0.17681191861629486,0.6118046641349792,0.5914902091026306,-0.5351001024246216
colbench_backend_programming,746,1.5237812995910645,-0.009212300181388855,-0.5990900993347168,-0.6094781160354614,0.739812433719635,0.04799122363328934,-0.17738750576972961,0.6122018098831177,0.5910610556602478,-0.5350708365440369
colbench_backend_programming,706,1.5237605571746826,0.015252038836479187,-0.3833165764808655,-0.7936045527458191,0.5532506704330444,0.26914331316947937,-0.42078980803489685,0.7568435668945312,0.4866156578063965,-0.4241591691970825
colbench_backend_programming,141,1.5237581729888916,-0.00915554165840149,-0.5974950790405273,-0.6115654706954956,0.7394980788230896,0.0462600514292717,-0.1765592098236084,0.6124922633171082,0.5909425616264343,-0.5350659489631653
colbench_backend_programming,996,1.523757815361023,-0.009243170730769634,-0.5972782373428345,-0.6119286417961121,0.7402307391166687,0.045514240860939026,-0.17607977986335754,0.611438512802124,0.592721164226532,-0.5333359241485596
colbench_backend_programming,887,1.5237568616867065,-0.009368808940052986,-0.6006987690925598,-0.6099035739898682,0.7398103475570679,0.0472719743847847,-0.17735809087753296,0.6092965602874756,0.5937972068786621,-0.5330727100372314
colbench_backend_programming,673,1.5237526893615723,-0.009329847991466522,-0.5982652306556702,-0.6111137866973877,0.7397188544273376,0.04595470428466797,-0.1763683557510376,0.6123175621032715,0.5910613536834717,-0.5345586538314819
colbench_backend_programming,948,1.5237500667572021,-0.009138247929513454,-0.5992447137832642,-0.6109740734100342,0.7393544912338257,0.0454002246260643,-0.17753452062606812,0.6117281913757324,0.5916442275047302,-0.533808708190918
colbench_backend_programming,634,1.523746371269226,-0.009617156349122524,-0.5999224185943604,-0.6079614758491516,0.7402374148368835,0.04558101296424866,-0.17451679706573486,0.610595703125,0.5936436653137207,-0.5353072285652161
colbench_backend_programming,620,1.523735761642456,-0.009203223511576653,-0.5971329212188721,-0.6118680238723755,0.739567220211029,0.04595878720283508,-0.17693495750427246,0.6123136878013611,0.59171462059021,-0.5342175364494324
colbench_backend_programming,930,1.5237356424331665,-0.009364103898406029,-0.6003432273864746,-0.610094428062439,0.7403055429458618,0.045521825551986694,-0.17702782154083252,0.609207272529602,0.5933678150177002,-0.533348560333252
colbench_backend_programming,741,1.52373468875885,-0.009232990443706512,-0.5970960855484009,-0.6116383671760559,0.7397902011871338,0.045344844460487366,-0.17634709179401398,0.612402617931366,0.5915927886962891,-0.5344897508621216
colbench_backend_programming,910,1.5237339735031128,-0.00910781230777502,-0.5985288023948669,-0.6112664937973022,0.7390093803405762,0.047229938209056854,-0.1776038110256195,0.6125360727310181,0.5907701253890991,-0.5345683097839355
colbench_backend_programming,388,1.5237308740615845,-0.009375915862619877,-0.5985132455825806,-0.6095463633537292,0.7404893040657043,0.046654388308525085,-0.17355197668075562,0.6122192144393921,0.5910894870758057,-0.5358826518058777
colbench_backend_programming,659,1.5237306356430054,-0.00921268854290247,-0.5985584259033203,-0.6106681227684021,0.740234375,0.04583832621574402,-0.17507079243659973,0.611706554889679,0.5914676189422607,-0.5346497297286987
colbench_backend_programming,529,1.5237191915512085,-0.009156878106296062,-0.5978119373321533,-0.6113895177841187,0.739877462387085,0.045234017074108124,-0.17644375562667847,0.6118316054344177,0.5918079018592834,-0.5342023372650146
colbench_backend_programming,191,1.5237072706222534,-0.009306698106229305,-0.5997018814086914,-0.6100491285324097,0.7392812967300415,0.04611292481422424,-0.17914432287216187,0.6105616688728333,0.5925691723823547,-0.5340429544448853
colbench_backend_programming,242,1.523695707321167,-0.009572198614478111,-0.6016988754272461,-0.6075021624565125,0.7399590015411377,0.043722428381443024,-0.1804713010787964,0.6084668636322021,0.593390166759491,-0.5349610447883606
colbench_backend_programming,339,1.5236947536468506,-0.009334170259535313,-0.5999343395233154,-0.6104172468185425,0.7392942905426025,0.04681625962257385,-0.1786910742521286,0.6100652813911438,0.5925500988960266,-0.5339866280555725
colbench_backend_programming,661,1.5236878395080566,-0.009115003049373627,-0.5976679921150208,-0.6119862794876099,0.7392070889472961,0.04675861448049545,-0.1775640845298767,0.612353503704071,0.5911390781402588,-0.5341590046882629
colbench_backend_programming,16,1.5236828327178955,-0.009388471953570843,-0.5993310809135437,-0.6101027727127075,0.7394784092903137,0.045057736337184906,-0.1776125133037567,0.6105846762657166,0.5923768281936646,-0.534843385219574
colbench_backend_programming,867,1.5236775875091553,-0.00884578749537468,-0.5978594422340393,-0.6092996001243591,0.7397854328155518,0.04704861342906952,-0.17965908348560333,0.6143898367881775,0.5897053480148315,-0.5347062945365906
colbench_backend_programming,994,1.523667812347412,-0.009075261652469635,-0.5985624194145203,-0.6114640235900879,0.7395721673965454,0.04579544812440872,-0.17701497673988342,0.6115356683731079,0.5917192697525024,-0.5337533354759216
colbench_backend_programming,524,1.5236468315124512,-0.009172593243420124,-0.5978894233703613,-0.6114095449447632,0.7395006418228149,0.04627607762813568,-0.1766829490661621,0.612169623374939,0.5912371277809143,-0.5344846248626709
colbench_backend_programming,958,1.523646354675293,-0.009155555628240108,-0.6023179292678833,-0.608089804649353,0.7380868792533875,0.049585357308387756,-0.18072909116744995,0.6126945614814758,0.5885440707206726,-0.5359715819358826
colbench_backend_programming,975,1.5236411094665527,-0.009238024242222309,-0.597683310508728,-0.6121276021003723,0.7394629716873169,0.046394817531108856,-0.17737281322479248,0.610895574092865,0.5926377177238464,-0.5335959196090698
colbench_backend_programming,796,1.523628830909729,-0.00898541510105133,-0.5989324450492859,-0.6091018915176392,0.7394994497299194,0.04100406914949417,-0.18311917781829834,0.6122239232063293,0.5919608473777771,-0.5333013534545898
colbench_backend_programming,589,1.523600697517395,-0.00902553927153349,-0.5991472005844116,-0.611813485622406,0.7396548390388489,0.046175144612789154,-0.17802071571350098,0.610420823097229,0.5919759273529053,-0.5330142378807068
colbench_backend_programming,960,1.5235953330993652,-0.009070216678082943,-0.5996469855308533,-0.6108102202415466,0.7387702465057373,0.04775134474039078,-0.17860743403434753,0.611503005027771,0.5914097428321838,-0.5338664054870605
colbench_backend_programming,909,1.5235902070999146,-0.009160708636045456,-0.5992225408554077,-0.6114476323127747,0.7387964129447937,0.04730355739593506,-0.17921659350395203,0.6109445095062256,0.5921382308006287,-0.5332301259040833
colbench_backend_programming,760,1.5235881805419922,-0.009070221334695816,-0.6009852290153503,-0.609956681728363,0.7386415004730225,0.04749618470668793,-0.179795503616333,0.6109577417373657,0.5911900997161865,-0.5339866280555725
colbench_backend_programming,12,1.5235799551010132,-0.009202998131513596,-0.5992240309715271,-0.6097296476364136,0.7398384213447571,0.0464562326669693,-0.17979195713996887,0.611011266708374,0.5925074815750122,-0.5331155061721802
colbench_backend_programming,675,1.5235706567764282,-0.009371436201035976,-0.6012137532234192,-0.6090966463088989,0.7392481565475464,0.049462832510471344,-0.17787839472293854,0.6100056171417236,0.5921223163604736,-0.5343408584594727
colbench_backend_programming,146,1.5235650539398193,-0.009400896728038788,-0.5988048911094666,-0.610522985458374,0.7397626638412476,0.049558237195014954,-0.1756080985069275,0.611278772354126,0.5925066471099854,-0.5335504412651062
colbench_backend_programming,394,1.5235540866851807,-0.009461889043450356,-0.5922455787658691,-0.5956246852874756,0.7474853992462158,0.0346730500459671,-0.19900308549404144,0.6111490726470947,0.5946236252784729,-0.5376561880111694
colbench_backend_programming,27,1.5235482454299927,-0.00923969317227602,-0.5981458425521851,-0.6107251644134521,0.7388200759887695,0.046803832054138184,-0.17768558859825134,0.6127985715866089,0.5908718109130859,-0.5349451303482056
colbench_backend_programming,485,1.5235400199890137,-0.009187153540551662,-0.5987708568572998,-0.6108801364898682,0.7397140264511108,0.04523884505033493,-0.1786077618598938,0.6110996007919312,0.5922369956970215,-0.5330681204795837
colbench_backend_programming,470,1.5235309600830078,-0.008981860242784023,-0.5967686772346497,-0.6115267872810364,0.7390414476394653,0.04514342546463013,-0.1783207654953003,0.6139572262763977,0.590200662612915,-0.5345557332038879
colbench_backend_programming,153,1.5235264301300049,-0.009360400028526783,-0.6008960008621216,-0.609130859375,0.7394266128540039,0.047311991453170776,-0.1778630018234253,0.6099951267242432,0.5918839573860168,-0.5347615480422974
colbench_backend_programming,152,1.5235263109207153,-0.009241137653589249,-0.5972566604614258,-0.6100131869316101,0.7398528456687927,0.046519920229911804,-0.17717257142066956,0.6127005815505981,0.5912013649940491,-0.5352040529251099
colbench_backend_programming,828,1.5235252380371094,-0.00918601080775261,-0.5980427265167236,-0.6115680932998657,0.7397547960281372,0.04629327356815338,-0.17610770463943481,0.6113882064819336,0.5920329093933105,-0.5336349010467529
colbench_backend_programming,276,1.5235202312469482,-0.0096186064183712,-0.5970320105552673,-0.6081256866455078,0.742974579334259,0.04476718604564667,-0.17482562363147736,0.6091340780258179,0.594200849533081,-0.5349315404891968
colbench_backend_programming,895,1.5235131978988647,-0.009227867238223553,-0.5988705158233643,-0.6102572679519653,0.7391738295555115,0.04587474465370178,-0.17977812886238098,0.6114886999130249,0.5919248461723328,-0.5337947607040405
colbench_backend_programming,419,1.5235100984573364,-0.009071477688848972,-0.5996741652488708,-0.6106831431388855,0.7380636930465698,0.04830348491668701,-0.17939668893814087,0.6120991706848145,0.5912470817565918,-0.5338979959487915
colbench_backend_programming,491,1.5235021114349365,-0.009099538438022137,-0.5983791351318359,-0.6114534139633179,0.7391424775123596,0.046526163816452026,-0.17752641439437866,0.6116926074028015,0.5914350748062134,-0.5339949727058411
colbench_backend_programming,970,1.5234986543655396,-0.009539462625980377,-0.6001294851303101,-0.6066407561302185,0.7401092648506165,0.045938603579998016,-0.17747002840042114,0.6108871698379517,0.5919387936592102,-0.5365980267524719
colbench_backend_programming,998,1.5234854221343994,-0.009135961532592773,-0.5999531149864197,-0.6104243397712708,0.7384583950042725,0.04789440333843231,-0.17889195680618286,0.6117159724235535,0.5908169150352478,-0.5343855619430542
colbench_backend_programming,632,1.5234739780426025,-0.009349755011498928,-0.6006575226783752,-0.6103357672691345,0.7396407127380371,0.04619291424751282,-0.17837287485599518,0.6085563898086548,0.5935008525848389,-0.5329824686050415
colbench_backend_programming,465,1.5234636068344116,-0.009183493442833424,-0.5984771251678467,-0.6104395985603333,0.7390294075012207,0.04625825583934784,-0.17750133574008942,0.6127736568450928,0.589981734752655,-0.5354894995689392
colbench_backend_programming,129,1.523463249206543,-0.009231744334101677,-0.597867488861084,-0.610278308391571,0.7390918731689453,0.04576452821493149,-0.17778633534908295,0.6127626895904541,0.5907008647918701,-0.5354346036911011
colbench_backend_programming,178,1.5234583616256714,-0.009294657036662102,-0.5987950563430786,-0.6092561483383179,0.739585280418396,0.04493395984172821,-0.17995694279670715,0.6111965775489807,0.59178227186203,-0.5348078012466431
colbench_backend_programming,11,1.5234543085098267,-0.009059682488441467,-0.5980508923530579,-0.61131352186203,0.7393538951873779,0.04595217853784561,-0.17696043848991394,0.6118876338005066,0.5911628007888794,-0.53440922498703
colbench_backend_programming,214,1.5234538316726685,-0.009249740280210972,-0.6000040173530579,-0.6100733876228333,0.7391462326049805,0.04661067575216293,-0.17864632606506348,0.6103144884109497,0.592354416847229,-0.5337841510772705
colbench_backend_programming,144,1.5234490633010864,-0.009171569719910622,-0.5981283187866211,-0.6118818521499634,0.7393410205841064,0.046322837471961975,-0.17764019966125488,0.6114606261253357,0.5916182398796082,-0.5334011316299438
colbench_backend_programming,88,1.5234400033950806,-0.009170840494334698,-0.5973699688911438,-0.6112208366394043,0.7393904328346252,0.045494236052036285,-0.176428884267807,0.6126298308372498,0.5910667777061462,-0.5346561670303345
colbench_backend_programming,686,1.5234355926513672,-0.00921105407178402,-0.5992660522460938,-0.6102246642112732,0.7393476963043213,0.046798184514045715,-0.17789290845394135,0.6112011075019836,0.5918737053871155,-0.5338630080223083
colbench_backend_programming,886,1.523434042930603,-0.009021212346851826,-0.5982298254966736,-0.6117905974388123,0.7386969327926636,0.04733230173587799,-0.17846228182315826,0.6119096875190735,0.5913301110267639,-0.533683180809021
colbench_backend_programming,989,1.5234274864196777,-0.009267466142773628,-0.5988368988037109,-0.61119544506073,0.7394301295280457,0.04656968265771866,-0.17764317989349365,0.6107881665229797,0.592067539691925,-0.5334575176239014
colbench_backend_programming,696,1.523416519165039,-0.008989919908344746,-0.5967466831207275,-0.6125651597976685,0.7386225461959839,0.047339409589767456,-0.17795006930828094,0.6131244897842407,0.5905547142028809,-0.5341423153877258
colbench_backend_programming,570,1.5234135389328003,-0.009232277050614357,-0.5999536514282227,-0.6105310916900635,0.7387605905532837,0.04931643605232239,-0.17848661541938782,0.6107857823371887,0.592284619808197,-0.533084511756897
colbench_backend_programming,615,1.5234116315841675,-0.008967638947069645,-0.598900556564331,-0.6122992038726807,0.7382371425628662,0.04729551076889038,-0.18032437562942505,0.6111471652984619,0.5918693542480469,-0.5325717926025391
colbench_backend_programming,29,1.5234078168869019,-0.00929802842438221,-0.600178599357605,-0.6082606911659241,0.7397035360336304,0.048347413539886475,-0.17723152041435242,0.6118028163909912,0.5924607515335083,-0.5332480669021606
colbench_backend_programming,520,1.5234034061431885,-0.009182849898934364,-0.600083589553833,-0.6102238893508911,0.7384017705917358,0.04811101406812668,-0.17762723565101624,0.6114819645881653,0.5916935801506042,-0.5340129137039185
colbench_backend_programming,194,1.5234016180038452,-0.009205006994307041,-0.5986452102661133,-0.6110172867774963,0.7386300563812256,0.04747740924358368,-0.17837266623973846,0.6117770671844482,0.5912846326828003,-0.5343224406242371
colbench_backend_programming,669,1.523395299911499,-0.00902559794485569,-0.5977799296379089,-0.6119288802146912,0.7387694716453552,0.046919144690036774,-0.177896648645401,0.6127774715423584,0.5906515717506409,-0.5337986946105957
colbench_backend_programming,402,1.5233936309814453,-0.00926812645047903,-0.5984007120132446,-0.6101644039154053,0.739845871925354,0.04858837276697159,-0.17524641752243042,0.6115169525146484,0.5922348499298096,-0.534045934677124
colbench_backend_programming,259,1.5233917236328125,-0.007496431469917297,-0.525233805179596,-0.6379241347312927,0.6562426090240479,0.18734219670295715,-0.27991530299186707,0.7370374202728271,0.48517918586730957,-0.5614067316055298
colbench_backend_programming,855,1.5233722925186157,-0.009036026895046234,-0.5991839170455933,-0.6104880571365356,0.7387970685958862,0.047403886914253235,-0.1773017793893814,0.6122543811798096,0.5894990563392639,-0.5357958674430847
colbench_backend_programming,445,1.5233705043792725,-0.008972800336778164,-0.5998286604881287,-0.6102074384689331,0.7382829785346985,0.04814428836107254,-0.17823992669582367,0.6127328276634216,0.5899862051010132,-0.5346362590789795
colbench_backend_programming,469,1.5233688354492188,-0.009184733033180237,-0.6005300879478455,-0.607386589050293,0.7379586100578308,0.041470080614089966,-0.18313860893249512,0.6136462688446045,0.5880140662193298,-0.5375249981880188
colbench_backend_programming,116,1.5233656167984009,-0.009263391606509686,-0.6014083623886108,-0.6103714108467102,0.7394038438796997,0.04691413789987564,-0.17992037534713745,0.6077090501785278,0.5949728488922119,-0.5308526754379272
colbench_backend_programming,493,1.5233572721481323,-0.009063903242349625,-0.5981432795524597,-0.6108347177505493,0.7385691404342651,0.04609917849302292,-0.1790561079978943,0.6130175590515137,0.5908334255218506,-0.5340203642845154
colbench_backend_programming,827,1.523353099822998,-0.009198050945997238,-0.5996674299240112,-0.6111927628517151,0.7388801574707031,0.04718191921710968,-0.17952316999435425,0.6098033785820007,0.5928223133087158,-0.5326821804046631
colbench_backend_programming,385,1.5233525037765503,-0.009280829690396786,-0.6000338792800903,-0.6107485890388489,0.7389494180679321,0.04698479175567627,-0.17944861948490143,0.6101531982421875,0.5924749970436096,-0.5327094793319702
colbench_backend_programming,456,1.5233474969863892,-0.009219836443662643,-0.5977184772491455,-0.6083345413208008,0.7407145500183105,0.05228682607412338,-0.1756942719221115,0.6124197840690613,0.5915710926055908,-0.5347657203674316
colbench_backend_programming,162,1.5233469009399414,-0.009092479944229126,-0.5994232892990112,-0.6104328632354736,0.7390651702880859,0.04658879339694977,-0.17767754197120667,0.611518919467926,0.5919002294540405,-0.5332829356193542
colbench_backend_programming,310,1.5233287811279297,-0.0090627521276474,-0.5968372821807861,-0.6113877892494202,0.7383275032043457,0.04596516489982605,-0.17867907881736755,0.6145519018173218,0.5890807509422302,-0.5354101657867432
colbench_backend_programming,919,1.5233269929885864,-0.009076384827494621,-0.5981733798980713,-0.6105265617370605,0.7392953038215637,0.04608664661645889,-0.1762714684009552,0.6127850413322449,0.5905447602272034,-0.5347608923912048
colbench_backend_programming,58,1.5233237743377686,-0.009153482504189014,-0.598125159740448,-0.6108660101890564,0.7392194867134094,0.046413980424404144,-0.17618313431739807,0.6126108169555664,0.5906663537025452,-0.5345889925956726
colbench_backend_programming,913,1.5233222246170044,-0.008988378569483757,-0.5988184213638306,-0.6107509732246399,0.7384330034255981,0.04779810458421707,-0.18128223717212677,0.612233579158783,0.5911071300506592,-0.5331429243087769
colbench_backend_programming,251,1.5233210325241089,-0.008952997624874115,-0.5985509753227234,-0.6117028594017029,0.739061176776886,0.04622087627649307,-0.17798736691474915,0.6116859316825867,0.5914281606674194,-0.5330000519752502
colbench_backend_programming,241,1.523319125175476,-0.009098070673644543,-0.5989853739738464,-0.6105831861495972,0.7392272353172302,0.04783746600151062,-0.17745916545391083,0.611719012260437,0.5914928317070007,-0.5334837436676025
colbench_backend_programming,311,1.5233103036880493,-0.00928147230297327,-0.5985488295555115,-0.6098697781562805,0.739447295665741,0.04751373827457428,-0.17608323693275452,0.6116398572921753,0.5920270681381226,-0.5344417095184326
colbench_backend_programming,536,1.5233079195022583,-0.009126058779656887,-0.5995531678199768,-0.6103590726852417,0.7393734455108643,0.047920435667037964,-0.17755508422851562,0.6109248399734497,0.5924263596534729,-0.532701849937439
colbench_backend_programming,779,1.5233067274093628,-0.009148328565061092,-0.6006225943565369,-0.609793484210968,0.7382838726043701,0.048372961580753326,-0.17948564887046814,0.6110377907752991,0.5905165076255798,-0.5349512100219727
colbench_backend_programming,875,1.5232949256896973,-0.00889775063842535,-0.5967876315116882,-0.612417995929718,0.7386571168899536,0.04688385874032974,-0.17734578251838684,0.6135907173156738,0.5899208784103394,-0.5342770218849182
colbench_backend_programming,795,1.5232877731323242,-0.009094898588955402,-0.5992475152015686,-0.6112133264541626,0.7395807504653931,0.0461154505610466,-0.17837175726890564,0.6099010109901428,0.5933421850204468,-0.5317606925964355
colbench_backend_programming,999,1.5232868194580078,-0.009391115978360176,-0.6001542806625366,-0.6102461218833923,0.7392163872718811,0.04694391041994095,-0.17819905281066895,0.6093897819519043,0.5925117135047913,-0.5338460803031921
colbench_backend_programming,132,1.5232813358306885,-0.009165783412754536,-0.5988523960113525,-0.6115388870239258,0.738521158695221,0.04684935510158539,-0.1798328161239624,0.6111606955528259,0.5918809771537781,-0.5329100489616394
colbench_backend_programming,723,1.5232807397842407,-0.00906391441822052,-0.5987456440925598,-0.6119259595870972,0.7392522096633911,0.04577050358057022,-0.1787915974855423,0.6102924942970276,0.593033492565155,-0.5317271947860718
colbench_backend_programming,651,1.5232768058776855,-0.009173479862511158,-0.5982480645179749,-0.6116089820861816,0.7388122081756592,0.047514721751213074,-0.17797009646892548,0.6113985180854797,0.5919613242149353,-0.5332962870597839
colbench_backend_programming,964,1.5232670307159424,-0.009124349802732468,-0.5968973636627197,-0.6121624708175659,0.7386229038238525,0.04688709229230881,-0.1773470938205719,0.6133391261100769,0.5898129343986511,-0.5348221063613892
colbench_backend_programming,157,1.5232597589492798,-0.009211891330778599,-0.5994833707809448,-0.6103605031967163,0.7384696006774902,0.04753410071134567,-0.1799519807100296,0.6113980412483215,0.5916546583175659,-0.5334394574165344
colbench_backend_programming,332,1.5232560634613037,-0.009379386901855469,-0.5996572971343994,-0.6095789074897766,0.7392354011535645,0.04692138731479645,-0.17844416201114655,0.6099764704704285,0.5928004384040833,-0.5339826941490173
colbench_backend_programming,98,1.5232473611831665,-0.0091327503323555,-0.6007521152496338,-0.6075489521026611,0.7389705181121826,0.04572926461696625,-0.18323352932929993,0.6115220189094543,0.5907861590385437,-0.5343531966209412
colbench_backend_programming,308,1.5232430696487427,-0.009363163262605667,-0.5999735593795776,-0.6087444424629211,0.7400580048561096,0.05059671401977539,-0.17661169171333313,0.6098930835723877,0.5930970907211304,-0.5334414839744568
colbench_backend_programming,688,1.5232411623001099,-0.00902479887008667,-0.5984272956848145,-0.6112399101257324,0.7393639087677002,0.0459258034825325,-0.17713919281959534,0.6114916801452637,0.5916255116462708,-0.5333336591720581
colbench_backend_programming,966,1.5232385396957397,-0.009062632918357849,-0.5966888070106506,-0.6126376390457153,0.7385212779045105,0.04679296165704727,-0.17839577794075012,0.6128748059272766,0.5911687016487122,-0.5332624912261963
colbench_backend_programming,121,1.5232348442077637,-0.009020357392728329,-0.5983107686042786,-0.6114817261695862,0.7385537028312683,0.04731440544128418,-0.1776381880044937,0.6128118634223938,0.589974045753479,-0.5343175530433655
colbench_backend_programming,631,1.5232269763946533,-0.009013738483190536,-0.5996026992797852,-0.6110332012176514,0.7385403513908386,0.04583750665187836,-0.18035560846328735,0.6108580231666565,0.5920342803001404,-0.5325525403022766
colbench_backend_programming,106,1.5232257843017578,-0.00904177874326706,-0.5972913503646851,-0.6119127869606018,0.7387123107910156,0.046336375176906586,-0.17823386192321777,0.6129339337348938,0.5907837152481079,-0.5335719585418701
colbench_backend_programming,784,1.5232168436050415,-0.009131912142038345,-0.5986237525939941,-0.6112720370292664,0.7389267086982727,0.04666757583618164,-0.17782223224639893,0.6114590764045715,0.5912722945213318,-0.5337502956390381
colbench_backend_programming,941,1.5231856107711792,-0.00921170599758625,-0.6002119183540344,-0.6105681657791138,0.7383739352226257,0.04723136126995087,-0.1810242235660553,0.6104390025138855,0.5920756459236145,-0.5325978994369507
colbench_backend_programming,427,1.5231831073760986,-0.009144565090537071,-0.5984137654304504,-0.6115091443061829,0.738409698009491,0.04714847356081009,-0.17888064682483673,0.6115053296089172,0.5912832021713257,-0.5338724851608276
colbench_backend_programming,542,1.5231727361679077,-0.009042035788297653,-0.5963944792747498,-0.6128902435302734,0.7387484908103943,0.04650898277759552,-0.17772938311100006,0.612875759601593,0.5909858345985413,-0.5332478880882263
colbench_backend_programming,924,1.523170828819275,-0.009185491129755974,-0.5976112484931946,-0.6102156639099121,0.7398651242256165,0.04362601041793823,-0.17848223447799683,0.6116672158241272,0.5922239422798157,-0.533405601978302
colbench_backend_programming,247,1.5231624841690063,-0.009076626040041447,-0.5995321869850159,-0.6105479598045349,0.7380791902542114,0.04759370535612106,-0.17995333671569824,0.6117121577262878,0.5913184881210327,-0.5334396362304688
colbench_backend_programming,3,1.5231597423553467,-0.009095483459532261,-0.6004172563552856,-0.6099148392677307,0.7384150624275208,0.04882670193910599,-0.17959821224212646,0.6108850836753845,0.5919963717460632,-0.5328995585441589
colbench_backend_programming,352,1.5231595039367676,-0.009000052697956562,-0.5993009805679321,-0.6112648844718933,0.7388570308685303,0.046347156167030334,-0.1787051558494568,0.6110429167747498,0.5917565822601318,-0.5326029658317566
colbench_backend_programming,533,1.5231515169143677,-0.009277923963963985,-0.5986080169677734,-0.609100341796875,0.7399885654449463,0.047547847032547,-0.17692740261554718,0.6113327145576477,0.5920685529708862,-0.5340744853019714
colbench_backend_programming,23,1.5231478214263916,-0.008941941894590855,-0.597844123840332,-0.6112029552459717,0.738004207611084,0.04762476682662964,-0.1780666708946228,0.6143454909324646,0.5895861387252808,-0.5341668725013733
colbench_backend_programming,704,1.5231417417526245,-0.009071240201592445,-0.598260223865509,-0.61202472448349,0.7387309074401855,0.047051139175891876,-0.17820745706558228,0.6117949485778809,0.5914608240127563,-0.5325947403907776
colbench_backend_programming,552,1.5231363773345947,-0.009092559106647968,-0.5991873145103455,-0.6105265617370605,0.7383067607879639,0.04776439815759659,-0.1790214478969574,0.6124323010444641,0.5903965830802917,-0.5339549779891968
colbench_backend_programming,662,1.5231359004974365,-0.009034469723701477,-0.598348081111908,-0.6097323298454285,0.7391377091407776,0.05008509010076523,-0.1775916963815689,0.6136404871940613,0.590596079826355,-0.5333093404769897
colbench_backend_programming,133,1.52312433719635,-0.0089708948507905,-0.5981062650680542,-0.6114408373832703,0.738575279712677,0.04698941111564636,-0.17731888592243195,0.6128442287445068,0.5901129245758057,-0.5341928601264954
colbench_backend_programming,177,1.5231159925460815,-0.009161487221717834,-0.5987056493759155,-0.6111032366752625,0.7385042905807495,0.04738861322402954,-0.17779263854026794,0.6115893125534058,0.5912134647369385,-0.5340107083320618
colbench_backend_programming,885,1.5230976343154907,-0.009001764468848705,-0.5991884469985962,-0.6106517910957336,0.7389144897460938,0.04617992788553238,-0.17864613234996796,0.6112997531890869,0.5913847088813782,-0.5333282351493835
colbench_backend_programming,727,1.5230966806411743,-0.009091108106076717,-0.598879337310791,-0.6110211610794067,0.7387614250183105,0.04627731442451477,-0.17958125472068787,0.611264705657959,0.5915023684501648,-0.5330489873886108
colbench_backend_programming,803,1.5230960845947266,-0.009037652052938938,-0.5998945236206055,-0.6107469201087952,0.7385768890380859,0.047180406749248505,-0.17960625886917114,0.6106640696525574,0.5917601585388184,-0.5327904224395752
colbench_backend_programming,119,1.5230945348739624,-0.009145560674369335,-0.598402202129364,-0.6111003756523132,0.7385943531990051,0.04680456221103668,-0.17858396470546722,0.6119198203086853,0.5913134217262268,-0.5334663987159729
colbench_backend_programming,496,1.5230815410614014,-0.009140564128756523,-0.6011690497398376,-0.608944296836853,0.7381350994110107,0.050149425864219666,-0.17872542142868042,0.6110541820526123,0.5909193754196167,-0.5344958901405334
colbench_backend_programming,633,1.5230785608291626,-0.008952425792813301,-0.5970240831375122,-0.6117560267448425,0.7376492619514465,0.04802602529525757,-0.17932972311973572,0.614592432975769,0.588972806930542,-0.5346777439117432
colbench_backend_programming,264,1.5230754613876343,-0.008947895839810371,-0.5964924693107605,-0.6130713224411011,0.7384212017059326,0.046954862773418427,-0.17834186553955078,0.6127216219902039,0.5909948348999023,-0.5330291986465454
colbench_backend_programming,963,1.5230660438537598,-0.009080182760953903,-0.5983951091766357,-0.6108840703964233,0.7379580736160278,0.050624996423721313,-0.1776229739189148,0.6139755249023438,0.589065670967102,-0.5346164703369141
colbench_backend_programming,188,1.5230605602264404,-0.009041135199368,-0.5981860160827637,-0.6108136773109436,0.7389318943023682,0.04886792600154877,-0.17537055909633636,0.6127810478210449,0.5907556414604187,-0.5339829921722412
colbench_backend_programming,245,1.5230575799942017,-0.0090191550552845,-0.5994126200675964,-0.6102274656295776,0.7382515668869019,0.04725664108991623,-0.17837782204151154,0.6124984622001648,0.5901257395744324,-0.5343796610832214
colbench_backend_programming,893,1.5230555534362793,-0.009087137877941132,-0.598449170589447,-0.6120352745056152,0.7393753528594971,0.04577101022005081,-0.17798365652561188,0.6105332374572754,0.5924297571182251,-0.5317864418029785
colbench_backend_programming,57,1.5230541229248047,-0.009029937908053398,-0.5979390740394592,-0.6115534901618958,0.7386224269866943,0.04785669595003128,-0.17773067951202393,0.6125443577766418,0.5908849239349365,-0.5332616567611694
colbench_backend_programming,208,1.523028016090393,-0.009054145775735378,-0.5985903143882751,-0.6120627522468567,0.7383466362953186,0.04730312526226044,-0.1794227808713913,0.6109879016876221,0.591995894908905,-0.5322890877723694
colbench_backend_programming,933,1.5230152606964111,-0.008981420658528805,-0.5983799695968628,-0.611865758895874,0.7376886606216431,0.04813744127750397,-0.18115466833114624,0.6118282079696655,0.5912591218948364,-0.5328202247619629
colbench_backend_programming,610,1.523015022277832,-0.008929203264415264,-0.5974305868148804,-0.6123343706130981,0.7382919788360596,0.047448500990867615,-0.17859630286693573,0.6122395992279053,0.5910999774932861,-0.5331400036811829
colbench_backend_programming,159,1.523014783859253,-0.009216409176588058,-0.6022092700004578,-0.6091340184211731,0.7387551665306091,0.04617011547088623,-0.18087533116340637,0.6087164282798767,0.5923706293106079,-0.5327551364898682
colbench_backend_programming,981,1.5230144262313843,-0.008946482092142105,-0.5978266000747681,-0.6104969382286072,0.7382593154907227,0.0458182767033577,-0.1821647584438324,0.6126477122306824,0.5907340049743652,-0.5337188839912415
colbench_backend_programming,224,1.5230122804641724,-0.009139584377408028,-0.5996642708778381,-0.6107913255691528,0.7380645871162415,0.04694783687591553,-0.18094268441200256,0.6107463836669922,0.5917446613311768,-0.5329602956771851
colbench_backend_programming,263,1.5229942798614502,-0.00904766470193863,-0.5981054306030273,-0.6110451221466064,0.739311933517456,0.045233212411403656,-0.17776000499725342,0.6115170121192932,0.5917211174964905,-0.533002495765686
colbench_backend_programming,839,1.5229930877685547,-0.009029130451381207,-0.599478542804718,-0.6109394431114197,0.7381018996238708,0.048077017068862915,-0.176546111702919,0.6120977997779846,0.5912290811538696,-0.5332887172698975
colbench_backend_programming,575,1.5229884386062622,-0.009022077545523643,-0.5969982147216797,-0.6124396324157715,0.7384442090988159,0.04733732342720032,-0.17815256118774414,0.6122210025787354,0.5911331176757812,-0.5333598852157593
colbench_backend_programming,616,1.5229805707931519,-0.009142180904746056,-0.5994937419891357,-0.610332190990448,0.7393143177032471,0.048112690448760986,-0.17488697171211243,0.6109219193458557,0.5921884775161743,-0.5330787897109985
colbench_backend_programming,555,1.5229791402816772,-0.009128676727414131,-0.5985651612281799,-0.6108542680740356,0.7388601303100586,0.047082044184207916,-0.17753896117210388,0.6116080284118652,0.5913599133491516,-0.5334982872009277
colbench_backend_programming,400,1.522976279258728,-0.008896203711628914,-0.5986237525939941,-0.6118636727333069,0.7383762001991272,0.04755857586860657,-0.17911237478256226,0.6115233898162842,0.591184139251709,-0.5326603055000305
colbench_backend_programming,367,1.52296781539917,-0.008931971155107021,-0.5971935391426086,-0.6112749576568604,0.7387565970420837,0.04513714462518692,-0.1791364997625351,0.613063633441925,0.5909038782119751,-0.5331330895423889
colbench_backend_programming,207,1.522955060005188,-0.009172139689326286,-0.600285530090332,-0.6081826686859131,0.7396025061607361,0.04690806567668915,-0.17991814017295837,0.6100063323974609,0.5929263234138489,-0.5328332185745239
colbench_backend_programming,333,1.5229445695877075,-0.008952805772423744,-0.5981934070587158,-0.6113049387931824,0.7384531497955322,0.047358982264995575,-0.1776379495859146,0.6119455099105835,0.5910469889640808,-0.5337660908699036
colbench_backend_programming,62,1.5229419469833374,-0.008939285762608051,-0.598065197467804,-0.6120656132698059,0.7382069826126099,0.04888838529586792,-0.17888180911540985,0.611994206905365,0.5911577343940735,-0.532637894153595
colbench_backend_programming,185,1.5229383707046509,-0.0092161251232028,-0.6016573905944824,-0.6055858135223389,0.7404937744140625,0.055149614810943604,-0.17371341586112976,0.6102336645126343,0.5929651260375977,-0.5339231491088867
colbench_backend_programming,789,1.522911548614502,-0.00889938697218895,-0.5967997312545776,-0.6128687858581543,0.7385486364364624,0.04660702496767044,-0.1779572069644928,0.6123543977737427,0.5914976000785828,-0.532296359539032
colbench_backend_programming,720,1.5229003429412842,-0.008915802463889122,-0.6004742383956909,-0.6108300685882568,0.7388073205947876,0.045950934290885925,-0.1811145693063736,0.6095806956291199,0.5927659273147583,-0.530879020690918
colbench_backend_programming,587,1.5228976011276245,-0.008816503919661045,-0.5973232984542847,-0.6128116846084595,0.7382959723472595,0.04663868248462677,-0.17807799577713013,0.61260986328125,0.5906708836555481,-0.5326660871505737
colbench_backend_programming,749,1.5228910446166992,-0.009134477935731411,-0.5996662974357605,-0.6079704761505127,0.7384185194969177,0.048795849084854126,-0.17693233489990234,0.6128490567207336,0.5907701253890991,-0.5351896286010742
colbench_backend_programming,248,1.5228749513626099,-0.009102733805775642,-0.5970020890235901,-0.6104779243469238,0.7390680313110352,0.04558136314153671,-0.17936661839485168,0.6124809980392456,0.5911805033683777,-0.533811092376709
colbench_backend_programming,809,1.522873878479004,-0.00904067698866129,-0.5996889472007751,-0.6111855506896973,0.7382228374481201,0.047827497124671936,-0.17980751395225525,0.6103183031082153,0.5920460224151611,-0.5323271751403809
colbench_backend_programming,976,1.5228654146194458,-0.009156440384685993,-0.597987711429596,-0.6063528060913086,0.7383249402046204,0.04076192528009415,-0.1857670247554779,0.6137726306915283,0.5913592576980591,-0.5349288582801819
colbench_backend_programming,110,1.5228530168533325,-0.008658269420266151,-0.5971004962921143,-0.6128435730934143,0.7379468083381653,0.04774080216884613,-0.1790289580821991,0.6131565570831299,0.5902450680732727,-0.5326619148254395
colbench_backend_programming,60,1.5228521823883057,-0.008912041783332825,-0.5993045568466187,-0.610077977180481,0.7379553318023682,0.0483446940779686,-0.17766046524047852,0.6131938099861145,0.5879433751106262,-0.5362415909767151
colbench_backend_programming,408,1.5228395462036133,-0.009508006274700165,-0.6011002063751221,-0.6078966856002808,0.7394219636917114,0.045944198966026306,-0.17771881818771362,0.6080171465873718,0.5952337980270386,-0.5326845645904541
colbench_backend_programming,111,1.5228333473205566,-0.009017695672810078,-0.5988174080848694,-0.611775279045105,0.7382084727287292,0.04819886386394501,-0.17935854196548462,0.6108073592185974,0.5923876762390137,-0.5317113995552063
colbench_backend_programming,307,1.5228278636932373,-0.009559500962495804,-0.5993568301200867,-0.6076754927635193,0.7394514083862305,0.045935578644275665,-0.17696575820446014,0.6107734441757202,0.5913161635398865,-0.5362762808799744
colbench_backend_programming,843,1.5228207111358643,-0.009114846587181091,-0.5987468957901001,-0.6101166605949402,0.7384501695632935,0.04626678675413132,-0.1797529011964798,0.6116507649421692,0.5915031433105469,-0.5333760976791382
colbench_backend_programming,357,1.5228159427642822,-0.008994127623736858,-0.5982433557510376,-0.6118885278701782,0.7389151453971863,0.04671655595302582,-0.17704902589321136,0.6116740107536316,0.5919483304023743,-0.53159499168396
colbench_backend_programming,988,1.5228157043457031,-0.00916315522044897,-0.5985799431800842,-0.6054877042770386,0.7396485209465027,0.036175452172756195,-0.188433438539505,0.6125029921531677,0.5898765325546265,-0.5357651114463806
colbench_backend_programming,724,1.5228151082992554,-0.008854461833834648,-0.5970768928527832,-0.6131219267845154,0.7384747862815857,0.04687747359275818,-0.17836645245552063,0.6116573810577393,0.5915056467056274,-0.5321519374847412
colbench_backend_programming,586,1.5228071212768555,-0.009360317140817642,-0.5976533889770508,-0.6072741746902466,0.7401602268218994,0.04393761605024338,-0.17940255999565125,0.6112578511238098,0.5924655199050903,-0.5351312160491943
colbench_backend_programming,513,1.5228034257888794,-0.008969697169959545,-0.5982658267021179,-0.6121724843978882,0.7376739382743835,0.04782649874687195,-0.17973533272743225,0.6119892597198486,0.5907421708106995,-0.5329080820083618
colbench_backend_programming,199,1.522801399230957,-0.008946671150624752,-0.6003586053848267,-0.6107521653175354,0.7379117012023926,0.047799743711948395,-0.17982067167758942,0.6109306812286377,0.5905985236167908,-0.5331965684890747
colbench_backend_programming,449,1.5227969884872437,-0.008954344317317009,-0.5985887050628662,-0.6114112138748169,0.7379265427589417,0.04755815863609314,-0.1798417717218399,0.6117626428604126,0.5912149548530579,-0.532775342464447
colbench_backend_programming,973,1.5227876901626587,-0.009043828584253788,-0.598602831363678,-0.6095044016838074,0.7384841442108154,0.04568018019199371,-0.1810787320137024,0.6120824813842773,0.59087735414505,-0.5338963270187378
colbench_backend_programming,277,1.5227805376052856,0.014914313331246376,-0.3601841330528259,-0.8029192686080933,0.5654920339584351,0.2532079517841339,-0.41483640670776367,0.7532056570053101,0.48863929510116577,-0.427055686712265
colbench_backend_programming,77,1.522779107093811,-0.008963515982031822,-0.5985614657402039,-0.6115177869796753,0.7384217977523804,0.047497838735580444,-0.17894253134727478,0.6111288070678711,0.5916250348091125,-0.5325265526771545
colbench_backend_programming,747,1.522729754447937,-0.009235160425305367,-0.5979500412940979,-0.6107710599899292,0.7388845086097717,0.04687990993261337,-0.177249014377594,0.6118270754814148,0.5911170244216919,-0.5336695909500122
colbench_backend_programming,476,1.5227230787277222,-0.008980081416666508,-0.598433256149292,-0.6114305853843689,0.7379162311553955,0.047713831067085266,-0.17948007583618164,0.6118804812431335,0.5911235809326172,-0.5328046083450317
colbench_backend_programming,31,1.5227206945419312,-0.008825906552374363,-0.5973031520843506,-0.6119592189788818,0.7375669479370117,0.04812870919704437,-0.1795428991317749,0.6137157082557678,0.5898551344871521,-0.5331790447235107
colbench_backend_programming,305,1.522687315940857,-0.009157695807516575,-0.5999152660369873,-0.6105052828788757,0.7389540672302246,0.049713797867298126,-0.17771846055984497,0.609298586845398,0.59364914894104,-0.5312147736549377
colbench_backend_programming,113,1.5226737260818481,-0.00939728319644928,-0.5985645055770874,-0.6028213500976562,0.7418525218963623,0.048479460179805756,-0.18074947595596313,0.611362874507904,0.5922872424125671,-0.5356563925743103
colbench_backend_programming,436,1.5226422548294067,-0.008812500163912773,-0.5995328426361084,-0.6104615330696106,0.7378219366073608,0.046650953590869904,-0.18025898933410645,0.6122062802314758,0.5899970531463623,-0.5332846641540527
colbench_backend_programming,539,1.5226356983184814,-0.009211406111717224,-0.5980978012084961,-0.6106601357460022,0.7388346195220947,0.04807274788618088,-0.17667527496814728,0.6107940673828125,0.5922650694847107,-0.5334263443946838
colbench_backend_programming,617,1.5226335525512695,-0.00885907094925642,-0.5972339510917664,-0.6127296090126038,0.7377423048019409,0.04782227426767349,-0.1795474886894226,0.6123335957527161,0.5912646055221558,-0.5319328308105469
colbench_backend_programming,928,1.5226308107376099,-0.009022219106554985,-0.5986740589141846,-0.6104744076728821,0.7380357980728149,0.05157224088907242,-0.173244446516037,0.61231929063797,0.591787576675415,-0.5336642265319824
colbench_backend_programming,291,1.522624135017395,0.011876558884978294,-0.3916472792625427,-0.7050020098686218,0.710239827632904,0.11771649122238159,-0.2560829520225525,0.6191781759262085,0.7497027516365051,-0.3723664879798889
colbench_backend_programming,880,1.5225287675857544,-0.008981633931398392,-0.5978654623031616,-0.6101440787315369,0.737755537033081,0.043590761721134186,-0.18136274814605713,0.6129035949707031,0.5912100672721863,-0.5330281853675842
colbench_backend_programming,222,1.5225144624710083,-0.010134740732610226,-0.5962668061256409,-0.6015073657035828,0.7461777329444885,0.047828517854213715,-0.17488540709018707,0.606731653213501,0.5958523750305176,-0.536551833152771
colbench_backend_programming,697,1.5225064754486084,-0.009197731502354145,-0.6002146601676941,-0.6083216667175293,0.7389808893203735,0.04880812019109726,-0.17618092894554138,0.6101893782615662,0.5927430391311646,-0.5334070920944214
colbench_backend_programming,122,1.5224803686141968,-0.00961246620863676,-0.5976161956787109,-0.6028672456741333,0.7433554530143738,0.055224090814590454,-0.17623251676559448,0.6105070114135742,0.5934383869171143,-0.534583568572998
colbench_backend_programming,897,1.5224698781967163,-0.009164008311927319,-0.5977074503898621,-0.6086306571960449,0.7395663261413574,0.052400313317775726,-0.17327632009983063,0.6124615669250488,0.591709315776825,-0.5341075658798218
colbench_backend_programming,231,1.5224239826202393,-0.009258807636797428,-0.5988233685493469,-0.6095894575119019,0.7386919856071472,0.04686550050973892,-0.17734172940254211,0.610349178314209,0.5923582911491394,-0.5337221622467041
colbench_backend_programming,105,1.5223885774612427,-0.009282008744776249,-0.5975613594055176,-0.6082755923271179,0.7386250495910645,0.037559010088443756,-0.18078312277793884,0.611783504486084,0.5924898386001587,-0.5344198942184448
colbench_backend_programming,197,1.522367000579834,-0.008894721046090126,-0.5993954539299011,-0.612048864364624,0.738069474697113,0.047488003969192505,-0.18026146292686462,0.6091939806938171,0.5932877063751221,-0.5302063822746277
colbench_backend_programming,554,1.5223218202590942,-0.009176681749522686,-0.5976756811141968,-0.6099401712417603,0.7389083504676819,0.04729253053665161,-0.17756779491901398,0.6111478209495544,0.5923411250114441,-0.5330086946487427
colbench_backend_programming,96,1.522321343421936,-0.009095756337046623,-0.5975480675697327,-0.610284686088562,0.7382171154022217,0.04673481732606888,-0.17843204736709595,0.6127939820289612,0.5903847217559814,-0.5337547659873962
colbench_backend_programming,505,1.5222872495651245,-0.00876724161207676,-0.6000834107398987,-0.6113791465759277,0.7371328473091125,0.04901763051748276,-0.18123379349708557,0.610817551612854,0.5914772152900696,-0.5309588313102722
colbench_backend_programming,360,1.5222501754760742,-0.00937229860574007,-0.5968009829521179,-0.6079036593437195,0.7400469183921814,0.03989024460315704,-0.1838170886039734,0.6096206903457642,0.5931540131568909,-0.5338619947433472
colbench_backend_programming,750,1.5222249031066895,-0.009005837142467499,-0.5981382131576538,-0.6050006151199341,0.7382913827896118,0.044468872249126434,-0.182569682598114,0.614193856716156,0.5911148190498352,-0.5351071357727051
colbench_backend_programming,823,1.5222145318984985,0.0159450676292181,-0.4724341928958893,-0.7865543961524963,0.6259547472000122,0.24596096575260162,-0.47231829166412354,0.5861625671386719,0.5705229043960571,-0.3616514503955841
colbench_backend_programming,0,1.521972894668579,-0.009179351851344109,-0.6014370322227478,-0.6058487892150879,0.7375398278236389,0.053502149879932404,-0.17598286271095276,0.6118112206459045,0.5927366018295288,-0.5330808758735657
colbench_backend_programming,969,1.52193284034729,-0.008864062838256359,-0.5974470376968384,-0.6117928624153137,0.7371063828468323,0.048958055675029755,-0.17930470407009125,0.6124675869941711,0.5906267166137695,-0.5321810245513916
colbench_backend_programming,18,1.5218967199325562,-0.009536592289805412,-0.5974026918411255,-0.6068606376647949,0.7395164370536804,0.041718557476997375,-0.18022467195987701,0.6083754301071167,0.5932794809341431,-0.5364632606506348
colbench_backend_programming,347,1.5218638181686401,-0.009153292514383793,-0.5967041254043579,-0.6068563461303711,0.7395666837692261,0.04938773065805435,-0.179246187210083,0.6124112606048584,0.5919551253318787,-0.5336228609085083
colbench_backend_programming,234,1.5217623710632324,0.016389941796660423,-0.36655277013778687,-0.8084895610809326,0.5526967644691467,0.26722845435142517,-0.4182683825492859,0.7502521872520447,0.4914817214012146,-0.41409972310066223
colbench_backend_programming,203,1.5216797590255737,-0.009008859284222126,-0.5968204736709595,-0.6110503077507019,0.7388204336166382,0.06069359928369522,-0.1673433482646942,0.611836314201355,0.5916430950164795,-0.5329201817512512
colbench_backend_programming,511,1.5216538906097412,-0.00912323035299778,-0.5968043804168701,-0.605736255645752,0.7398412227630615,0.05029714107513428,-0.17726492881774902,0.6126391887664795,0.5917770266532898,-0.5343165397644043
colbench_backend_programming,299,1.521558165550232,-0.009024440310895443,-0.5987465977668762,-0.6059211492538452,0.7390552163124084,0.045493900775909424,-0.18067044019699097,0.6113162636756897,0.591452419757843,-0.5339134335517883
colbench_backend_programming,410,1.5215046405792236,-0.009503647685050964,-0.5938199758529663,-0.598019540309906,0.745270848274231,0.05826239287853241,-0.17979155480861664,0.6120040416717529,0.5923225283622742,-0.536827564239502
colbench_backend_programming,860,1.5210601091384888,0.005459366831928492,-0.48707205057144165,-0.7222006320953369,0.6153597831726074,-0.0015972405672073364,-0.347677081823349,0.672308087348938,0.6898348927497864,-0.35691893100738525
colbench_backend_programming,786,1.5210009813308716,-0.009023831225931644,-0.5968319177627563,-0.6136194467544556,0.736608624458313,0.04432409256696701,-0.1682969033718109,0.6109293699264526,0.592025637626648,-0.5330075621604919
colbench_backend_programming,170,1.5206794738769531,-0.02479088120162487,-0.6349948644638062,-0.6716904640197754,0.5707212090492249,0.19813723862171173,-0.3474132716655731,0.5975016951560974,0.5960822105407715,-0.5099807381629944
colbench_backend_programming,547,1.5204218626022339,0.015075442381203175,-0.3656821846961975,-0.8028326034545898,0.5590168237686157,0.2634789049625397,-0.40871942043304443,0.7510875463485718,0.49046438932418823,-0.4239792823791504
colbench_backend_programming,76,1.5204044580459595,-0.004012503661215305,-0.39278483390808105,-0.6331457495689392,0.6754154562950134,0.14600993692874908,-0.3216959238052368,0.7225841283798218,0.547197699546814,-0.5949201583862305
colbench_backend_programming,882,1.520349144935608,-0.00946060847491026,-0.5990586876869202,-0.6078134179115295,0.7367066740989685,0.052376747131347656,-0.16866454482078552,0.6096274852752686,0.5937278270721436,-0.5339165329933167
colbench_backend_programming,329,1.5199891328811646,0.014919804409146309,-0.3627970516681671,-0.8076676726341248,0.560505211353302,0.2554526925086975,-0.4091147482395172,0.7470288872718811,0.49237897992134094,-0.4232397675514221
colbench_backend_programming,745,1.519972324371338,-0.009491544216871262,-0.5962623953819275,-0.604401171207428,0.7407147288322449,0.04167356342077255,-0.17969250679016113,0.6077555418014526,0.5948426723480225,-0.5325385332107544
colbench_backend_programming,393,1.519891381263733,-0.009319660253822803,-0.6006037592887878,-0.606904149055481,0.7318120002746582,0.03864167630672455,-0.17863205075263977,0.6120004057884216,0.5930862426757812,-0.534570038318634
colbench_backend_programming,871,1.5196013450622559,-0.010050911456346512,-0.5928921103477478,-0.5933250784873962,0.7430353760719299,0.05313575267791748,-0.18246066570281982,0.6092754602432251,0.5953319668769836,-0.5401655435562134
colbench_backend_programming,218,1.5195447206497192,-0.009139934554696083,-0.5952357053756714,-0.6036609411239624,0.7384800314903259,0.048012152314186096,-0.17845210433006287,0.6121331453323364,0.59163898229599,-0.5348434448242188
colbench_backend_programming,256,1.5195316076278687,0.016411494463682175,-0.3659381866455078,-0.8312628269195557,0.5522601008415222,0.2287892997264862,-0.40536320209503174,0.7453843355178833,0.48880648612976074,-0.4097355008125305
colbench_backend_programming,97,1.5194549560546875,0.014645770192146301,-0.36159002780914307,-0.8000960350036621,0.5612225532531738,0.2484022080898285,-0.4178957939147949,0.7507820129394531,0.49112141132354736,-0.42621278762817383
colbench_backend_programming,765,1.519041895866394,-0.009243810549378395,-0.5969799757003784,-0.6054449081420898,0.73684161901474,0.04355265200138092,-0.18086442351341248,0.6093993186950684,0.5930762887001038,-0.5328116416931152
colbench_backend_programming,75,1.5189995765686035,0.01489963661879301,-0.364269495010376,-0.8043814897537231,0.560477614402771,0.25750115513801575,-0.41090938448905945,0.7469121217727661,0.493776798248291,-0.42030471563339233
colbench_backend_programming,956,1.5189783573150635,0.014961597509682178,-0.36460012197494507,-0.8047269582748413,0.5563320517539978,0.250830739736557,-0.4129953980445862,0.749847948551178,0.4905437231063843,-0.42530566453933716
colbench_backend_programming,49,1.518845796585083,0.03141595795750618,-0.5700719952583313,-0.7258980870246887,0.5663158297538757,0.21591854095458984,-0.4234992563724518,0.6014255881309509,0.6979538202285767,-0.24381138384342194
colbench_backend_programming,451,1.518804669380188,0.015020902268588543,-0.3645544648170471,-0.8022067546844482,0.5606040954589844,0.26709794998168945,-0.40687108039855957,0.7466394901275635,0.495324969291687,-0.4199429452419281
colbench_backend_programming,255,1.5187740325927734,0.018278706818819046,-0.44751250743865967,-0.7321617603302002,0.6757540106773376,0.16888925433158875,-0.48669156432151794,0.6650031805038452,0.5624923706054688,-0.2994725704193115
colbench_backend_programming,742,1.5187060832977295,-0.009891779161989689,-0.5846413373947144,-0.5964872241020203,0.7515552043914795,0.05338297039270401,-0.17811058461666107,0.6067899465560913,0.5952631235122681,-0.5356538891792297
colbench_backend_programming,684,1.5186784267425537,0.012003506533801556,-0.437328577041626,-0.7356955409049988,0.6800618767738342,-0.06306348741054535,-0.18158885836601257,0.7030502557754517,0.6329237818717957,-0.42375969886779785
colbench_backend_programming,603,1.5186220407485962,0.014840453863143921,-0.39691999554634094,-0.6804582476615906,0.765791654586792,0.08324073255062103,-0.11288395524024963,0.8002138137817383,0.49045494198799133,-0.4456985294818878
colbench_backend_programming,833,1.5183485746383667,0.01602504961192608,-0.3517777919769287,-0.8263392448425293,0.5554165840148926,0.20821508765220642,-0.42087841033935547,0.7487556338310242,0.48682767152786255,-0.4149487614631653
colbench_backend_programming,392,1.518346905708313,0.024135172367095947,-0.39755988121032715,-0.7994764447212219,0.7558848261833191,-0.06227633357048035,-0.27233418822288513,0.5890258550643921,0.626189649105072,-0.3459622859954834
colbench_backend_programming,606,1.5182700157165527,-0.009179389104247093,-0.5928840637207031,-0.6079338788986206,0.7329241037368774,0.035254836082458496,-0.18239349126815796,0.6101877093315125,0.593216598033905,-0.5367735624313354
colbench_backend_programming,127,1.5182347297668457,0.029545387253165245,-0.5272800922393799,-0.7221039533615112,0.666054368019104,0.3150106966495514,-0.48969799280166626,0.6292729377746582,0.4878943860530853,-0.2981419563293457
colbench_backend_programming,971,1.5182156562805176,0.016781577840447426,-0.34812289476394653,-0.8251791000366211,0.56103515625,0.24159091711044312,-0.40557801723480225,0.746167778968811,0.4875313937664032,-0.41327404975891113
colbench_backend_programming,932,1.517889142036438,0.01653529889881611,-0.3664693832397461,-0.8072587251663208,0.5484679937362671,0.2582785487174988,-0.41888803243637085,0.7498487830162048,0.4916350543498993,-0.4135826826095581
colbench_backend_programming,355,1.5178731679916382,0.02366679161787033,-0.5805661678314209,-0.7636064887046814,0.6892613172531128,0.2416737824678421,-0.34164679050445557,0.5874031782150269,0.4394773840904236,-0.44203415513038635
colbench_backend_programming,421,1.5176372528076172,0.0033328270073980093,-0.5353327393531799,-0.7551514506340027,0.6609127521514893,0.030648469924926758,-0.25075826048851013,0.5043222308158875,0.7394161820411682,-0.38037604093551636
colbench_backend_programming,288,1.5176345109939575,0.015319332480430603,-0.3665117025375366,-0.8022861480712891,0.5566003918647766,0.26663511991500854,-0.40711358189582825,0.7477405667304993,0.49362635612487793,-0.41928282380104065
colbench_backend_programming,831,1.517494797706604,0.01560140773653984,-0.36307403445243835,-0.8011836409568787,0.5543172359466553,0.25914862751960754,-0.4153757393360138,0.7538250684738159,0.48688188195228577,-0.4204803705215454
colbench_backend_programming,319,1.5174877643585205,0.015324738807976246,-0.36306944489479065,-0.8007588386535645,0.5555710792541504,0.2606140375137329,-0.41130751371383667,0.7513326406478882,0.490603506565094,-0.4228350818157196
colbench_backend_programming,945,1.51740562915802,0.01499921828508377,-0.36122602224349976,-0.7996311783790588,0.5591751337051392,0.24936076998710632,-0.41796451807022095,0.7502525448799133,0.4898020029067993,-0.42460426688194275
colbench_backend_programming,193,1.5173921585083008,0.01484958827495575,-0.3657781481742859,-0.8042064905166626,0.5564954876899719,0.2606944441795349,-0.4037594199180603,0.7490259408950806,0.4924527704715729,-0.42156514525413513
colbench_backend_programming,790,1.51736581325531,0.014173832722008228,-0.36201411485671997,-0.7994543313980103,0.5628501772880554,0.25495657324790955,-0.40809735655784607,0.7480710744857788,0.49331992864608765,-0.4253189265727997
colbench_backend_programming,766,1.5173633098602295,0.015121162869036198,-0.3580198585987091,-0.8030357360839844,0.5609545707702637,0.2580660581588745,-0.4118400812149048,0.7478359937667847,0.49271178245544434,-0.42005082964897156
colbench_backend_programming,425,1.5171786546707153,0.01511866133660078,-0.35907694697380066,-0.7983439564704895,0.5636909008026123,0.271456778049469,-0.4034486711025238,0.749642014503479,0.49096542596817017,-0.4222850501537323
colbench_backend_programming,397,1.5171482563018799,0.014847401529550552,-0.3610783815383911,-0.8004158139228821,0.5598193407058716,0.24909481406211853,-0.4170435667037964,0.7484325170516968,0.49263203144073486,-0.42247721552848816
colbench_backend_programming,663,1.5171098709106445,0.0025760787539184093,-0.4841621220111847,-0.7495013475418091,0.6115709543228149,0.08576826751232147,-0.3268216550350189,0.7538670301437378,0.5805379748344421,-0.33455902338027954
colbench_backend_programming,7,1.5170795917510986,0.015742339193820953,-0.35493841767311096,-0.8056051731109619,0.567713737487793,0.26405155658721924,-0.40385687351226807,0.7469329833984375,0.49171173572540283,-0.41441261768341064
colbench_backend_programming,42,1.5170657634735107,0.01639891043305397,-0.3588780462741852,-0.8123985528945923,0.5525931715965271,0.265036016702652,-0.4094364047050476,0.7462368011474609,0.4935031235218048,-0.4111536145210266
colbench_backend_programming,384,1.5169734954833984,0.013870149850845337,-0.47136226296424866,-0.748386025428772,0.678112268447876,0.051334232091903687,-0.2709544599056244,0.6469020247459412,0.6737875938415527,-0.3325425684452057
colbench_backend_programming,869,1.5169258117675781,0.019320370629429817,-0.3507518172264099,-0.6835939884185791,0.5880756974220276,0.13348737359046936,-0.39554738998413086,0.7562143802642822,0.5573975443840027,-0.555044412612915
colbench_backend_programming,682,1.5169066190719604,0.014178493060171604,-0.3650912344455719,-0.8000192642211914,0.5642098784446716,0.2604590654373169,-0.40467941761016846,0.7428187727928162,0.4980276823043823,-0.4218234121799469
colbench_backend_programming,712,1.516592025756836,0.015615617856383324,-0.364127516746521,-0.8072847723960876,0.5532671809196472,0.2552868723869324,-0.40883302688598633,0.7483052611351013,0.49205082654953003,-0.4186391830444336
colbench_backend_programming,939,1.5165785551071167,-0.016500398516654968,-0.6479010581970215,-0.7441534399986267,0.5109138488769531,0.14071455597877502,-0.36566799879074097,0.5653913617134094,0.6359022259712219,-0.43345651030540466
colbench_backend_programming,822,1.5165283679962158,0.020985113456845284,-0.40242037177085876,-0.737424373626709,0.643785834312439,-0.01729343831539154,-0.1684282124042511,0.755549430847168,0.5073754191398621,-0.5680751800537109
colbench_backend_programming,342,1.5164649486541748,0.014793231151998043,-0.35830074548721313,-0.7989401817321777,0.5580880641937256,0.25650322437286377,-0.4143379330635071,0.7475406527519226,0.4946746230125427,-0.42488691210746765
colbench_backend_programming,134,1.5163615942001343,-0.012350411154329777,-0.6008672714233398,-0.5847134590148926,0.7167471051216125,0.08887197077274323,-0.16376151144504547,0.6010023355484009,0.6112955808639526,-0.5595465898513794
colbench_backend_programming,926,1.5163005590438843,-0.008893013000488281,-0.5601041316986084,-0.5596256256103516,0.6576380133628845,0.20665402710437775,-0.2958362400531769,0.7879931926727295,0.43659257888793945,-0.5459036231040955
colbench_backend_programming,109,1.5162239074707031,0.01472543552517891,-0.36389297246932983,-0.7994474172592163,0.5574744939804077,0.2535945177078247,-0.4132710099220276,0.747982382774353,0.4928987920284271,-0.42319366335868835
colbench_backend_programming,678,1.5162156820297241,-0.02107168547809124,-0.6429077982902527,-0.6023996472358704,0.6519069075584412,0.12291385978460312,-0.4128688871860504,0.5935477614402771,0.531193733215332,-0.526951253414154
colbench_backend_programming,522,1.5161741971969604,0.015273469500243664,-0.3563324809074402,-0.8046774864196777,0.5563470125198364,0.2568737864494324,-0.4087804853916168,0.7508403062820435,0.49051323533058167,-0.4211099147796631
colbench_backend_programming,64,1.5161547660827637,0.01549486443400383,-0.3620043396949768,-0.8005151748657227,0.553051233291626,0.24607381224632263,-0.42103299498558044,0.7528952956199646,0.4890001714229584,-0.4209446609020233
colbench_backend_programming,457,1.5161203145980835,0.015370074659585953,-0.36026233434677124,-0.8048031330108643,0.5563861131668091,0.25400638580322266,-0.40872296690940857,0.7491374611854553,0.49223798513412476,-0.42009449005126953
colbench_backend_programming,877,1.5160818099975586,0.015751462429761887,-0.3570931851863861,-0.8010492324829102,0.5656606554985046,0.27192020416259766,-0.4081658720970154,0.7429545521736145,0.4941101670265198,-0.41553595662117004
colbench_backend_programming,70,1.5160430669784546,0.01472154725342989,-0.3623003661632538,-0.799750804901123,0.5588760375976562,0.2560783326625824,-0.4129583537578583,0.7468332052230835,0.49365705251693726,-0.4214419722557068
colbench_backend_programming,517,1.5160332918167114,-0.009395379573106766,-0.586640477180481,-0.602356493473053,0.7420597672462463,0.04874370992183685,-0.17248377203941345,0.6069214940071106,0.594903826713562,-0.535101056098938
colbench_backend_programming,968,1.516019582748413,0.015611641108989716,-0.3601967394351959,-0.7998210191726685,0.5561705827713013,0.2591567039489746,-0.4125358462333679,0.7510340213775635,0.4912126362323761,-0.420528769493103
colbench_backend_programming,226,1.515829086303711,0.014961089007556438,-0.36255401372909546,-0.8024643659591675,0.5589562058448792,0.26114434003829956,-0.4072330594062805,0.7446660995483398,0.4957122206687927,-0.4190681576728821
colbench_backend_programming,126,1.5158010721206665,0.014713984914124012,-0.36060041189193726,-0.8011406064033508,0.5595842003822327,0.25775954127311707,-0.4079897403717041,0.7469706535339355,0.4945041537284851,-0.42102739214897156
colbench_backend_programming,681,1.5157305002212524,0.015975192189216614,-0.3567890524864197,-0.8067429065704346,0.5545791387557983,0.2626882493495941,-0.41771644353866577,0.7440690398216248,0.4963305592536926,-0.4102114737033844
colbench_backend_programming,92,1.5157289505004883,0.014997451566159725,-0.35706228017807007,-0.8007779121398926,0.55946946144104,0.2538241744041443,-0.41072556376457214,0.7497693300247192,0.4918527901172638,-0.4224855601787567
colbench_backend_programming,322,1.5157201290130615,0.016135988757014275,-0.37322360277175903,-0.8071042895317078,0.5515772104263306,0.25403931736946106,-0.4042646288871765,0.752102255821228,0.4870997369289398,-0.41420671343803406
colbench_backend_programming,576,1.5157092809677124,0.01463415939360857,-0.35931986570358276,-0.7993638515472412,0.5605520606040955,0.2568628787994385,-0.4083263874053955,0.748425304889679,0.49333837628364563,-0.4228838086128235
colbench_backend_programming,667,1.5155638456344604,-0.0003399392880965024,-0.6347982883453369,-0.6677752733230591,0.6343055963516235,0.11349091678857803,-0.3420166075229645,0.559982180595398,0.6775470972061157,-0.37840673327445984
colbench_backend_programming,761,1.5154165029525757,0.014543820172548294,-0.3601531982421875,-0.7993385195732117,0.5600863695144653,0.25808411836624146,-0.40683621168136597,0.748079240322113,0.4933576285839081,-0.42307305335998535
colbench_backend_programming,249,1.51537024974823,0.015045778825879097,-0.3628225326538086,-0.8034716844558716,0.5570501089096069,0.2558101415634155,-0.40679317712783813,0.7464561462402344,0.4941737949848175,-0.42013266682624817
colbench_backend_programming,328,1.5153647661209106,0.01543881744146347,-0.35812342166900635,-0.807123601436615,0.5554534196853638,0.24439391493797302,-0.4116761088371277,0.7495121955871582,0.4909694492816925,-0.419613778591156
colbench_backend_programming,519,1.5152519941329956,-0.029106739908456802,-0.5986850261688232,-0.517359733581543,0.6042473912239075,0.1623457670211792,-0.47096383571624756,0.6235060691833496,0.5841704607009888,-0.5714988112449646
colbench_backend_programming,917,1.5151686668395996,0.015176299959421158,-0.35790354013442993,-0.8021330833435059,0.5583739280700684,0.2611290216445923,-0.4082942008972168,0.7471281290054321,0.4935745596885681,-0.4192056953907013
colbench_backend_programming,68,1.5145046710968018,-0.027083907276391983,-0.6638942956924438,-0.5820363759994507,0.6140660047531128,0.043406181037425995,-0.47527050971984863,0.5733370780944824,0.49135833978652954,-0.5824182033538818
colbench_backend_programming,646,1.5141613483428955,0.014981250278651714,-0.36098235845565796,-0.799849271774292,0.5589720010757446,0.25182703137397766,-0.4082372188568115,0.7473257780075073,0.4933117926120758,-0.4221857190132141
colbench_backend_programming,468,1.5139738321304321,-0.008047422394156456,-0.5744492411613464,-0.6217407584190369,0.727882444858551,0.12117826193571091,-0.35493773221969604,0.599118173122406,0.5269754528999329,-0.5181114077568054
colbench_backend_programming,837,1.51396644115448,0.005008296575397253,-0.4247446358203888,-0.681206464767456,0.5422236919403076,0.21875596046447754,-0.20391756296157837,0.8896165490150452,0.3344004452228546,-0.6007994413375854
colbench_backend_programming,464,1.5139613151550293,-0.0004477274778764695,-0.33122947812080383,-0.647434413433075,0.6646811366081238,0.19013150036334991,-0.3073437213897705,0.8225640058517456,0.31661513447761536,-0.6433714032173157
colbench_backend_programming,844,1.5138332843780518,0.009198471903800964,-0.5472505688667297,-0.6203718781471252,0.7065489292144775,0.06624681502580643,-0.30681556463241577,0.5539424419403076,0.7671420574188232,-0.33801159262657166
colbench_backend_programming,851,1.5136967897415161,0.015149113722145557,-0.5798336863517761,-0.7284281253814697,0.598794162273407,0.0703231692314148,-0.2545709013938904,0.5162192583084106,0.7530129551887512,-0.40329405665397644
colbench_backend_programming,26,1.513626217842102,0.01651974581182003,-0.37511253356933594,-0.8231195211410522,0.5462052226066589,0.27881619334220886,-0.3699394464492798,0.743815541267395,0.48723360896110535,-0.4113844335079193
colbench_backend_programming,599,1.5135959386825562,0.00428531039506197,-0.5886387825012207,-0.6481058597564697,0.6872551441192627,0.05922138690948486,-0.5010013580322266,0.47905266284942627,0.6789098978042603,-0.32740893959999084
colbench_backend_programming,33,1.5134916305541992,0.019838178530335426,-0.4458795487880707,-0.7795613408088684,0.5575878620147705,0.2074587643146515,-0.2815098762512207,0.7795450091362,0.36691713333129883,-0.5555383563041687
colbench_backend_programming,124,1.513480305671692,0.02463083155453205,-0.5860172510147095,-0.6823359131813049,0.6775513291358948,0.15458938479423523,-0.4196176826953888,0.514277458190918,0.6707302927970886,-0.3289541006088257
colbench_backend_programming,233,1.513403296470642,-0.00474659726023674,-0.43043285608291626,-0.7391907572746277,0.6852002739906311,0.15723149478435516,-0.31219932436943054,0.7076871991157532,0.5581454634666443,-0.39329004287719727
colbench_backend_programming,478,1.5133922100067139,0.015288633294403553,-0.3574215769767761,-0.803662121295929,0.5582897067070007,0.2512361407279968,-0.4096564054489136,0.7442945241928101,0.4960094094276428,-0.41726237535476685
colbench_backend_programming,409,1.5133581161499023,0.014644239097833633,-0.3568355441093445,-0.7963937520980835,0.560643196105957,0.2604251503944397,-0.4069574773311615,0.7477605938911438,0.49342939257621765,-0.4222594201564789
colbench_backend_programming,573,1.5133470296859741,0.015226481482386589,-0.3615879416465759,-0.802638828754425,0.5550336241722107,0.24880263209342957,-0.4121090769767761,0.745769202709198,0.49372023344039917,-0.41894373297691345
colbench_backend_programming,107,1.513305902481079,-0.016309283673763275,-0.788857102394104,-0.660894513130188,0.4820033609867096,0.24592068791389465,-0.316439151763916,0.6012815237045288,0.4865635633468628,-0.48969021439552307
colbench_backend_programming,498,1.5132567882537842,0.0043248701840639114,-0.5612604022026062,-0.7751486897468567,0.6449330449104309,0.002548709511756897,-0.28749769926071167,0.7011922001838684,0.5159043073654175,-0.34300071001052856
colbench_backend_programming,608,1.5132107734680176,-0.004481456242501736,-0.586493968963623,-0.6838778853416443,0.5707823038101196,0.14342251420021057,-0.3628445863723755,0.5571929812431335,0.6839895844459534,-0.4709760248661041
colbench_backend_programming,753,1.5131088495254517,0.01462771836668253,-0.3583415150642395,-0.8001320362091064,0.5605113506317139,0.2598308324813843,-0.4029980003833771,0.7439478039741516,0.496284544467926,-0.4207489788532257
colbench_backend_programming,711,1.5128331184387207,0.015292086638510227,-0.3518716096878052,-0.8028022050857544,0.5556654930114746,0.24806490540504456,-0.4088394045829773,0.7512772083282471,0.4895441234111786,-0.4228924512863159
colbench_backend_programming,814,1.512703537940979,0.016412625089287758,-0.35590091347694397,-0.8031335473060608,0.5516611337661743,0.2458324432373047,-0.4227040410041809,0.7486360669136047,0.49028587341308594,-0.41509589552879333
colbench_backend_programming,758,1.5125685930252075,0.0026632072404026985,-0.5275444984436035,-0.7461621761322021,0.6094702482223511,0.1403452754020691,-0.4140850603580475,0.557884693145752,0.6007121801376343,-0.4670063555240631
colbench_backend_programming,497,1.5125658512115479,0.01512452308088541,-0.3588108420372009,-0.7960239052772522,0.5589117407798767,0.255586177110672,-0.4103327691555023,0.7467665672302246,0.4934979975223541,-0.4221091866493225
colbench_backend_programming,345,1.5125195980072021,-0.009584435261785984,-0.4748474657535553,-0.6917049288749695,0.5842320919036865,0.2326834797859192,-0.2577264904975891,0.7248963117599487,0.5585792660713196,-0.5332939624786377
colbench_backend_programming,514,1.51251220703125,-0.010176868177950382,-0.5738035440444946,-0.7372592687606812,0.6898764371871948,0.1337597519159317,-0.31331977248191833,0.467465341091156,0.6622295379638672,-0.407221257686615
colbench_backend_programming,936,1.5125088691711426,0.006750286091119051,-0.527850866317749,-0.7199521064758301,0.6190213561058044,0.12683428823947906,-0.23211954534053802,0.6692562699317932,0.44277846813201904,-0.627387523651123
colbench_backend_programming,348,1.5123826265335083,0.0016248577740043402,-0.576491117477417,-0.6719213128089905,0.6326450109481812,0.10868047177791595,-0.29923349618911743,0.7429890632629395,0.4249451160430908,-0.5189200639724731
colbench_backend_programming,811,1.5121995210647583,0.0149289071559906,-0.3580433130264282,-0.7971645593643188,0.5580326318740845,0.2592346966266632,-0.408125102519989,0.7459561228752136,0.49501922726631165,-0.42002055048942566
colbench_backend_programming,239,1.5121484994888306,0.015528084710240364,-0.36058521270751953,-0.8013191223144531,0.555677056312561,0.26346224546432495,-0.40429171919822693,0.7442213892936707,0.4937034249305725,-0.4185801148414612
colbench_backend_programming,813,1.5119574069976807,-0.007940397597849369,-0.4469369947910309,-0.699125349521637,0.6373599767684937,0.13553427159786224,-0.3468788266181946,0.6957735419273376,0.485684335231781,-0.5766922235488892
colbench_backend_programming,689,1.5119428634643555,0.015662522986531258,-0.35869550704956055,-0.8058696985244751,0.5510482788085938,0.24633149802684784,-0.40784066915512085,0.749203085899353,0.4897432327270508,-0.41959699988365173
colbench_backend_programming,46,1.5117461681365967,0.015287009067833424,-0.3547840118408203,-0.8022082448005676,0.5557512044906616,0.2485959827899933,-0.41305238008499146,0.7457618117332458,0.4941275715827942,-0.4175794720649719
colbench_backend_programming,196,1.511714220046997,0.016151193529367447,-0.3511059880256653,-0.7942798733711243,0.5605130195617676,0.25894880294799805,-0.42101818323135376,0.7471124529838562,0.4929535984992981,-0.41407495737075806
colbench_backend_programming,240,1.5115408897399902,0.01536354050040245,-0.35647112131118774,-0.8028504848480225,0.5569561123847961,0.2561730146408081,-0.4045918583869934,0.7450351715087891,0.4949139356613159,-0.4166276454925537
colbench_backend_programming,925,1.5114949941635132,-0.005078529939055443,-0.6213890314102173,-0.649858295917511,0.6641669869422913,0.21792657673358917,-0.3408425450325012,0.5576133131980896,0.6446053385734558,-0.38071632385253906
colbench_backend_programming,480,1.5113656520843506,0.015321912243962288,-0.35495463013648987,-0.8085310459136963,0.5548799633979797,0.24640218913555145,-0.404438853263855,0.7438467741012573,0.4944828748703003,-0.41774746775627136
colbench_backend_programming,911,1.5112422704696655,0.01643729954957962,-0.37157249450683594,-0.8079531192779541,0.5443706512451172,0.27352479100227356,-0.3855416476726532,0.748414933681488,0.4912683367729187,-0.41440504789352417
colbench_backend_programming,944,1.5111908912658691,0.009261636063456535,-0.5890064835548401,-0.6252264380455017,0.6196304559707642,0.33555760979652405,-0.4695662260055542,0.6148244142532349,0.49293264746665955,-0.45589062571525574
colbench_backend_programming,743,1.51083242893219,0.00884292647242546,-0.439797043800354,-0.6009492874145508,0.7541713714599609,0.1472415179014206,-0.28056105971336365,0.7020393013954163,0.6196165084838867,-0.4267318546772003
colbench_backend_programming,721,1.5107595920562744,0.015543266199529171,-0.3549985885620117,-0.7964780330657959,0.5583678483963013,0.2584201991558075,-0.40972259640693665,0.7456002235412598,0.4925047755241394,-0.4208141565322876
colbench_backend_programming,486,1.510571837425232,0.007210236974060535,-0.505821943283081,-0.6365202069282532,0.7395917177200317,0.07471553981304169,-0.28607240319252014,0.7639248967170715,0.4011610150337219,-0.4918193519115448
colbench_backend_programming,700,1.510473370552063,0.015300022438168526,-0.3570052981376648,-0.7973760962486267,0.5615720152854919,0.26403599977493286,-0.40345969796180725,0.7425252199172974,0.49603748321533203,-0.4159492254257202
colbench_backend_programming,270,1.5099693536758423,0.01668844372034073,-0.3679185211658478,-0.8046871423721313,0.5522218346595764,0.25924164056777954,-0.3957475423812866,0.7512557506561279,0.4870966374874115,-0.4082920551300049
colbench_backend_programming,546,1.509918451309204,0.016305502504110336,-0.3621231019496918,-0.8152717351913452,0.5437005162239075,0.24636724591255188,-0.3939875066280365,0.7504643797874451,0.4911723732948303,-0.40996605157852173
colbench_backend_programming,756,1.5095659494400024,0.015449362806975842,-0.3561091423034668,-0.8010004758834839,0.5538547039031982,0.26871052384376526,-0.3966768980026245,0.7462555170059204,0.49340105056762695,-0.41679638624191284
colbench_backend_programming,115,1.5094709396362305,0.03220038488507271,-0.32285797595977783,-0.7314302325248718,0.6771588325500488,0.16257761418819427,-0.35715770721435547,0.7195302248001099,0.48758378624916077,-0.5208418369293213
colbench_backend_programming,160,1.5091135501861572,0.017918327823281288,-0.38446277379989624,-0.798993706703186,0.5387101173400879,0.2933574318885803,-0.39036381244659424,0.754280686378479,0.48289135098457336,-0.40055838227272034
colbench_backend_programming,353,1.5087772607803345,0.01592482626438141,-0.3599421977996826,-0.8002532720565796,0.5500206351280212,0.2547224164009094,-0.40156736969947815,0.7475816011428833,0.4928686320781708,-0.41950517892837524
colbench_backend_programming,293,1.508644938468933,0.0151247913017869,-0.3594507575035095,-0.804018497467041,0.5528448820114136,0.2609550356864929,-0.3968930244445801,0.7427791357040405,0.49555009603500366,-0.4144984483718872
colbench_backend_programming,112,1.5084936618804932,0.015899566933512688,-0.34985917806625366,-0.811077892780304,0.5560888051986694,0.24623315036296844,-0.39490628242492676,0.7438434362411499,0.4946422874927521,-0.4141421914100647
colbench_backend_programming,318,1.5084691047668457,0.002934833290055394,-0.5496664047241211,-0.7117598056793213,0.6896833181381226,-0.062376976013183594,-0.3483787775039673,0.48615628480911255,0.7247682809829712,-0.32277727127075195
colbench_backend_programming,401,1.5084593296051025,-0.012685955502092838,-0.5763640999794006,-0.5302704572677612,0.6065807342529297,0.2306193858385086,-0.3652942180633545,0.7802126407623291,0.44960570335388184,-0.5446326732635498
colbench_backend_programming,530,1.5083433389663696,0.015661200508475304,-0.34938451647758484,-0.7953660488128662,0.555743932723999,0.24887320399284363,-0.41641226410865784,0.7481425404548645,0.49213773012161255,-0.41751372814178467
colbench_backend_programming,50,1.5083180665969849,0.016765721142292023,-0.34839415550231934,-0.8185226917266846,0.5527563095092773,0.23746494948863983,-0.39428919553756714,0.7420538663864136,0.49544671177864075,-0.4125060737133026
colbench_backend_programming,710,1.507838487625122,0.016896773129701614,-0.38111141324043274,-0.7957270741462708,0.5303741693496704,0.25136810541152954,-0.4112182855606079,0.7564780712127686,0.4857354760169983,-0.4163748025894165
colbench_backend_programming,262,1.5077896118164062,-0.004824356641620398,-0.5047320127487183,-0.6298007965087891,0.6182893514633179,0.11306002736091614,-0.06916598975658417,0.7573594450950623,0.4390985369682312,-0.6751126050949097
colbench_backend_programming,404,1.5075175762176514,-0.013413065113127232,-0.5565922260284424,-0.6509288549423218,0.667696475982666,0.09517008811235428,-0.3035649359226227,0.609854519367218,0.6128724217414856,-0.4945130944252014
colbench_backend_programming,754,1.5060060024261475,0.013612882234156132,-0.37594354152679443,-0.777745246887207,0.6970285773277283,0.08095843344926834,-0.27663981914520264,0.6804152131080627,0.5769227147102356,-0.3963530659675598
colbench_backend_programming,399,1.505934715270996,0.00154740153811872,-0.6457771062850952,-0.6764960885047913,0.6266348361968994,0.2410840094089508,-0.1802491843700409,0.611417829990387,0.5749797821044922,-0.45326417684555054
colbench_backend_programming,767,1.505563497543335,-0.005363607779145241,-0.46734315156936646,-0.7389926910400391,0.5402776002883911,0.12035542726516724,-0.3009601831436157,0.7318769097328186,0.6287163496017456,-0.41750603914260864
colbench_backend_programming,268,1.505525827407837,0.01868418976664543,-0.348967969417572,-0.7939220666885376,0.6941191554069519,0.1805533617734909,-0.39811113476753235,0.5912697315216064,0.6506479382514954,-0.2620706260204315
colbench_backend_programming,295,1.5052199363708496,0.013094423338770866,-0.34707045555114746,-0.6448268890380859,0.6322576403617859,0.0748416930437088,-0.2967066466808319,0.738412618637085,0.6656316518783569,-0.497717946767807
colbench_backend_programming,904,1.504907488822937,9.008705092128366e-05,-0.5303643345832825,-0.6297881007194519,0.6438724398612976,0.24813580513000488,-0.17712241411209106,0.705449640750885,0.4577423930168152,-0.610019862651825
colbench_backend_programming,142,1.5048487186431885,0.015159592032432556,-0.3562614917755127,-0.7985333204269409,0.5534639954566956,0.25544336438179016,-0.39824074506759644,0.7420112490653992,0.4965846836566925,-0.4155063033103943
colbench_backend_programming,733,1.5048061609268188,0.011866995133459568,-0.4954945743083954,-0.64896160364151,0.694648802280426,0.1166742593050003,-0.2580040693283081,0.7116318941116333,0.5930730104446411,-0.4205995798110962
colbench_backend_programming,940,1.5042706727981567,-0.009369385428726673,-0.6092737913131714,-0.6149871349334717,0.7126426100730896,0.20146827399730682,-0.27442121505737305,0.6017318964004517,0.5584395527839661,-0.4644508957862854
colbench_backend_programming,680,1.503907561302185,0.015590988099575043,-0.35062140226364136,-0.7974425554275513,0.550453245639801,0.251478910446167,-0.4028012752532959,0.7454642057418823,0.49335482716560364,-0.4186675250530243
colbench_backend_programming,863,1.5034352540969849,-0.008750781416893005,-0.43136265873908997,-0.6055253148078918,0.6859062314033508,0.07131320238113403,-0.050804972648620605,0.7884974479675293,0.49712514877319336,-0.60048907995224
colbench_backend_programming,801,1.5032724142074585,-0.013342521153390408,-0.6411154270172119,-0.6710525751113892,0.6358801126480103,0.23196792602539062,-0.2780940532684326,0.5878466963768005,0.5525659918785095,-0.46054932475090027
colbench_backend_programming,429,1.5029962062835693,-0.01819239929318428,-0.6620737910270691,-0.6499302387237549,0.6248636841773987,0.1860758662223816,-0.3110365867614746,0.6046261191368103,0.5176987648010254,-0.49278703331947327
colbench_backend_programming,63,1.5029772520065308,0.011939113959670067,-0.46452590823173523,-0.6353008151054382,0.7352430820465088,0.19579464197158813,-0.26451876759529114,0.7101021409034729,0.5303501486778259,-0.4529292583465576
colbench_backend_programming,618,1.5029518604278564,0.019951611757278442,-0.4893518090248108,-0.7207319736480713,0.6368163824081421,0.24099493026733398,-0.3486925959587097,0.6618943810462952,0.4844762682914734,-0.4918568730354309
colbench_backend_programming,206,1.50188148021698,0.016040107235312462,-0.3478732407093048,-0.7996948957443237,0.5603228807449341,0.2619992792606354,-0.3874928951263428,0.7391989231109619,0.49819275736808777,-0.4095771014690399
colbench_backend_programming,135,1.5013515949249268,-0.016126923263072968,-0.5511140823364258,-0.6440820097923279,0.6054240465164185,0.035079225897789,-0.3518730700016022,0.5771613717079163,0.6290258169174194,-0.5613520741462708
colbench_backend_programming,442,1.5010993480682373,0.02088063769042492,-0.3653604984283447,-0.8028584718704224,0.5552434921264648,0.236468106508255,-0.38887399435043335,0.7614254355430603,0.4791211783885956,-0.3879019021987915
colbench_backend_programming,722,1.5003106594085693,0.014712105505168438,-0.44459268450737,-0.7226184010505676,0.5999869108200073,0.25510457158088684,-0.4440746307373047,0.6295057535171509,0.6262716054916382,-0.3468914031982422
colbench_backend_programming,86,1.5000827312469482,0.00822745356708765,-0.43638667464256287,-0.6019651889801025,0.6131153106689453,0.07953758537769318,-0.3319278061389923,0.7870379686355591,0.5299040675163269,-0.5520987510681152
colbench_backend_programming,580,1.4998546838760376,-0.005164770875126123,-0.5734736323356628,-0.7091104984283447,0.5789202451705933,0.2040674090385437,-0.2269919514656067,0.6759138107299805,0.4449937641620636,-0.5784962177276611
colbench_backend_programming,161,1.499617338180542,0.015761330723762512,-0.4828863739967346,-0.6706041693687439,0.5473647117614746,0.05886837840080261,-0.26363706588745117,0.8165792226791382,0.5476482510566711,-0.4760929048061371
colbench_backend_programming,346,1.498542070388794,-0.019815068691968918,-0.5672657489776611,-0.6546986699104309,0.6242472529411316,0.15887583792209625,-0.2989814579486847,0.6149938702583313,0.6247098445892334,-0.4716053009033203
colbench_backend_programming,210,1.497754454612732,0.0194838959723711,-0.3761064112186432,-0.8230756521224976,0.5100761651992798,0.20709022879600525,-0.4014190137386322,0.7496694922447205,0.48513078689575195,-0.40348660945892334
colbench_backend_programming,243,1.4977182149887085,0.016452042385935783,-0.3561480641365051,-0.8013699054718018,0.5412827730178833,0.25742849707603455,-0.38758307695388794,0.7436760067939758,0.49397650361061096,-0.4093667268753052
colbench_backend_programming,349,1.497611403465271,0.02935933694243431,-0.395967572927475,-0.7577319145202637,0.6577680706977844,0.10263276100158691,-0.3567024767398834,0.6342015266418457,0.5929334163665771,-0.4332217574119568
colbench_backend_programming,991,1.4974592924118042,-0.010410144925117493,-0.5954558253288269,-0.7087641358375549,0.6551156640052795,0.15046511590480804,-0.276303768157959,0.5150772333145142,0.5602899193763733,-0.5273337364196777
colbench_backend_programming,560,1.4970059394836426,-0.00847311969846487,-0.5125179886817932,-0.7223491668701172,0.6438326239585876,0.15129218995571136,-0.2665923833847046,0.4996781051158905,0.7188393473625183,-0.4262327551841736
colbench_backend_programming,847,1.496949315071106,-0.0178794227540493,-0.466514527797699,-0.6814305186271667,0.6110191941261292,0.07650872319936752,-0.33959290385246277,0.6647487878799438,0.47167181968688965,-0.6324452757835388
colbench_backend_programming,43,1.4968165159225464,0.015650086104869843,-0.3656507730484009,-0.7878512144088745,0.5402060747146606,0.2651687264442444,-0.3947056531906128,0.7440223097801208,0.49503472447395325,-0.4116934835910797
colbench_backend_programming,807,1.4965770244598389,-0.018799344077706337,-0.57000732421875,-0.5962823629379272,0.6771404147148132,0.08847746253013611,-0.43524718284606934,0.569393515586853,0.5648400783538818,-0.5101381540298462
colbench_backend_programming,389,1.4965574741363525,0.019575055688619614,-0.5177938938140869,-0.7962331771850586,0.5242264270782471,0.17015781998634338,-0.42069730162620544,0.65499347448349,0.5929995179176331,-0.2759864032268524
colbench_backend_programming,130,1.4963923692703247,0.016950121149420738,-0.3614250421524048,-0.7929155826568604,0.5314896702766418,0.23048412799835205,-0.4131920337677002,0.7565672397613525,0.4834838807582855,-0.40910160541534424
colbench_backend_programming,995,1.4961252212524414,0.017509857192635536,-0.47870534658432007,-0.6900614500045776,0.5934126377105713,0.2679554224014282,-0.4576634168624878,0.6554994583129883,0.6077278852462769,-0.317237913608551
colbench_backend_programming,556,1.4958215951919556,0.016110548749566078,-0.36924466490745544,-0.8076906800270081,0.5298196077346802,0.26268890500068665,-0.37168434262275696,0.741753339767456,0.494309663772583,-0.4078882932662964
colbench_backend_programming,914,1.495076298713684,-0.006295328494161367,-0.5957193970680237,-0.6119460463523865,0.6049419641494751,0.19484934210777283,-0.2484211027622223,0.6211107969284058,0.5965234041213989,-0.5464802980422974
colbench_backend_programming,983,1.4948599338531494,0.022631309926509857,-0.6189653277397156,-0.8252479434013367,0.5212714076042175,0.30322253704071045,-0.32474976778030396,0.6206198334693909,0.31605851650238037,-0.46503978967666626
colbench_backend_programming,38,1.4935792684555054,-0.015251955017447472,-0.60125333070755,-0.6018636226654053,0.6414588689804077,0.14027824997901917,-0.30292946100234985,0.6013462543487549,0.5793775916099548,-0.5355595350265503
colbench_backend_programming,508,1.4933689832687378,0.0339326448738575,-0.4617248773574829,-0.8315142393112183,0.6199352145195007,0.18697014451026917,-0.27272534370422363,0.6940906643867493,0.37820929288864136,-0.45506539940834045
colbench_backend_programming,300,1.4928481578826904,0.010767283849418163,-0.5277845859527588,-0.6741490960121155,0.6241735219955444,0.21380841732025146,-0.278929203748703,0.68779456615448,0.5251597166061401,-0.48332157731056213
colbench_backend_programming,17,1.4927113056182861,-0.022158069536089897,-0.530526876449585,-0.5982524752616882,0.6687586307525635,0.2122868001461029,-0.3313346803188324,0.7232416272163391,0.4457261562347412,-0.5147676467895508
colbench_backend_programming,990,1.4923334121704102,0.009263461455702782,-0.38316792249679565,-0.6448109149932861,0.6669847369194031,-0.013437226414680481,-0.16277000308036804,0.8096394538879395,0.5067790746688843,-0.5296939015388489
colbench_backend_programming,211,1.4921406507492065,0.011781626380980015,-0.3542063236236572,-0.6929824352264404,0.7072023153305054,-0.022856131196022034,-0.1666310429573059,0.674839437007904,0.6823719143867493,-0.41392505168914795
colbench_backend_programming,884,1.4919817447662354,0.006107678171247244,-0.4555598795413971,-0.6905680894851685,0.7374943494796753,0.059555716812610626,-0.2860325276851654,0.4670058786869049,0.7552565932273865,-0.3518862724304199
colbench_backend_programming,992,1.4917206764221191,0.029347233474254608,-0.5877909660339355,-0.6900088787078857,0.6284230351448059,0.1434328705072403,-0.25859755277633667,0.7146145701408386,0.44429439306259155,-0.46172240376472473
colbench_backend_programming,643,1.4916930198669434,0.012949120253324509,-0.4857220947742462,-0.7823055386543274,0.6599233746528625,0.19981448352336884,-0.34804558753967285,0.5158213973045349,0.5127689838409424,-0.5016530156135559
colbench_backend_programming,635,1.4915646314620972,0.0039839353412389755,-0.5490793585777283,-0.6826581358909607,0.702692449092865,0.004979923367500305,-0.3861364722251892,0.5550011396408081,0.6197742223739624,-0.34957900643348694
colbench_backend_programming,591,1.4910725355148315,0.02750842273235321,-0.3629775047302246,-0.8775746822357178,0.6485773324966431,0.05145486444234848,-0.2156623750925064,0.7022907733917236,0.3841283619403839,-0.45916232466697693
colbench_backend_programming,403,1.491021752357483,0.006622231099754572,-0.4651387631893158,-0.6349127888679504,0.6373952031135559,0.19556157290935516,-0.14706331491470337,0.7882936596870422,0.3503795862197876,-0.627184271812439
colbench_backend_programming,896,1.4910142421722412,0.007664144039154053,-0.4475405812263489,-0.6289131045341492,0.6905607581138611,0.10756827890872955,-0.2503375709056854,0.5440419912338257,0.7845644950866699,-0.40578556060791016
colbench_backend_programming,439,1.490412950515747,-0.007505564019083977,-0.5346747636795044,-0.7277932167053223,0.6435348391532898,0.07532822340726852,-0.4194888472557068,0.5836693644523621,0.5747824311256409,-0.37275126576423645
colbench_backend_programming,366,1.4903401136398315,-0.006152014248073101,-0.38009002804756165,-0.6241891384124756,0.7423065900802612,0.04786929488182068,-0.07751111686229706,0.7495391368865967,0.4626573920249939,-0.5931726694107056
colbench_backend_programming,622,1.489777684211731,0.0018862641882151365,-0.5833323001861572,-0.6080828905105591,0.7228907942771912,0.2125888168811798,-0.35932719707489014,0.43702805042266846,0.7139135599136353,-0.3344380855560303
colbench_backend_programming,373,1.4891085624694824,0.017820412293076515,-0.34845656156539917,-0.7981289029121399,0.5350799560546875,0.22568973898887634,-0.40034669637680054,0.7454873919487,0.49286213517189026,-0.4035149812698364
colbench_backend_programming,5,1.4883887767791748,3.782265412155539e-05,-0.4684309959411621,-0.6713711023330688,0.7007198333740234,0.01642823964357376,-0.33066412806510925,0.4646846055984497,0.7534290552139282,-0.401161253452301
colbench_backend_programming,702,1.488265037536621,0.01118551380932331,-0.42540881037712097,-0.7091743350028992,0.6978340744972229,0.18273471295833588,-0.3149011433124542,0.6301184296607971,0.5162267684936523,-0.49796122312545776
colbench_backend_programming,474,1.4881783723831177,-0.01404216792434454,-0.6587175726890564,-0.644366443157196,0.592658519744873,0.16288043558597565,-0.28449591994285583,0.551623523235321,0.5307669639587402,-0.5664308071136475
colbench_backend_programming,792,1.4879804849624634,0.008373165503144264,-0.44689127802848816,-0.7075335383415222,0.6445336937904358,0.15817362070083618,-0.36945804953575134,0.5866116285324097,0.6075944304466248,-0.47280487418174744
colbench_backend_programming,149,1.4877958297729492,0.014046220108866692,-0.36269697546958923,-0.7132641673088074,0.65031498670578,0.25167515873908997,-0.2195449322462082,0.6428269147872925,0.6459399461746216,-0.45642831921577454
colbench_backend_programming,799,1.487497091293335,-0.0013075188035145402,-0.5351560711860657,-0.5987067818641663,0.6140512824058533,0.2955024242401123,-0.13929811120033264,0.704350471496582,0.47778576612472534,-0.5996935367584229
colbench_backend_programming,282,1.4873636960983276,0.007157859858125448,-0.5225777626037598,-0.6614133715629578,0.5788479447364807,-0.11742125451564789,-0.3860126733779907,0.5009863376617432,0.7660608291625977,-0.407431423664093
colbench_backend_programming,503,1.486689805984497,0.020276667550206184,-0.26722952723503113,-0.636963427066803,0.744246244430542,0.31325429677963257,-0.1048828661441803,0.7738904356956482,0.49624380469322205,-0.4742542505264282
colbench_backend_programming,437,1.4861112833023071,0.011694887652993202,-0.5298247337341309,-0.740447998046875,0.6163493394851685,0.1754976511001587,-0.4335748553276062,0.5648833513259888,0.6394283175468445,-0.230031818151474
colbench_backend_programming,274,1.4860153198242188,0.006422133184969425,-0.4641735255718231,-0.7424672245979309,0.5790528059005737,0.21891431510448456,-0.40514785051345825,0.5057277679443359,0.7340589761734009,-0.3155204951763153
colbench_backend_programming,782,1.4856526851654053,0.03387896344065666,-0.3840060234069824,-0.8085346221923828,0.6149588227272034,0.15198782086372375,-0.173947274684906,0.613648533821106,0.6032861471176147,-0.48365700244903564
colbench_backend_programming,829,1.4856277704238892,0.01789168454706669,-0.3582735061645508,-0.8106160759925842,0.5328940749168396,0.23027396202087402,-0.3943353295326233,0.7348920702934265,0.4770681858062744,-0.40183159708976746
colbench_backend_programming,504,1.4852745532989502,-0.014959714375436306,-0.4986719489097595,-0.7680914998054504,0.5183826684951782,0.027245022356510162,-0.36018282175064087,0.6010768413543701,0.6762825846672058,-0.386724591255188
colbench_backend_programming,100,1.4851946830749512,0.0057400306686758995,-0.3648067116737366,-0.6547262072563171,0.7438365817070007,-0.07601620256900787,-0.19213518500328064,0.7056698799133301,0.6419612169265747,-0.37145867943763733
colbench_backend_programming,881,1.4847627878189087,0.017033904790878296,-0.3580625653266907,-0.6762375235557556,0.6726995706558228,-0.03668242692947388,-0.2954293489456177,0.7394428253173828,0.5102235674858093,-0.5203477740287781
colbench_backend_programming,525,1.4843660593032837,0.003290196182206273,-0.5060402154922485,-0.6793995499610901,0.676819920539856,0.05966953933238983,-0.24486924707889557,0.5118988156318665,0.7731826901435852,-0.3228365182876587
colbench_backend_programming,459,1.4841095209121704,0.0007529024151153862,-0.5260899662971497,-0.7478468418121338,0.6746686697006226,0.045408837497234344,-0.23266315460205078,0.4410598874092102,0.7501478791236877,-0.3129025399684906
colbench_backend_programming,183,1.4837566614151,0.017761968076229095,-0.37383711338043213,-0.6871054768562317,0.6881405115127563,0.018721982836723328,-0.12137115001678467,0.7736876010894775,0.5090540051460266,-0.4932728707790375
colbench_backend_programming,657,1.4833431243896484,0.017778053879737854,-0.38298243284225464,-0.7152060866355896,0.6749202013015747,0.21798785030841827,-0.3033851087093353,0.7716071605682373,0.3149877190589905,-0.5024324059486389
colbench_backend_programming,834,1.4833314418792725,0.045581668615341187,-0.39043179154396057,-0.7034199833869934,0.7113229632377625,0.08489877730607986,-0.22659993171691895,0.8026044368743896,0.4484594762325287,-0.37843096256256104
colbench_backend_programming,284,1.4812116622924805,-0.00029763096245005727,-0.6802178621292114,-0.5661444067955017,0.6355636119842529,0.16161422431468964,-0.3271924555301666,0.6849778294563293,0.49090176820755005,-0.4043239951133728
colbench_backend_programming,579,1.4811418056488037,-0.0025029571261256933,-0.590198278427124,-0.6063281893730164,0.6154324412345886,0.3251662850379944,-0.4114872217178345,0.4975355565547943,0.6952070593833923,-0.30519920587539673
colbench_backend_programming,568,1.4808682203292847,0.01814759150147438,-0.44904598593711853,-0.7349628806114197,0.617159903049469,0.27860090136528015,-0.4100625514984131,0.6091533899307251,0.5860133171081543,-0.331696093082428
colbench_backend_programming,428,1.4803380966186523,0.014143994078040123,-0.5935353636741638,-0.602580726146698,0.5128331780433655,0.3796565532684326,-0.3723037838935852,0.7486762404441833,0.4032484292984009,-0.45512694120407104
colbench_backend_programming,815,1.4801737070083618,-0.0023228663485497236,-0.6310322880744934,-0.6651446223258972,0.6577609777450562,0.12580488622188568,-0.27264225482940674,0.6036238074302673,0.5073419809341431,-0.4535715878009796
colbench_backend_programming,180,1.4800422191619873,0.0056351120583713055,-0.4318316578865051,-0.5729767084121704,0.5695710778236389,0.16952189803123474,-0.19083133339881897,0.7954122424125671,0.43955695629119873,-0.6784451007843018
colbench_backend_programming,414,1.4798035621643066,0.039874766021966934,-0.3881628215312958,-0.7132043838500977,0.7330415844917297,0.12947730720043182,-0.21533973515033722,0.7766979336738586,0.3538777232170105,-0.4489021897315979
colbench_backend_programming,693,1.4797388315200806,-0.024437543004751205,-0.5452810525894165,-0.6229784488677979,0.6147531867027283,0.20002824068069458,-0.3286760449409485,0.525870680809021,0.6158928275108337,-0.5677754282951355
colbench_backend_programming,899,1.4796218872070312,0.02668551355600357,-0.3464200496673584,-0.6407383680343628,0.7636619806289673,0.06594544649124146,-0.3338443636894226,0.620347261428833,0.6703959703445435,-0.35424092411994934
colbench_backend_programming,734,1.4779222011566162,0.013200345449149609,-0.30741602182388306,-0.8055988550186157,0.46519216895103455,0.2404153048992157,-0.10635125637054443,0.8325417041778564,0.4496135115623474,-0.5098708868026733
colbench_backend_programming,365,1.477787971496582,-0.01177304983139038,-0.5453755855560303,-0.6072899699211121,0.622810959815979,0.08098702132701874,-0.3634031414985657,0.5432866811752319,0.580516517162323,-0.5991223454475403
colbench_backend_programming,726,1.477622389793396,0.013958051800727844,-0.49754807353019714,-0.6864291429519653,0.5164938569068909,0.17894046008586884,-0.35726219415664673,0.6951071619987488,0.5355902910232544,-0.5178573131561279
colbench_backend_programming,952,1.4766782522201538,-0.009155694395303726,-0.5507078170776367,-0.5589569211006165,0.6650317907333374,0.09460227191448212,-0.3651362657546997,0.6034337878227234,0.5850830674171448,-0.5233267545700073
colbench_backend_programming,737,1.4766523838043213,-0.004970490001142025,-0.4446433186531067,-0.6699665188789368,0.6392934322357178,0.17028091847896576,-0.28158193826675415,0.5960987210273743,0.5418089628219604,-0.6066867113113403
colbench_backend_programming,708,1.4765894412994385,-0.008158688433468342,-0.5799276232719421,-0.5898341536521912,0.6550479531288147,0.13694003224372864,-0.3157789707183838,0.6305235624313354,0.5564614534378052,-0.4912533164024353
colbench_backend_programming,165,1.4765498638153076,-0.007512659300118685,-0.6023401618003845,-0.6702896952629089,0.6444171071052551,0.04332216829061508,-0.34247681498527527,0.5599648952484131,0.5157817602157593,-0.5040491819381714
colbench_backend_programming,703,1.4763848781585693,0.01463776733726263,-0.5389605760574341,-0.7411233186721802,0.6596458554267883,0.056872181594371796,-0.15830370783805847,0.560451865196228,0.7071114182472229,-0.24986006319522858
colbench_backend_programming,986,1.4748884439468384,0.019143298268318176,-0.6702479720115662,-0.6807979345321655,0.6590033769607544,0.030410438776016235,-0.3672676384449005,0.39827728271484375,0.6171470284461975,-0.3911347985267639
colbench_backend_programming,237,1.474429726600647,0.016058137640357018,-0.5772696733474731,-0.6678279042243958,0.6455920338630676,0.1980249583721161,-0.2946842610836029,0.647078275680542,0.5791045427322388,-0.3127213716506958
colbench_backend_programming,324,1.4734307527542114,0.018664222210645676,-0.5986444354057312,-0.6973893642425537,0.5328145623207092,0.17705410718917847,-0.26997658610343933,0.6503337621688843,0.517856240272522,-0.49702632427215576
colbench_backend_programming,532,1.4729868173599243,0.012752045877277851,-0.5268404483795166,-0.652774453163147,0.6332013010978699,0.13737457990646362,-0.040836408734321594,0.749271810054779,0.4045233130455017,-0.5652292370796204
colbench_backend_programming,271,1.4729690551757812,0.021319551393389702,-0.3812326490879059,-0.7272813320159912,0.6369761824607849,0.1355697214603424,-0.4927772283554077,0.6099274158477783,0.5923267602920532,-0.3248869776725769
colbench_backend_programming,236,1.4715155363082886,0.029611144214868546,-0.5596259832382202,-0.7972817420959473,0.6155814528465271,0.12056158483028412,-0.22063690423965454,0.33949750661849976,0.7515611052513123,-0.3070172071456909
colbench_backend_programming,876,1.4713760614395142,0.01781405694782734,-0.46163955330848694,-0.7532827854156494,0.6211954355239868,0.2584330439567566,-0.4237750172615051,0.5983631014823914,0.5465026497840881,-0.3089359998703003
colbench_backend_programming,74,1.4713006019592285,0.01504228264093399,-0.33340442180633545,-0.5688713788986206,0.5867800712585449,0.08770564198493958,-0.19025468826293945,0.8895444273948669,0.4522957503795624,-0.588125467300415
colbench_backend_programming,204,1.4702401161193848,0.009578142315149307,-0.44729384779930115,-0.7296851277351379,0.5926514863967896,0.14333872497081757,-0.3740580081939697,0.6136695742607117,0.507046639919281,-0.5326405763626099
colbench_backend_programming,776,1.4695916175842285,0.0031294780783355236,-0.5009176135063171,-0.6237931251525879,0.6179070472717285,0.32817763090133667,-0.452391117811203,0.5730723142623901,0.5174756050109863,-0.4788557291030884
colbench_backend_programming,526,1.4695894718170166,-0.010722732171416283,-0.6023734211921692,-0.5821879506111145,0.6486912965774536,0.23858585953712463,-0.23977401852607727,0.5697072148323059,0.5876338481903076,-0.5027937293052673
colbench_backend_programming,582,1.469227910041809,0.010974795557558537,-0.4510481059551239,-0.6939527988433838,0.6614753603935242,0.01729707419872284,-0.28478512167930603,0.6424112319946289,0.5785317420959473,-0.4552726447582245
colbench_backend_programming,422,1.4690525531768799,0.0008611544035375118,-0.39842256903648376,-0.6243804097175598,0.640633225440979,0.07006964087486267,-0.09184479713439941,0.7834464907646179,0.34526896476745605,-0.6728808283805847
colbench_backend_programming,553,1.4688396453857422,0.03200468048453331,-0.4372459053993225,-0.809864342212677,0.525265097618103,0.029933422803878784,-0.3368203043937683,0.6208502650260925,0.5907520055770874,-0.4309699535369873
colbench_backend_programming,448,1.4685072898864746,0.0045783501118421555,-0.43565306067466736,-0.6535500884056091,0.6350923180580139,0.0070243775844573975,-0.28158605098724365,0.6898398399353027,0.6200196146965027,-0.4434037208557129
colbench_backend_programming,473,1.4678465127944946,-0.007385146338492632,-0.5047646760940552,-0.6301378011703491,0.6606194972991943,0.13270017504692078,-0.3151474595069885,0.5289111137390137,0.7199797034263611,-0.38890764117240906
colbench_backend_programming,37,1.467684268951416,0.01174881774932146,-0.3869814872741699,-0.6994712948799133,0.6662501096725464,0.155486598610878,-0.30133718252182007,0.6462101340293884,0.5554540157318115,-0.47968336939811707
colbench_backend_programming,905,1.4673320055007935,0.0036127620842307806,-0.4899164140224457,-0.649282693862915,0.640095055103302,0.07105687260627747,-0.2297629714012146,0.5309436321258545,0.7908025979995728,-0.3415338695049286
colbench_backend_programming,856,1.467197060585022,-0.007219984196126461,-0.4143052101135254,-0.5496875047683716,0.635202944278717,0.09372071921825409,-0.09847812354564667,0.7418853044509888,0.4755277931690216,-0.6930925250053406
colbench_backend_programming,550,1.4669229984283447,0.036288149654865265,-0.3693942427635193,-0.7771358489990234,0.6993230581283569,0.016981661319732666,-0.34682410955429077,0.6484283804893494,0.5488473773002625,-0.2831074595451355
colbench_backend_programming,13,1.465964913368225,-0.0035678904969245195,-0.4943011701107025,-0.5395298600196838,0.6299377083778381,0.12693189084529877,-0.3332756757736206,0.7599796652793884,0.44660916924476624,-0.5590996742248535
colbench_backend_programming,36,1.4654896259307861,0.0032726190984249115,-0.5509653091430664,-0.6963225603103638,0.5344157814979553,0.10300294309854507,-0.2601463198661804,0.6708702445030212,0.5984004139900208,-0.4326615035533905
colbench_backend_programming,489,1.4641655683517456,-0.007351817097514868,-0.5429046750068665,-0.6635736227035522,0.48004746437072754,0.19696438312530518,-0.3057977557182312,0.7768529653549194,0.4133155345916748,-0.5211737751960754
colbench_backend_programming,561,1.4629764556884766,0.01558540016412735,-0.5042182207107544,-0.6923178434371948,0.6943374872207642,0.16517263650894165,-0.24246153235435486,0.6618961095809937,0.47552648186683655,-0.4175572991371155
colbench_backend_programming,413,1.4625725746154785,0.005347056780010462,-0.35133713483810425,-0.6968227624893188,0.7244881391525269,0.05491718649864197,-0.11108995974063873,0.6168508529663086,0.6476069688796997,-0.43586617708206177
colbench_backend_programming,645,1.4623509645462036,0.0111550847068429,-0.4505346715450287,-0.7847955822944641,0.5862470269203186,0.12481075525283813,-0.2239638864994049,0.5706189870834351,0.6798441410064697,-0.34981054067611694
colbench_backend_programming,292,1.4610997438430786,-0.018237534910440445,-0.5272866487503052,-0.5809756517410278,0.6143009662628174,0.08197754621505737,-0.3002299666404724,0.6315099000930786,0.6318202018737793,-0.4970141649246216
colbench_backend_programming,73,1.4604971408843994,0.02020125277340412,-0.5423238277435303,-0.7349767684936523,0.4683319628238678,0.2127757966518402,-0.4098653197288513,0.6628062725067139,0.5847411751747131,-0.2913990020751953
colbench_backend_programming,228,1.4604945182800293,0.024747470393776894,-0.3508235514163971,-0.709610641002655,0.6879817247390747,0.20188862085342407,-0.2336365133523941,0.7255905866622925,0.4163254499435425,-0.48779842257499695
colbench_backend_programming,768,1.4595568180084229,0.04577299952507019,-0.43671050667762756,-0.7592607736587524,0.6391394734382629,0.20790335536003113,-0.1827259510755539,0.6318446397781372,0.5815500617027283,-0.37493082880973816
colbench_backend_programming,537,1.459482192993164,0.02569487877190113,-0.43287065625190735,-0.8218979835510254,0.6159745454788208,0.11769735813140869,-0.46331751346588135,0.5529729127883911,0.5127719640731812,-0.3008992671966553
colbench_backend_programming,534,1.4594509601593018,0.012871873565018177,-0.3987654745578766,-0.7039698958396912,0.6895381808280945,0.10654455423355103,-0.3706006407737732,0.6559754610061646,0.5190147757530212,-0.38932013511657715
colbench_backend_programming,889,1.458361029624939,0.013094612397253513,-0.5411971807479858,-0.730343222618103,0.632784366607666,0.05578604340553284,-0.21136945486068726,0.4880082309246063,0.7158086895942688,-0.3190329074859619
colbench_backend_programming,915,1.4573179483413696,0.00888028834015131,-0.4985876679420471,-0.629166841506958,0.5061461329460144,0.4210408926010132,-0.3158279061317444,0.6660673022270203,0.49520236253738403,-0.5072053074836731
colbench_backend_programming,751,1.457207202911377,0.028834426775574684,-0.3204871416091919,-0.7392644882202148,0.6406859755516052,0.2286982238292694,-0.20860008895397186,0.7152887582778931,0.5472841858863831,-0.3959486782550812
colbench_backend_programming,350,1.4569849967956543,-0.007565794512629509,-0.5666134357452393,-0.6223819851875305,0.7051577568054199,0.07067091763019562,-0.3162105679512024,0.6204531192779541,0.515750527381897,-0.40150168538093567
colbench_backend_programming,453,1.4562989473342896,0.02970556914806366,-0.3184395432472229,-0.6491100788116455,0.7262746691703796,0.19327190518379211,-0.27452293038368225,0.6198873519897461,0.6330535411834717,-0.41575270891189575
colbench_backend_programming,287,1.4546562433242798,0.02333320677280426,-0.3926204442977905,-0.7109814882278442,0.6448691487312317,0.08536766469478607,-0.2018340528011322,0.7206863760948181,0.5817909836769104,-0.3669179081916809
colbench_backend_programming,614,1.4543038606643677,0.008083811029791832,-0.47645074129104614,-0.658724844455719,0.7107434868812561,0.14124630391597748,-0.2451193481683731,0.6938029527664185,0.48342427611351013,-0.3922041952610016
colbench_backend_programming,757,1.4538376331329346,-0.019107947126030922,-0.5687960386276245,-0.5205522179603577,0.5813893675804138,0.16791830956935883,-0.3623925447463989,0.6075604557991028,0.6144780516624451,-0.5242985486984253
colbench_backend_programming,740,1.453167200088501,0.023424586281180382,-0.5253854990005493,-0.6999005079269409,0.48889559507369995,0.36450088024139404,-0.407438188791275,0.6009008288383484,0.5893608927726746,-0.315420925617218
colbench_backend_programming,175,1.45242440700531,0.012370078824460506,-0.39862075448036194,-0.645058810710907,0.6605919003486633,0.20105352997779846,-0.13301029801368713,0.7346997857093811,0.5390554070472717,-0.4579049348831177
colbench_backend_programming,900,1.450803279876709,0.00022258618264459074,-0.3963127136230469,-0.5873599648475647,0.716328501701355,0.1101791113615036,-0.2409493625164032,0.6961645483970642,0.6285839676856995,-0.37375032901763916
colbench_backend_programming,40,1.4505313634872437,0.024723218753933907,-0.45291244983673096,-0.6959033608436584,0.6681792140007019,0.1306098848581314,-0.2744065225124359,0.6082521677017212,0.49047529697418213,-0.5150456428527832
colbench_backend_programming,67,1.4504196643829346,-0.004587931092828512,-0.4435935318470001,-0.6141949892044067,0.6936347484588623,0.1150297075510025,-0.025678277015686035,0.7277615070343018,0.4482891261577606,-0.5514400601387024
colbench_backend_programming,625,1.4502460956573486,-0.010046999901533127,-0.5551433563232422,-0.6408941745758057,0.6778692603111267,0.10131008177995682,-0.2964509129524231,0.5559478998184204,0.5611646771430969,-0.45016321539878845
colbench_backend_programming,548,1.4502407312393188,0.014849185943603516,-0.5714356303215027,-0.5630185604095459,0.5424396395683289,0.385636568069458,-0.310753732919693,0.713013231754303,0.3094073534011841,-0.5621607303619385
colbench_backend_programming,280,1.4499940872192383,0.023535463958978653,-0.35694003105163574,-0.6876580119132996,0.6989138126373291,0.19053220748901367,-0.1393536627292633,0.7740064859390259,0.43375617265701294,-0.41324344277381897
colbench_backend_programming,541,1.4499801397323608,-0.010324590839445591,-0.5284857749938965,-0.5490281581878662,0.6637977957725525,0.14878511428833008,-0.30934619903564453,0.5829211473464966,0.616620659828186,-0.4931892156600952
colbench_backend_programming,959,1.4499338865280151,0.0029490224551409483,-0.42058736085891724,-0.5538232326507568,0.641169011592865,0.08524425327777863,-0.3386287987232208,0.6911970973014832,0.5713874697685242,-0.5304937362670898
colbench_backend_programming,179,1.4489513635635376,0.017210286110639572,-0.5036115050315857,-0.7776895761489868,0.6182669401168823,0.23298178613185883,-0.4107963442802429,0.44094085693359375,0.6231444478034973,-0.2302359640598297
colbench_backend_programming,447,1.4489408731460571,0.008761098608374596,-0.3537766933441162,-0.6070836782455444,0.6712491512298584,0.13198542594909668,-0.21622300148010254,0.664601743221283,0.6086934208869934,-0.5279866456985474
colbench_backend_programming,289,1.448644757270813,-0.012104212306439877,-0.5390219688415527,-0.6799309253692627,0.5665502548217773,0.09406687319278717,-0.22685527801513672,0.5751585960388184,0.6348696947097778,-0.4801695942878723
colbench_backend_programming,35,1.4483561515808105,0.007793446537107229,-0.397111713886261,-0.5137266516685486,0.565496027469635,0.15423530340194702,-0.21198204159736633,0.8540149331092834,0.5448295474052429,-0.511303722858429
colbench_backend_programming,19,1.4483152627944946,0.018708670511841774,-0.46518078446388245,-0.7551157474517822,0.5958001613616943,0.14457622170448303,-0.4851478040218353,0.5968537330627441,0.4994676113128662,-0.30671364068984985
colbench_backend_programming,252,1.4475553035736084,0.014046907424926758,-0.6566948890686035,-0.6163899898529053,0.4745490550994873,0.37792372703552246,-0.38545501232147217,0.6063249111175537,0.4651520848274231,-0.4285282790660858
colbench_backend_programming,578,1.4440298080444336,0.02083553932607174,-0.37943655252456665,-0.7759220004081726,0.5223085880279541,0.14343994855880737,-0.12266840040683746,0.7923505902290344,0.4620343744754791,-0.43528273701667786
colbench_backend_programming,317,1.4419219493865967,0.04509494826197624,-0.41636982560157776,-0.754949152469635,0.606513500213623,0.010271504521369934,-0.3573054075241089,0.6557902097702026,0.542347252368927,-0.34057942032814026
colbench_backend_programming,85,1.4415273666381836,0.015793757513165474,-0.5610198378562927,-0.682630181312561,0.5212462544441223,0.20471659302711487,-0.24353519082069397,0.6397588849067688,0.5159880518913269,-0.4988216459751129
colbench_backend_programming,852,1.439642071723938,0.008518525399267673,-0.5179509520530701,-0.6392547488212585,0.5942746996879578,0.26671552658081055,-0.4179615080356598,0.5926448106765747,0.5320414304733276,-0.40294158458709717
colbench_backend_programming,301,1.4381275177001953,0.02209741435945034,-0.4992024302482605,-0.7463650107383728,0.5803991556167603,0.16217347979545593,-0.21545636653900146,0.6135791540145874,0.5732909440994263,-0.38369306921958923
colbench_backend_programming,140,1.4376403093338013,0.012045292183756828,-0.44598472118377686,-0.6095227599143982,0.7593160271644592,0.3576135039329529,-0.2938048839569092,0.5362431406974792,0.38971400260925293,-0.5159323215484619
colbench_backend_programming,487,1.437516450881958,0.004247609060257673,-0.7374740839004517,-0.6333023309707642,0.5505929589271545,0.1508810967206955,-0.3292446732521057,0.43555527925491333,0.597936749458313,-0.374108225107193
colbench_backend_programming,358,1.4349924325942993,0.006269759498536587,-0.5369707942008972,-0.684738039970398,0.5044376850128174,0.32629844546318054,-0.38809704780578613,0.6002301573753357,0.3609500229358673,-0.5476229190826416
colbench_backend_programming,81,1.4348998069763184,0.0703556165099144,-0.31915804743766785,-0.7245659828186035,0.6373268365859985,-0.008932605385780334,-0.23513828217983246,0.754024088382721,0.47203606367111206,-0.42326605319976807
colbench_backend_programming,652,1.434502363204956,0.00990274641662836,-0.481639564037323,-0.7477166652679443,0.5763490200042725,0.12370222061872482,-0.30397894978523254,0.6153923869132996,0.29901695251464844,-0.5989468693733215
colbench_backend_programming,500,1.4338181018829346,-0.006974724121391773,-0.4060089886188507,-0.5790155529975891,0.597841203212738,0.25202512741088867,-0.3622097074985504,0.6834546327590942,0.4224597215652466,-0.5983502268791199
colbench_backend_programming,364,1.4337129592895508,0.013574909418821335,-0.5614847540855408,-0.6125999093055725,0.7149645686149597,0.14563879370689392,-0.3427819609642029,0.3331317603588104,0.6567778587341309,-0.415657103061676
colbench_backend_programming,269,1.4332431554794312,0.029855841770768166,-0.3510666489601135,-0.7285860776901245,0.5101985335350037,0.10787069797515869,-0.2801503837108612,0.7346546649932861,0.5444468855857849,-0.4621014893054962
colbench_backend_programming,810,1.4329195022583008,0.03371216356754303,-0.423189252614975,-0.7649295330047607,0.5585193037986755,0.020812854170799255,-0.10709400475025177,0.8191201090812683,0.3116972744464874,-0.44395163655281067
colbench_backend_programming,138,1.4322344064712524,0.004942771513015032,-0.37578320503234863,-0.7092147469520569,0.5713575482368469,-0.06128273904323578,-0.2594432830810547,0.7550311088562012,0.5980696082115173,-0.2860448956489563
colbench_backend_programming,302,1.432154893875122,0.009813455864787102,-0.5547887682914734,-0.6942887902259827,0.6194828748703003,0.1320391595363617,-0.31173181533813477,0.3956287205219269,0.723164439201355,-0.2887578010559082
colbench_backend_programming,82,1.4317296743392944,-0.011456549167633057,-0.5398802757263184,-0.5789449214935303,0.6696231961250305,0.1918289065361023,-0.2656773328781128,0.552159309387207,0.5622349977493286,-0.49642327427864075
colbench_backend_programming,558,1.4299910068511963,0.017596861347556114,-0.4182734489440918,-0.6226253509521484,0.6011260747909546,0.03128316253423691,-0.2547270357608795,0.6969254016876221,0.5779114961624146,-0.4851345419883728
colbench_backend_programming,507,1.4294618368148804,0.023658929392695427,-0.5725972056388855,-0.6617178916931152,0.6633221507072449,0.13679392635822296,-0.3006940484046936,0.36791664361953735,0.6297571659088135,-0.4433288276195526
colbench_backend_programming,538,1.4284875392913818,0.0034580405335873365,-0.5874622464179993,-0.7197257280349731,0.5456843376159668,0.08090828359127045,-0.39232754707336426,0.3964177072048187,0.6533958315849304,-0.36762484908103943
colbench_backend_programming,181,1.4282358884811401,0.009222119115293026,-0.36451560258865356,-0.6279003024101257,0.6459855437278748,-0.02205231785774231,-0.11609430611133575,0.7070517539978027,0.6637068390846252,-0.3755490779876709
colbench_backend_programming,227,1.428040862083435,0.011172660626471043,-0.5177327990531921,-0.6920502185821533,0.6109329462051392,0.08303464949131012,-0.3621772527694702,0.589472234249115,0.3944246768951416,-0.5272241830825806
colbench_backend_programming,433,1.4252182245254517,0.011108657345175743,-0.4847880005836487,-0.6984763145446777,0.5163438320159912,0.05842158943414688,-0.2561110258102417,0.6431140303611755,0.6843892335891724,-0.301259309053421
colbench_backend_programming,788,1.4194575548171997,0.0018028146587312222,-0.5230903029441833,-0.583284854888916,0.6754857301712036,0.1438247263431549,-0.3751427233219147,0.4632708728313446,0.5986449122428894,-0.45860761404037476
colbench_backend_programming,627,1.4190003871917725,-0.005244411062449217,-0.6110042333602905,-0.6925902962684631,0.5300576090812683,0.19239531457424164,-0.4173922538757324,0.41394954919815063,0.6330705285072327,-0.3102080821990967
colbench_backend_programming,845,1.4188697338104248,0.011078725568950176,-0.5473291277885437,-0.6209076046943665,0.6707379817962646,0.026351802051067352,-0.37734395265579224,0.3613954484462738,0.6706598401069641,-0.3933604955673218
colbench_backend_programming,755,1.417254090309143,0.02749694511294365,-0.47739464044570923,-0.6949846744537354,0.5429767966270447,0.05298163741827011,-0.22747300565242767,0.6364702582359314,0.6585708260536194,-0.3309304118156433
colbench_backend_programming,677,1.416805386543274,0.019253183156251907,-0.5595892071723938,-0.6422998309135437,0.6527676582336426,0.2025333046913147,-0.26949721574783325,0.4766833186149597,0.5995712876319885,-0.3939310610294342
colbench_backend_programming,386,1.4166011810302734,0.011882646940648556,-0.5450238585472107,-0.7249259352684021,0.449518084526062,0.3299805521965027,-0.26870211958885193,0.640674889087677,0.4301283657550812,-0.4533884525299072
colbench_backend_programming,294,1.4162181615829468,0.03109086863696575,-0.34680527448654175,-0.6926581263542175,0.6902427673339844,0.17235180735588074,-0.1639377474784851,0.6532853245735168,0.5440741181373596,-0.38705363869667053
colbench_backend_programming,189,1.414061188697815,-0.0007988085271790624,-0.39752286672592163,-0.6699175834655762,0.5781834125518799,0.10793830454349518,-0.23522436618804932,0.6804412603378296,0.5161868929862976,-0.5118873715400696
colbench_backend_programming,874,1.4133936166763306,-0.015646206215023994,-0.6181501150131226,-0.6483973860740662,0.6097963452339172,0.2213180661201477,-0.336492657661438,0.4981326162815094,0.4332401156425476,-0.47461453080177307
colbench_backend_programming,695,1.4105050563812256,0.01030297763645649,-0.49298495054244995,-0.5692145824432373,0.5721893906593323,0.042051613330841064,-0.09681934118270874,0.7772680521011353,0.4435928463935852,-0.5319980978965759
colbench_backend_programming,993,1.4084820747375488,0.024480165913701057,-0.300290584564209,-0.6399616003036499,0.7368282675743103,0.16042539477348328,-0.161128431558609,0.6413370370864868,0.5604546666145325,-0.4050423800945282
colbench_backend_programming,22,1.4082988500595093,0.0032828468829393387,-0.49718421697616577,-0.5565395951271057,0.5810277462005615,0.23013679683208466,-0.14647793769836426,0.7086765766143799,0.4671327769756317,-0.5421527624130249
colbench_backend_programming,84,1.4081264734268188,0.022697333246469498,-0.5439702868461609,-0.6969044804573059,0.5553929209709167,0.21435058116912842,-0.25452274084091187,0.6050906181335449,0.5252551436424255,-0.37419775128364563
colbench_backend_programming,215,1.4075977802276611,0.015481066890060902,-0.4644530713558197,-0.6345838308334351,0.6007391810417175,0.216791570186615,-0.28069472312927246,0.6936472058296204,0.5094071626663208,-0.3682393729686737
colbench_backend_programming,286,1.4071124792099,0.015595671720802784,-0.40225136280059814,-0.6801405549049377,0.488195538520813,0.13856296241283417,-0.27025896310806274,0.8011458516120911,0.3906055688858032,-0.4801941514015198
colbench_backend_programming,44,1.4062360525131226,-0.0007011606940068305,-0.4632262587547302,-0.6536830067634583,0.5732427835464478,0.302140474319458,-0.36520105600357056,0.6230973601341248,0.4041582942008972,-0.4803723096847534
colbench_backend_programming,137,1.4060184955596924,0.020305773243308067,-0.45104026794433594,-0.7630564570426941,0.6050480604171753,0.035161808133125305,-0.16737231612205505,0.6093732118606567,0.6131918430328369,-0.22027847170829773
colbench_backend_programming,923,1.4035135507583618,0.004426708910614252,-0.41957157850265503,-0.6296420693397522,0.6398264169692993,0.2042992115020752,-0.285989910364151,0.5880632400512695,0.5180650353431702,-0.5002447366714478
colbench_backend_programming,918,1.4029399156570435,0.026733214035630226,-0.4535367786884308,-0.6517826318740845,0.6093276739120483,0.3039112091064453,-0.2629195749759674,0.5479613542556763,0.5698054432868958,-0.42428192496299744
colbench_backend_programming,802,1.4028043746948242,0.011067581363022327,-0.45459651947021484,-0.5934931039810181,0.6732176542282104,0.11247819662094116,-0.3081606328487396,0.6768525838851929,0.5040895342826843,-0.3686409294605255
colbench_backend_programming,326,1.4004846811294556,0.017862927168607712,-0.5517523884773254,-0.6932788491249084,0.6404874920845032,0.1586860716342926,-0.19892315566539764,0.3802010715007782,0.6477580666542053,-0.37036725878715515
colbench_backend_programming,607,1.3997851610183716,-0.006894666235893965,-0.4353780746459961,-0.5368285179138184,0.6612018942832947,0.14795248210430145,-0.0169031023979187,0.7514919638633728,0.42814040184020996,-0.5236902236938477
colbench_backend_programming,431,1.3968425989151,0.0050233653746545315,-0.4935169219970703,-0.5825754404067993,0.5635405778884888,0.16582611203193665,-0.2856972813606262,0.6901265978813171,0.5153670907020569,-0.44680964946746826
colbench_backend_programming,363,1.3965091705322266,0.017234817147254944,-0.48524439334869385,-0.712357759475708,0.5972046852111816,0.10780219733715057,-0.2414827048778534,0.32653459906578064,0.760720431804657,-0.30889028310775757
colbench_backend_programming,368,1.3945894241333008,0.016882825642824173,-0.42452704906463623,-0.5724565386772156,0.6276142001152039,0.12043866515159607,-0.2306400090456009,0.6671947836875916,0.5160291194915771,-0.5137267112731934
colbench_backend_programming,920,1.3937686681747437,0.025871938094496727,-0.5609291195869446,-0.6557286977767944,0.7137181758880615,0.11960496753454208,-0.2757544219493866,0.3851388096809387,0.578530490398407,-0.3394118547439575
colbench_backend_programming,187,1.391600489616394,0.006053163670003414,-0.48124194145202637,-0.6499096155166626,0.5267557501792908,0.2908083498477936,-0.33284586668014526,0.6604023575782776,0.43582606315612793,-0.42857030034065247
colbench_backend_programming,272,1.3907638788223267,0.025702418759465218,-0.5330379009246826,-0.5903145670890808,0.6364185214042664,0.26310276985168457,-0.21598660945892334,0.3830603361129761,0.6890883445739746,-0.398928165435791
colbench_backend_programming,47,1.3899509906768799,0.03267604857683182,-0.39463961124420166,-0.6227403283119202,0.542007565498352,-0.004384830594062805,-0.26806962490081787,0.6460046172142029,0.6995352506637573,-0.34072524309158325
colbench_backend_programming,866,1.3893874883651733,-0.010297859087586403,-0.6406157612800598,-0.5344434976577759,0.5343508720397949,0.17789752781391144,-0.4297456741333008,0.5326095819473267,0.5567035675048828,-0.3727298378944397
colbench_backend_programming,24,1.3857704401016235,0.0047755069099366665,-0.4558594524860382,-0.6429834365844727,0.5153011083602905,0.05355915427207947,-0.13997820019721985,0.6774652600288391,0.668098509311676,-0.3252870440483093
colbench_backend_programming,458,1.3824796676635742,0.03455844521522522,-0.3831028342247009,-0.6853516101837158,0.661007821559906,0.15992902219295502,-0.17999756336212158,0.4793494939804077,0.7102740406990051,-0.25612959265708923
colbench_backend_programming,515,1.3808422088623047,0.01583479903638363,-0.4737071096897125,-0.5738089680671692,0.6262936592102051,0.24483509361743927,-0.2972697615623474,0.6085262894630432,0.4533540606498718,-0.4864961802959442
colbench_backend_programming,819,1.379028558731079,0.0017180944560095668,-0.6919188499450684,-0.6113651990890503,0.5359498262405396,0.19468384981155396,-0.2905265986919403,0.4886455833911896,0.5575878620147705,-0.2999536991119385
colbench_backend_programming,314,1.3765861988067627,0.008941370993852615,-0.40916919708251953,-0.6133385300636292,0.6693863272666931,0.15912280976772308,-0.14399991929531097,0.6580564975738525,0.5128013491630554,-0.4015573561191559
colbench_backend_programming,66,1.3729331493377686,0.04307635873556137,-0.2893436551094055,-0.7445405721664429,0.5676231980323792,0.0611286535859108,-0.20695807039737701,0.6696553826332092,0.49876901507377625,-0.4253370761871338
colbench_backend_programming,985,1.3713163137435913,0.02261166460812092,-0.3755606710910797,-0.6358084082603455,0.5481395125389099,0.15236976742744446,-0.30170175433158875,0.6350203156471252,0.6179437637329102,-0.3679775893688202
colbench_backend_programming,244,1.3709948062896729,0.013518116436898708,-0.5097790956497192,-0.535149335861206,0.6910685300827026,0.1254172921180725,-0.3589441180229187,0.3449458181858063,0.6384921669960022,-0.4296058714389801
colbench_backend_programming,604,1.3677153587341309,0.03339310362935066,-0.4073779881000519,-0.6019365191459656,0.6875749826431274,-0.026482507586479187,-0.25952357053756714,0.6223492622375488,0.5913234949111938,-0.25409799814224243
colbench_backend_programming,432,1.366204857826233,0.012224387377500534,-0.3152421712875366,-0.680106520652771,0.6045102477073669,0.18835681676864624,-0.4189208745956421,0.5253372192382812,0.6124001145362854,-0.27780306339263916
colbench_backend_programming,499,1.3633466958999634,0.04889972507953644,-0.3408309817314148,-0.7440035343170166,0.6112815737724304,0.10642994940280914,-0.23049864172935486,0.5503540635108948,0.542332649230957,-0.39226359128952026
colbench_backend_programming,601,1.362796425819397,0.001895806402899325,-0.4863261878490448,-0.6907785534858704,0.4627588093280792,0.25096940994262695,-0.3361120820045471,0.5760206580162048,0.40661150217056274,-0.506251335144043
colbench_backend_programming,265,1.3627543449401855,0.031182264909148216,-0.3514330983161926,-0.7575899362564087,0.6782376766204834,0.02714543789625168,-0.2262321412563324,0.4241236746311188,0.6325887441635132,-0.26014983654022217
colbench_backend_programming,699,1.3610553741455078,0.035971518605947495,-0.239947110414505,-0.7212046384811401,0.5440927147865295,0.048098206520080566,-0.27427276968955994,0.6743438839912415,0.5198444128036499,-0.4197704792022705
colbench_backend_programming,381,1.3606770038604736,0.035054903477430344,-0.36457160115242004,-0.6586277484893799,0.5753239989280701,0.07332804054021835,-0.2530025541782379,0.6768715977668762,0.6170659065246582,-0.21313929557800293
colbench_backend_programming,816,1.3511501550674438,0.048400986939668655,-0.1989784836769104,-0.6869572401046753,0.6564016938209534,0.10044766962528229,-0.16796374320983887,0.6280027627944946,0.5154762268066406,-0.42992570996284485
colbench_backend_programming,361,1.3173274993896484,0.0065038991160690784,-0.4402749240398407,-0.5992650389671326,0.45443296432495117,0.2355365753173828,-0.29824745655059814,0.6012682318687439,0.3456605076789856,-0.5919865369796753
corebench_hard,capsule-2816027,2.5349833965301514,0.03873983398079872,-0.8333781957626343,-1.2683335542678833,1.1512380838394165,0.09312975406646729,-0.6138662099838257,1.0675365924835205,0.7914310693740845,-0.8038036227226257
corebench_hard,capsule-3262218,2.514334201812744,-0.07219536602497101,-0.840535044670105,-1.1611084938049316,1.319502353668213,0.12264704704284668,-0.5593801140785217,1.0400214195251465,0.58915776014328,-0.877164900302887
corebench_hard,capsule-3593259,2.5089011192321777,0.04960452765226364,-0.7420607209205627,-1.1593302488327026,1.108669400215149,0.08873475342988968,-0.5245006084442139,1.2895495891571045,0.5480266809463501,-0.9615042805671692
corebench_hard,capsule-2804717,2.506369113922119,0.05433973670005798,-0.8091643452644348,-1.2360035181045532,1.262489676475525,-0.013768292963504791,-0.4997818171977997,1.073791742324829,0.680483341217041,-0.7996854186058044
corebench_hard,capsule-4671827,2.50416898727417,0.03278636187314987,-0.8285118341445923,-1.2780535221099854,1.2603180408477783,0.19130362570285797,-0.48000895977020264,1.0083582401275635,0.6635732054710388,-0.7990536093711853
corebench_hard,capsule-9052293,2.49668025970459,0.07162068039178848,-0.6664894819259644,-1.1248074769973755,1.3697682619094849,0.17076075077056885,-0.7616353034973145,1.0173364877700806,0.48727816343307495,-0.8752636313438416
corebench_hard,capsule-9137200,2.4950177669525146,0.046492382884025574,-0.7749057412147522,-1.2437524795532227,1.2542572021484375,0.11702059209346771,-0.5041500329971313,1.0935646295547485,0.7347448468208313,-0.7077845931053162
corebench_hard,capsule-7716865,2.472388505935669,-0.03212788701057434,-0.7245066165924072,-1.1534053087234497,1.2583796977996826,-0.11003242433071136,-0.39540335536003113,0.891097903251648,1.0143113136291504,-0.8261951208114624
corebench_hard,capsule-3849634,2.4486777782440186,0.004654764197766781,-0.5934536457061768,-1.2958149909973145,1.188995122909546,0.3087276816368103,-0.5299450755119324,1.0042864084243774,0.6825494766235352,-0.8368812799453735
corebench_hard,capsule-9911222,2.447167158126831,-0.023814532905817032,-0.9939281940460205,-0.9461973905563354,1.3753043413162231,0.004134625196456909,-0.4996621906757355,0.8488624691963196,0.5274267196655273,-0.9826273322105408
corebench_hard,capsule-2708693,2.4413001537323,-0.05543477088212967,-0.8761396408081055,-1.0061115026474,1.1898804903030396,-0.09302382171154022,-0.6877473592758179,1.0175241231918335,0.6645913124084473,-0.8975314497947693
corebench_hard,capsule-4252248,2.4344522953033447,-0.03261217474937439,-0.7619897723197937,-1.1576566696166992,1.2115445137023926,-0.1087496280670166,-0.35758525133132935,0.8785481452941895,1.01543128490448,-0.7715432643890381
corebench_hard,capsule-3449234,2.4214398860931396,-0.035779427736997604,-0.7487748861312866,-1.1256407499313354,1.214630365371704,-0.1843634396791458,-0.4245842695236206,0.8708242774009705,0.9856473207473755,-0.78499436378479
corebench_hard,capsule-0851068,2.4208145141601562,0.056957364082336426,-0.8650906085968018,-1.2574797868728638,1.01280677318573,0.04482214152812958,-0.6284641027450562,1.1586077213287354,0.5503160953521729,-0.680243968963623
corebench_hard,capsule-5136217,2.415945529937744,0.0007344871410168707,-0.9418118000030518,-1.0411297082901,1.1934105157852173,-0.0566084086894989,-0.48508358001708984,0.9938347339630127,0.7373062372207642,-0.819612979888916
corebench_hard,capsule-9832712,2.4151315689086914,0.0072225057519972324,-0.8977125287055969,-1.144835352897644,1.1938798427581787,0.08399126678705215,-0.509900689125061,0.8892078399658203,0.8384202718734741,-0.7282050848007202
corebench_hard,capsule-3301293,2.401604652404785,-0.040800586342811584,-0.5405699610710144,-1.2056665420532227,1.181525707244873,-0.0374959334731102,-0.6900280714035034,1.0380218029022217,0.5953503251075745,-0.846391499042511
corebench_hard,capsule-9641396,2.3967254161834717,-0.01985248178243637,-0.6193237900733948,-1.1658234596252441,1.164381980895996,0.20874394476413727,-0.49067968130111694,1.1754951477050781,0.5575339198112488,-0.8178186416625977
corebench_hard,capsule-2345790,2.3788084983825684,-0.034078143537044525,-0.9814498424530029,-0.9685776233673096,1.2010960578918457,0.09053515642881393,-0.5124402642250061,0.8980823159217834,0.6951754093170166,-0.8683890700340271
corebench_hard,capsule-1394704,2.37233567237854,-0.009890027344226837,-0.9560650587081909,-1.0120295286178589,1.2306184768676758,0.0746915265917778,-0.46782439947128296,0.8339303135871887,0.6540701985359192,-0.9097275733947754
corebench_hard,capsule-1624349,2.364736318588257,0.029380962252616882,-0.9298081994056702,-1.0377638339996338,1.2271380424499512,0.09055282175540924,-0.7146714925765991,0.7342438697814941,0.7319029569625854,-0.7422006130218506
corebench_hard,capsule-9670283,2.3627753257751465,0.06482423096895218,-0.599275529384613,-1.1998014450073242,1.1897857189178467,0.11511442810297012,-0.48699966073036194,1.1651513576507568,0.6257716417312622,-0.6073505878448486
corebench_hard,capsule-6049678,2.3461990356445312,0.055818621069192886,-0.7266965508460999,-1.0951390266418457,1.0614583492279053,0.1393265724182129,-0.5861763954162598,1.1342494487762451,0.7112308740615845,-0.7036712765693665
corebench_hard,capsule-4933686,2.3292133808135986,-0.042387451976537704,-0.8748032450675964,-1.0225868225097656,1.0489251613616943,0.014638856053352356,-0.3228232264518738,0.9962778091430664,0.5031111240386963,-1.0788450241088867
corebench_hard,capsule-7186268,2.3223459720611572,-0.048322416841983795,-0.8656397461891174,-1.0458651781082153,1.0612564086914062,0.09426188468933105,-0.565676212310791,0.9006286859512329,0.7572866678237915,-0.8428342938423157
corebench_hard,capsule-9660931,2.321126699447632,-0.03906824439764023,-0.8266240358352661,-0.9910572171211243,1.2746275663375854,-0.15334026515483856,-0.22646698355674744,0.8751062154769897,0.7106571793556213,-0.8670682907104492
corebench_hard,capsule-3821950,2.3210933208465576,-0.04032053425908089,-0.8305284380912781,-0.9889331459999084,1.2776416540145874,-0.12917247414588928,-0.21212458610534668,0.8718572854995728,0.7156792283058167,-0.8679431676864624
corebench_hard,capsule-8536428,2.3181755542755127,-0.049374617636203766,-0.8486417531967163,-0.9547417163848877,1.273101568222046,-0.15867552161216736,-0.2573072612285614,0.8612595200538635,0.7301100492477417,-0.8690296411514282
corebench_hard,capsule-9054015,2.3095171451568604,-0.0036982190795242786,-0.928608238697052,-0.9707950353622437,1.2467020750045776,0.04571579396724701,-0.5228310823440552,0.9061968326568604,0.6083220839500427,-0.7128510475158691
corebench_hard,capsule-3418007,2.300136089324951,0.010070521384477615,-0.933936595916748,-1.0638121366500854,1.1502854824066162,0.02886367216706276,-0.46439963579177856,0.8845700025558472,0.6803520917892456,-0.7083020806312561
corebench_hard,capsule-0504157,2.2991156578063965,-0.045009251683950424,-0.5619394779205322,-1.0541068315505981,1.142524003982544,0.09983257949352264,-0.4944523572921753,1.104982614517212,0.6126980185508728,-0.8383430242538452
corebench_hard,capsule-0921079,2.2887063026428223,0.06272798031568527,-0.6302148103713989,-1.2843596935272217,1.1389697790145874,0.048276085406541824,-0.6024597883224487,1.0268467664718628,0.47958672046661377,-0.4944372773170471
corebench_hard,capsule-4299879,2.278428792953491,0.03270425647497177,-1.0230845212936401,-0.9872612953186035,1.2157940864562988,-0.018249832093715668,-0.4059991240501404,0.8825043439865112,0.5181289911270142,-0.6922831535339355
corebench_hard,capsule-8807709,2.2781169414520264,-0.01853855699300766,-0.8259284496307373,-0.9293830394744873,1.2318975925445557,-0.018503427505493164,-0.5543931722640991,0.9266549348831177,0.7368918061256409,-0.6457096338272095
corebench_hard,capsule-1175539,2.271328926086426,0.07120317220687866,-0.6385717988014221,-1.2976278066635132,1.0964604616165161,0.0940617173910141,-0.5333952903747559,1.0166479349136353,0.3873121738433838,-0.6230210065841675
corebench_hard,capsule-4728591,2.2517337799072266,0.029378237202763557,-0.7977238297462463,-1.066511869430542,1.2121326923370361,0.09188705682754517,-0.5180166363716125,0.9268981218338013,0.5007951259613037,-0.6637078523635864
corebench_hard,capsule-4180912,2.2380905151367188,-0.008005434647202492,-0.6916174292564392,-1.0947232246398926,1.0866621732711792,0.23939718306064606,-0.5748186111450195,1.0090538263320923,0.5535919070243835,-0.6626312136650085
corebench_hard,capsule-3639589,2.236651659011841,-0.02238844521343708,-0.6792364120483398,-1.0377695560455322,1.3958072662353516,0.19282545149326324,-0.4916015565395355,0.7883551120758057,0.44522491097450256,-0.6460827589035034
corebench_hard,capsule-5507257,2.2145378589630127,-0.0004047775291837752,-0.6965599656105042,-1.078346610069275,1.2200872898101807,-0.1285431683063507,-0.09272503852844238,0.9469364285469055,0.5081868171691895,-0.7664681077003479
corebench_hard,capsule-9240688,2.2083239555358887,0.013061845675110817,-1.044865369796753,-0.9697084426879883,1.1355559825897217,0.08387716114521027,-0.34355491399765015,0.8856066465377808,0.5619483590126038,-0.5744377374649048
corebench_hard,capsule-2414499,2.1830835342407227,0.04665485396981239,-0.5806078910827637,-1.0344849824905396,1.0834193229675293,0.20150139927864075,-0.49466672539711,1.1494508981704712,0.5949109196662903,-0.47364217042922974
corebench_hard,capsule-1724988,2.1770737171173096,0.05953964591026306,-0.7769469618797302,-0.9786218404769897,1.1722482442855835,0.15788966417312622,-0.5017299652099609,0.9900842308998108,0.4318290054798126,-0.6006092429161072
corebench_hard,capsule-1900704,2.1595747470855713,0.054965607821941376,-0.9204533696174622,-0.8919249773025513,1.2186450958251953,0.059972867369651794,-0.5118904113769531,0.8650661706924438,0.4878770411014557,-0.5328324437141418
corebench_hard,capsule-8234136,2.1346356868743896,0.008067396469414234,-0.6032029390335083,-1.086626410484314,1.1822776794433594,-0.036828577518463135,-0.24333608150482178,0.9793333411216736,0.5518561601638794,-0.5385821461677551
corebench_hard,capsule-6003668,2.0857081413269043,0.022425198927521706,-0.47713029384613037,-1.1682801246643066,1.0085980892181396,0.09056714177131653,-0.4909854829311371,0.8709467053413391,0.469990611076355,-0.7153097987174988
gaia,a0068077-79f4-461a-adfe-75c1a4148545,2.139883518218994,-0.015718307346105576,-0.6482934355735779,-1.0972483158111572,0.6702802181243896,0.7698085904121399,0.17263297736644745,0.9268964529037476,0.8733100891113281,-0.5112459659576416
gaia,076c8171-9b3b-49b9-a477-244d2a532826,2.1390750408172607,0.03669118508696556,-0.592034101486206,-0.8591984510421753,0.8301920294761658,0.9654629230499268,-0.025513209402561188,1.0080631971359253,0.7264987826347351,-0.5665112733840942
gaia,7bd855d8-463d-4ed5-93ca-5fe35145f733,2.112279176712036,0.010378330014646053,-0.6334682703018188,-0.9269754886627197,0.7220317721366882,0.8761550188064575,0.07163939625024796,0.9694191813468933,0.8760261535644531,-0.4470486342906952
gaia,5a0c1adf-205e-4841-a666-7c3ef95def9d,2.1044442653656006,0.012699865736067295,-0.6032370328903198,-0.8410111665725708,0.770721971988678,0.8641276359558105,0.046653863042593,1.037300705909729,0.7520915269851685,-0.6106973886489868
gaia,73c1b9fe-ee1d-4cf4-96ca-35c08f97b054,2.1013505458831787,0.05134875699877739,-0.6093904972076416,-0.9512563943862915,0.6569061279296875,0.8643873929977417,0.15563653409481049,0.971152663230896,0.8577970862388611,-0.507504940032959
gaia,ebbc1f13-d24d-40df-9068-adcf735b4240,2.1012825965881348,-0.08369743824005127,-0.7797666788101196,-0.8452396988868713,0.8352658748626709,0.7172831892967224,-0.05780094116926193,0.7757940292358398,1.04679536819458,-0.42400431632995605
gaia,dc22a632-937f-4e6a-b72f-ba0ff3f5ff97,2.0961005687713623,-0.07590173184871674,-0.73804771900177,-0.9560038447380066,0.7261836528778076,0.6759249567985535,-0.05725253373384476,0.8339288234710693,0.8515579700469971,-0.7258763313293457
gaia,08c0b6e9-1b43-4c2e-ae55-4e3fce2c2715,2.0876121520996094,-0.05433941259980202,-0.5941550135612488,-0.9247097969055176,0.8508137464523315,0.8091009259223938,-0.014669239521026611,0.8102047443389893,0.9503852725028992,-0.46000996232032776
gaia,0bb3b44a-ede5-4db5-a520-4e844b0079c5,2.074617624282837,-0.057436298578977585,-0.6783075332641602,-0.8868024945259094,0.8135756850242615,0.7187316417694092,0.0616973340511322,0.8700934648513794,0.8376029133796692,-0.6454379558563232
gaia,708b99c5-e4a7-49cb-a5cf-933c8d46470d,2.0696256160736084,-0.018299417570233345,-0.6691462397575378,-1.0050119161605835,0.7276167273521423,0.6958152651786804,-0.13889089226722717,0.7568076252937317,0.940839409828186,-0.5785605311393738
gaia,da52d699-e8d2-4dc5-9191-a2199e0b6a9b,2.063795566558838,-0.023174168542027473,-0.7182623744010925,-1.0079326629638672,0.7196613550186157,0.6860054731369019,-0.22068184614181519,0.8151982426643372,0.6876192092895508,-0.7435310482978821
gaia,114d5fd0-e2ae-4b6d-a65a-870da2d19c08,2.062264919281006,-0.04570574313402176,-0.5661591291427612,-1.036827564239502,0.7209455966949463,0.8164374232292175,0.07314885407686234,0.6916810274124146,0.9058813452720642,-0.6055261492729187
gaia,384d0dd8-e8a4-4cfe-963c-d37f256e7662,2.0544137954711914,0.03875020146369934,-0.6829052567481995,-0.86149001121521,0.7793587446212769,0.7614067792892456,0.23620954155921936,0.8796713352203369,0.8609343767166138,-0.5041097402572632
gaia,3da89939-209c-4086-8520-7eb734e6b4ef,2.047003746032715,0.01523598749190569,-0.7236186265945435,-0.7591318488121033,0.8890405893325806,0.6951375007629395,0.2050113081932068,0.8613448739051819,0.8017687201499939,-0.6244453191757202
gaia,0b260a57-3f3a-4405-9f29-6d7a1012dbfb,2.0456833839416504,-0.012340945191681385,-0.648880124092102,-0.7533764839172363,0.7702249884605408,0.8140806555747986,0.14972305297851562,0.9143602252006531,0.8011767268180847,-0.6632264852523804
gaia,cffe0e32-c9a6-4c52-9877-78ceb4aaa9fb,2.044717788696289,-0.00981590524315834,-0.6216566562652588,-0.9103380441665649,0.7236982583999634,0.8791929483413696,0.017011262476444244,0.7945290803909302,0.8170349597930908,-0.6081667542457581
gaia,df6561b2-7ee5-4540-baab-5095f742716a,2.0439112186431885,-0.02693587727844715,-0.5394421815872192,-0.9699411988258362,0.9031062126159668,0.4819101095199585,0.32594871520996094,0.8318354487419128,0.9082483649253845,-0.524254322052002
gaia,46719c30-f4c3-4cad-be07-d5cb21eee6bb,2.0437870025634766,-0.05345573648810387,-0.6536352038383484,-0.6568386554718018,0.8158831596374512,0.6830785870552063,0.21713879704475403,0.9434868097305298,0.7938225269317627,-0.7865470051765442
gaia,bfcd99e1-0690-4b53-a85c-0174a8629083,2.0420336723327637,-0.026266993954777718,-0.6957655549049377,-0.6851842999458313,0.8682270646095276,0.847356915473938,0.13249048590660095,0.9230761528015137,0.8248129487037659,-0.4410921633243561
gaia,56db2318-640f-477a-a82f-bc93ad13e882,2.0410726070404053,0.06300686299800873,-0.533882737159729,-0.9124923944473267,0.7893559336662292,0.7823873162269592,-0.02860245853662491,0.9632379412651062,0.56707763671875,-0.7502456903457642
gaia,9b54f9d9-35ee-4a14-b62f-d130ea00317f,2.039801836013794,0.011911051347851753,-0.7948923707008362,-0.7593278288841248,0.7965834140777588,0.7358158230781555,-0.13188651204109192,0.8633707761764526,0.8051373958587646,-0.604433536529541
gaia,3ff6b7a9-a5bd-4412-ad92-0cd0d45c0fee,2.0386598110198975,0.048924002796411514,-0.44149985909461975,-0.9597821235656738,0.8963107466697693,0.8961899280548096,0.12533289194107056,0.8176679015159607,0.7410373091697693,-0.447297602891922
gaia,366e2f2b-8632-4ef2-81eb-bc3877489217,2.03731107711792,-0.023358218371868134,-0.6802256107330322,-0.9512522220611572,0.6692823171615601,0.7409445643424988,0.09069573134183884,0.8360673189163208,0.8425046801567078,-0.6075053811073303
gaia,ad2b4d70-9314-4fe6-bfbe-894a45f6055f,2.0358774662017822,-0.00837902445346117,-0.7684233784675598,-0.6913018822669983,0.9093066453933716,0.7605059146881104,0.13993966579437256,0.7964852452278137,0.8379855155944824,-0.5612711310386658
gaia,0383a3ee-47a7-41a4-b493-519bdefe0488,2.034350872039795,-0.010778984054923058,-0.5847780704498291,-0.7934403419494629,0.7018385529518127,0.785370409488678,0.07645846158266068,0.9129688739776611,0.9988088011741638,-0.4697965383529663
gaia,0512426f-4d28-49f0-be77-06d05daec096,2.0324454307556152,-0.040314920246601105,-0.5855662822723389,-0.8526564240455627,0.766284167766571,0.7608425617218018,0.13229529559612274,0.8925502300262451,0.8054377436637878,-0.6572465896606445
gaia,cabe07ed-9eca-40ea-8ead-410ef5e83f91,2.0234923362731934,0.019401121884584427,-0.6584399938583374,-0.7667757272720337,0.8069809079170227,0.8823042511940002,-0.002373836934566498,0.8136497139930725,0.7532237768173218,-0.6434102058410645
gaia,f46b4380-207e-4434-820b-f32ce04ae2a4,2.021291494369507,0.013738627545535564,-0.6126391887664795,-0.9405604600906372,0.6642323732376099,0.7805642485618591,-0.15352022647857666,0.7708467245101929,0.847415030002594,-0.6627724766731262
gaia,72c06643-a2fa-4186-aa5c-9ec33ae9b445,2.0144286155700684,-0.022582095116376877,-0.6333317756652832,-0.8601997494697571,0.9342877864837646,0.5542876124382019,0.38668280839920044,0.7773342132568359,0.8334345817565918,-0.5369881391525269
gaia,72e110e7-464c-453c-a309-90a95aed6538,2.014286518096924,0.022439468652009964,-0.5987133979797363,-0.7992027997970581,0.7276122570037842,0.6815288066864014,0.03594663366675377,0.9701942205429077,0.9469751119613647,-0.47637706995010376
gaia,d0633230-7067-47a9-9dbf-ee11e0a2cdd6,2.0119004249572754,-0.023815125226974487,-0.629213809967041,-1.0279955863952637,0.8075645565986633,0.591150164604187,0.1234375387430191,0.7897984981536865,0.877177894115448,-0.4300934672355652
gaia,0a3cd321-3e76-4622-911b-0fda2e5d6b1a,2.0106353759765625,-0.03590184822678566,-0.572947084903717,-0.8627946376800537,0.7481775879859924,0.6933106184005737,0.08439861983060837,0.9160816669464111,0.9156583547592163,-0.4947361946105957
gaia,e4e91f1c-1dcd-439e-9fdd-cb976f5293fd,2.009967803955078,-0.01613233983516693,-0.6069051027297974,-0.7899223566055298,0.7470152378082275,0.7820701599121094,-0.07565370947122574,0.8431428670883179,0.9159752130508423,-0.5677766799926758
gaia,87c610df-bef7-4932-b950-1d83ef4e282b,2.009401798248291,-0.00781382154673338,-0.40429574251174927,-0.9298058748245239,0.8123706579208374,0.7645512223243713,0.0026794150471687317,0.8494301438331604,0.8525881171226501,-0.5628249049186707
gaia,e961a717-6b25-4175-8a68-874d28190ee4,2.005772113800049,0.01546134240925312,-0.4790724515914917,-1.1702474355697632,0.6570939421653748,0.6373147368431091,-0.014082446694374084,0.9448940753936768,0.6596794128417969,-0.5079262852668762
gaia,9e1fc53b-46ff-49a1-9d05-9e6faac34cc5,2.00398588180542,-0.03493892773985863,-0.6335198879241943,-0.972328782081604,0.7873998880386353,0.7508160471916199,0.1350569874048233,0.7767578959465027,0.7892552614212036,-0.49086445569992065
gaia,0bdb7c40-671d-4ad1-9ce3-986b159c0ddc,2.0037124156951904,-0.02061312273144722,-0.443719744682312,-1.1403919458389282,0.7729090452194214,0.6572222709655762,0.047661155462265015,0.7247775793075562,0.7943320870399475,-0.5741212964057922
gaia,0e9e85b8-52b9-4de4-b402-5f635ab9631f,2.00362491607666,-0.055391859263181686,-0.8173310160636902,-0.7377312183380127,0.8329038619995117,0.6153385639190674,0.03096458688378334,0.7221542000770569,0.8898009657859802,-0.6447127461433411
gaia,6359a0b1-8f7b-499b-9336-840f9ab90688,2.003526449203491,-0.027303563430905342,-0.47182217240333557,-0.967639684677124,0.8192405700683594,0.6216698884963989,0.40104082226753235,0.6836665868759155,0.9334396123886108,-0.5458973050117493
gaia,d5141ca5-e7a0-469f-bf3e-e773507c86e2,2.0020344257354736,-0.04105401784181595,-0.6125127673149109,-0.780220627784729,0.7558549642562866,0.7263556718826294,0.011735502630472183,0.8278753161430359,0.9412379264831543,-0.594871997833252
gaia,32102e3e-d12a-4209-9163-7b3a104efe5d,1.9944826364517212,0.035602159798145294,-0.7057427763938904,-0.7889044284820557,0.7311627268791199,0.780948281288147,-0.016466647386550903,1.0191937685012817,0.5881538987159729,-0.5727883577346802
gaia,a0c07678-e491-4bbc-8f0b-07405144218f,1.9942947626113892,-0.03833857178688049,-0.566045880317688,-0.9183324575424194,0.6585069894790649,0.8464928269386292,0.40454214811325073,0.7644228339195251,0.6129502058029175,-0.7345632314682007
gaia,16d825ff-1623-4176-a5b5-42e0f5c2b0ac,1.9939777851104736,0.02774485945701599,-0.5735327005386353,-0.7852586507797241,0.836468517780304,0.7724230885505676,0.07079002261161804,0.8753302693367004,0.7910305261611938,-0.58061683177948
gaia,1dcc160f-c187-48c2-b68e-319bd4354f3d,1.992468237876892,-0.066106878221035,-0.6376222968101501,-0.6962265372276306,0.7954241633415222,0.8293927311897278,0.14267581701278687,0.7552898526191711,0.8396880626678467,-0.6798152923583984
gaia,c8b7e059-c60d-472e-ad64-3b04ae1166dc,1.9891787767410278,0.03245147690176964,-0.7006142735481262,-0.9995796084403992,0.7299373745918274,0.6378145813941956,0.1821531355381012,0.7930428385734558,0.8294370770454407,-0.4208725094795227
gaia,e142056d-56ab-4352-b091-b56054bd1359,1.9876538515090942,-0.05524960160255432,-0.6807736158370972,-0.7608961462974548,0.8824986219406128,0.5518997311592102,0.271017849445343,0.6196112632751465,1.0034809112548828,-0.6005101799964905
gaia,624cbf11-6a41-4692-af9c-36b3e5ca3130,1.9852644205093384,0.04889415577054024,-0.6540629267692566,-0.8562493920326233,0.8156628012657166,0.7255136966705322,0.2873375713825226,0.7870448231697083,0.8646184802055359,-0.3729211091995239
gaia,0ff53813-3367-4f43-bcbd-3fd725c1bf4b,1.983580470085144,-0.048035915940999985,-0.48209983110427856,-0.7874450087547302,0.7494046092033386,0.7780694961547852,-0.023048773407936096,0.9142130613327026,0.909992516040802,-0.5006983280181885
gaia,54612da3-fd56-4941-80f4-5eb82330de25,1.9796115159988403,0.048754945397377014,-0.5145153999328613,-0.8291359543800354,0.6802693605422974,0.8037134408950806,0.09603690356016159,1.0425373315811157,0.673126220703125,-0.5556450486183167
gaia,f918266a-b3e0-4914-865d-4faa564f1aef,1.979085087776184,0.0013493868755176663,-0.5372625589370728,-0.9162213802337646,0.6997865438461304,0.8621007204055786,0.04625093936920166,0.8462573289871216,0.7651762962341309,-0.5019566416740417
gaia,3627a8be-a77f-41bb-b807-7e1bd4c0ebdf,1.9782270193099976,0.01535069104284048,-0.5106052160263062,-0.9105169773101807,0.6493034362792969,0.827698290348053,0.001942358911037445,0.9283287525177002,0.8487462401390076,-0.36711809039115906
gaia,65afbc8a-89ca-4ad5-8d62-355bb401f61d,1.9769095182418823,-0.07279423624277115,-0.6728164553642273,-0.8155056238174438,0.7926755547523499,0.6981944441795349,0.019131973385810852,0.748172402381897,0.8718386888504028,-0.5953142642974854
gaia,3cef3a44-215e-4aed-8e3b-b1e3f08063b7,1.9761360883712769,0.07242041826248169,-0.6074135303497314,-1.103131890296936,0.7129517197608948,0.8305169343948364,0.14209702610969543,0.6619988679885864,0.6813013553619385,-0.4456438720226288
gaia,676e5e31-a554-4acc-9286-b60d90a92d26,1.9701491594314575,0.024730371311306953,-0.6351803541183472,-0.6797462105751038,0.816600501537323,0.7109724283218384,0.08312280476093292,0.9106013774871826,0.7890996932983398,-0.6203855276107788
gaia,cca70ce6-1952-45d2-acd4-80c903b0bc49,1.9688869714736938,-0.05310028791427612,-0.553751528263092,-0.8409852981567383,0.8983055353164673,0.5423613786697388,0.39270907640457153,0.8324285745620728,0.7551112771034241,-0.586651086807251
gaia,7d4a7d1d-cac6-44a8-96e8-ea9584a70825,1.9667741060256958,-0.004624084569513798,-0.5375273823738098,-0.8654989004135132,0.7459813952445984,0.8757556676864624,0.2046157419681549,0.8118426203727722,0.6465123891830444,-0.6227405071258545
gaia,11af4e1a-5f45-467d-9aeb-46f4bb0bf034,1.9632601737976074,0.01196298561990261,-0.2810947000980377,-1.1296857595443726,0.60085529088974,0.9457351565361023,0.11666592955589294,0.8729186654090881,0.556875467300415,-0.39753755927085876
gaia,4d51c4bf-4b0e-4f3d-897b-3f6687a7d9f2,1.9632443189620972,-0.03765562176704407,-0.7752066850662231,-0.8793517351150513,0.6268929243087769,0.726638674736023,-0.08481595665216446,0.757120668888092,0.8070634603500366,-0.5721432566642761
gaia,d8152ad6-e4d5-4c12-8bb7-8d57dc10c6de,1.9628852605819702,-0.016615048050880432,-0.6379319429397583,-0.6323316693305969,0.7597033381462097,0.7790158987045288,0.19377312064170837,0.9526379108428955,0.6605643033981323,-0.6933186054229736
gaia,42576abe-0deb-4869-8c63-225c2d75a95a,1.9625996351242065,0.02003222517669201,-0.5590350031852722,-0.9248461127281189,0.5688073039054871,0.7801926732063293,-0.1773175299167633,0.8326871991157532,0.8431077599525452,-0.5621867775917053
gaia,8b3379c0-0981-4f5b-8407-6444610cb212,1.957543969154358,0.028612518683075905,-0.660865068435669,-0.7932589054107666,0.777488648891449,0.7649425268173218,0.20812273025512695,0.806166410446167,0.7854892015457153,-0.5158853530883789
gaia,5188369a-3bbe-43d8-8b94-11558f909a08,1.9572381973266602,0.040972936898469925,-0.4076130986213684,-0.7767433524131775,0.7669299244880676,0.8480890989303589,0.06511761993169785,0.9293435215950012,0.8240083456039429,-0.45492467284202576
gaia,b816bfce-3d80-4913-a07d-69b752ce6377,1.956220030784607,0.07212898135185242,-0.4983915090560913,-0.7938764691352844,0.6787828207015991,0.7405006885528564,0.016108769923448563,0.950251579284668,0.8449891209602356,-0.5673016905784607
gaia,305ac316-eef6-4446-960a-92d80d542f82,1.9518489837646484,-0.015878764912486076,-0.6175381541252136,-0.6257128715515137,0.7440614104270935,0.8829177021980286,0.029579319059848785,0.9097287654876709,0.8371566534042358,-0.41756531596183777
gaia,ecbc4f94-95a3-4cc7-b255-6741a458a625,1.9514141082763672,-0.06642590463161469,-0.6218536496162415,-0.6979474425315857,0.9204730987548828,0.71070396900177,0.04221867024898529,0.7290832996368408,0.8330860733985901,-0.5953458547592163
gaia,b2c257e0-3ad7-4f05-b8e3-d9da973be36e,1.951325535774231,-0.010336609557271004,-0.3922131657600403,-0.9480442404747009,0.9099709987640381,0.6397997736930847,0.3105722665786743,0.6572922468185425,0.9261104464530945,-0.3626191020011902
gaia,04a04a9b-226c-43fd-b319-d5e89743676f,1.9509985446929932,0.022635912522673607,-0.5697871446609497,-0.7652943730354309,0.7650319933891296,0.7974188923835754,0.1124478280544281,0.8857914805412292,0.8608222603797913,-0.3696288466453552
gaia,b4cc024b-3f5e-480e-b96a-6656493255b5,1.950135350227356,0.019830381497740746,-0.6315408945083618,-0.8615095615386963,0.6541929244995117,0.6547534465789795,-0.04506198316812515,0.9032132625579834,0.878441572189331,-0.4645753800868988
gaia,853c8244-429e-46ca-89f2-addf40dfb2bd,1.949440836906433,-0.06425314396619797,-0.6646760702133179,-0.5141377449035645,0.8166404962539673,0.7557470202445984,0.32688114047050476,0.761121928691864,0.6796330213546753,-0.8414709568023682
gaia,71345b0a-9c7d-4b50-b2bf-937ec5879845,1.9482600688934326,-0.009002176113426685,-0.5176730155944824,-1.0287119150161743,0.6231266260147095,0.7142238020896912,-0.06973033398389816,0.6782597303390503,0.9213321208953857,-0.5072770118713379
gaia,d1af70ea-a9a4-421a-b9cc-94b5e02f1788,1.9463452100753784,-0.02561572939157486,-0.701682984828949,-0.7817795872688293,0.7919904589653015,0.7184991836547852,0.09592458605766296,0.8357681035995483,0.6946958303451538,-0.5923842787742615
gaia,8e867cd7-cff9-4e6c-867a-ff5ddc2550be,1.9455429315567017,-0.030350588262081146,-0.6096915006637573,-1.0900709629058838,0.5653174519538879,0.5447900295257568,0.055155977606773376,0.8468978404998779,0.7729777097702026,-0.5394499897956848
gaia,2b3ef98c-cc05-450b-a719-711aee40ac65,1.9451221227645874,-0.03234229236841202,-0.7090360522270203,-0.8414450287818909,0.6831417083740234,0.7262731790542603,-0.033268168568611145,0.69110506772995,0.9060736298561096,-0.5280914306640625
gaia,c526d8d6-5987-4da9-b24c-83466fa172f3,1.9449893236160278,-0.03991912305355072,-0.6985310316085815,-0.7839713096618652,0.8261227607727051,0.5152849555015564,0.29099971055984497,0.6113430261611938,0.9631718993186951,-0.5884791612625122
gaia,56137764-b4e0-45b8-9c52-1866420c3df5,1.9434970617294312,0.05843053758144379,-0.5326986312866211,-1.0148411989212036,0.5922763347625732,0.7202224135398865,-0.12075231224298477,0.76882404088974,0.898049533367157,-0.4264199733734131
gaia,a56f1527-3abf-41d6-91f8-7296d6336c3f,1.9412500858306885,-0.007026142906397581,-0.4741775393486023,-0.9440171122550964,0.8307331204414368,0.7045823931694031,-0.02610604465007782,0.7627912163734436,0.7780401110649109,-0.5272636413574219
gaia,f0f46385-fc03-4599-b5d3-f56496c3e69f,1.9410468339920044,0.06035332754254341,-0.5442907214164734,-1.0257917642593384,0.6392476558685303,0.7422102093696594,-0.19921636581420898,0.8087822794914246,0.7820245027542114,-0.39277201890945435
gaia,50f58759-7bd6-406f-9b0d-5692beb2a926,1.9396772384643555,0.017311880365014076,-0.6370277404785156,-0.783915638923645,0.6408748626708984,0.7664163708686829,0.14702725410461426,0.7539085149765015,0.8975831270217896,-0.5901311039924622
gaia,7673d772-ef80-4f0f-a602-1bf4485c9b43,1.9371384382247925,-0.049336861819028854,-0.46812230348587036,-0.9692212343215942,0.7282440066337585,0.5193367004394531,0.0675131157040596,0.6604997515678406,0.9493914842605591,-0.6721347570419312
gaia,23dd907f-1261-4488-b21c-e9185af91d5e,1.9365991353988647,-0.000975749921053648,-0.6567970514297485,-0.9565304517745972,0.6901317834854126,0.7824296951293945,0.18456125259399414,0.7450901865959167,0.7397336363792419,-0.423292875289917
gaia,b415aba4-4b68-4fc6-9b89-2c812e55a3e1,1.9358406066894531,0.0004980785306543112,-0.5483498573303223,-0.7802971005439758,0.8023950457572937,0.6075371503829956,0.009629949927330017,0.8641208410263062,0.9046882390975952,-0.5096373558044434
gaia,8f80e01c-1296-4371-9486-bb3d68651a60,1.9343640804290771,-0.04291514679789543,-0.6850618124008179,-0.7724500894546509,0.8509507179260254,0.48894214630126953,0.250578910112381,0.6211361885070801,0.9574627876281738,-0.5892868041992188
gaia,edd4d4f2-1a58-45c4-b038-67337af4e029,1.9319168329238892,0.013038870878517628,-0.6206796765327454,-0.7093644142150879,0.7228153944015503,0.9930659532546997,0.03589056432247162,0.7868049740791321,0.6698169708251953,-0.5159599184989929
gaia,f2feb6a4-363c-4c09-a804-0db564eafd68,1.9318907260894775,-0.021980928257107735,-0.5940473079681396,-0.790575385093689,0.758632242679596,0.8249915242195129,0.04404148831963539,0.6756560206413269,0.8559787273406982,-0.5540898442268372
gaia,9318445f-fe6a-4e1b-acbf-c68228c9906a,1.9302564859390259,-0.003804130246862769,-0.5820074677467346,-0.9264056086540222,0.8462502956390381,0.5313632488250732,0.4306316375732422,0.7101478576660156,0.7451392412185669,-0.5342820882797241
gaia,ded28325-3447-4c56-860f-e497d6fb3577,1.9300360679626465,-0.04535406455397606,-0.6896206140518188,-0.776589035987854,0.8437167406082153,0.4748968482017517,0.25453412532806396,0.6207563877105713,0.9482014775276184,-0.5998121500015259
gaia,935e2cff-ae78-4218-b3f5-115589b19dae,1.9212199449539185,-0.019124634563922882,-0.46810317039489746,-0.8608371019363403,0.7417426109313965,0.7022820115089417,-0.07904598861932755,0.8339037895202637,0.8627675175666809,-0.4914584755897522
gaia,cca530fc-4052-43b2-b130-b30968d8aa44,1.918020248413086,-0.020868908613920212,-0.49015751481056213,-0.9112395644187927,0.824216365814209,0.5623791217803955,0.37885281443595886,0.6877665519714355,0.8626335263252258,-0.5018942356109619
gaia,65638e28-7f37-4fa7-b7b9-8c19bb609879,1.9178825616836548,0.01891007088124752,-0.557147204875946,-0.9569969773292542,0.6991857886314392,0.6634548902511597,-0.08948401361703873,0.7439368367195129,0.8476293087005615,-0.49301019310951233
gaia,7a4a336d-dcfa-45a0-b014-824c7619e8de,1.9168305397033691,-0.034335263073444366,-0.6257177591323853,-0.8138757944107056,0.8617069125175476,0.6200218796730042,0.1508198082447052,0.7305680513381958,0.8580849170684814,-0.4478514790534973
gaia,5b2a14e8-6e59-479c-80e3-4696e8980152,1.9147368669509888,-0.07803557068109512,-0.6820380687713623,-0.9191935658454895,0.516690194606781,0.6706125140190125,0.03398759663105011,0.7714974284172058,0.8881813287734985,-0.5041875839233398
gaia,dc28cf18-6431-458b-83ef-64b3ce566c10,1.9127702713012695,0.05096883699297905,-0.39838045835494995,-0.9837212562561035,0.5776389837265015,0.9737339019775391,-0.13245967030525208,0.8938071131706238,0.5711361169815063,-0.3283565044403076
gaia,7b5377b0-3f38-4103-8ad2-90fe89864c04,1.9126322269439697,-0.027216752991080284,-0.48694074153900146,-0.8972558379173279,0.5854026675224304,0.8452848196029663,0.03382258489727974,0.7657950520515442,0.8980938792228699,-0.4057357609272003
gaia,e2d69698-bc99-4e85-9880-67eaccd66e6c,1.9117248058319092,-0.021159153431653976,-0.4861299693584442,-0.7494872212409973,0.774673342704773,0.7494661808013916,-0.07885166257619858,0.8179641962051392,0.9046695828437805,-0.44845300912857056
gaia,3f57289b-8c60-48be-bd80-01f8099ca449,1.9096615314483643,0.008665306493639946,-0.5481829047203064,-0.9371340870857239,0.588423490524292,0.7523733377456665,0.04661431908607483,0.8462013006210327,0.7750155329704285,-0.4867192208766937
gaia,20194330-9976-4043-8632-f8485c6c71b2,1.908557653427124,-0.06402284651994705,-0.5376262664794922,-0.7646989822387695,0.703461766242981,0.7187064290046692,0.19705532491207123,0.8121644258499146,0.9129701256752014,-0.47479674220085144
gaia,7dd30055-0198-452e-8c25-f73dbe27dcb8,1.9069620370864868,0.02044665440917015,-0.8466445207595825,-0.7230425477027893,0.7287631630897522,0.7565006613731384,0.012411318719387054,0.5194129347801208,0.9028798341751099,-0.45648881793022156
gaia,42d4198c-5895-4f0a-b0c0-424a66465d83,1.905082106590271,-0.05649749934673309,-0.47053468227386475,-0.8988174796104431,0.7555951476097107,0.7208688855171204,0.2791956961154938,0.6768893003463745,0.8529311418533325,-0.4958478510379791
gaia,1f975693-876d-457b-a649-393859e79bf3,1.9044904708862305,-0.009223504923284054,-0.8635814189910889,-0.4843069016933441,0.8153162002563477,0.7570372819900513,-0.005402319133281708,0.6122397780418396,0.7566695213317871,-0.6793351173400879
gaia,de9887f5-ead8-4727-876f-5a4078f8598c,1.9014239311218262,0.04771258309483528,-0.5253303050994873,-0.8324862122535706,0.7631425857543945,0.7300615906715393,0.062451478093862534,0.7731831669807434,0.7982237935066223,-0.5405161380767822
gaia,65da0822-a48a-4a68-bbad-8ed1b835a834,1.9004734754562378,-0.011781706474721432,-0.6220400333404541,-0.8483996987342834,0.6325348615646362,0.835371196269989,0.014554236084222794,0.7100118398666382,0.7467917799949646,-0.5874616503715515
gaia,67e8878b-5cef-4375-804e-e6291fdbe78a,1.9001033306121826,-0.017883088439702988,-0.6597591638565063,-0.8943614959716797,0.7269209027290344,0.7293678522109985,-0.07412593811750412,0.7219039797782898,0.7383386492729187,-0.4930036962032318
gaia,c714ab3a-da30-4603-bacd-d008800188b9,1.8991538286209106,0.0036415932700037956,-0.389476478099823,-1.0758740901947021,0.6954277753829956,0.853065550327301,-0.08038479834794998,0.6420508027076721,0.6938676238059998,-0.4313979744911194
gaia,bec74516-02fc-48dc-b202-55e78d0e17cf,1.8988776206970215,0.03903455659747124,-0.5356101989746094,-1.015372395515442,0.75933438539505,0.6782903075218201,0.3556172847747803,0.608009934425354,0.7892338037490845,-0.3635668456554413
gaia,27d5d136-8563-469e-92bf-fd103c28b57c,1.8958652019500732,0.027904028072953224,-0.5477928519248962,-1.1360797882080078,0.541849672794342,0.8122445940971375,-0.037232495844364166,0.7066311836242676,0.7310080528259277,-0.12296983599662781
gaia,5d0080cb-90d7-4712-bc33-848150e917d3,1.8935054540634155,0.02084861509501934,-0.5202696323394775,-0.8340314030647278,0.7391138672828674,0.8251885771751404,0.06509460508823395,0.8213993906974792,0.7265147566795349,-0.43022167682647705
gaia,8131e2c0-0083-4265-9ce7-78c2d568425d,1.8930097818374634,-0.007711467333137989,-0.6639851927757263,-0.8194884061813354,0.7561630606651306,0.6461543440818787,0.06419835984706879,0.7963388562202454,0.6836771965026855,-0.6132366061210632
gaia,f3917a3d-1d17-4ee2-90c5-683b072218fe,1.8861929178237915,0.01699800044298172,-0.6149587035179138,-0.9155758023262024,0.6339293718338013,0.7674584984779358,0.2209731936454773,0.7767221331596375,0.7654635310173035,-0.33518749475479126
gaia,851e570a-e3de-4d84-bcfa-cc85578baa59,1.8858572244644165,-0.03213515877723694,-0.6063340306282043,-0.856547474861145,0.6340083479881287,0.673804521560669,0.12229392677545547,0.7365021705627441,0.8726418018341064,-0.5294042229652405
gaia,d700d50d-c707-4dca-90dc-4528cddd0c80,1.8841354846954346,0.013288002461194992,-0.395984411239624,-0.900574803352356,0.6934241056442261,0.8748592138290405,0.044484078884124756,0.8155502676963806,0.7189048528671265,-0.3898550868034363
gaia,0a65cb96-cb6e-4a6a-8aae-c1084f613456,1.8838460445404053,0.014899284578859806,-0.5076813101768494,-0.8923678398132324,0.6871858239173889,0.7661719918251038,-0.01922394335269928,0.7872335910797119,0.7495049238204956,-0.5036935806274414
gaia,17b5a6a3-bc87-42e8-b0fb-6ab0781ef2cc,1.883776307106018,0.014633902348577976,-0.5159345269203186,-0.9404046535491943,0.763667643070221,0.735461950302124,0.029788173735141754,0.7257371544837952,0.7832328081130981,-0.3646034598350525
gaia,50ec8903-b81f-4257-9450-1085afd2c319,1.8819515705108643,0.01771017350256443,-0.4011939764022827,-1.0604627132415771,0.5425733923912048,0.7124674320220947,-0.041002146899700165,0.7935144901275635,0.7375322580337524,-0.5281172394752502
gaia,cf106601-ab4f-4af9-b045-5295fe67b37d,1.8806862831115723,-0.0165521539747715,-0.5223484635353088,-1.0980483293533325,0.6420919299125671,0.6520386934280396,-0.013002917170524597,0.7576993703842163,0.743887186050415,-0.3055174946784973
gaia,6b078778-0b90-464d-83f6-59511c811b01,1.8797824382781982,-0.04249943792819977,-0.4575514793395996,-0.88155597448349,0.7665270566940308,0.7312533855438232,0.1464359164237976,0.7085410356521606,0.8207283616065979,-0.47720423340797424
gaia,4fc2f1ae-8625-45b5-ab34-ad4433bc21f8,1.8793169260025024,0.03187650814652443,-0.5335080623626709,-0.967961847782135,0.6728861331939697,0.8462220430374146,-0.11047328263521194,0.5386885404586792,0.7267208695411682,-0.557558000087738
gaia,7cc4acfa-63fd-4acc-a1a1-e8e529e0a97f,1.8734849691390991,0.033570148050785065,-0.6128597259521484,-0.8337115049362183,0.6084111928939819,0.8798247575759888,-0.01047585904598236,0.858636736869812,0.4995923638343811,-0.5550305843353271
gaia,e8cb5b03-41e0-4086-99e5-f6806cd97211,1.8720223903656006,-0.011063732206821442,-0.5981253981590271,-0.7924550771713257,0.5761983394622803,0.8149681687355042,0.013942036777734756,0.696916937828064,0.7289783358573914,-0.7108122110366821
gaia,4d0aa727-86b1-406b-9b33-f870dd14a4a5,1.8696123361587524,0.010926635004580021,-0.6409127116203308,-0.7134450674057007,0.6787775158882141,0.8680838942527771,-0.050629958510398865,0.8604708909988403,0.6251969337463379,-0.4769948124885559
gaia,99c9cc74-fdc8-46c6-8f8d-3ce2d3bfeea3,1.8680282831192017,0.019363483414053917,-0.5368441343307495,-0.7051142454147339,0.7658168077468872,0.751854658126831,0.1806246042251587,0.7175804376602173,0.6642879843711853,-0.7507032752037048
gaia,ec09fa32-d03f-4bf8-84b0-1f16922c3ae4,1.8660227060317993,0.06358468532562256,-0.3724951148033142,-1.0154634714126587,0.6905199885368347,0.504420280456543,0.14077246189117432,0.8664675354957581,0.8376374840736389,-0.32961344718933105
gaia,983bba7c-c092-455f-b6c9-7857003d48fc,1.8605446815490723,0.054850488901138306,-0.6022024154663086,-0.7272236943244934,0.8017769455909729,0.6345682144165039,-0.07516822963953018,0.7656689286231995,0.7666274905204773,-0.5873538255691528
gaia,5f982798-16b9-4051-ab57-cfc7ebdb2a91,1.8599461317062378,0.0390479750931263,-0.664097785949707,-0.673456072807312,0.7225736379623413,0.7113829255104065,0.3767356276512146,0.7267532348632812,0.7489781379699707,-0.5527966022491455
gaia,ad37a656-079a-49f9-a493-7b739c9167d1,1.8574292659759521,0.025420885533094406,-0.20868602395057678,-1.1713380813598633,0.5261307954788208,0.6775650978088379,0.12890148162841797,0.8128970265388489,0.7183229923248291,-0.32426488399505615
gaia,a7feb290-76bb-4cb7-8800-7edaf7954f2f,1.8567121028900146,-0.002968236105516553,-0.7078814506530762,-0.7166203260421753,0.7109699249267578,0.5416339635848999,0.1894533336162567,0.8903746604919434,0.6926887035369873,-0.5704526901245117
gaia,05407167-39ec-4d3a-a234-73a9120c325d,1.855090856552124,0.008686568588018417,-0.44861966371536255,-0.6894885897636414,0.6251591444015503,0.758149266242981,0.042520444840192795,0.756537914276123,0.8467248678207397,-0.7127361297607422
gaia,08cae58d-4084-4616-b6dd-dd6534e4825b,1.854878306388855,0.033103372901678085,-0.6665785312652588,-0.810122013092041,0.8080509305000305,0.5691189765930176,0.09494805335998535,0.8695743083953857,0.6783668398857117,-0.3711469769477844
gaia,00d579ea-0889-4fd9-a771-2c8d79835c8d,1.8500959873199463,0.008440529927611351,-0.5855842232704163,-0.9117889404296875,0.7925909161567688,0.7145999073982239,-0.02104576677083969,0.6003096103668213,0.7595933675765991,-0.41465315222740173
gaia,2d83110e-a098-4ebb-9987-066c06fa42d0,1.848820686340332,0.08879807591438293,-0.44276249408721924,-0.736984133720398,0.672483503818512,0.8630661368370056,0.07758472859859467,1.0746371746063232,0.39260029792785645,-0.40845680236816406
gaia,e9a2c537-8232-4c3f-85b0-b52de6bcba99,1.8469125032424927,0.020870018750429153,-0.6993561387062073,-0.7958730459213257,0.8296661376953125,0.5883356332778931,0.035822201520204544,0.6920203566551208,0.596378743648529,-0.6467188000679016
gaia,14569e28-c88c-43e4-8c32-097d35b9a67d,1.845641016960144,-0.003618260845541954,-0.5556400418281555,-0.7832101583480835,0.8197814226150513,0.7128000855445862,0.24925407767295837,0.7522537708282471,0.71666020154953,-0.40310806035995483
gaia,7619a514-5fa8-43ef-9143-83b66a43d7a4,1.8418400287628174,-0.021920323371887207,-0.6522967219352722,-0.7896724343299866,0.673867404460907,0.6004191637039185,0.09663638472557068,0.7997172474861145,0.7399474382400513,-0.5764477252960205
gaia,a26649c6-1cb2-470a-871e-6910c64c3e53,1.8412376642227173,-0.0231889970600605,-0.6402833461761475,-0.9980484247207642,0.7325159907341003,0.6656197905540466,-0.10119052976369858,0.661050021648407,0.7266184687614441,-0.17106205224990845
gaia,6f37996b-2ac7-44b0-8e68-6d28256631b4,1.8386503458023071,0.08101696521043777,-0.49624812602996826,-1.0887831449508667,0.5796592235565186,0.7207229733467102,-0.1424417793750763,0.6698743104934692,0.7898621559143066,0.02397039532661438
gaia,08f3a05f-5947-4089-a4c4-d4bcfaa6b7a0,1.836836338043213,-0.011739765293896198,-0.5709367990493774,-0.8286017179489136,0.6911227703094482,0.8278839588165283,0.09983287751674652,0.7932867407798767,0.5419175624847412,-0.5151994228363037
gaia,33d8ea3b-6c6b-4ff1-803d-7e270dea8a57,1.8365594148635864,0.049392908811569214,-0.5038537979125977,-0.9973896741867065,0.7467596530914307,0.7180668115615845,-0.0847214087843895,0.647181510925293,0.6284626126289368,-0.4796234667301178
gaia,e1fc63a2-da7a-432f-be78-7c4a95598703,1.832388997077942,0.03801235929131508,-0.6311906576156616,-0.8210177421569824,0.7156341075897217,0.7003836631774902,-0.19004836678504944,0.6815819144248962,0.6246662735939026,-0.6258018016815186
gaia,48eb8242-1099-4c26-95d4-ef22b002457a,1.8278909921646118,-0.014521190896630287,-0.6265032887458801,-0.8748366832733154,0.6691729426383972,0.6712502837181091,0.20812702178955078,0.6311043500900269,0.827467143535614,-0.39832043647766113
gaia,2dfc4c37-fec1-4518-84a7-10095d30ad75,1.827760934829712,-0.04611290246248245,-0.5449930429458618,-0.8484461307525635,0.7297334671020508,0.5522562861442566,0.2794851064682007,0.7799592614173889,0.738073468208313,-0.5051068663597107
gaia,023e9d44-96ae-4eed-b912-244ee8c3b994,1.8219233751296997,-0.07426523417234421,-0.505480170249939,-0.711097776889801,0.7255417108535767,0.8367644548416138,0.018725451081991196,0.643082857131958,0.7907639145851135,-0.5407726168632507
gaia,db4fd70a-2d37-40ea-873f-9433dc5e301f,1.8190743923187256,-0.013781426474452019,-0.6233487129211426,-0.8273342251777649,0.6323898434638977,0.6926556825637817,0.14327549934387207,0.6592833399772644,0.7612306475639343,-0.5671355724334717
gaia,4b6bb5f7-f634-410e-815d-e673ab7f8632,1.8162888288497925,0.02523638680577278,-0.5739284157752991,-0.7288438081741333,0.6642343401908875,0.6989143490791321,0.09413190186023712,0.7718597054481506,0.7409650683403015,-0.595778226852417
gaia,ed58682d-bc52-4baa-9eb0-4eb81e1edacc,1.815629005432129,-0.018920011818408966,-0.4543551802635193,-1.091383695602417,0.6556620597839355,0.6317477822303772,0.03542545810341835,0.6429194211959839,0.7399253845214844,-0.32842665910720825
gaia,840bfca7-4f7b-481a-8794-c560c340185d,1.813767910003662,-0.019771602004766464,-0.43749216198921204,-0.923603892326355,0.6944301128387451,0.6783068776130676,0.041184548288583755,0.7409994006156921,0.7940691709518433,-0.3487902879714966
gaia,872bfbb1-9ccf-49f6-8c5f-aa22818ccd66,1.8090903759002686,0.015138247050344944,-0.626527726650238,-0.719922661781311,0.833179771900177,0.5805782079696655,0.07568781822919846,0.7489032745361328,0.6429187059402466,-0.5922784805297852
gaia,389793a7-ca17-4e82-81cb-2b3a2391b4b9,1.8029121160507202,0.023158499971032143,-0.38712358474731445,-0.8237870931625366,0.680759072303772,0.7750274538993835,0.26667678356170654,0.8158608675003052,0.7094829082489014,-0.34320586919784546
gaia,544b7f0c-173a-4377-8d56-57b36eb26ddf,1.7939047813415527,0.026416877284646034,-0.6555672883987427,-0.9158436059951782,0.5323599576950073,0.7204016447067261,-0.08162180334329605,0.7913945913314819,0.6340197324752808,-0.3349956274032593
gaia,b7f857e4-d8aa-4387-af2a-0e844df5b9d8,1.7913868427276611,0.006709032692015171,-0.4182380437850952,-0.9509372115135193,0.6253434419631958,0.7139880657196045,-0.11999873071908951,0.6792267560958862,0.7581267952919006,-0.42252129316329956
gaia,c61d22de-5f6c-4958-a7f6-5e9707bd3466,1.7874640226364136,0.014079561457037926,-0.6450014114379883,-0.8367382287979126,0.6332578063011169,0.7937196493148804,0.15604929625988007,0.6604629755020142,0.6661098599433899,-0.37894386053085327
gaia,e0c10771-d627-4fd7-9694-05348e54ee36,1.7810378074645996,0.09495701640844345,-0.4269227385520935,-1.0103960037231445,0.711031436920166,0.6318899989128113,0.08295293152332306,0.6482529044151306,0.6866753697395325,-0.40675032138824463
gaia,a1e91b78-d3d8-4675-bb8d-62741b4b68a6,1.7729058265686035,0.012386872433125973,-0.6345133185386658,-0.7906538844108582,0.5511313080787659,0.8183829188346863,0.05790582299232483,0.7341258525848389,0.6708323359489441,-0.3868437111377716
gaia,4b650a35-8529-4695-89ed-8dc7a500a498,1.7687995433807373,0.05146098509430885,-0.5246665477752686,-0.9197627902030945,0.6138579249382019,0.7258201837539673,0.2115146815776825,0.6922703385353088,0.6333004236221313,-0.42276549339294434
gaia,a3fbeb63-0e8c-4a11-bff6-0e3b484c3e9c,1.768507480621338,0.04235868901014328,-0.5356447100639343,-0.8607425093650818,0.6249392628669739,0.7346049547195435,0.19858109951019287,0.7088120579719543,0.7281214594841003,-0.3124457001686096
gaia,5cfb274c-0207-4aa7-9575-6ac0bd95d9b2,1.7563426494598389,0.0034405714832246304,-0.49011415243148804,-0.8842917084693909,0.6653104424476624,0.7359920740127563,-0.02804557979106903,0.7154046893119812,0.6856873631477356,-0.3089921772480011
gaia,50ad0280-0819-4bd9-b275-5de32d3b5bcb,1.7551283836364746,-0.02016534097492695,-0.5126497745513916,-0.7711884379386902,0.7048797011375427,0.7724875807762146,0.025747690349817276,0.5506682395935059,0.7857642769813538,-0.45608973503112793
gaia,dd3c7503-f62a-4bd0-9f67-1b63b94194cc,1.747398853302002,0.04552791640162468,-0.47631415724754333,-0.7765302658081055,0.5858983993530273,0.8894380331039429,-0.22077980637550354,0.768413245677948,0.5365385413169861,-0.4025857746601105
gaia,bda648d7-d618-4883-88f4-3466eabd860e,1.7463668584823608,0.015496188774704933,-0.4150947332382202,-0.9348219037055969,0.5998161435127258,0.676324188709259,0.03188452869653702,0.7378262877464294,0.7543324828147888,-0.2683016061782837
gaia,c365c1c7-a3db-4d5e-a9a1-66f56eae7865,1.7457093000411987,0.0525997057557106,-0.5215555429458618,-0.6982163190841675,0.604620099067688,0.5792912244796753,0.12049633264541626,0.7913604974746704,0.7803352475166321,-0.5806353092193604
gaia,8d46b8d6-b38a-47ff-ac74-cda14cf2d19b,1.7352834939956665,-0.011980288662016392,-0.3903106153011322,-0.933037281036377,0.6182637214660645,0.4489479959011078,0.15966123342514038,0.5027109384536743,0.9888436794281006,-0.3853336572647095
gaia,9f41b083-683e-4dcf-9185-ccfeaa88fa45,1.7326288223266602,0.01822403073310852,-0.44886547327041626,-0.7027146816253662,0.7064622044563293,0.6852588057518005,0.053801193833351135,0.7066706418991089,0.7666341066360474,-0.49803659319877625
gaia,9d191bce-651d-4746-be2d-7ef8ecadb9c2,1.7294725179672241,0.008646669797599316,-0.4630066156387329,-0.9743776917457581,0.6000746488571167,0.7040634751319885,-0.1749744713306427,0.5496920943260193,0.7172722816467285,-0.35247159004211426
gaia,b9763138-c053-4832-9f55-86200cb1f99c,1.7274572849273682,-0.007615439128130674,-0.5464978218078613,-0.7189812064170837,0.5437028408050537,0.8089417219161987,0.07988693565130234,0.649564266204834,0.7362871766090393,-0.4980771541595459
gaia,2a649bb1-795f-4a01-b3be-9a01868dae73,1.7140798568725586,0.03333715349435806,-0.44397562742233276,-0.8507590293884277,0.5595518946647644,0.6820594668388367,0.0492231547832489,0.6671572923660278,0.7925293445587158,-0.40402522683143616
gaia,c3a79cfe-8206-451f-aca8-3fec8ebe51d3,1.687547206878662,0.01518201269209385,-0.3951755464076996,-0.7596747279167175,0.7696136832237244,0.7811595797538757,0.16909140348434448,0.510470986366272,0.6824207901954651,-0.3964340388774872
gaia,e29834fd-413a-455c-a33e-c3915b07401c,1.6837488412857056,-0.011131483130156994,-0.48473280668258667,-0.8606775999069214,0.5782292485237122,0.5409692525863647,0.16748777031898499,0.7600804567337036,0.6830005049705505,-0.4000214636325836
online_mind2web,05483c50cc9b04c8ac44c574758fb2bd,1.6306637525558472,-0.08576441556215286,-0.3550204634666443,-0.8369254469871521,0.7315722703933716,0.5503975749015808,-0.14036621153354645,0.19115334749221802,0.5016294717788696,-0.8285956382751465
online_mind2web,75146b7b67388b9244e0f21a1527c022,1.6020348072052002,-0.024683749303221703,-0.28190183639526367,-0.8833003640174866,0.8033432364463806,0.35068830847740173,0.07283894717693329,0.16713827848434448,0.3639344573020935,-0.8790878057479858
online_mind2web,8244409b2c82043f966cad05f9afe132,1.5929436683654785,-0.04379311949014664,-0.48007988929748535,-0.524061381816864,0.860725462436676,0.5306462645530701,-0.10694640129804611,-0.06016530096530914,0.5195909738540649,-0.8514026403427124
online_mind2web,f27b393bbd2082f92b566270c4b74fe6,1.582662582397461,-0.04850505664944649,-0.3443835377693176,-0.752434492111206,0.8477907776832581,0.36046501994132996,0.20741121470928192,0.25766488909721375,0.2867301106452942,-0.8830369710922241
online_mind2web,354b4ddf048815f8fd4163d0d7e1aaa3,1.5823324918746948,0.07914327830076218,-0.36265602707862854,-0.8384835720062256,0.5446429252624512,0.7473766207695007,0.036331966519355774,0.2496374249458313,0.2676905691623688,-0.8238307237625122
online_mind2web,84f806c7fc15576673915f195efa72df,1.5778530836105347,-0.03249287232756615,-0.3075048327445984,-0.739294171333313,0.7695041298866272,0.3400348424911499,0.07858796417713165,0.16553479433059692,0.48414331674575806,-0.934222936630249
online_mind2web,11abb668c751dd56bb41f296a8bb3a13,1.5758721828460693,0.037517376244068146,-0.22590194642543793,-0.7838553786277771,0.6619614362716675,0.5695298910140991,-0.21865761280059814,0.109786257147789,0.37024709582328796,-0.92650306224823
online_mind2web,7211af65d266402f99499053924262e9,1.5665584802627563,-0.03567805513739586,-0.19428439438343048,-0.9761298298835754,0.7194734215736389,0.3442709445953369,0.09869435429573059,0.09211823344230652,0.49853360652923584,-0.748734176158905
online_mind2web,43a1ca251f11c6b0bdd0379766cc49e6,1.560643196105957,-0.00038264779141172767,-0.4581279158592224,-0.959911584854126,0.7167431116104126,0.49951326847076416,0.04151509702205658,-0.004472266882658005,0.449623167514801,-0.5806521773338318
online_mind2web,5dec0e6620849459f29e6465982c597e,1.5583387613296509,-0.02254948765039444,-0.22255265712738037,-0.898523211479187,0.7725461721420288,0.4181602895259857,0.16758160293102264,0.01560138538479805,0.44587427377700806,-0.7567890882492065
online_mind2web,e43cbc8a0bf9e999884928d11006f894,1.5576411485671997,0.002633092226460576,-0.4247998595237732,-0.8873376250267029,0.6546320915222168,0.4980679154396057,-0.010916784405708313,-0.26860272884368896,0.5922322273254395,-0.5990012288093567
online_mind2web,d1807551297ac60ecaaabbd2a2ed301a,1.554516315460205,0.004168256651610136,-0.29808947443962097,-0.8589390516281128,0.8317586183547974,0.48462003469467163,-0.23574042320251465,-0.12242364138364792,0.3254629373550415,-0.6976539492607117
online_mind2web,eb2db4b769c145dbe6ba4f74f3e0de98,1.5497498512268066,-0.035466864705085754,-0.25030815601348877,-0.725792646408081,0.8060466647148132,0.3067359924316406,0.022038757801055908,0.04525551199913025,0.3725747764110565,-0.9628871083259583
online_mind2web,39c388cdc468688c8139cc2bb5157c13,1.5482968091964722,-0.011429129168391228,-0.3971180319786072,-0.7053094506263733,0.7605074048042297,0.578726053237915,-0.14913548529148102,-0.19542336463928223,0.48989468812942505,-0.726866602897644
online_mind2web,ba2a469af584f16da93ce6a7430cf7e5,1.543834924697876,-0.037304360419511795,-0.33761343359947205,-0.7392611503601074,0.7617316842079163,0.41332951188087463,0.16120947897434235,0.07922199368476868,0.4031444787979126,-0.8815157413482666
online_mind2web,8689af4d33ce00bf2cdd8987d3bbfd86,1.5382907390594482,-0.02554071508347988,-0.29299432039260864,-0.8154789805412292,0.6694328784942627,0.5486335754394531,-0.15268827974796295,0.09380730241537094,0.4566807448863983,-0.7909971475601196
online_mind2web,b99c02965196d51e80ac7539e33f335b,1.5369645357131958,-0.008369226939976215,-0.4666319489479065,-0.5547244548797607,0.7980048060417175,0.519029974937439,-0.2003437876701355,-0.16544094681739807,0.5431917905807495,-0.7536747455596924
online_mind2web,82eb3bfedd78456a0230b389f4e7a938,1.5326786041259766,0.08260501176118851,-0.34699496626853943,-0.9428182244300842,0.7568787932395935,0.5588942170143127,-0.09222465753555298,0.18300938606262207,0.2444034069776535,-0.5939974188804626
online_mind2web,f158345f8489e0d1d91e28768c39bca1,1.5315344333648682,-0.027368856593966484,-0.25346165895462036,-0.941582441329956,0.7352458238601685,0.31250232458114624,0.12534771859645844,0.13044387102127075,0.4247484803199768,-0.7371529340744019
online_mind2web,c1d6ea6f2196d25782cc3646ff3090db,1.5308630466461182,-0.03166608884930611,-0.35765841603279114,-0.8779183030128479,0.7590516805648804,0.44461530447006226,-0.014324575662612915,-0.2501611113548279,0.607528030872345,-0.4890431761741638
online_mind2web,c8d7f2aa7eb5dd074c48c9f76f8659ad,1.5296311378479004,0.05686638504266739,-0.378523588180542,-0.779384434223175,0.6836918592453003,0.7987332344055176,-0.3810948133468628,-0.0673835352063179,0.14700102806091309,-0.5588008165359497
online_mind2web,9586827ad04ee2362f4f0076bf0f0468,1.5289407968521118,0.06041516736149788,-0.2347031533718109,-0.879499614238739,0.6950109004974365,0.5798457860946655,-0.3399922251701355,-0.08035891503095627,0.4097386598587036,-0.6323414444923401
online_mind2web,ce616721ce9aeda69890fbccb29677a6,1.5276660919189453,0.08116817474365234,-0.2691413164138794,-0.9197994470596313,0.6831983327865601,0.6040545701980591,-0.16336211562156677,0.09550373256206512,0.5226293802261353,-0.5241222977638245
online_mind2web,16200f51d63f0a47a58fa17acd49e368,1.5272107124328613,0.04994586482644081,-0.48174118995666504,-0.835763692855835,0.5910508632659912,0.6985634565353394,-0.2931596040725708,0.13713333010673523,0.3233647048473358,-0.5959463715553284
online_mind2web,157f4a79d55e8fa3fd55ba772ba40fbc,1.5230345726013184,-0.002532221609726548,-0.39700955152511597,-0.7012693881988525,0.7569290995597839,0.5177217721939087,-0.08460469543933868,-0.16380175948143005,0.5563957691192627,-0.6969192624092102
online_mind2web,1fc28d91d25ccd1c6ba268101326a654,1.5227922201156616,0.03378706052899361,-0.28618407249450684,-0.9454997777938843,0.6091743111610413,0.5770432949066162,-0.3350558876991272,0.15559640526771545,0.29845866560935974,-0.6429640054702759
online_mind2web,7e6993f2c5cd72c44809024f0bc85dc1,1.5223702192306519,-0.030627626925706863,-0.3261423110961914,-0.7296522259712219,0.8099355697631836,0.36616450548171997,0.1397455632686615,0.05644978582859039,0.2814042568206787,-0.887059211730957
online_mind2web,9ef1a8972f375db59c0e6329e11b7939,1.521867036819458,-0.058125756680965424,-0.16279147565364838,-0.786334753036499,0.882564902305603,0.4733646512031555,-0.19492946565151215,0.10987281054258347,0.4351775348186493,-0.6548373103141785
online_mind2web,92a3d4236f167af4afdc08876a902ba6,1.5197020769119263,0.04516536369919777,-0.054761528968811035,-1.0543346405029297,0.6187489032745361,0.6550569534301758,-0.16308915615081787,0.11513878405094147,0.2525593042373657,-0.528472363948822
online_mind2web,b922508886ded315c9835457a6eb43ea,1.5187400579452515,0.03885217383503914,-0.4059569537639618,-0.7483521699905396,0.7509305477142334,0.5414113402366638,-0.19340971112251282,0.04898516833782196,0.35389167070388794,-0.7481111288070679
online_mind2web,7562d9b4e4829a44245aafce2e1f62db,1.5160406827926636,-0.025443164631724358,-0.24825869500637054,-0.9233323335647583,0.7711682915687561,0.45874637365341187,0.009433798491954803,-0.08099041134119034,0.45089882612228394,-0.6075339913368225
online_mind2web,3dca7cbe7d086619d837ff9f5312cebc,1.5137051343917847,-0.028137100860476494,-0.3353232145309448,-0.7014192342758179,0.7957163453102112,0.36692553758621216,0.12557336688041687,0.12003081291913986,0.336927205324173,-0.8805553913116455
online_mind2web,515f2e5811cfdd5e0e669e40f17886d8,1.5129237174987793,-0.04177505150437355,-0.33567923307418823,-0.8279070854187012,0.6696540117263794,0.5534384846687317,-0.06806829571723938,0.19656753540039062,0.3809221684932709,-0.7400832176208496
online_mind2web,fcf4952d2a1d80ea505c555c3c3b54e7,1.5126677751541138,-0.031366609036922455,-0.23344404995441437,-0.6862648129463196,0.7703617811203003,0.3318673074245453,0.0993722528219223,0.07722103595733643,0.4218878746032715,-0.9302085638046265
online_mind2web,34ccd15a8ea8fd3895af83f5ccf62369,1.5096951723098755,0.03229155391454697,-0.04751719534397125,-1.121679425239563,0.538851797580719,0.5337955951690674,-0.16803427040576935,0.14769074320793152,0.26441940665245056,-0.568763792514801
online_mind2web,d1970c16271496cbbe166ecbecc0a1d8,1.5093308687210083,-0.018214484676718712,-0.6268303394317627,-0.6382806897163391,0.7076282501220703,0.523562490940094,-0.11120852082967758,-0.17305049300193787,0.37563544511795044,-0.7207563519477844
online_mind2web,84ef883a37af638c3bcf7561f28ce80a,1.507222056388855,-0.043926339596509933,-0.30391088128089905,-0.6762776970863342,0.7565139532089233,0.38862013816833496,0.19658468663692474,0.1548023521900177,0.34881481528282166,-0.9024327993392944
online_mind2web,5e4e89c9b6fdaee7a41aca5601b82e04,1.5062588453292847,0.015479499474167824,-0.2837187647819519,-0.7067509889602661,0.7161868214607239,0.5604578852653503,-0.27269119024276733,0.23853576183319092,0.37082937359809875,-0.7700725197792053
online_mind2web,b4aa7315e31dfcdc52baf7771be260c9,1.504730463027954,-0.023577289655804634,-0.25165456533432007,-0.8823726773262024,0.7120876312255859,0.4940417408943176,-0.17700117826461792,0.004068572074174881,0.4135925769805908,-0.6846542358398438
online_mind2web,c94551d2b18f9ad0ab31b0bd98ca42e3,1.5014278888702393,0.009661824442446232,-0.30246037244796753,-0.7994102239608765,0.7017889022827148,0.4692504107952118,-0.1357726901769638,0.07694920897483826,0.4868282973766327,-0.7414081692695618
online_mind2web,c2153fc053112e89c2f103869c4d6890,1.4985214471817017,0.049751054495573044,-0.02224472165107727,-1.083378553390503,0.535891056060791,0.5022239089012146,-0.18559673428535461,0.21752381324768066,0.43113136291503906,-0.5141180753707886
online_mind2web,b2f4fde2fce122a93c7b578086cb0585,1.4969698190689087,-0.02877342700958252,-0.4809110164642334,-0.5786669850349426,0.747541606426239,0.43557608127593994,-0.08594509214162827,-0.05109669268131256,0.4138380289077759,-0.8631241321563721
online_mind2web,f05e87c5b92d9869e08806103c1c15a1,1.496588110923767,-0.0058100661262869835,-0.4748590588569641,-0.8028939366340637,0.608151912689209,0.3908582925796509,-0.17732694745063782,-0.3450041115283966,0.556684136390686,-0.6218177080154419
online_mind2web,987bad7c6d4726d64232a8a1c3386888,1.4938466548919678,0.05210334062576294,-0.45316970348358154,-0.8442630171775818,0.720725953578949,0.50935959815979,-0.14393414556980133,-0.11066780239343643,0.39974525570869446,-0.5846207141876221
online_mind2web,a0a18ca6a3529f3e97c771aadd42d3a0,1.493409514427185,-0.0047087762504816055,-0.5071923136711121,-0.7438758015632629,0.7406063079833984,0.4984857141971588,-0.08097784966230392,-0.08551729470491409,0.48242810368537903,-0.6132562756538391
online_mind2web,828c2d98616a9478d5864d847d5a1b28,1.492946743965149,-0.02295791357755661,-0.23889192938804626,-0.7416813373565674,0.6079266667366028,0.58933025598526,-0.051038529723882675,0.09709076583385468,0.39994174242019653,-0.856072187423706
online_mind2web,561693d6eec7bbfba3fefe9e4b26decb,1.4922820329666138,0.02359306626021862,-0.03800380229949951,-0.9941457509994507,0.634966254234314,0.6176702976226807,-0.2296874225139618,0.17988261580467224,0.2895103991031647,-0.5324534177780151
online_mind2web,199be0b54a436daee74247971fc684ee,1.491653561592102,-0.006928175687789917,-0.5144920945167542,-0.7549216151237488,0.7188985347747803,0.41868123412132263,-0.18016687035560608,-0.16726475954055786,0.39830777049064636,-0.6922612190246582
online_mind2web,636b07af4dd97c1793733db1fd1b90b8,1.4913522005081177,-0.025424234569072723,-0.34168168902397156,-0.7473379373550415,0.6868112087249756,0.3213263154029846,0.10292360186576843,0.08572028577327728,0.3759521543979645,-0.9025682806968689
online_mind2web,4e801ba102dfaf22c7cf7a126b107609,1.4907169342041016,-0.045030370354652405,-0.2776883542537689,-0.8241993188858032,0.634930431842804,0.42497819662094116,-0.2442925125360489,0.11747337877750397,0.46269264817237854,-0.7710481882095337
online_mind2web,853afd530c72f4b00ffc32ae854efaf8,1.4897757768630981,0.04300970211625099,-0.10275596380233765,-0.8182073831558228,0.7211285829544067,0.522101640701294,-0.1537378877401352,0.09475326538085938,0.4170103073120117,-0.7350387573242188
online_mind2web,a8b9edd598561d2de901864d5f40fe67,1.488494634628296,-0.0005479335086420178,-0.294756144285202,-0.8557055592536926,0.6483519673347473,0.5733110904693604,-0.09817007184028625,0.019304610788822174,0.33783528208732605,-0.7234047651290894
online_mind2web,0a0fa834ce41b5297c6474293383759d_110325,1.4858546257019043,0.00843637716025114,-0.28567221760749817,-0.8674090504646301,0.7028937935829163,0.5517854690551758,-0.013396933674812317,-0.0637272447347641,0.512800931930542,-0.5549995303153992
online_mind2web,b7258ee05d75e6c50673a59914db412e,1.4847279787063599,-0.03743274509906769,-0.39928939938545227,-0.6763076782226562,0.7494600415229797,0.39483189582824707,0.12522369623184204,0.1287088692188263,0.32705017924308777,-0.8548694252967834
online_mind2web,502e864440283214e0180645015f568b,1.4822406768798828,-0.013428924605250359,-0.27129584550857544,-0.7732337713241577,0.6372687220573425,0.5699583292007446,-0.061795685440301895,-0.0035786591470241547,0.4016667604446411,-0.79335618019104
online_mind2web,dd44c665cec1e9c929a4c5f074e7844a,1.481804609298706,0.013551980257034302,-0.3836878538131714,-0.88370680809021,0.7187080979347229,0.36146390438079834,-0.12010588496923447,-0.05650470405817032,0.41295552253723145,-0.6574518084526062
online_mind2web,816851ff92ff0219acf4364dcc2c4692,1.4809846878051758,0.009611331857740879,-0.2732946574687958,-0.7145788669586182,0.7281931042671204,0.441584974527359,-0.19713717699050903,0.1632486879825592,0.4801456332206726,-0.7659549117088318
online_mind2web,28e7574e7bd6d14f36d2988a5ef2bd23,1.4798688888549805,-0.03767477348446846,-0.41432875394821167,-0.8088687062263489,0.7119065523147583,0.48359760642051697,-0.035544924437999725,0.019023729488253593,0.33607086539268494,-0.713322103023529
online_mind2web,5d542a7ec1fa142ba73cc87d970caf39,1.479569673538208,-0.025487156584858894,-0.39436444640159607,-0.5991134643554688,0.7785547375679016,0.4388708472251892,-0.048304129391908646,0.1709269881248474,0.3863374888896942,-0.8337297439575195
online_mind2web,c0fa2c0e622971955cabf5bcf7b777e8,1.4795318841934204,0.045810848474502563,-0.06991149485111237,-0.9452593922615051,0.6929961442947388,0.5168246030807495,-0.22048422694206238,0.07934165000915527,0.4482710361480713,-0.5361013412475586
online_mind2web,48c73f3f53e2611c4a1052457c1033db,1.4783843755722046,-0.010203585028648376,-0.5066867470741272,-0.6589668989181519,0.6486284136772156,0.5972771644592285,-0.020956121385097504,-0.1908029019832611,0.38885459303855896,-0.7274200320243835
online_mind2web,4091bdd3fa64a5b0d912bc08eaf9c824,1.4783642292022705,0.04502613842487335,-0.3041306734085083,-0.9052820205688477,0.6854089498519897,0.6040734648704529,-0.24554745852947235,0.07599616795778275,0.3505399823188782,-0.4998920261859894
online_mind2web,207e933d1bba815bcb58664b5d82c085,1.4778680801391602,-0.07550548017024994,-0.38151267170906067,-0.8039713501930237,0.6957751512527466,0.4067254960536957,-0.13655385375022888,-0.011538553982973099,0.28951674699783325,-0.8000273108482361
online_mind2web,3ef64f34eae59c9fac7ee9a4f18b4a0c,1.47785222530365,0.03914978727698326,-0.3695400357246399,-0.7606674432754517,0.5716880559921265,0.7786304950714111,0.038660287857055664,0.20684346556663513,0.26279884576797485,-0.6499521732330322
online_mind2web,255bf27c43fd3f9254d6b81a5f36d3a9,1.4766747951507568,-0.043629810214042664,-0.2949579358100891,-0.7712005376815796,0.7570927739143372,0.4128230810165405,-0.04342170059680939,0.15973201394081116,0.5048877000808716,-0.687673032283783
online_mind2web,0e5536aaad9d3462b06cf725e6ed535a,1.4763954877853394,-0.027726953849196434,-0.6025956869125366,-0.5531259775161743,0.7097011804580688,0.49407464265823364,-0.06396284699440002,-0.03802990913391113,0.3886657655239105,-0.7786461114883423
online_mind2web,3443e9c3151fef19a3c3a45eb2c13640,1.4760171175003052,-0.03939758986234665,-0.28025999665260315,-0.7704094648361206,0.7253361344337463,0.3051013648509979,-0.11395150423049927,-0.24234336614608765,0.6374230980873108,-0.639786958694458
online_mind2web,4d3157aab34b54e5f0c4b965dfe930f3,1.475622296333313,0.0058365617878735065,-0.30423471331596375,-0.7239159941673279,0.6500484347343445,0.5740712881088257,-0.07394269108772278,0.07022686302661896,0.47840946912765503,-0.7546207308769226
online_mind2web,b3f8bd9198d9d157e0848109563c4b23,1.4735020399093628,-0.03649522364139557,-0.48368680477142334,-0.565264880657196,0.6775368452072144,0.49497151374816895,0.011253267526626587,-0.05303933471441269,0.43842411041259766,-0.8476572036743164
online_mind2web,0b838cd54f826c59c71f600c56b89a11,1.4733601808547974,-0.03776845335960388,-0.407554030418396,-0.6569727659225464,0.8068417906761169,0.3425140976905823,0.09948009252548218,-0.04969222843647003,0.48239049315452576,-0.7481315732002258
online_mind2web,8f2611047de227a2ca8bda13f6e2e5fb,1.4720032215118408,-0.030582433566451073,-0.3376367688179016,-0.7269324660301208,0.6688693165779114,0.38870322704315186,0.1909400373697281,0.07357342541217804,0.37975701689720154,-0.8601168394088745
online_mind2web,7c09c2c7c87cf6bb1138701eb54284ea,1.4691781997680664,-0.04198141023516655,-0.22864842414855957,-0.6800647974014282,0.7483829855918884,0.331147700548172,0.1321723461151123,0.0202088113874197,0.3296533524990082,-0.9205603003501892
online_mind2web,27fa3ac20745d3d35e89fae157f63069,1.4687789678573608,-0.015475095249712467,-0.29419565200805664,-0.8139938116073608,0.6470020413398743,0.5403100848197937,-0.03271375596523285,-0.05102904886007309,0.3903891444206238,-0.73590087890625
online_mind2web,7072d09436972a5d5fe7476e3e9f1559,1.4686825275421143,-0.020126385614275932,-0.40134865045547485,-0.878574013710022,0.7446955442428589,0.40604695677757263,-0.07668538391590118,-0.06635932624340057,0.28091955184936523,-0.6445226669311523
online_mind2web,d4fb78b7e74508cd3b33f01cf9200997,1.4679542779922485,-0.05177343264222145,-0.3379761874675751,-0.8664699792861938,0.5411859154701233,0.3252114951610565,-0.17915746569633484,0.19822287559509277,0.530186653137207,-0.7340022325515747
online_mind2web,e9f4dfc67e0e6aa37f05f7cc5aa7428c,1.4672907590866089,-0.03363826498389244,-0.21914641559123993,-0.6077567934989929,0.7846639156341553,0.4756779074668884,-0.009375080466270447,0.023476790636777878,0.3114589750766754,-0.8921525478363037
online_mind2web,59b7b990b4828bc305ab0d7ed6071b55,1.467140793800354,-0.01501818560063839,-0.3881264925003052,-0.6986724734306335,0.7312704920768738,0.4198176860809326,-0.13884000480175018,-0.10797742754220963,0.5090432167053223,-0.7159976959228516
online_mind2web,6db4a0e346976f2729ba9afcd3208941,1.4664864540100098,0.01371531467884779,-0.1997159719467163,-0.7463310360908508,0.7066196799278259,0.535010576248169,-0.09250388294458389,0.1640322506427765,0.360404908657074,-0.7763911485671997
online_mind2web,73d08420706ae205a9c5be28b6d4e80f,1.4644696712493896,0.0033232192508876324,-0.26069003343582153,-0.7421836256980896,0.6312717199325562,0.6216796040534973,-0.16032427549362183,0.1178688108921051,0.4534337520599365,-0.7040503025054932
online_mind2web,733f1d8bf79d5bc2240c5357f928ffff,1.4642696380615234,-0.03376953303813934,-0.41285544633865356,-0.6681599020957947,0.7912074327468872,0.3302370309829712,0.10305492579936981,-0.050280384719371796,0.478564590215683,-0.7415929436683655
online_mind2web,78f397336b6fd1cbba0127db7a8cd502,1.4640759229660034,0.01584896817803383,-0.2933007478713989,-0.7966252565383911,0.7484151721000671,0.5402402877807617,-0.19419178366661072,0.06516289710998535,0.3872193396091461,-0.6156306862831116
online_mind2web,c3a333968fc3c43d7f2688f425a0d633,1.4629592895507812,-0.006224073935300112,-0.2690258026123047,-0.8367499709129333,0.8061712384223938,0.2962005138397217,-0.08190367370843887,0.07744236290454865,0.4118727743625641,-0.6691282987594604
online_mind2web,92160852a6bbbc165cee4e14ab0b1d59,1.4627431631088257,-0.03583835810422897,-0.408448189496994,-0.6689724326133728,0.8035250902175903,0.2963257133960724,0.06427666544914246,-0.04116610437631607,0.480089008808136,-0.7453122138977051
online_mind2web,199be0b54a436daee74247971fc684ee_110325,1.4624625444412231,0.00024015249800868332,-0.2804214656352997,-0.7676635384559631,0.75115567445755,0.5273341536521912,-0.17097793519496918,0.027910009026527405,0.4897877871990204,-0.598859429359436
online_mind2web,95cad96f2e43f3c0d8efad1331c77c8c,1.4618247747421265,0.004377620294690132,-0.23101459443569183,-0.8809349536895752,0.526036262512207,0.5665138959884644,-0.24595239758491516,0.19393858313560486,0.24053476750850677,-0.7442469596862793
online_mind2web,046138801a05ddf56ad94e8672942496,1.4607526063919067,-0.06445329636335373,-0.2868858575820923,-0.8774306178092957,0.722500741481781,0.4326470196247101,-0.19324757158756256,-0.011819228529930115,0.30125313997268677,-0.6664695739746094
online_mind2web,e24662008c3be5d56f986f232fcec447,1.4598262310028076,-0.02437361516058445,-0.4207424521446228,-0.8627147674560547,0.5114309787750244,0.5527340769767761,-0.09694566577672958,0.02688060887157917,0.3581247925758362,-0.7101694941520691
online_mind2web,1b867afecf072cb877ebfa4069263746,1.459528923034668,-0.02058008685708046,-0.3803463280200958,-0.8995136022567749,0.6958219408988953,0.4339160621166229,-0.1622556746006012,0.13189300894737244,0.2638656795024872,-0.6250101327896118
online_mind2web,bb5d90e6f2fbc0ae146f7c1998c2b4a1,1.4588366746902466,-0.008492009714245796,-0.22305038571357727,-0.8314980268478394,0.7114167213439941,0.39940476417541504,0.047839581966400146,0.06267421692609787,0.3743070662021637,-0.758355975151062
online_mind2web,d9d8b7d84a3f8d057e368254fe8d65e2,1.4581319093704224,0.014610400423407555,-0.24210849404335022,-0.6520447134971619,0.7213267683982849,0.672833263874054,-0.012801170349121094,0.061863288283348083,0.5117563009262085,-0.6351907849311829
online_mind2web,c801d1c951f59297f526bab84fa86c6e,1.4577196836471558,-0.03327605873346329,-0.40396904945373535,-0.6643931269645691,0.7961410284042358,0.3260505199432373,0.10878558456897736,-0.0533028319478035,0.4715481400489807,-0.7369904518127441
online_mind2web,ec78d3a635e417bc2a80d03ca93d7165,1.4541895389556885,-0.008176409639418125,-0.5066293478012085,-0.607442319393158,0.7802581787109375,0.3769729733467102,-0.2025856226682663,-0.14888456463813782,0.4529796242713928,-0.6853452324867249
online_mind2web,442a450e696a96085257db6297891a4d,1.4539283514022827,0.021491436287760735,-0.251910924911499,-0.7674340009689331,0.5917590260505676,0.37880516052246094,-0.2163354754447937,0.15935400128364563,0.32849884033203125,-0.8875331878662109
online_mind2web,a48e2f1ee8d87eaeea56fe5e730427e6,1.4538679122924805,-0.02607225999236107,-0.23817738890647888,-0.820099949836731,0.8168501257896423,0.3053574562072754,0.09987315535545349,-0.001351822167634964,0.4898061752319336,-0.6116089820861816
online_mind2web,1223b07536a87e0170ff87cbbebd1d3c,1.4537771940231323,-0.0025188946165144444,-0.6112831830978394,-0.5634340643882751,0.6376200318336487,0.5455722808837891,-0.21985769271850586,-0.2554948925971985,0.39208659529685974,-0.671407163143158
online_mind2web,246d654fab7c31d9651007e39e75f74f,1.4505419731140137,-0.017370175570249557,-0.2986362874507904,-0.8353342413902283,0.6624709367752075,0.4837256073951721,-0.1338549256324768,0.09901729226112366,0.38584885001182556,-0.6838462948799133
online_mind2web,da8f3823a827c7d3a492f383808e7912,1.4492663145065308,-0.0706854984164238,-0.37746381759643555,-0.9021514058113098,0.5755196213722229,0.4864138662815094,0.016417503356933594,0.03661248832941055,0.3846830427646637,-0.6531495451927185
online_mind2web,99daaed9a83c266341d28aa40067d376,1.4485901594161987,-0.0034901080653071404,-0.46002522110939026,-0.6386852860450745,0.7878739237785339,0.5895599722862244,-0.014987751841545105,-0.06813239306211472,0.37711381912231445,-0.602879524230957
online_mind2web,15be05973fba714e490cd9c884e4f072,1.4480899572372437,-0.03681081533432007,-0.27489152550697327,-0.7216295003890991,0.5526545643806458,0.639293909072876,-0.1934392750263214,-0.12061601132154465,0.4477370083332062,-0.7308149933815002
online_mind2web,fe33894188d20d7469f37a9fd855e7ff_110325,1.4472054243087769,0.005604881327599287,-0.3118813633918762,-0.769995391368866,0.6394190192222595,0.5936934351921082,-0.1548958122730255,0.1536647081375122,0.2995314598083496,-0.7110466361045837
online_mind2web,ab6ee3b83aab6cd283320f5e01003cff,1.4468519687652588,0.04512953385710716,-0.23860876262187958,-0.745674192905426,0.780058741569519,0.5346453785896301,-0.1754099279642105,0.03431791439652443,0.3724726438522339,-0.6445128321647644
online_mind2web,59912927c1fddee6ded8a49986896bc2,1.4463847875595093,-0.03092237561941147,-0.40901124477386475,-0.6696079969406128,0.7821395993232727,0.3002762198448181,0.09160904586315155,-0.04715350270271301,0.4684174060821533,-0.7378518581390381
online_mind2web,502e864440283214e0180645015f568b_110325,1.4461342096328735,-0.0002259548637084663,-0.32149556279182434,-0.7689315676689148,0.6834450364112854,0.513155460357666,-0.16946133971214294,0.0041466280817985535,0.44009992480278015,-0.6662139892578125
online_mind2web,a5c87cc1c94a090c9a8dc2c8b6a125d0,1.4451431035995483,0.011542927473783493,-0.48092174530029297,-0.8047760128974915,0.7375179529190063,0.5059260129928589,-0.002505563199520111,0.035123370587825775,0.3537416160106659,-0.5321857929229736
online_mind2web,b3a7da968de13bbdcaed12ffe4993df6,1.4450914859771729,-0.03005208447575569,-0.4129261374473572,-0.6668427586555481,0.7796434164047241,0.2993655800819397,0.0949908047914505,-0.049849845468997955,0.46791672706604004,-0.7383659482002258
online_mind2web,e4e097222d13a2560db6f6892612dab6,1.443424105644226,-0.07524585723876953,-0.3926539421081543,-0.8055437803268433,0.6507416367530823,0.47340112924575806,-0.10529642552137375,-0.04918508976697922,0.30228641629219055,-0.7265936136245728
online_mind2web,7fff82864f21ddeccf4104a220892824,1.443368911743164,-0.0317096933722496,-0.4112604558467865,-0.6701959371566772,0.7830455303192139,0.2912519574165344,0.0898216962814331,-0.04749131202697754,0.4613501727581024,-0.7374691367149353
online_mind2web,9d090a15c214eb070d9caa8a034d03c1,1.443071722984314,-0.02944427728652954,-0.4089042544364929,-0.6694190502166748,0.77827388048172,0.29685842990875244,0.09474822878837585,-0.04629910737276077,0.465204656124115,-0.7387559413909912
online_mind2web,644a856c3897665e475e0dce50bf217d,1.4430570602416992,0.024429036304354668,-0.30480408668518066,-0.8032026290893555,0.5215614438056946,0.5320115089416504,-0.15686674416065216,0.029758507385849953,0.44584423303604126,-0.7516924142837524
online_mind2web,949dc965a6c23a95663b3bc2ca2c3a8a,1.442457914352417,-0.034057557582855225,-0.4116765260696411,-0.6664658784866333,0.7705039978027344,0.29441365599632263,0.08708031475543976,-0.045042455196380615,0.47633853554725647,-0.7417308688163757
online_mind2web,71f8de1834599fba443f40dbbfab8edd,1.4422991275787354,0.029775161296129227,-0.2879227101802826,-0.6994683742523193,0.6159980297088623,0.6555805802345276,-0.1860615462064743,0.054966818541288376,0.4039239287376404,-0.7057172656059265
online_mind2web,33bd2cdcea4fcc42a09a8a1e4e5841c6,1.4422214031219482,-0.02326720766723156,-0.21723081171512604,-0.7924097776412964,0.7189649939537048,0.27287161350250244,0.01832585036754608,0.004162553697824478,0.6002764105796814,-0.6729379892349243
online_mind2web,eb323dc584156d0eb3a2b90bb8c4b791,1.4419755935668945,-0.009581576101481915,-0.37132737040519714,-0.7117590308189392,0.6596161723136902,0.46750596165657043,-0.003925755620002747,-0.16271263360977173,0.5733230113983154,-0.6526584625244141
online_mind2web,1bc154377120ec15b18dbabdba49c741,1.4418625831604004,-0.029274726286530495,-0.4085898995399475,-0.6693348288536072,0.7783247828483582,0.294669508934021,0.09122779965400696,-0.047077350318431854,0.46534520387649536,-0.7377724647521973
online_mind2web,96afb3c51146b0c2a9c55f039a5ea6d6,1.4416970014572144,-0.029170876368880272,-0.40984463691711426,-0.6686946153640747,0.7775476574897766,0.296042263507843,0.09228280186653137,-0.048273585736751556,0.4652000069618225,-0.7374864816665649
online_mind2web,0a54069a0ef542e571d1fee7f39c93d5,1.4416519403457642,-0.07394544035196304,-0.3505137264728546,-0.7341033816337585,0.6041692495346069,0.3477674424648285,-0.2669711410999298,-0.09152450412511826,0.48716679215431213,-0.7833570837974548
online_mind2web,c43a7dccf5c44f7b45a821e712dd1970,1.441595435142517,-0.02958531491458416,-0.4098394513130188,-0.6678508520126343,0.7778444290161133,0.29474979639053345,0.09091123938560486,-0.04616481810808182,0.46449363231658936,-0.7390091419219971
online_mind2web,c8c1ff115879b3afd14280beb1559b13,1.4412637948989868,-0.029190165922045708,-0.4108451008796692,-0.668274462223053,0.7767571210861206,0.29785412549972534,0.09131574630737305,-0.04862505942583084,0.46501749753952026,-0.7367794513702393
online_mind2web,7e1047f4803237f319c004f7a7f6bccb,1.4410219192504883,-0.029938722029328346,-0.4089491367340088,-0.669888973236084,0.7751045227050781,0.3014189600944519,0.09854832291603088,-0.0469236746430397,0.4648624658584595,-0.7354608178138733
online_mind2web,a13e4231a3d6a7000c622c56448d97ba,1.440494179725647,-0.028806908056139946,-0.4098993241786957,-0.6696077585220337,0.7761403918266296,0.297635555267334,0.09063960611820221,-0.04877474904060364,0.46495896577835083,-0.735438346862793
online_mind2web,239a29bde438fe44fe17fe1390ef1634,1.4401612281799316,-0.030192798003554344,-0.40685445070266724,-0.6698237061500549,0.7785311937332153,0.28857535123825073,0.08577977120876312,-0.04451041668653488,0.46454140543937683,-0.73847496509552
online_mind2web,f389398d2eeb29e5571e00439c57eb76,1.4398503303527832,-0.030585914850234985,-0.41116809844970703,-0.668749213218689,0.7733051776885986,0.29547661542892456,0.09277671575546265,-0.048550479114055634,0.46742433309555054,-0.7362926602363586
online_mind2web,824eb7bb0ef1ce40bfd49c12182d9428,1.4394536018371582,-0.027982832863926888,-0.416936993598938,-0.6645759344100952,0.7719928622245789,0.31002479791641235,0.07665540277957916,-0.04877118021249771,0.46147823333740234,-0.7370373010635376
online_mind2web,f2be37a9a60fbc25b6b11cf622d17352,1.4390560388565063,-0.02781747840344906,-0.42114806175231934,-0.661044716835022,0.7718603610992432,0.31081151962280273,0.07579611241817474,-0.05322149395942688,0.46181774139404297,-0.7364178895950317
online_mind2web,11857213ca01510f12813740afd59918,1.4383727312088013,-0.019138332456350327,-0.5401605367660522,-0.5636836886405945,0.7366840839385986,0.5067446827888489,-0.025210708379745483,-0.0524105578660965,0.4019508957862854,-0.7035359144210815
online_mind2web,1ab384fb3a791edfb410213cc6b82151,1.4380793571472168,-0.02790052257478237,-0.41822218894958496,-0.6644982695579529,0.7719863057136536,0.3066660165786743,0.07278157770633698,-0.050319425761699677,0.46255216002464294,-0.7347203493118286
online_mind2web,aafd1fddea1558466ac6133934d35156,1.4380359649658203,0.022195518016815186,-0.27179819345474243,-0.8009029626846313,0.6971240639686584,0.43461140990257263,-0.11090569198131561,0.030111446976661682,0.3476018011569977,-0.7373769283294678
online_mind2web,60cbbbd58eb9d28b053aef945f464228,1.4377038478851318,0.06618323922157288,-0.3135397732257843,-0.7478621006011963,0.6051380634307861,0.6712268590927124,-0.08199844509363174,0.172277569770813,0.41857263445854187,-0.6172870397567749
online_mind2web,2c8ef01a92c71ba9ef2e59bb17eea2b3_110325,1.437135934829712,0.02481328323483467,-0.21582046151161194,-0.8798320889472961,0.6657870411872864,0.5959610939025879,-0.11751988530158997,-0.11137071996927261,0.3949519097805023,-0.5138419270515442
online_mind2web,bbbc243b4f18a7a897f0bc84e11d293f,1.43706476688385,0.03239766135811806,-0.2675424814224243,-0.8115624785423279,0.700939416885376,0.5305904150009155,-0.21458999812602997,0.0715620368719101,0.20395871996879578,-0.6850773096084595
online_mind2web,783ce6a3499fa7cf25bc12f8f0ecbbbb,1.4360533952713013,-0.008516589179635048,-0.4121125638484955,-0.7651718258857727,0.5806419253349304,0.5941236019134521,-0.09868071228265762,0.1355510652065277,0.3064088821411133,-0.7034188508987427
online_mind2web,2218042362d8fae73756eb309848c2b2,1.4359771013259888,-0.03733599931001663,-0.3035668134689331,-0.7360930442810059,0.7142243385314941,0.37107133865356445,-0.03543885052204132,0.17392778396606445,0.5721254944801331,-0.6491531133651733
online_mind2web,c181f903ec1107b850032c17cad88393,1.4358760118484497,-0.0030773659236729145,-0.5222337245941162,-0.6842280626296997,0.7438495755195618,0.48815903067588806,-0.1736260950565338,-0.1583842933177948,0.38682591915130615,-0.5695319175720215
online_mind2web,afcebfed28bea091d58f49ea6cb8194b,1.4354455471038818,-0.031452227383852005,-0.47075748443603516,-0.5484008193016052,0.7301455736160278,0.43155521154403687,-0.07028236240148544,-0.0847974494099617,0.411533385515213,-0.7983142137527466
online_mind2web,d1807551297ac60ecaaabbd2a2ed301a_110325,1.4354071617126465,-0.012010046280920506,-0.33403849601745605,-0.6652051210403442,0.6637105345726013,0.5315395593643188,-0.12604732811450958,0.1990373134613037,0.26004818081855774,-0.8124895095825195
online_mind2web,608c595eec271fa5dc03506923519994,1.43533194065094,-0.0033704324159771204,-0.2786174714565277,-0.712376594543457,0.7530696988105774,0.6170619130134583,-0.11107806861400604,0.055240388959646225,0.2505713105201721,-0.6700853705406189
online_mind2web,2207bb4f21786690cfed20b37253fb8b,1.4340651035308838,0.03477585315704346,-0.2787592113018036,-0.8840527534484863,0.629095196723938,0.49135488271713257,-0.3229439854621887,0.019056960940361023,0.18973757326602936,-0.6476420760154724
online_mind2web,301f267f421b93045874726183e8f722,1.4329640865325928,-0.02290646918118,-0.37553200125694275,-0.6459441781044006,0.710850179195404,0.4693302810192108,-0.0010473132133483887,0.06454317271709442,0.32406845688819885,-0.812620222568512
online_mind2web,e7f6cca9a8875f98fee3b711ead3a444,1.4327539205551147,0.07736514508724213,-0.18210217356681824,-0.9117501378059387,0.6353234052658081,0.5924810171127319,-0.23800569772720337,0.07567820698022842,0.32028377056121826,-0.5183715224266052
online_mind2web,26810ed9c123a62992e3eed31db3c5ee,1.4326328039169312,0.023306194692850113,-0.19993169605731964,-0.7550475597381592,0.6010905504226685,0.7093195915222168,-0.22466306388378143,0.036854032427072525,0.16213026642799377,-0.7069689631462097
online_mind2web,6ca20f1da01edeb49a7a42c816d8c6fe,1.432012677192688,0.04586920887231827,-0.49681806564331055,-0.9301811456680298,0.45053181052207947,0.5571235418319702,-0.05205373838543892,0.059077247977256775,0.2658810019493103,-0.5902010202407837
online_mind2web,2fc51dd3febd447f0fdcdabca8d944ce,1.431915521621704,-0.014961430802941322,-0.547661542892456,-0.5853673219680786,0.714365541934967,0.49497249722480774,-0.014394789934158325,-0.04288148134946823,0.39596572518348694,-0.7025974988937378
online_mind2web,9f1cba613830ca1c6a58f9498c06e679_110325,1.429937481880188,-0.00926209520548582,-0.29908037185668945,-0.8184865713119507,0.7099995017051697,0.4005993604660034,-0.12814296782016754,-0.04481920599937439,0.5032628774642944,-0.5908211469650269
online_mind2web,d8e2a81fa621ce4737e5ea85671b630e_110325,1.429747223854065,-0.004187182988971472,-0.3289746046066284,-0.6986849308013916,0.7229540944099426,0.5066890716552734,-0.04934844747185707,0.13257762789726257,0.30141666531562805,-0.7466805577278137
online_mind2web,871e7771cecb989972f138ecc373107b,1.428537368774414,0.035871125757694244,-0.2130647897720337,-0.8563950657844543,0.6125894784927368,0.591718852519989,-0.24507176876068115,0.015313688665628433,0.3434854745864868,-0.598528265953064
online_mind2web,bb518416a786fdb9b9bbf0c78515595e,1.4283151626586914,-0.0245885718613863,-0.5837012529373169,-0.5044682025909424,0.6304425597190857,0.5089136958122253,-0.09248396754264832,-0.052757009863853455,0.4080193340778351,-0.7814227342605591
online_mind2web,c6c9dc6079677cef594cec2fa6b16602,1.4277230501174927,-0.030467091128230095,-0.5536577701568604,-0.6103737354278564,0.6659471392631531,0.527776837348938,0.0023707300424575806,-0.18067598342895508,0.3908085525035858,-0.6722240447998047
online_mind2web,905cb53061c33aa2d77e485fe1fca516,1.4272722005844116,-0.030112382024526596,-0.1301228255033493,-0.78569096326828,0.7914903163909912,0.3160303831100464,0.1110074520111084,0.10958582162857056,0.4284430742263794,-0.6845701932907104
online_mind2web,4e0f5561a76478da87995dee00b09572,1.4264541864395142,-0.021207381039857864,-0.25034263730049133,-0.6930123567581177,0.6100915670394897,0.6382460594177246,-0.15264420211315155,0.20516976714134216,0.2904246151447296,-0.7500153183937073
online_mind2web,c577a14301a725e09ccd269a3e0b271e,1.4260982275009155,-0.0055555859580636024,-0.2549756169319153,-0.8039882779121399,0.7734792828559875,0.37894096970558167,-0.010545521974563599,-0.06571627408266068,0.5389386415481567,-0.5344113111495972
online_mind2web,512fd4deab099b8dc0dcfc0ec48a3c63,1.425300121307373,0.02046133391559124,-0.49936842918395996,-0.64445960521698,0.6206461191177368,0.48825615644454956,-0.07012507319450378,0.1671672761440277,0.304240345954895,-0.7859790325164795
online_mind2web,1ab384fb3a791edfb410213cc6b82151_110325,1.4244111776351929,-0.017967024818062782,-0.29994678497314453,-0.7148182392120361,0.653036892414093,0.4156341254711151,-0.13718746602535248,0.07719115912914276,0.3261823356151581,-0.8352431654930115
online_mind2web,ba01ea557b73f864c35ebba0dd6f3cb2,1.423977255821228,-0.04517111927270889,-0.3067849576473236,-0.7477697134017944,0.6483798027038574,0.42417821288108826,-0.1126314178109169,0.018683169037103653,0.3821897804737091,-0.7842241525650024
online_mind2web,33bd2cdcea4fcc42a09a8a1e4e5841c6_110325,1.4238533973693848,-0.01958494633436203,-0.2952940762042999,-0.7426683902740479,0.7480469346046448,0.35091617703437805,0.08602108061313629,0.0235240887850523,0.42446091771125793,-0.7195602655410767
online_mind2web,79f0bd7df6e685f30f20025cc6755c0a_110325,1.4237841367721558,-0.006814990192651749,-0.28583306074142456,-0.8031181693077087,0.7173348665237427,0.3967778980731964,-0.14667844772338867,-0.07554245740175247,0.4938763976097107,-0.5977662801742554
online_mind2web,3f312ae3efc3c3e90ababe050dd4e7ae,1.423715353012085,0.014767901971936226,-0.3503205478191376,-0.728892982006073,0.5598738789558411,0.6019543409347534,-0.14396856725215912,0.07930448651313782,0.28695857524871826,-0.7666725516319275
online_mind2web,8f2611047de227a2ca8bda13f6e2e5fb_110325,1.4234360456466675,0.010956794023513794,-0.24014441668987274,-0.8498947024345398,0.7047855854034424,0.41596168279647827,-0.11047390103340149,-0.11964232474565506,0.41331005096435547,-0.6157020926475525
online_mind2web,fa9adb815b85d259f943d81874a052e5,1.4231423139572144,0.01151099894195795,-0.3110567629337311,-0.7844355702400208,0.5810489058494568,0.5307309031486511,-0.0815703347325325,-0.046831414103507996,0.379110187292099,-0.7357813715934753
online_mind2web,20a460a8fe1971b84411c5b1e6ac4186,1.4228501319885254,0.01724470779299736,-0.30741405487060547,-0.7879753112792969,0.46136361360549927,0.737188458442688,-0.17727530002593994,0.059636786580085754,0.2664232552051544,-0.6684507131576538
online_mind2web,864244b6969e0f8733b0eb1ca06cd51f,1.4223741292953491,0.025087827816605568,-0.17101827263832092,-0.8011674880981445,0.7267094850540161,0.5827157497406006,-0.13538864254951477,0.022494949400424957,0.3465339243412018,-0.5877459049224854
online_mind2web,87f4c5128e36cdb9366a138a7b61bb00,1.4220404624938965,-0.020185591652989388,-0.4323148727416992,-0.8482345342636108,0.557794451713562,0.49182406067848206,-0.04555617272853851,-0.0675339549779892,0.27186933159828186,-0.6944252848625183
online_mind2web,e7301bb694871429bf2eb36c3a72186c,1.4219499826431274,-0.014772315509617329,-0.25597113370895386,-0.8457373976707458,0.7194194197654724,0.22727662324905396,0.03936117887496948,-0.0242803655564785,0.4939156770706177,-0.6525627374649048
online_mind2web,47bfe8a7e0e4e7efc837287b407fbe90,1.4219212532043457,2.622396277729422e-05,-0.38040006160736084,-0.6644591093063354,0.6578442454338074,0.4557608366012573,-0.10521100461483002,0.04890145733952522,0.3990548849105835,-0.7889658808708191
online_mind2web,4f903626f632586fe4728d6664947bab,1.4212373495101929,-0.014285004697740078,-0.24641484022140503,-0.7808741927146912,0.6685522794723511,0.3461330533027649,-0.06994066387414932,0.056118108332157135,0.5538584589958191,-0.6840032339096069
online_mind2web,38203be65401943aea2179c4c680059a,1.4212044477462769,0.062226247042417526,-0.34105703234672546,-0.8184800148010254,0.6392317414283752,0.5223709940910339,-0.17073342204093933,-0.010048653930425644,0.31202566623687744,-0.6522983312606812
online_mind2web,f707d765bca668830745d20807d7bee6,1.4210253953933716,-0.019833166152238846,-0.34602656960487366,-0.6819479465484619,0.6492881774902344,0.5023248195648193,-0.08942800760269165,0.19349509477615356,0.4444359242916107,-0.7194856405258179
online_mind2web,79f0bd7df6e685f30f20025cc6755c0a,1.4208779335021973,-0.028883568942546844,-0.27863824367523193,-0.6079816222190857,0.6750032305717468,0.39125677943229675,0.15511803328990936,0.11949837952852249,0.44456222653388977,-0.8525989055633545
online_mind2web,4639a54f3ab549864fd8d60b7398b1e1,1.4205708503723145,-0.07568640261888504,-0.20249348878860474,-0.6021987199783325,0.7171445488929749,0.48303133249282837,-0.1192673072218895,0.13170580565929413,0.44910264015197754,-0.7959238290786743
online_mind2web,d392e154c1c6ffbb26e2331c3afafc67,1.4203815460205078,0.015882616862654686,-0.35102590918540955,-0.8222559094429016,0.64406418800354,0.5269618630409241,-0.2026340365409851,-0.05889708548784256,0.2845030426979065,-0.6325985193252563
online_mind2web,9ed3827266b3b804f485859c3d00401e,1.419830083847046,-0.012327545322477818,-0.3679092228412628,-0.6323956251144409,0.7105607390403748,0.5291402339935303,0.10028913617134094,0.061142951250076294,0.2781220078468323,-0.7775613069534302
online_mind2web,b69eb4de621e9e265676daac44938f3f,1.4197325706481934,-0.05086455121636391,-0.22313474118709564,-0.5896674990653992,0.6897001266479492,0.5013352036476135,-0.003092460334300995,0.11794635653495789,0.2835218608379364,-0.8926449418067932
online_mind2web,4e3f6a538cc1f7321cfc50260db9545d,1.4195175170898438,0.012221458368003368,-0.19204166531562805,-0.636195957660675,0.7132111191749573,0.5598650574684143,-0.21274718642234802,0.1515614539384842,-0.014269232749938965,-0.8263472318649292
online_mind2web,6b5be1764692d1dc8f17dc4375b2daa8,1.4193546772003174,0.03605823218822479,-0.11691305041313171,-0.8130515217781067,0.6294881105422974,0.6180970072746277,-0.08065605163574219,0.16621291637420654,0.1689119189977646,-0.7063170075416565
online_mind2web,d5c34bf39eb6096ae5d439325cde4d32,1.4187865257263184,0.049434784799814224,-0.08986155688762665,-0.8983537554740906,0.48119693994522095,0.7152498960494995,-0.3237318992614746,0.13506127893924713,0.21432730555534363,-0.5345350503921509
online_mind2web,816851ff92ff0219acf4364dcc2c4692_110325,1.4174323081970215,-0.020231811329722404,-0.29785990715026855,-0.7398889064788818,0.7455047965049744,0.33430278301239014,0.07182148098945618,0.02262720838189125,0.425193190574646,-0.7203906774520874
online_mind2web,9c97bab9c2abfb90a426cbe9addae8d0_110325,1.41655695438385,-0.018192173913121223,-0.29594579339027405,-0.7389456629753113,0.7480984330177307,0.3389381170272827,0.06253322958946228,0.02207992598414421,0.4228951930999756,-0.7178024649620056
online_mind2web,1aeca99e6a60b0e3aefb3ef212bdce79,1.4165117740631104,-0.04059283062815666,-0.41254666447639465,-0.6089180707931519,0.649639904499054,0.5603227615356445,-0.014886066317558289,0.12995746731758118,0.3413233757019043,-0.771960973739624
online_mind2web,f2be37a9a60fbc25b6b11cf622d17352_110325,1.416357159614563,-0.018593711778521538,-0.2948421537876129,-0.7438239455223083,0.7438781261444092,0.34183812141418457,0.06804080307483673,0.02383343316614628,0.4212944209575653,-0.7162173390388489
online_mind2web,52efbab520734ef9bf7c09ba0f62cdc8,1.4159704446792603,0.022873766720294952,-0.3142682909965515,-0.8485259413719177,0.520938515663147,0.6651357412338257,-0.14494051039218903,-0.08269394934177399,0.27063611149787903,-0.6093759536743164
online_mind2web,0632e496d37badee0350dad358f047c5,1.4152719974517822,-0.001759831910021603,-0.26481902599334717,-0.9453669190406799,0.5103368759155273,0.6196069717407227,-0.03620462864637375,-0.0024091489613056183,0.35398828983306885,-0.5178478956222534
online_mind2web,b7a9a6b5d451164c09bbd27b670bc2ae,1.4151217937469482,-0.02949134260416031,-0.2145644724369049,-0.7596895098686218,0.6335040926933289,0.5828899145126343,-0.13422931730747223,-0.05099361389875412,0.34142550826072693,-0.7079027891159058
online_mind2web,c7c07ec10c668625a21ba64165d719bb,1.4151127338409424,0.00481019401922822,-0.4062001705169678,-0.5847284197807312,0.6561418175697327,0.5228551626205444,-0.20949116349220276,-0.2776472270488739,0.4404728412628174,-0.690468966960907
online_mind2web,ef289e34a2f59a707cb07e2a6229ff03,1.414828896522522,-0.020260833203792572,-0.43033427000045776,-0.8073488473892212,0.6808363795280457,0.31266143918037415,-0.04099876433610916,-0.21398961544036865,0.4521230459213257,-0.592923104763031
online_mind2web,07ec4a12cba8090e2dc524d558ac7675,1.4146000146865845,0.04222453013062477,-0.12443384528160095,-0.8177006244659424,0.4935155510902405,0.562846839427948,-0.2858920693397522,0.4033624827861786,0.186257466673851,-0.691008985042572
online_mind2web,070c907d34a4ce71dfdbea38f9c5d4d8,1.414313554763794,0.001732897013425827,-0.32958486676216125,-0.7559038400650024,0.7325608730316162,0.5129823684692383,-0.0753447487950325,0.059171080589294434,0.27971506118774414,-0.6580661535263062
online_mind2web,d730f4ff450da1bd60a836163736ef6a_110325,1.413066029548645,-0.01813860610127449,-0.29177209734916687,-0.7451934814453125,0.7395323514938354,0.3405962586402893,0.07248860597610474,0.02449813485145569,0.41916942596435547,-0.7154297828674316
online_mind2web,d02d236836924919f35f2438d9ed2374,1.411939263343811,-0.018133964389562607,-0.35395199060440063,-0.7740399837493896,0.7216850519180298,0.35433822870254517,-0.18227821588516235,0.028872234746813774,0.3866402804851532,-0.6627353429794312
online_mind2web,e7301bb694871429bf2eb36c3a72186c_110325,1.4114059209823608,-0.01797787845134735,-0.29360872507095337,-0.741896390914917,0.7450276613235474,0.3310583233833313,0.059830442070961,0.023915283381938934,0.41891348361968994,-0.7149435877799988
online_mind2web,62f1626ce249c31098854f8b38bdd6cf_110325,1.4113463163375854,-0.017504068091511726,-0.29343196749687195,-0.7437158226966858,0.7387974262237549,0.3413468897342682,0.07006414234638214,0.02467014268040657,0.41795751452445984,-0.7142390012741089
online_mind2web,0059adc6b12a3822305deb68929b2de8,1.411328911781311,0.046078331768512726,-0.1685550957918167,-0.8949838876724243,0.7132800221443176,0.5768172740936279,-0.17557558417320251,0.12436919659376144,0.34722891449928284,-0.39254751801490784
online_mind2web,c577a14301a725e09ccd269a3e0b271e_110325,1.4095561504364014,-0.018206782639026642,-0.29063162207603455,-0.746379554271698,0.7388731837272644,0.33092936873435974,0.06630837917327881,0.02365255355834961,0.4189565181732178,-0.7137022018432617
online_mind2web,d8e2a81fa621ce4737e5ea85671b630e,1.4094644784927368,-0.0701933428645134,-0.4504415988922119,-0.6650844216346741,0.736066997051239,0.443812757730484,-0.18568238615989685,-0.017536912113428116,0.38955947756767273,-0.6450183987617493
online_mind2web,636b07af4dd97c1793733db1fd1b90b8_110325,1.4093570709228516,-0.017572276294231415,-0.2903580367565155,-0.7465024590492249,0.7382059097290039,0.3327232003211975,0.06866683065891266,0.024884726852178574,0.41779133677482605,-0.7135663628578186
online_mind2web,2d5a7f95f951a26838289dfd629ae850_110325,1.4092187881469727,-0.01771816611289978,-0.2920980751514435,-0.7455665469169617,0.7384161353111267,0.33208900690078735,0.0605287104845047,0.02471678890287876,0.4180647134780884,-0.7142215967178345
online_mind2web,6ebde509dca8f15c0fa1bd74f071e8d6,1.4083688259124756,-0.006747520063072443,-0.1719900369644165,-0.7400512099266052,0.6070690155029297,0.4760253429412842,-0.008550122380256653,0.06701871752738953,0.31394290924072266,-0.8414206504821777
online_mind2web,a0a18ca6a3529f3e97c771aadd42d3a0_110325,1.4081064462661743,-0.017082473263144493,-0.29038265347480774,-0.7467727661132812,0.7371928691864014,0.33283352851867676,0.0660645067691803,0.025310155004262924,0.4172894060611725,-0.7123237252235413
online_mind2web,5e1b8254c123c80178cc28e0afdb14f0_110325,1.4078598022460938,-0.0008418565848842263,-0.30429044365882874,-0.709101676940918,0.6173416376113892,0.5746530294418335,-0.18370351195335388,0.1425524353981018,0.3202582895755768,-0.7201951146125793
online_mind2web,824eb7bb0ef1ce40bfd49c12182d9428_110325,1.4076299667358398,-0.01768174022436142,-0.29129356145858765,-0.7459030747413635,0.7358089685440063,0.33279579877853394,0.06482978165149689,0.0250161811709404,0.4169173836708069,-0.7137101292610168
online_mind2web,2532fd402d3c741b79894e6ff2269f53,1.4074981212615967,0.02332388237118721,-0.18690019845962524,-0.8103232383728027,0.6572185754776001,0.5108080506324768,-0.33271288871765137,0.08633513748645782,0.3507186770439148,-0.5962207913398743
online_mind2web,64345c365f544375357c7b67917f08a0_110325,1.4073433876037598,-0.010178587399423122,-0.32568904757499695,-0.6843687295913696,0.6985517740249634,0.45647674798965454,-0.08300571143627167,0.07978738099336624,0.31711703538894653,-0.7720211148262024
online_mind2web,3c1ffc3f494e423b3c434c79e35da8f3_110325,1.407066822052002,0.022057881578803062,-0.28021693229675293,-0.7880068421363831,0.5600331425666809,0.6495110392570496,-0.3216865062713623,0.04120834916830063,0.3017745614051819,-0.5904326438903809
online_mind2web,8f80e64e44e1fada018997b2fe869683,1.4062162637710571,0.012401871383190155,-0.3614489436149597,-0.9248905181884766,0.6258653998374939,0.32511499524116516,-0.19720673561096191,0.028821593150496483,0.2992610037326813,-0.6038962602615356
online_mind2web,62c8d970b3d13891f355911e5a8f4030,1.4061625003814697,0.026454614475369453,-0.3651735186576843,-0.6435016393661499,0.6998102068901062,0.503939688205719,-0.17791372537612915,0.007368454709649086,0.39146366715431213,-0.7079589366912842
online_mind2web,9d46ccb915eff39ee1ae1e7328f5f20d,1.4061450958251953,-0.015883635729551315,-0.6300272345542908,-0.48370787501335144,0.6747089624404907,0.4305982291698456,-0.15982943773269653,0.0704943984746933,0.3469661474227905,-0.7448415160179138
online_mind2web,bd1e3770b7181f6fce9c35e18caa9785,1.4061193466186523,0.023804424330592155,-0.19563506543636322,-0.759393572807312,0.6595364809036255,0.5931312441825867,-0.12035120278596878,-0.05392567813396454,0.4458240270614624,-0.5993958711624146
online_mind2web,d730f4ff450da1bd60a836163736ef6a,1.4060133695602417,-0.026983676478266716,-0.3179692029953003,-0.8499646186828613,0.7059211730957031,0.11760348081588745,-0.025868438184261322,0.07124392688274384,0.478969931602478,-0.637194812297821
online_mind2web,eb323dc584156d0eb3a2b90bb8c4b791_110325,1.4054174423217773,-0.002327021909877658,-0.29286086559295654,-0.7552490830421448,0.668086588382721,0.3982886075973511,-0.11367236077785492,0.12348330765962601,0.31206947565078735,-0.7671368718147278
online_mind2web,e7f6cca9a8875f98fee3b711ead3a444_110325,1.4048056602478027,0.022418521344661713,-0.2720722258090973,-0.7935788035392761,0.5540774464607239,0.6582005023956299,-0.3045334219932556,0.04307069256901741,0.29901987314224243,-0.5877499580383301
online_mind2web,85b284c18d7e78c9b5a9e074e7aa3b98,1.404367446899414,-0.06918059289455414,-0.3902283310890198,-0.6833368539810181,0.7562288641929626,0.3891931176185608,-0.07486654818058014,-0.039618588984012604,0.43146127462387085,-0.6605556607246399
online_mind2web,9bb63ad0e38d5691a618932a8b31c05a,1.4029227495193481,0.029643602669239044,-0.32085904479026794,-0.7633455395698547,0.7253895998001099,0.4533045291900635,-0.15847939252853394,0.12646135687828064,0.28268900513648987,-0.6556286811828613
online_mind2web,0b51b4fa0295ae80ccd176ebdad6fff6,1.4028246402740479,-0.02549264393746853,-0.264816015958786,-0.7387210130691528,0.7277458310127258,0.3980814814567566,-0.05772135406732559,0.1899985373020172,0.322784423828125,-0.721371591091156
online_mind2web,fb7b4f784cfde003e2548fdf4e8d6b4f,1.4027481079101562,0.0270998477935791,-0.26637178659439087,-0.8041980862617493,0.652914822101593,0.4432360529899597,-0.2721073031425476,0.11909684538841248,0.3670627474784851,-0.6358430981636047
online_mind2web,7680a920359cb1a508fbddb001b98167,1.4025001525878906,-0.028145577758550644,-0.30795833468437195,-0.8159880638122559,0.6818222999572754,0.5606526136398315,-0.15637969970703125,-0.028545252978801727,0.3664555251598358,-0.517261803150177
online_mind2web,180ed2ec377ef3a4af9035a21522091a,1.4021259546279907,-0.00080410938244313,-0.4993251860141754,-0.6494356393814087,0.671249508857727,0.6076250076293945,-0.21685856580734253,-0.247103750705719,0.38660287857055664,-0.4664023518562317
online_mind2web,a172a5d9ffaf5ef02bd550ec4fe24e6d,1.4000381231307983,0.0518820695579052,-0.24922485649585724,-0.89495450258255,0.5022557973861694,0.5362951755523682,-0.12257204949855804,0.05572427809238434,0.31053754687309265,-0.6652926206588745
online_mind2web,b7258ee05d75e6c50673a59914db412e_110325,1.398661494255066,0.01557093858718872,-0.22822390496730804,-0.8367347717285156,0.7038896083831787,0.44269001483917236,-0.059356991201639175,-0.06561186909675598,0.4123042821884155,-0.5786058306694031
online_mind2web,b1ce968a361e1088ce8d2ade6c2c9af0,1.398606300354004,0.009906846098601818,-0.34352946281433105,-0.8513917326927185,0.5229332447052002,0.5411076545715332,-0.032146111130714417,0.07491083443164825,0.34841635823249817,-0.6472430229187012
online_mind2web,f2097f92a10d42a842c14179f422311e,1.3980951309204102,0.01377504225820303,-0.3168265223503113,-0.7354480624198914,0.5997865200042725,0.6078320145606995,-0.16837140917778015,-0.05005793273448944,0.2276342660188675,-0.7081887722015381
online_mind2web,26a0e5c21c145dd8448aa92f35bec5ea,1.396337628364563,0.023455237969756126,-0.3518897294998169,-0.8824933171272278,0.6032717823982239,0.5106784105300903,-0.23030585050582886,0.021830052137374878,0.2214617282152176,-0.565549373626709
online_mind2web,0170ca95038b05fa58d463fe627ac605,1.3961559534072876,0.01587335765361786,-0.2860134243965149,-0.7210900783538818,0.564362108707428,0.6368817090988159,-0.14116694033145905,0.04826170578598976,0.4454459249973297,-0.6345665454864502
online_mind2web,3adeea7627f4343069f38adae40f73d0_110325,1.3951236009597778,0.023571638390421867,-0.26348692178726196,-0.7964568138122559,0.547569990158081,0.6502294540405273,-0.3084110915660858,0.04311000183224678,0.28988325595855713,-0.5822040438652039
online_mind2web,db1ffb5e60578597d1c3aa3c389ac7b1,1.395023226737976,-0.03594808280467987,-0.18285885453224182,-0.8251678943634033,0.6639233231544495,0.30695074796676636,-0.08418362587690353,-0.07267038524150848,0.5224060416221619,-0.6414527297019958
online_mind2web,01abae9608f2d8752a83e08f136f720c,1.3949503898620605,-0.0014062514528632164,-0.17898748815059662,-0.7306752800941467,0.8270787000656128,0.45925551652908325,-0.06008531525731087,0.028885353356599808,0.3269970118999481,-0.6112424731254578
online_mind2web,47b93b9e649eadeb8d96a6e3df715c2d,1.3939043283462524,0.056060466915369034,-0.1899496614933014,-0.7251763343811035,0.5783047080039978,0.6961965560913086,-0.18355174362659454,-0.031998611986637115,0.3709700107574463,-0.6241376399993896
online_mind2web,dd44c665cec1e9c929a4c5f074e7844a_110325,1.3927730321884155,0.0135425990447402,-0.26351940631866455,-0.8648285865783691,0.6615118384361267,0.45343685150146484,-0.030904285609722137,-0.048563152551651,0.44832420349121094,-0.5243421792984009
online_mind2web,bb314cb80f0f8489135cbf59074d11e2,1.3901926279067993,0.039888184517621994,-0.39119917154312134,-0.6904465556144714,0.6526562571525574,0.5387741327285767,-0.11323411017656326,0.08364377915859222,0.2816285789012909,-0.698220431804657
online_mind2web,b962927dfe03bf2274a54381127ed433,1.3900363445281982,0.01697213016450405,-0.4166882634162903,-0.6934674978256226,0.6247491240501404,0.4865151047706604,-0.08640863746404648,0.08322407305240631,0.34979748725891113,-0.7168790102005005
online_mind2web,be9e7dca1222714571ef3d7d59d2a41c,1.3891689777374268,0.03496662154793739,-0.2810426354408264,-0.8178374767303467,0.5925081968307495,0.514188826084137,-0.04950413852930069,0.009227532893419266,0.4555593729019165,-0.5970101952552795
online_mind2web,11857213ca01510f12813740afd59918_110325,1.389022707939148,0.024013031274080276,-0.23077186942100525,-0.8920555114746094,0.6443431377410889,0.4346849322319031,-0.15047556161880493,-0.1456395387649536,0.46486741304397583,-0.46505993604660034
online_mind2web,7abdceee212151f187ee1a1744c57606,1.3883413076400757,0.004926846828311682,-0.3364983797073364,-0.7260358333587646,0.5961114168167114,0.5906473398208618,-0.1518259346485138,-0.011198870837688446,0.2116590142250061,-0.7175955772399902
online_mind2web,9af05e392cf3f5a8ff17aa764ba5bda6,1.3870676755905151,-0.012835043482482433,-0.21224583685398102,-0.808186948299408,0.8322903513908386,0.2133723795413971,0.08313757181167603,-0.018247973173856735,0.4115215837955475,-0.5575951337814331
online_mind2web,8ae510355d978424f490798f900bfa2c,1.3860628604888916,-0.028668604791164398,-0.5065637826919556,-0.5748623609542847,0.7214564085006714,0.3714320957660675,-0.06446615606546402,-0.020347684621810913,0.33760321140289307,-0.7463844418525696
online_mind2web,07bdc595306729a028ba06cc7451a80a,1.3850576877593994,-0.04894019663333893,-0.28603798151016235,-0.5203475952148438,0.6353868246078491,0.5845032334327698,-0.08899753540754318,0.1190856546163559,0.23253066837787628,-0.8627123832702637
online_mind2web,e3ab665e01e7632ce33ac1aeca14aff6,1.3846334218978882,-0.006909424439072609,-0.2804529666900635,-0.6346192955970764,0.5981817841529846,0.6406091451644897,-0.11737372726202011,-0.17442065477371216,0.43893590569496155,-0.656314492225647
online_mind2web,cad62d2be0c53f08a416457486b3db23,1.3843448162078857,-0.00294808903709054,-0.2096903920173645,-0.7775548100471497,0.6192569136619568,0.46699056029319763,0.014760226011276245,0.060696013271808624,0.3165321350097656,-0.7497967481613159
online_mind2web,47e314cc452c540524ffb7cf520285a3,1.3833743333816528,-0.0659412369132042,-0.4005848467350006,-0.6586179137229919,0.7502526640892029,0.3897242844104767,-0.05400903522968292,-0.02158380299806595,0.4092808961868286,-0.6586507558822632
online_mind2web,bfa2de159be6978acf2702be31a2eeeb,1.3830093145370483,0.006577733438462019,-0.3996362090110779,-0.7520071268081665,0.5001364946365356,0.5012633204460144,-0.18612170219421387,0.19209936261177063,0.4154588580131531,-0.664785623550415
online_mind2web,f00e7accfb4a5e09680bdb326e6274ad,1.3827167749404907,0.026284130290150642,-0.23121939599514008,-0.7923020720481873,0.5620585680007935,0.6845148801803589,-0.17591962218284607,0.2129223346710205,0.19444456696510315,-0.576313853263855
online_mind2web,50d91eabde542906937ab4c5b6f8f23a,1.3827011585235596,-0.012391488999128342,-0.18320119380950928,-0.782147228717804,0.6340670585632324,0.48043328523635864,-0.04850255325436592,-0.07051229476928711,0.415199339389801,-0.6737754940986633
online_mind2web,fd787623166785d84093565bf945fd24,1.3826656341552734,0.058182984590530396,-0.10910689830780029,-0.8195173144340515,0.5434924364089966,0.5032089948654175,-0.25842586159706116,0.2767542898654938,0.18331095576286316,-0.7089909315109253
online_mind2web,690d7b4a285fdb1e9dabf973bf46ae4d,1.3824366331100464,-0.02183579094707966,-0.2658017873764038,-0.824744701385498,0.6163210272789001,0.4534777104854584,-0.07427804172039032,0.113795205950737,0.3821498453617096,-0.6405292749404907
online_mind2web,c00437fd76a7a83b57f3dc4e5dbc41f8,1.380847692489624,-0.003476681187748909,-0.277106910943985,-0.7086319327354431,0.6801670789718628,0.40718749165534973,-0.08026459813117981,0.04713589325547218,0.40808823704719543,-0.7239915728569031
online_mind2web,fc53ddd3421411a41c1020a3fdc84ec4,1.380571722984314,-0.014177524484694004,-0.5153394937515259,-0.5024067163467407,0.6894744038581848,0.4250239133834839,-0.11369219422340393,-0.05152679979801178,0.4188624620437622,-0.7354888916015625
online_mind2web,29b7372d5a3884a2ba831af2d117af3c,1.3800818920135498,0.047014933079481125,-0.3194088935852051,-0.7392889261245728,0.5482549667358398,0.5487813353538513,-0.21008016169071198,0.022854352369904518,0.39298534393310547,-0.6746984124183655
online_mind2web,a6f0434ce6aff5f9b03681241b03ad82,1.379631519317627,0.044218264520168304,-0.374880313873291,-0.7949184775352478,0.6236318349838257,0.587730884552002,-0.01288798451423645,0.0607915036380291,0.22811546921730042,-0.5837036967277527
online_mind2web,2dd41b1d0e8f389d0683f4a4627abfe6,1.3793723583221436,0.053819574415683746,-0.2579127252101898,-0.8896636962890625,0.7503808736801147,0.39180243015289307,-0.11688674986362457,0.05647242069244385,0.23084187507629395,-0.5078656673431396
online_mind2web,1c3b747ae12ccee895745f82e3f2ef8a,1.378212571144104,-0.04309873282909393,-0.2038707435131073,-0.7475911378860474,0.662327229976654,0.30230075120925903,-0.05071565881371498,0.09297148883342743,0.42710214853286743,-0.7584978938102722
online_mind2web,cfafe3771369d1d261e9f7ecd44c296d,1.377670407295227,-0.06292954087257385,-0.35476452112197876,-0.6636982560157776,0.7652989625930786,0.5647226572036743,-0.10538812726736069,0.010596327483654022,0.3685266673564911,-0.5291478037834167
online_mind2web,8f80e64e44e1fada018997b2fe869683_110325,1.3752535581588745,0.005075814202427864,-0.2547473609447479,-0.7120171189308167,0.6172047257423401,0.5443567037582397,-0.1866685450077057,0.09785140305757523,0.2606569528579712,-0.7278941869735718
online_mind2web,2c20d87a046fadcb6ff07ee877bfbf37,1.3742859363555908,0.05423888564109802,-0.4488200843334198,-0.6209345459938049,0.6589744687080383,0.532559871673584,-0.12483060359954834,0.2490157186985016,0.14832894504070282,-0.6958466172218323
online_mind2web,d9a8689393effeed75ea0866e44e1def,1.3738375902175903,-0.006079880520701408,-0.24745114147663116,-0.8311557769775391,0.7272701263427734,0.41595783829689026,-0.150710329413414,0.11427902430295944,0.2784876823425293,-0.5657793879508972
online_mind2web,0a0fa834ce41b5297c6474293383759d,1.373445987701416,-0.02347087860107422,-0.28507959842681885,-0.6149099469184875,0.5703481435775757,0.5106320381164551,-0.17361311614513397,-0.03771616518497467,0.57145756483078,-0.6948378086090088
online_mind2web,23204728192da9f73197a613d9681c18,1.3729567527770996,0.025499919429421425,-0.2273097187280655,-0.7836775183677673,0.655076265335083,0.5547366738319397,-0.16645264625549316,0.003296036273241043,0.3011263608932495,-0.6032728552818298
online_mind2web,cf757a775fa1224acfc7998489e199a8,1.372702717781067,0.02820305898785591,-0.27909520268440247,-0.7249740958213806,0.6515695452690125,0.41699811816215515,-0.16541963815689087,0.08826503157615662,0.4847427308559418,-0.6420832872390747
online_mind2web,3adeea7627f4343069f38adae40f73d0,1.3699032068252563,-0.0034880428574979305,-0.16890326142311096,-0.7104431390762329,0.6718092560768127,0.49086934328079224,-0.04914121329784393,0.13148847222328186,0.5454825758934021,-0.5777901411056519
online_mind2web,c698ff3fc0f6cbce39947c597ab5749b,1.3689632415771484,0.009077746421098709,-0.2670195996761322,-0.7747015357017517,0.5247340202331543,0.5578261017799377,-0.21566787362098694,0.131782665848732,0.31912001967430115,-0.6710930466651917
online_mind2web,547f5729c59d5d12a457a3ebb74c31c6,1.3688422441482544,-0.016314033418893814,-0.15766924619674683,-0.7603567242622375,0.6387185454368591,0.5537652373313904,-0.008998103439807892,-0.10972287505865097,0.3307447135448456,-0.6592401266098022
online_mind2web,8fdec8eeffd3491e6526cc78c028120b,1.3686177730560303,0.07507815212011337,-0.17782749235630035,-0.7990864515304565,0.6256660223007202,0.5296506881713867,-0.20986393094062805,0.0738440603017807,0.35458019375801086,-0.5964413285255432
online_mind2web,753f372c189d3b306623cb0c65b50320,1.3685352802276611,-0.013372711837291718,-0.325512558221817,-0.6066409945487976,0.646766185760498,0.45286795496940613,0.02704504132270813,0.07282118499279022,0.40197768807411194,-0.7796800136566162
online_mind2web,1df24ec81137386d6476bcf343a79012,1.3683992624282837,0.02233787253499031,-0.27652567625045776,-0.5912139415740967,0.742089569568634,0.48079222440719604,-0.15449383854866028,0.1054733544588089,0.3515949249267578,-0.7113692760467529
online_mind2web,2d5a7f95f951a26838289dfd629ae850,1.36782705783844,-0.025591133162379265,-0.31011345982551575,-0.8335767984390259,0.5590407252311707,0.4270433187484741,-0.1788112074136734,0.06739817559719086,0.42901918292045593,-0.6037087440490723
online_mind2web,56f8890a837c49f7df766b9c981646f3,1.3672618865966797,0.023869220167398453,-0.12194040417671204,-0.8693345189094543,0.6687384843826294,0.44339674711227417,-0.17320185899734497,0.1592428982257843,0.3363492488861084,-0.5352504849433899
online_mind2web,c073ac1bcf40f84c599affc97edbc396,1.3662235736846924,-0.032206274569034576,-0.27797114849090576,-0.7397564649581909,0.6344076991081238,0.301819384098053,-0.03918730467557907,-0.04785370081663132,0.33459439873695374,-0.7954321503639221
online_mind2web,9829f3087ab1f9c8eba6b6dd2b831d25,1.3662066459655762,-0.030771436169743538,-0.2520976662635803,-0.8195246458053589,0.7501947283744812,0.31680750846862793,-0.03652801364660263,-0.050597190856933594,0.3303109407424927,-0.5959764122962952
online_mind2web,75a1b5dcd2c28508a971d98d51fe5767,1.3633182048797607,0.03980094566941261,-0.22360116243362427,-0.8546983003616333,0.6543356776237488,0.5284465551376343,-0.18077054619789124,0.019565507769584656,0.3215634524822235,-0.48399901390075684
online_mind2web,9b5dfe54a1c14c5c6336bae7374c3bb5,1.3619378805160522,0.051844142377376556,-0.2762923538684845,-0.8205216526985168,0.654447078704834,0.4253690540790558,-0.16858576238155365,-0.08729953318834305,0.3359526991844177,-0.5891818404197693
online_mind2web,2e4e21cf1449c6894b17d571c47b77ea,1.3615247011184692,-0.054244037717580795,-0.3536064326763153,-0.683671772480011,0.6352603435516357,0.4326508343219757,-0.11134586483240128,0.06251539289951324,0.27181100845336914,-0.7618235349655151
online_mind2web,367d843c640637745e8fafa741cca13b,1.361266851425171,-0.011431457474827766,-0.5411242842674255,-0.6268035173416138,0.6265110373497009,0.376185804605484,-0.10678359866142273,-0.11921579390764236,0.43393686413764954,-0.6476117968559265
online_mind2web,bf3b311cc8dce16d3de844f4b5875dfd,1.3604671955108643,0.0802660807967186,-0.3429478704929352,-0.8350211977958679,0.6646972298622131,0.4114229083061218,-0.3068331480026245,0.004417296499013901,0.18124890327453613,-0.5457920432090759
online_mind2web,3084bc225219fcb73dc1cb0f97276c1c,1.3596885204315186,-0.0038687321357429028,-0.34039589762687683,-0.6211644411087036,0.6952247619628906,0.5231958031654358,-0.06585013121366501,0.11839145421981812,0.25061947107315063,-0.713304877281189
online_mind2web,b6d10e9bd19b4009a02dea0e98f4e1ae,1.3587582111358643,0.0555974505841732,-0.2911921739578247,-0.7531780004501343,0.5191100239753723,0.6900747418403625,-0.3168981671333313,-0.009073000401258469,0.21254009008407593,-0.5502686500549316
online_mind2web,c39d6c245f8243993e707d54d2f4acec,1.3579365015029907,-0.00575249083340168,-0.2293606847524643,-0.5924617648124695,0.7481381893157959,0.42532849311828613,-0.21815596520900726,0.030333347618579865,0.3803733289241791,-0.7117325663566589
online_mind2web,005be9dd91c95669d6ddde9ae667125c,1.3576738834381104,0.015786441043019295,-0.31732043623924255,-0.6293743252754211,0.6530406475067139,0.5462709665298462,-0.04572426527738571,0.016669072210788727,0.33932363986968994,-0.7099936008453369
online_mind2web,5916018d1cad999881018cac1216a692,1.3576054573059082,0.047576241195201874,-0.2944643199443817,-0.8034372329711914,0.5430932641029358,0.6498391628265381,0.02723623812198639,0.08938534557819366,0.30316948890686035,-0.5412833094596863
online_mind2web,7be8cd8dba885cddd9af5320f49bc41b,1.3568310737609863,0.07418398559093475,-0.2722538709640503,-0.7876716256141663,0.6699493527412415,0.44207340478897095,-0.20455530285835266,0.006928233429789543,0.25589489936828613,-0.6283373832702637
online_mind2web,0b2623e9fa5cea997f76490bcbc5220f,1.3565603494644165,0.03491984307765961,-0.4087532162666321,-0.629508376121521,0.6564539670944214,0.4678029417991638,-0.20107460021972656,-0.012805473059415817,0.3328307569026947,-0.6897488236427307
online_mind2web,e43cbc8a0bf9e999884928d11006f894_110325,1.3564953804016113,-0.014883117750287056,-0.32752329111099243,-0.6879817247390747,0.6274309158325195,0.4074282646179199,-0.0923127830028534,0.09711986780166626,0.30492842197418213,-0.7673896551132202
online_mind2web,4464a8421f8bc8786524a499258dfad3,1.3564761877059937,-0.045244473963975906,-0.3947433829307556,-0.6656801700592041,0.6830532550811768,0.42790132761001587,-0.03194153308868408,0.10931669920682907,0.33245187997817993,-0.6840463876724243
online_mind2web,47186fac8e7c7277af01144644eb4e0b,1.3560645580291748,-0.002905749250203371,-0.36128050088882446,-0.6448574066162109,0.5716802477836609,0.5380215644836426,-0.0016101598739624023,0.09286992251873016,0.4125092625617981,-0.7053151726722717
online_mind2web,b64f938af842f6a1b4489d0e49a785a7,1.3524134159088135,-0.018879087641835213,-0.3100370466709137,-0.6645883917808533,0.7570749521255493,0.35227805376052856,-0.02443549782037735,-0.3301975727081299,0.48595818877220154,-0.4981726109981537
online_mind2web,415bf9da6f3db3a735ecbba3b0c76c15,1.3511439561843872,-0.0026859932113438845,-0.5083171129226685,-0.6471569538116455,0.6487016677856445,0.3088933229446411,-0.09424076974391937,-0.14547768235206604,0.5280553698539734,-0.5685729384422302
online_mind2web,7b182a5087347d494b48a29dbc0f1d3e,1.3509588241577148,-0.005477388389408588,-0.283977210521698,-0.7394625544548035,0.6473490595817566,0.4275902211666107,-0.11687377095222473,0.09423519670963287,0.25103503465652466,-0.7142753601074219
online_mind2web,fe33894188d20d7469f37a9fd855e7ff,1.3473232984542847,-0.07262106984853745,-0.2832617163658142,-0.7619027495384216,0.5843352675437927,0.45391449332237244,0.004503555595874786,0.09089459478855133,0.3726430833339691,-0.6781711578369141
online_mind2web,3dca7cbe7d086619d837ff9f5312cebc_110325,1.346195101737976,0.01284950040280819,-0.2693273425102234,-0.7088151574134827,0.6179436445236206,0.5761277079582214,-0.13832318782806396,0.16464558243751526,0.27814769744873047,-0.6323763132095337
online_mind2web,3621b099326c7aebd2e2dac6be3b52d1,1.345950961112976,0.05534563958644867,-0.23588082194328308,-0.7188750505447388,0.7202093601226807,0.579993724822998,-0.07090380787849426,0.024482330307364464,0.20861083269119263,-0.5787256956100464
online_mind2web,271b36efd4346721b5542488ff997042,1.3441078662872314,-0.0017607981571927667,-0.2889382839202881,-0.5610312223434448,0.7132879495620728,0.5014796257019043,-0.09084627032279968,0.14031843841075897,0.29053813219070435,-0.7319620847702026
online_mind2web,62f1626ce249c31098854f8b38bdd6cf,1.3437514305114746,0.04116513207554817,-0.19871217012405396,-0.8406509757041931,0.7245160341262817,0.3416314125061035,-0.14154259860515594,0.08815048635005951,0.31820210814476013,-0.5373959541320801
online_mind2web,5c00e9561eae94789443f405525a5869,1.3432915210723877,0.08576679229736328,-0.26461416482925415,-0.7871289849281311,0.7183147668838501,0.45956605672836304,-0.20600631833076477,-0.00543619692325592,0.18515481054782867,-0.5575945973396301
online_mind2web,8103786e0e5976ebf961bd062d5f39cd,1.3395901918411255,0.026213375851511955,-0.21262803673744202,-0.6590816974639893,0.7142375111579895,0.48508161306381226,-0.19199597835540771,0.03274717554450035,0.33439362049102783,-0.6478497385978699
online_mind2web,2c8ef01a92c71ba9ef2e59bb17eea2b3,1.3371082544326782,0.020070252940058708,-0.3314651846885681,-0.6621749401092529,0.6607955694198608,0.526245653629303,-0.07118376344442368,-0.08152177184820175,0.34868207573890686,-0.6266070008277893
online_mind2web,aa4b5cb7114fcc138ade82b4b9716d24,1.336686372756958,-0.0054663605988025665,-0.24414989352226257,-0.703496515750885,0.7833670377731323,0.4683670699596405,-0.1689346581697464,-0.002358637750148773,0.2090114951133728,-0.5717971920967102
online_mind2web,8ea6c3a2ea3f59150619935261a76d19,1.3363583087921143,0.03364117071032524,-0.16028866171836853,-0.9385011792182922,0.5157375335693359,0.4460832178592682,-0.13585785031318665,-0.019330982118844986,0.3962869942188263,-0.48839202523231506
online_mind2web,5e1b8254c123c80178cc28e0afdb14f0,1.3353549242019653,0.03988969326019287,-0.21378010511398315,-0.7790637612342834,0.6975178122520447,0.444545179605484,-0.13954219222068787,0.09385402500629425,0.35038793087005615,-0.5434396862983704
online_mind2web,34992feb69eb8e788faa06868b365c49,1.3347384929656982,0.04423191770911217,-0.35307562351226807,-0.8027042746543884,0.5180773138999939,0.5387307405471802,-0.10510878264904022,-0.08761266618967056,0.3454640507698059,-0.5619841814041138
online_mind2web,64b76158720a69e4a5c31a55d54928bf,1.3328028917312622,-0.0033941243309527636,-0.2999206781387329,-0.73647540807724,0.6553057432174683,0.3502275049686432,0.013965867459774017,-0.021668069064617157,0.34706780314445496,-0.6861556768417358
online_mind2web,ade4c09ad3fdb1607209750924cd232f,1.3324964046478271,0.04809816926717758,-0.18492570519447327,-0.8660058379173279,0.5576749444007874,0.5243830680847168,-0.17208454012870789,0.0970662459731102,0.24384556710720062,-0.5539934635162354
online_mind2web,9d09bc948462db032bac98968b11b008,1.3323886394500732,0.021528907120227814,-0.31538838148117065,-0.7597416043281555,0.5177581310272217,0.46517476439476013,-0.16697432100772858,0.2020522952079773,0.29432693123817444,-0.6773384213447571
online_mind2web,65c4030f22fb6eb101acfee4825f1318,1.33199143409729,0.07730406522750854,-0.25153201818466187,-0.6129051446914673,0.6520103216171265,0.47938773036003113,-0.20975270867347717,0.2066207230091095,0.3291119933128357,-0.6966685652732849
online_mind2web,c09721cc937d4dcfb391a0bc2c574b28,1.3233058452606201,0.004786578938364983,-0.3091828227043152,-0.7649620175361633,0.5700064301490784,0.39457589387893677,-0.21692043542861938,0.08394891768693924,0.4406541585922241,-0.5843815803527832
online_mind2web,627f7a18d85f29a687234f1ade4585c2,1.3229584693908691,0.015125036239624023,-0.3442462682723999,-0.8316722512245178,0.5044683814048767,0.5395569205284119,-0.08715818077325821,-0.026304878294467926,0.3569035530090332,-0.5086808204650879
online_mind2web,b320c68bffc1f3c7f2a8dc9d5478fb27,1.320196270942688,0.09058351814746857,-0.2208651304244995,-0.7485407590866089,0.5105257034301758,0.5978317856788635,-0.03482189029455185,0.029916130006313324,0.3012411594390869,-0.6503310799598694
online_mind2web,461ab9b0c7b20ac5f912704480979c65,1.3194994926452637,0.007535986136645079,-0.376888632774353,-0.5589936971664429,0.5905324816703796,0.5417253971099854,-0.16182276606559753,0.10256411135196686,0.2912219166755676,-0.7230827808380127
online_mind2web,c03ee2be3d73556ab789c0ad1cbd3451,1.3187024593353271,-0.009853413328528404,-0.5629462003707886,-0.4904259145259857,0.6938067078590393,0.444503515958786,-0.028876893222332,0.02804224193096161,0.3226706385612488,-0.6299702525138855
online_mind2web,bc2ce7f206045dd2d322e5695a947219,1.3171319961547852,0.02357589080929756,-0.3545144200325012,-0.641901969909668,0.5058625936508179,0.56584233045578,-0.2638275623321533,0.12311042845249176,0.3726264536380768,-0.6304218769073486
online_mind2web,3ec0f6138d37fadcb989347a6088ec45,1.3139604330062866,0.02788362465798855,-0.14922669529914856,-0.8376705050468445,0.6168192028999329,0.43325647711753845,-0.19908970594406128,0.08445372432470322,0.3779218792915344,-0.49473267793655396
online_mind2web,a7a73c8fa75441fc76df9746c327bdd6,1.3129630088806152,0.02267768606543541,-0.2762488126754761,-0.8812780380249023,0.6585853099822998,0.3391806185245514,-0.14421147108078003,0.0028077811002731323,0.2851332426071167,-0.469066858291626
online_mind2web,dcd26e662a616d373ddd339747c6ce5b,1.3126552104949951,0.006718917284160852,-0.24494105577468872,-0.7024903297424316,0.6816463470458984,0.5065189599990845,-0.07227666676044464,-0.04017268121242523,0.31627172231674194,-0.584385097026825
online_mind2web,f27c0a7b8b0bb33d37698dff227fc8d7,1.3121421337127686,0.002136069117113948,-0.1528581976890564,-0.7586070895195007,0.5384312272071838,0.4838224947452545,-0.11084432899951935,0.14447927474975586,0.42850592732429504,-0.618139386177063
online_mind2web,78baf9dbe7c3532f7d7ef4cc22a7f065,1.3102123737335205,0.0029978014063090086,-0.35730135440826416,-0.73460853099823,0.6507080793380737,0.405895859003067,-0.053396157920360565,-0.03381389379501343,0.3873515725135803,-0.5541969537734985
online_mind2web,d7c955b47af68e01766fa86d0bee08a7,1.3089091777801514,-0.022083159536123276,-0.2957030236721039,-0.6286114454269409,0.5425247550010681,0.3966381251811981,-0.20493356883525848,0.030946288257837296,0.3990551233291626,-0.7594702839851379
online_mind2web,2fc51dd3febd447f0fdcdabca8d944ce_110325,1.3041458129882812,0.024447543546557426,-0.28021493554115295,-0.8383536338806152,0.5568708777427673,0.3950191140174866,-0.13987155258655548,0.010405361652374268,0.3453908860683441,-0.560648500919342
online_mind2web,4c186c6ed888d0c8d4cf4adb39443080,1.302834153175354,0.06131424009799957,-0.2826451361179352,-0.7178015112876892,0.5189129114151001,0.5015682578086853,-0.185792475938797,-0.01669905334711075,0.317986398935318,-0.6674543023109436
online_mind2web,a11ecdff735b51372d536c866011af6f,1.300930380821228,0.06809265166521072,-0.2570415437221527,-0.8659605383872986,0.5068913102149963,0.4999792277812958,-0.3020387291908264,-0.0075431689620018005,0.27417951822280884,-0.45064952969551086
online_mind2web,63d6866fc000fcb1f153e07604bd1395,1.2938010692596436,0.0218268483877182,-0.35739532113075256,-0.617073118686676,0.46163636445999146,0.6056246161460876,-0.02046225219964981,-0.08759710937738419,0.43265655636787415,-0.6246899366378784
online_mind2web,a69d2934fe54fef165490a5a2d95bf38,1.291678547859192,0.01275427732616663,-0.23907843232154846,-0.6782309412956238,0.678837239742279,0.43363726139068604,-0.20318612456321716,-0.024396732449531555,0.3412399888038635,-0.586593508720398
online_mind2web,3ae28b3c440efe87dc700480b78ac608,1.2839200496673584,0.009779462590813637,-0.19014859199523926,-0.7850908041000366,0.6354749798774719,0.4183751344680786,0.03948602080345154,-0.0013248063623905182,0.24668970704078674,-0.5955196619033813
online_mind2web,29526b17a32485742b5ab63507e99417,1.2819063663482666,0.06394769251346588,-0.2650979459285736,-0.7716311812400818,0.5363563299179077,0.6357068419456482,-0.38753437995910645,0.060687750577926636,0.2876601219177246,-0.22175827622413635
online_mind2web,330cd04c773ac498f51afa4665461ec8,1.2817285060882568,-0.007885894738137722,-0.10488656163215637,-0.7213891744613647,0.5807493329048157,0.3479244112968445,0.04577706754207611,0.10125071555376053,0.47614455223083496,-0.6434611678123474
online_mind2web,123e8c2fc453f55fadd1d0b9aaf94df4,1.2816835641860962,0.01634364388883114,-0.2949964106082916,-0.7294082045555115,0.576711893081665,0.44852814078330994,-0.03605947643518448,0.09671482443809509,0.34521907567977905,-0.6000410914421082
online_mind2web,26784156ae9859a0dd6c5920eb106f91,1.2743940353393555,0.04134528338909149,-0.2511664927005768,-0.913424015045166,0.4353233873844147,0.3823614716529846,-0.08092906326055527,0.07592018693685532,0.2029275745153427,-0.5809065103530884
online_mind2web,9c04b71bb8db6cf8e743b2290cbc8797,1.2655925750732422,0.035801004618406296,-0.19117021560668945,-0.7349269390106201,0.6152201294898987,0.37247878313064575,-0.18187710642814636,0.09887352585792542,0.3448698818683624,-0.588246762752533
online_mind2web,6174e5ddd40cfbdc33ee1502f40bac39,1.2654223442077637,0.0009777680970728397,-0.3306214511394501,-0.5107788443565369,0.609803318977356,0.5408521294593811,-0.17439289391040802,0.001663755625486374,0.3509671986103058,-0.6427389979362488
online_mind2web,0e42c3a73f2aece1f854e0ba55b7c8b0,1.2596988677978516,-0.00559952761977911,-0.4783821105957031,-0.5030074119567871,0.6957105398178101,0.34626340866088867,-0.12229601293802261,-0.02541254460811615,0.3286440670490265,-0.6143735647201538
online_mind2web,c3307a70bb12ebf56cc9ec926b368f15,1.258251667022705,0.029346726834774017,-0.24647080898284912,-0.6165687441825867,0.5946112871170044,0.5617967247962952,-0.2217213362455368,0.16498833894729614,0.24886755645275116,-0.5786169171333313
online_mind2web,d71be72aa25c3eab8eea47a0e60382e2,1.2549149990081787,0.05139215290546417,-0.32821905612945557,-0.6535708904266357,0.5915595889091492,0.6302182674407959,-0.002163313329219818,-0.14338117837905884,0.2369402050971985,-0.4648739695549011
online_mind2web,323bd85e3559655d89e5496b951a25e8,1.2533921003341675,0.055952589958906174,-0.26686906814575195,-0.7686264514923096,0.5160148739814758,0.5278519988059998,-0.12316493690013885,0.05326323211193085,0.3564542829990387,-0.4679964780807495
online_mind2web,c521933dad9c0ef9f1dfa2f38b8e4405,1.2530426979064941,0.05458506569266319,-0.13237036764621735,-0.8895057439804077,0.5030512809753418,0.4893316626548767,-0.09900733083486557,0.04800594598054886,0.21879972517490387,-0.45704182982444763
online_mind2web,6b2cfae0ef25c73d1224b6ab74cb8b63,1.2464487552642822,0.0574413426220417,-0.35556209087371826,-0.735842764377594,0.5404607057571411,0.35395628213882446,-0.08055581152439117,0.12272179126739502,0.27611997723579407,-0.6087452173233032
online_mind2web,e4e19e04286f644d747d8c5a79d17fac,1.2463018894195557,0.06790121644735336,-0.1510639786720276,-0.7130168676376343,0.4334542155265808,0.6241997480392456,-0.1542131006717682,0.3217683434486389,0.09149765968322754,-0.5557505488395691
online_mind2web,662ae0f2d3ac851dbcdd245f908277e3,1.2436141967773438,0.05093231424689293,-0.26886656880378723,-0.667087197303772,0.674217939376831,0.4276983439922333,-0.14873142540454865,-0.016593128442764282,0.24071790277957916,-0.558072030544281
online_mind2web,4c572a627b53b0f9a734ab37f21819b8,1.2334481477737427,0.04829360917210579,-0.23581410944461823,-0.7320565581321716,0.5117059946060181,0.37744012475013733,-0.10854160785675049,-0.13138586282730103,0.28491905331611633,-0.6444786190986633
online_mind2web,64345c365f544375357c7b67917f08a0,1.2327842712402344,0.0023394781164824963,-0.23580491542816162,-0.6234869956970215,0.6756595373153687,0.31578725576400757,-0.04864200949668884,-0.006754864007234573,0.351012259721756,-0.6273422837257385
online_mind2web,9c97bab9c2abfb90a426cbe9addae8d0,1.2200114727020264,-0.03310159966349602,-0.2961353063583374,-0.746574342250824,0.4791661202907562,0.4245806038379669,-0.0823250263929367,-0.04853425174951553,0.3431583046913147,-0.5537140369415283
online_mind2web,a96fca87a17d792644e736d1d10d3cbe,1.2134801149368286,-0.003074707929044962,-0.16735374927520752,-0.6303249001502991,0.5766415596008301,0.5128847360610962,-0.13347022235393524,-0.026096206158399582,0.30716705322265625,-0.5820687413215637
online_mind2web,9f1cba613830ca1c6a58f9498c06e679,1.2111108303070068,-0.010849690064787865,-0.06749127805233002,-0.7293843030929565,0.5164913535118103,0.4690236747264862,-0.055793289095163345,-0.012974116951227188,0.3110409080982208,-0.5860536098480225
online_mind2web,3c1ffc3f494e423b3c434c79e35da8f3,1.2049520015716553,-0.020426789298653603,-0.17525210976600647,-0.7889989018440247,0.5958816409111023,0.21576741337776184,-0.05589062348008156,0.0848974660038948,0.33725541830062866,-0.5224689245223999
scicode,14,2.478825092315674,-0.007543863262981176,-0.8990219235420227,-1.080251932144165,1.0414576530456543,-0.3249906301498413,-0.6278262138366699,1.2879621982574463,0.5984799861907959,-0.753621518611908
scicode,8,2.43461275100708,-0.007573912851512432,-0.9458619952201843,-1.2671746015548706,1.0471758842468262,-0.2994227409362793,-0.5513231754302979,1.0616382360458374,0.7207543849945068,-0.538703978061676
scicode,20,2.371124505996704,0.03547985479235649,-0.7941374778747559,-1.1890085935592651,0.9401260614395142,-0.38528215885162354,-0.5316762328147888,1.3086438179016113,0.45519155263900757,-0.5857724547386169
scicode,56,2.347191572189331,0.09997967630624771,-0.8234599828720093,-1.0468065738677979,0.9885591864585876,-0.3984135091304779,-0.5743179321289062,1.3540966510772705,0.45122596621513367,-0.4820900559425354
scicode,16,2.327481269836426,0.02850855141878128,-0.9485887885093689,-0.8051371574401855,0.9841660857200623,-0.2000804841518402,-0.4433639645576477,1.2866662740707397,0.20662689208984375,-0.9827060699462891
scicode,24,2.3033416271209717,-0.012491698376834393,-1.0088046789169312,-0.8976621031761169,1.0192803144454956,-0.4173511266708374,-0.42343512177467346,1.0889451503753662,0.611295223236084,-0.7280136346817017
scicode,39,2.303316116333008,-0.012905489653348923,-1.0164599418640137,-0.8890393376350403,1.0200449228286743,-0.41552653908729553,-0.4254382848739624,1.084357738494873,0.6116349101066589,-0.7332141995429993
scicode,18,2.3031742572784424,-0.012384949252009392,-1.0098154544830322,-0.894538402557373,1.0194262266159058,-0.41604378819465637,-0.42262259125709534,1.0906305313110352,0.6087581515312195,-0.7305428385734558
scicode,64,2.302940607070923,-0.012379814870655537,-1.0105838775634766,-0.894393265247345,1.0198843479156494,-0.4162611961364746,-0.421787828207016,1.0910395383834839,0.6075144410133362,-0.7290627956390381
scicode,21,2.3028149604797363,-0.012215065769851208,-1.0099003314971924,-0.8937180042266846,1.0186394453048706,-0.4152546226978302,-0.4230656027793884,1.0913822650909424,0.6073334813117981,-0.7316488027572632
scicode,46,2.302600622177124,-0.012266232632100582,-1.0100115537643433,-0.8963057994842529,1.0173981189727783,-0.4153653681278229,-0.42518872022628784,1.0911990404129028,0.6082108020782471,-0.7276224493980408
scicode,17,2.302544355392456,-0.012482579797506332,-1.0126192569732666,-0.8934898376464844,1.0183097124099731,-0.41523897647857666,-0.42589041590690613,1.0866622924804688,0.6110466718673706,-0.7300784587860107
scicode,34,2.3025381565093994,-0.011901989579200745,-1.0082612037658691,-0.8980445861816406,1.0165092945098877,-0.4139995276927948,-0.42737001180648804,1.0936096906661987,0.6062955260276794,-0.7264289259910583
scicode,23,2.30249285697937,-0.012081666849553585,-1.0084806680679321,-0.8962288498878479,1.0182815790176392,-0.41460421681404114,-0.4243026077747345,1.0926377773284912,0.6064643263816833,-0.7285128235816956
scicode,48,2.302473545074463,-0.012281877920031548,-1.0099395513534546,-0.896049439907074,1.0179365873336792,-0.41572946310043335,-0.4256022572517395,1.0905125141143799,0.6085875034332275,-0.7271472215652466
scicode,37,2.302432060241699,-0.011986428871750832,-1.0109963417053223,-0.8959825038909912,1.016200304031372,-0.41489723324775696,-0.42795610427856445,1.0909615755081177,0.6079330444335938,-0.72702556848526
scicode,52,2.3024072647094727,-0.012186338193714619,-1.0102888345718384,-0.8954192399978638,1.017592191696167,-0.4150708317756653,-0.42624104022979736,1.089941382408142,0.6087192296981812,-0.7284571528434753
scicode,31,2.302344799041748,-0.01185295544564724,-1.006885290145874,-0.8983055353164673,1.0168029069900513,-0.4141608476638794,-0.42560067772865295,1.0940388441085815,0.6059932112693787,-0.7275428771972656
scicode,57,2.3023109436035156,-0.01177908293902874,-1.009461760520935,-0.8965120315551758,1.0161223411560059,-0.4133569598197937,-0.4279640018939972,1.0934338569641113,0.6055105328559875,-0.7274105548858643
scicode,32,2.3023080825805664,-0.012137134559452534,-1.009734034538269,-0.8958135843276978,1.0167570114135742,-0.41488492488861084,-0.4261547923088074,1.0915980339050293,0.607300877571106,-0.7284537553787231
scicode,40,2.3022360801696777,-0.0117848115041852,-1.0087673664093018,-0.8977697491645813,1.016160488128662,-0.41380050778388977,-0.4266248047351837,1.093478798866272,0.6062069535255432,-0.7264184951782227
scicode,2,2.302232265472412,-0.012016319669783115,-1.0072537660598755,-0.8990700840950012,1.0175856351852417,-0.41536054015159607,-0.42508336901664734,1.0906394720077515,0.609687089920044,-0.7262734174728394
scicode,12,2.3022310733795166,-0.011818226426839828,-1.0094830989837646,-0.8971512317657471,1.01588773727417,-0.4136868417263031,-0.4278097450733185,1.0931024551391602,0.6060547828674316,-0.7266157865524292
scicode,77,2.302213430404663,-0.012072146870195866,-1.009202241897583,-0.8950284123420715,1.0173273086547852,-0.4143005907535553,-0.42511647939682007,1.0918725728988647,0.6068305373191833,-0.7299785017967224
scicode,80,2.3021817207336426,-0.011974435299634933,-1.0071338415145874,-0.8976748585700989,1.0175902843475342,-0.4151274561882019,-0.42459341883659363,1.0926496982574463,0.6074532270431519,-0.7272676825523376
scicode,71,2.30214786529541,-0.012100804597139359,-1.0082699060440063,-0.8976831436157227,1.0165495872497559,-0.41511082649230957,-0.4262998700141907,1.0915942192077637,0.6078647375106812,-0.7272840738296509
scicode,63,2.3021399974823,-0.011802850291132927,-1.0085939168930054,-0.8970344066619873,1.0162922143936157,-0.4132108986377716,-0.4269252121448517,1.0938427448272705,0.6051625609397888,-0.7275600433349609
scicode,26,2.3021161556243896,-0.011875711381435394,-1.00894296169281,-0.8967778086662292,1.0160794258117676,-0.4138796329498291,-0.42739057540893555,1.0925252437591553,0.6066222190856934,-0.7277255058288574
scicode,79,2.302074432373047,-0.012041907757520676,-1.0116996765136719,-0.8933376669883728,1.0172467231750488,-0.41328245401382446,-0.4266971945762634,1.090278148651123,0.6071130037307739,-0.7300703525543213
scicode,50,2.302065372467041,-0.012119515798985958,-1.0100325345993042,-0.8957957625389099,1.01711106300354,-0.4144328236579895,-0.4269395172595978,1.0908137559890747,0.6075242757797241,-0.7275866866111755
scicode,65,2.302020311355591,-0.011931344866752625,-1.008247971534729,-0.8970836997032166,1.0165029764175415,-0.414340078830719,-0.42669346928596497,1.0922558307647705,0.6072781682014465,-0.7274208068847656
scicode,76,2.302011013031006,-0.011722453869879246,-1.0073165893554688,-0.8991180658340454,1.0163472890853882,-0.4136410057544708,-0.4277898967266083,1.0924243927001953,0.6070157885551453,-0.7261059284210205
scicode,54,2.3019983768463135,-0.011949745938181877,-1.0064594745635986,-0.8985319137573242,1.0174230337142944,-0.4145325720310211,-0.42485862970352173,1.0935351848602295,0.6065950989723206,-0.7263662815093994
scicode,9,2.3019652366638184,-0.011673305183649063,-1.0086627006530762,-0.8976312279701233,1.0159435272216797,-0.4136071801185608,-0.42798107862472534,1.0935691595077515,0.6054854393005371,-0.7259582281112671
scicode,33,2.3019299507141113,-0.01160447858273983,-1.0068565607070923,-0.8983335494995117,1.0154613256454468,-0.4134756922721863,-0.42741891741752625,1.094714879989624,0.6052828431129456,-0.7270075678825378
scicode,73,2.301923990249634,-0.011831277050077915,-1.0093563795089722,-0.89617919921875,1.0162508487701416,-0.41320598125457764,-0.4277113080024719,1.092536449432373,0.6060357689857483,-0.727708637714386
scicode,72,2.301905632019043,-0.011866893619298935,-1.0093419551849365,-0.8953362703323364,1.0164772272109985,-0.41332149505615234,-0.4270348846912384,1.0921746492385864,0.6067621111869812,-0.7286607027053833
scicode,67,2.301865577697754,-0.01183543261140585,-1.0098587274551392,-0.8961688280105591,1.0156837701797485,-0.4129154682159424,-0.42904770374298096,1.0926623344421387,0.6054818034172058,-0.7272809743881226
scicode,60,2.3018620014190674,-0.01184828206896782,-1.0080039501190186,-0.8974534869194031,1.0166155099868774,-0.413446843624115,-0.42684242129325867,1.0930551290512085,0.6064370274543762,-0.7265663743019104
scicode,66,2.3018455505371094,-0.011761804111301899,-1.0069267749786377,-0.8985062837600708,1.0161774158477783,-0.41285255551338196,-0.4268639385700226,1.0937098264694214,0.6061617136001587,-0.7268893718719482
scicode,43,2.3018267154693604,-0.011651427485048771,-1.0070245265960693,-0.898982048034668,1.0155518054962158,-0.41299620270729065,-0.4278685748577118,1.094622254371643,0.605353832244873,-0.7256069779396057
scicode,59,2.301806926727295,-0.011931387707591057,-1.010711669921875,-0.89475417137146,1.0159976482391357,-0.41266995668411255,-0.42868930101394653,1.0912402868270874,0.6068474054336548,-0.7285603284835815
scicode,42,2.3016486167907715,-0.011926030740141869,-1.0078086853027344,-0.8982715606689453,1.016536831855774,-0.4142628312110901,-0.4265546202659607,1.0909721851348877,0.6083881258964539,-0.7264639139175415
scicode,27,2.3016481399536133,-0.011975030414760113,-1.0082805156707764,-0.8980848789215088,1.0155534744262695,-0.4147696793079376,-0.4280717968940735,1.0909814834594727,0.6084733009338379,-0.7261472940444946
scicode,55,2.301619052886963,-0.011876198463141918,-1.008274793624878,-0.8975502848625183,1.0159119367599487,-0.4134366810321808,-0.42795518040657043,1.0921506881713867,0.6064997315406799,-0.7269443273544312
scicode,11,2.3015973567962646,-0.011648349463939667,-1.008129596710205,-0.8964998722076416,1.0160982608795166,-0.4125159680843353,-0.42683902382850647,1.095150113105774,0.6037134528160095,-0.7270987033843994
scicode,75,2.301574945449829,-0.011922291480004787,-1.0074419975280762,-0.8981450200080872,1.0158993005752563,-0.41367167234420776,-0.4274320602416992,1.0923408269882202,0.6068207025527954,-0.7268629670143127
scicode,58,2.3015456199645996,-0.011788406409323215,-1.0098886489868164,-0.89634108543396,1.0153225660324097,-0.4126896858215332,-0.4291629195213318,1.0916838645935059,0.606685221195221,-0.7270461320877075
scicode,28,2.3015365600585938,-0.01168839167803526,-1.0075528621673584,-0.8982476592063904,1.014788031578064,-0.4132117033004761,-0.4281947910785675,1.0941543579101562,0.605243444442749,-0.7264129519462585
scicode,13,2.3015356063842773,-0.011872372590005398,-1.0100107192993164,-0.8950483798980713,1.016513466835022,-0.41324448585510254,-0.42751938104629517,1.090688943862915,0.6070759892463684,-0.72859126329422
scicode,69,2.301450490951538,-0.01200735941529274,-1.0116987228393555,-0.8945040702819824,1.0159096717834473,-0.41301804780960083,-0.42887982726097107,1.0892285108566284,0.6083436012268066,-0.7279478311538696
scicode,41,2.301443338394165,-0.011788374744355679,-1.0085362195968628,-0.8956372141838074,1.0161808729171753,-0.41271477937698364,-0.4268503487110138,1.093149185180664,0.6048191785812378,-0.7289656400680542
scicode,62,2.301431179046631,-0.011810668744146824,-1.0101375579833984,-0.8955368995666504,1.0156961679458618,-0.41214701533317566,-0.4286947548389435,1.0915014743804932,0.606444776058197,-0.727864682674408
scicode,35,2.3014276027679443,-0.011964271776378155,-1.0118316411972046,-0.8933783173561096,1.0159786939620972,-0.4130282998085022,-0.4287738502025604,1.0897648334503174,0.6070752739906311,-0.7292883992195129
scicode,45,2.3014044761657715,-0.011801470071077347,-1.010758876800537,-0.8960453867912292,1.0147385597229004,-0.41195181012153625,-0.4303725063800812,1.0915426015853882,0.6062509417533875,-0.7268479466438293
scicode,61,2.3012194633483887,-0.011604784056544304,-1.0076900720596313,-0.8975242376327515,1.0146476030349731,-0.4131154417991638,-0.4284555912017822,1.0939229726791382,0.604754626750946,-0.7269647717475891
scicode,5,2.3012094497680664,-0.01147625781595707,-1.0069572925567627,-0.8983303308486938,1.0147336721420288,-0.4125549793243408,-0.42850637435913086,1.0944422483444214,0.6046697497367859,-0.726409912109375
scicode,68,2.3010895252227783,-0.011760461144149303,-1.0087318420410156,-0.8973731994628906,1.0149967670440674,-0.412308931350708,-0.4297916889190674,1.0919002294540405,0.6062396764755249,-0.7262805104255676
scicode,22,2.3004541397094727,-0.011339457705616951,-1.0072624683380127,-0.8985634446144104,1.0130618810653687,-0.41116607189178467,-0.4314101040363312,1.0936610698699951,0.6049734354019165,-0.7256316542625427
scicode,25,2.2911245822906494,0.04007919132709503,-0.8173794746398926,-1.1143860816955566,0.833548903465271,-0.3911881744861603,-0.606476366519928,1.2356672286987305,0.49826428294181824,-0.5903394818305969
scicode,15,2.261323928833008,-0.016436902806162834,-0.7717760801315308,-1.032936692237854,0.8653785586357117,-0.31243208050727844,-0.3575928211212158,1.2018141746520996,0.5620352625846863,-0.8463939428329468
scicode,53,2.248896360397339,0.057062700390815735,-0.6785494089126587,-1.1719021797180176,0.8580188751220703,-0.40021976828575134,-0.594387412071228,1.118648648262024,0.6380887627601624,-0.5617380738258362
scicode,74,2.2481846809387207,0.07747706025838852,-0.892951488494873,-1.1975455284118652,0.8239442110061646,-0.1804647594690323,-0.5424919128417969,1.2288918495178223,0.3839656412601471,-0.39937824010849
scicode,30,2.231536626815796,0.05211073160171509,-0.882793664932251,-0.6970859169960022,0.9702248573303223,-0.23883244395256042,-0.6235321164131165,1.2477611303329468,0.4366142749786377,-0.7614412903785706
scicode,36,2.222181558609009,0.06425494700670242,-0.7701771259307861,-1.032426118850708,0.8849383592605591,-0.3452790379524231,-0.5800002813339233,1.1781615018844604,0.5288605690002441,-0.6103464961051941
scienceagentbench,96,1.8827662467956543,0.009388599544763565,-0.47177398204803467,-1.1648991107940674,0.6912289261817932,-0.3615911304950714,-0.45439788699150085,0.8972213268280029,0.2564929723739624,-0.528611958026886
scienceagentbench,39,1.8285223245620728,-0.011241217143833637,-0.6201929450035095,-0.9584409594535828,0.6702086329460144,-0.1937791109085083,-0.5724083781242371,0.7835516929626465,0.4609549939632416,-0.6320058107376099
scienceagentbench,93,1.8263739347457886,-0.04505975916981697,-0.48852330446243286,-1.0158134698867798,0.844589352607727,-0.29645463824272156,-0.3205622732639313,0.6766479015350342,0.5054394602775574,-0.6691873073577881
scienceagentbench,77,1.8152655363082886,-0.032514363527297974,-0.6189321279525757,-0.9884817004203796,0.7173676490783691,-0.29810601472854614,-0.4168538749217987,0.684883713722229,0.5786201357841492,-0.5948935747146606
scienceagentbench,47,1.814229965209961,-0.029545722529292107,-0.6005926728248596,-0.8769828081130981,0.6758888959884644,-0.3203677237033844,-0.30198854207992554,0.8291260004043579,0.3115018308162689,-0.852337121963501
scienceagentbench,3,1.7994588613510132,-0.00880241859704256,-0.4215775728225708,-1.1352704763412476,0.6170581579208374,-0.3299407362937927,-0.58930903673172,0.7088027596473694,0.43410593271255493,-0.4936896562576294
scienceagentbench,76,1.795599102973938,-0.026863688603043556,-0.669030487537384,-0.9419995546340942,0.6607666611671448,-0.21950377523899078,-0.5723934769630432,0.8218238949775696,0.2688295245170593,-0.5736883878707886
scienceagentbench,53,1.7763279676437378,0.02633829601109028,-0.6335418820381165,-1.0472009181976318,0.540020227432251,-0.19577932357788086,-0.5974385738372803,0.7526589632034302,0.28214699029922485,-0.5695165991783142
scienceagentbench,13,1.77572500705719,0.020064836367964745,-0.6766560673713684,-0.9038869142532349,0.6516807675361633,-0.2265353500843048,-0.5567954182624817,0.7488528490066528,0.3614670932292938,-0.6331334710121155
scienceagentbench,49,1.7721788883209229,-0.04109062999486923,-0.6658388376235962,-0.922231912612915,0.6118881106376648,-0.18040809035301208,-0.4746018648147583,0.7713252902030945,0.36828526854515076,-0.6956918835639954
scienceagentbench,58,1.7642619609832764,0.060581255704164505,-0.5981239080429077,-0.7790365815162659,0.8309769034385681,-0.34015852212905884,-0.565845787525177,0.7937873601913452,0.14953553676605225,-0.6075351238250732
scienceagentbench,63,1.7481502294540405,-0.030504858121275902,-0.7690476179122925,-0.75205397605896,0.7349532246589661,-0.1774132251739502,-0.4902961850166321,0.700585663318634,0.4418754577636719,-0.6331773996353149
scienceagentbench,40,1.7412008047103882,0.07256422936916351,-0.43334949016571045,-0.788061261177063,0.7545784711837769,-0.20695362985134125,-0.43493860960006714,0.9832971692085266,0.0879545509815216,-0.6685420274734497
scienceagentbench,42,1.7409642934799194,-0.026767561212182045,-0.47611814737319946,-0.801169753074646,0.8756439685821533,-0.46551838517189026,-0.4538484215736389,0.719031810760498,0.4072657525539398,-0.5385953783988953
scienceagentbench,101,1.7403761148452759,-0.03156156465411186,-0.7271006107330322,-0.7120424509048462,0.6950997114181519,-0.16883839666843414,-0.49203580617904663,0.71723473072052,0.48519477248191833,-0.6997288465499878
scienceagentbench,27,1.7398278713226318,-0.0035027486737817526,-0.8926635980606079,-0.759875476360321,0.6414875984191895,-0.080167755484581,-0.6171237826347351,0.5973256826400757,0.4194754362106323,-0.5667534470558167
scienceagentbench,7,1.7365692853927612,-0.004998949356377125,-0.6439929008483887,-0.8481337428092957,0.7195730209350586,-0.3866705596446991,-0.5779768824577332,0.4632408022880554,0.6494960188865662,-0.4937826991081238
scienceagentbench,85,1.736125111579895,0.03243890404701233,-0.6656680107116699,-0.7863497734069824,0.8848272562026978,-0.28470298647880554,-0.2552698254585266,0.8075286746025085,0.14703555405139923,-0.591448187828064
scienceagentbench,97,1.7316312789916992,-0.03215721622109413,-0.5379476547241211,-0.883855402469635,0.6571122407913208,-0.34428882598876953,-0.4283432960510254,0.7702730298042297,0.38992369174957275,-0.6699169278144836
scienceagentbench,25,1.731489658355713,-0.022210806608200073,-0.7522740364074707,-0.7565490007400513,0.6483035087585449,-0.2597620189189911,-0.49813300371170044,0.7082613706588745,0.4065822958946228,-0.6759587526321411
scienceagentbench,79,1.730538010597229,0.11781498789787292,-0.691141664981842,-0.8390032052993774,0.8485273718833923,-0.10244674980640411,-0.5974326133728027,0.7141830921173096,0.12739698588848114,-0.4465995132923126
scienceagentbench,24,1.7291380167007446,-0.00042139162542298436,-0.8353151082992554,-0.923502504825592,0.652568519115448,-0.21616721153259277,-0.3881976008415222,0.6196907162666321,0.3389909863471985,-0.5631227493286133
scienceagentbench,90,1.7288503646850586,0.08618082851171494,-0.5568450689315796,-0.9506577849388123,0.6357368230819702,-0.16796350479125977,-0.3929872512817383,0.9054043292999268,0.2912163734436035,-0.5326545834541321
scienceagentbench,98,1.7249889373779297,-0.015770837664604187,-0.7932627201080322,-0.8565757870674133,0.6335288286209106,-0.18362170457839966,-0.44936633110046387,0.6354281902313232,0.5338051319122314,-0.5356084704399109
scienceagentbench,33,1.724918007850647,-0.026710597798228264,-0.6075813174247742,-0.9019458889961243,0.689617395401001,-0.35686129331588745,-0.4727100729942322,0.7585219144821167,0.2841488718986511,-0.5569627285003662
scienceagentbench,73,1.7202152013778687,0.017155515030026436,-0.6157759428024292,-0.6563116312026978,0.6033464074134827,-0.116029292345047,-0.7614816427230835,0.820427656173706,0.3708743751049042,-0.6174318790435791
scienceagentbench,16,1.7191613912582397,0.052779775112867355,-0.6616857051849365,-0.7968790531158447,0.6907528042793274,-0.33124005794525146,-0.5250028371810913,0.877968430519104,0.32941097021102905,-0.37529200315475464
scienceagentbench,51,1.7147794961929321,-0.044013284146785736,-0.514858067035675,-0.8115832805633545,0.7211248874664307,-0.14988049864768982,-0.4522537589073181,0.8269751667976379,0.5429808497428894,-0.5394330024719238
scienceagentbench,94,1.7146623134613037,0.046437498182058334,-0.5353903770446777,-0.9380923509597778,0.5456366539001465,-0.12652452290058136,-0.7392935752868652,0.8000974655151367,0.29703766107559204,-0.4298100769519806
scienceagentbench,18,1.7129255533218384,0.06430944800376892,-0.6598650217056274,-0.8578596115112305,0.66911780834198,-0.04837296903133392,-0.44366756081581116,0.8633978962898254,0.22513613104820251,-0.56544429063797
scienceagentbench,99,1.7064764499664307,-0.025182709097862244,-0.660760760307312,-0.9262106418609619,0.48297229409217834,-0.18972396850585938,-0.5342198610305786,0.646323025226593,0.4337629973888397,-0.6760611534118652
scienceagentbench,19,1.7058711051940918,-0.014504620805382729,-0.5908011794090271,-0.8667241930961609,0.6288142800331116,-0.17210009694099426,-0.46769264340400696,0.859122633934021,0.47612476348876953,-0.4485424757003784
scienceagentbench,32,1.7006404399871826,-0.014345507137477398,-0.7138428092002869,-0.7366985082626343,0.7804962992668152,-0.3609730005264282,-0.3628252148628235,0.6405261158943176,0.4199552834033966,-0.6181645393371582
scienceagentbench,60,1.7004878520965576,-0.014809179119765759,-0.7145630717277527,-0.7371225953102112,0.7845528721809387,-0.3516390919685364,-0.36024102568626404,0.6390718221664429,0.4221231937408447,-0.6181919574737549
scienceagentbench,21,1.6996971368789673,-0.014235291630029678,-0.7144196033477783,-0.7373707294464111,0.781980574131012,-0.3537716269493103,-0.3626457750797272,0.6401113271713257,0.42049992084503174,-0.6165523529052734
scienceagentbench,64,1.6986860036849976,-0.015024492517113686,-0.7153215408325195,-0.736670732498169,0.7824051380157471,-0.3510059714317322,-0.3567030131816864,0.6349586844444275,0.4245999753475189,-0.620570719242096
scienceagentbench,50,1.6985740661621094,-0.004715763032436371,-0.45238953828811646,-0.9154132604598999,0.671559751033783,-0.23742304742336273,-0.3288421630859375,0.8293792009353638,0.34286683797836304,-0.6492990255355835
scienceagentbench,31,1.6983765363693237,-0.015004693530499935,-0.7165471911430359,-0.7350508570671082,0.782951295375824,-0.35143864154815674,-0.358163058757782,0.6354138851165771,0.42463386058807373,-0.6179612278938293
scienceagentbench,11,1.6981685161590576,0.053024210035800934,-0.6827359795570374,-0.7436438798904419,0.6407685875892639,-0.04700104892253876,-0.5702196359634399,0.8539331555366516,0.21067571640014648,-0.5942317247390747
scienceagentbench,10,1.6979122161865234,-0.01470015849918127,-0.7157204151153564,-0.7351767420768738,0.7821866869926453,-0.34861376881599426,-0.35557612776756287,0.6369523406028748,0.42159759998321533,-0.6220376491546631
scienceagentbench,68,1.6972763538360596,-0.014788489788770676,-0.7153840661048889,-0.7377017140388489,0.780348539352417,-0.3488551378250122,-0.3593422770500183,0.6337944269180298,0.42566126585006714,-0.618154764175415
scienceagentbench,62,1.697257399559021,-0.014554115012288094,-0.7134146094322205,-0.7375006079673767,0.7827114462852478,-0.34930551052093506,-0.355567067861557,0.6367528438568115,0.42244553565979004,-0.6187255382537842
scienceagentbench,34,1.697087287902832,-0.014501224271953106,-0.7136129140853882,-0.7366096377372742,0.7813334465026855,-0.3508322834968567,-0.3586338758468628,0.6373102068901062,0.42211273312568665,-0.6178520321846008
scienceagentbench,30,1.6970449686050415,-0.014654231257736683,-0.7144947052001953,-0.7368243932723999,0.7819360494613647,-0.3494332432746887,-0.35697445273399353,0.6361125111579895,0.4229550063610077,-0.6181102991104126
scienceagentbench,81,1.6970396041870117,0.032788921147584915,-0.8345116376876831,-0.8290961384773254,0.6606718301773071,-0.18013542890548706,-0.5605207681655884,0.6156383752822876,0.3298921287059784,-0.4745256304740906
scienceagentbench,29,1.6969811916351318,-0.014588294550776482,-0.7144958972930908,-0.7374529838562012,0.7809565663337708,-0.3486853241920471,-0.3581157624721527,0.6361440420150757,0.4232448637485504,-0.6179537177085876
scienceagentbench,87,1.696859359741211,-0.01445214543491602,-0.715800404548645,-0.7351802587509155,0.7823954820632935,-0.3476298749446869,-0.3559114933013916,0.6371538639068604,0.4204955995082855,-0.6196994185447693
scienceagentbench,59,1.6968518495559692,-0.014341447502374649,-0.7145515084266663,-0.7371019124984741,0.781330943107605,-0.346893310546875,-0.3574942648410797,0.6376014947891235,0.4209241271018982,-0.6189305782318115
scienceagentbench,9,1.6968021392822266,-0.014588109217584133,-0.7125992774963379,-0.7395050525665283,0.7806284427642822,-0.35075077414512634,-0.35907042026519775,0.6353867650032043,0.4251990020275116,-0.6153236627578735
scienceagentbench,44,1.6967544555664062,-0.014578861184418201,-0.7138624787330627,-0.7378796935081482,0.7806510925292969,-0.34741392731666565,-0.3575167655944824,0.6376023888587952,0.4224672317504883,-0.618031919002533
scienceagentbench,8,1.6966999769210815,-0.01441681943833828,-0.7154614925384521,-0.7358427047729492,0.7823540568351746,-0.3482680320739746,-0.3564241826534271,0.636685848236084,0.42122936248779297,-0.6182488799095154
scienceagentbench,74,1.6966592073440552,-0.014615654945373535,-0.7162136435508728,-0.7363759279251099,0.7806800603866577,-0.3482029139995575,-0.3587658405303955,0.6342587471008301,0.42417028546333313,-0.6179133057594299
scienceagentbench,95,1.696517825126648,-0.01472861785441637,-0.7143944501876831,-0.7388015985488892,0.7794346213340759,-0.3486637473106384,-0.3594965934753418,0.6337087750434875,0.42610281705856323,-0.6168569922447205
scienceagentbench,37,1.6965070962905884,-0.01447934377938509,-0.7150310277938843,-0.7375788688659668,0.7803680896759033,-0.34744077920913696,-0.35892820358276367,0.6354126334190369,0.42351818084716797,-0.61742103099823
scienceagentbench,12,1.6964915990829468,-0.014478964731097221,-0.7165845036506653,-0.7355911135673523,0.7806259989738464,-0.34742364287376404,-0.359139621257782,0.6352773904800415,0.42268988490104675,-0.6182155013084412
scienceagentbench,71,1.6964880228042603,0.04871729016304016,-0.6253137588500977,-0.8861157894134521,0.7840338945388794,-0.11963793635368347,-0.34719333052635193,0.8125497698783875,0.26838061213493347,-0.46906524896621704
scienceagentbench,43,1.696416974067688,-0.01458979956805706,-0.7127056121826172,-0.7391318678855896,0.7806096076965332,-0.34797191619873047,-0.3573664426803589,0.6369909048080444,0.4235691428184509,-0.6166445016860962
scienceagentbench,61,1.6961547136306763,-0.01422201469540596,-0.7130994200706482,-0.7377730011940002,0.7808090448379517,-0.347242146730423,-0.3575024902820587,0.6384752988815308,0.4206974506378174,-0.6176050305366516
scienceagentbench,1,1.696118950843811,-0.01453081052750349,-0.7134862542152405,-0.7382194399833679,0.7804768681526184,-0.3481641411781311,-0.35802873969078064,0.6361253261566162,0.423318088054657,-0.6167561411857605
scienceagentbench,65,1.6960906982421875,-0.014441794715821743,-0.7132942080497742,-0.7378038167953491,0.78048175573349,-0.3478296995162964,-0.35763639211654663,0.6370906233787537,0.4223653972148895,-0.6174644827842712
scienceagentbench,2,1.6960828304290771,-0.014939609915018082,-0.7138401865959167,-0.7379798293113708,0.7826233506202698,-0.34594279527664185,-0.35381314158439636,0.6361322999000549,0.42409220337867737,-0.6169579029083252
scienceagentbench,36,1.696056604385376,-0.014519678428769112,-0.7128351926803589,-0.7386336326599121,0.7806424498558044,-0.3473867177963257,-0.35725486278533936,0.6372483968734741,0.4227454662322998,-0.616752564907074
scienceagentbench,72,1.6960434913635254,-0.01470551174134016,-0.7145330309867859,-0.7375698685646057,0.7808095216751099,-0.3476666510105133,-0.3571247458457947,0.6355510950088501,0.42365148663520813,-0.6168609261512756
scienceagentbench,26,1.6957067251205444,-0.014047575183212757,-0.7137809991836548,-0.7387312650680542,0.7790101766586304,-0.346243292093277,-0.36082786321640015,0.6374205350875854,0.4212901294231415,-0.6160241365432739
scienceagentbench,22,1.6955578327178955,-0.0144687220454216,-0.7146458029747009,-0.7383023500442505,0.77959805727005,-0.34650543332099915,-0.35919490456581116,0.6354271173477173,0.42431092262268066,-0.6151746511459351
scienceagentbench,67,1.6951868534088135,-0.014870510436594486,-0.7106205224990845,-0.7374940514564514,0.78275465965271,-0.3480292856693268,-0.3518716096878052,0.6367881894111633,0.42441627383232117,-0.6176635026931763
scienceagentbench,78,1.6951535940170288,-0.014495162293314934,-0.7138146162033081,-0.7377583980560303,0.7803951501846313,-0.34440580010414124,-0.35658401250839233,0.6368169784545898,0.4227893650531769,-0.6169732809066772
scienceagentbench,5,1.694931983947754,-0.01456034928560257,-0.7128785848617554,-0.7388243675231934,0.7798523306846619,-0.3457885980606079,-0.35709595680236816,0.6359661817550659,0.424701988697052,-0.6153499484062195
scienceagentbench,15,1.694542646408081,-0.014308745041489601,-0.7135831713676453,-0.7388992309570312,0.7778509855270386,-0.34927690029144287,-0.35401293635368347,0.6380980610847473,0.4218367040157318,-0.6154793500900269
scienceagentbench,14,1.688492774963379,0.010305390693247318,-0.44062677025794983,-0.975237250328064,0.8014233708381653,-0.14430579543113708,-0.3557066023349762,0.7324792146682739,0.4109373390674591,-0.4590665102005005
scienceagentbench,17,1.6842910051345825,0.0025231691543012857,-0.7317734956741333,-0.8695816397666931,0.6927444934844971,-0.13979247212409973,-0.4726799428462982,0.6911536455154419,0.2603243589401245,-0.526161789894104
scienceagentbench,56,1.6837257146835327,-0.026568645611405373,-0.634926974773407,-0.8696043491363525,0.5899008512496948,-0.38233673572540283,-0.32116663455963135,0.7566328644752502,0.4499465227127075,-0.5507545471191406
scienceagentbench,38,1.6801480054855347,-0.008416110649704933,-0.637795627117157,-0.9250286221504211,0.5015536546707153,-0.1918981671333313,-0.39649882912635803,0.8228217959403992,0.3796798586845398,-0.5418961048126221
scienceagentbench,45,1.6760684251785278,0.04463859647512436,-0.37152233719825745,-0.9213337898254395,0.641656219959259,-0.27550774812698364,-0.4924977123737335,0.8956800103187561,0.15681716799736023,-0.5150777697563171
scienceagentbench,75,1.6752502918243408,-5.37919404450804e-05,-0.7100697755813599,-0.8795472383499146,0.7096782922744751,-0.32330167293548584,-0.44032561779022217,0.502518355846405,0.5241708755493164,-0.4464612603187561
scienceagentbench,52,1.6710422039031982,0.019870512187480927,-0.5760608911514282,-0.6840952634811401,0.7399563193321228,-0.21917760372161865,-0.45246297121047974,0.7978277802467346,0.33016732335090637,-0.6683661937713623
scienceagentbench,86,1.6697726249694824,0.029721399769186974,-0.6803329586982727,-0.8198546767234802,0.721350371837616,-0.14885535836219788,-0.4137282967567444,0.7020837068557739,0.32132184505462646,-0.5859023928642273
scienceagentbench,20,1.6686185598373413,0.06815505027770996,-0.6229689717292786,-0.7396382093429565,0.7128870487213135,-0.16451454162597656,-0.5685293674468994,0.8046804070472717,0.2330136001110077,-0.5374276041984558
scienceagentbench,83,1.6631836891174316,-0.04464488476514816,-0.4720076322555542,-0.8989580869674683,0.6453951001167297,-0.22625389695167542,-0.414808064699173,0.8125007152557373,0.26830726861953735,-0.6027649641036987
scienceagentbench,48,1.655932068824768,0.03007364459335804,-0.5585935711860657,-0.8539490103721619,0.8325201272964478,-0.1362098604440689,-0.4025824964046478,0.666218101978302,0.3244132995605469,-0.5273037552833557
scienceagentbench,70,1.6507692337036133,-0.016180403530597687,-0.6129208207130432,-0.7711554169654846,0.7630894184112549,-0.2906121015548706,-0.5206565260887146,0.4526117444038391,0.5777586698532104,-0.5274276733398438
scienceagentbench,84,1.6499121189117432,-0.01627294532954693,-0.5525811314582825,-0.9237889647483826,0.5950814485549927,-0.2695332467556,-0.3954032063484192,0.6765967011451721,0.46350109577178955,-0.5547505021095276
scienceagentbench,88,1.6472902297973633,-0.013428609818220139,-0.6611766219139099,-0.7124414443969727,0.6176038980484009,-0.16783130168914795,-0.645846426486969,0.5799885392189026,0.5188291668891907,-0.5801274180412292
scienceagentbench,57,1.6456468105316162,0.09008774161338806,-0.5993149876594543,-0.6592997312545776,0.6974422931671143,-0.008284568786621094,-0.5890158414840698,0.9191076755523682,0.13994187116622925,-0.46531942486763
scienceagentbench,23,1.6347182989120483,-0.02409261092543602,-0.46371349692344666,-0.8233461380004883,0.6639492511749268,-0.07215306162834167,-0.4915413558483124,0.6868607401847839,0.32594943046569824,-0.7167332768440247
scienceagentbench,92,1.6304223537445068,-0.003861174685880542,-0.6339571475982666,-0.7507540583610535,0.6813467144966125,-0.40530169010162354,-0.5311411619186401,0.5098696351051331,0.5589480400085449,-0.4579736888408661
scienceagentbench,89,1.6297364234924316,-0.020995670929551125,-0.6051508784294128,-0.8382612466812134,0.6185749769210815,-0.2972258925437927,-0.4129312038421631,0.6780279874801636,0.3685682415962219,-0.5916892290115356
scienceagentbench,91,1.6250137090682983,-0.02709975838661194,-0.5564963221549988,-0.8128352761268616,0.5877162218093872,-0.2728981673717499,-0.35923072695732117,0.7806418538093567,0.40737026929855347,-0.5882154703140259
scienceagentbench,100,1.6226509809494019,0.05605173483490944,-0.5967217683792114,-0.7056058049201965,0.7400280237197876,-0.10173994302749634,-0.5795000195503235,0.6731411814689636,0.27124571800231934,-0.5987766981124878
scienceagentbench,54,1.6183810234069824,0.014639793895184994,-0.6463094353675842,-0.8393313884735107,0.7940978407859802,-0.198562890291214,-0.3473430275917053,0.7060909271240234,0.30368146300315857,-0.3398702144622803
scienceagentbench,35,1.6165428161621094,-0.026079852133989334,-0.4904743432998657,-0.8023363947868347,0.6010346412658691,-0.4053908586502075,-0.2850033640861511,0.7087937593460083,0.5553563833236694,-0.5579259395599365
scienceagentbench,55,1.6157504320144653,-0.006565194111317396,-0.5845286250114441,-0.8576403856277466,0.6461787819862366,-0.31496208906173706,-0.43288934230804443,0.6970598697662354,0.2598264515399933,-0.5252476930618286
scienceagentbench,41,1.612073302268982,0.14492665231227875,-0.6356989145278931,-0.7721444368362427,0.6104199886322021,-0.17462170124053955,-0.43887054920196533,0.8204021453857422,0.18795549869537354,-0.5425499677658081
scienceagentbench,46,1.6090197563171387,0.023373376578092575,-0.455791175365448,-0.8602122664451599,0.7220178246498108,-0.1570044457912445,-0.40735113620758057,0.7666361927986145,0.31146904826164246,-0.4945649802684784
scienceagentbench,6,1.6082121133804321,0.04140980541706085,-0.5607974529266357,-0.8263781666755676,0.783275842666626,-0.25746726989746094,-0.45685139298439026,0.6510156393051147,0.16554789245128632,-0.49920013546943665
scienceagentbench,69,1.5890692472457886,-0.004708422813564539,-0.5803859233856201,-0.9539813995361328,0.3968733251094818,-0.12491010129451752,-0.4084530770778656,0.7363346815109253,0.2727631628513336,-0.5671677589416504
scienceagentbench,66,1.5648784637451172,0.06361464411020279,-0.6063345074653625,-0.6420937776565552,0.6019315719604492,-0.2568960189819336,-0.5289043188095093,0.7989597320556641,0.2560558021068573,-0.5069124698638916
scienceagentbench,80,1.5198944807052612,0.07364832609891891,-0.47972381114959717,-0.793799877166748,0.5134259462356567,-0.20581844449043274,-0.5984954833984375,0.6752504706382751,0.26281172037124634,-0.510517954826355
scienceagentbench,4,1.5130289793014526,-0.012016896158456802,-0.608430802822113,-0.7951117157936096,0.5643435716629028,-0.2422766089439392,-0.48967301845550537,0.4688177704811096,0.4217623174190521,-0.5217577815055847
scienceagentbench,28,1.47769296169281,-0.036448884755373,-0.47785964608192444,-0.7770885229110718,0.6371394991874695,-0.12275461852550507,-0.4767048954963684,0.5325585007667542,0.3020259141921997,-0.572938859462738
scienceagentbench,82,1.4474560022354126,-0.004414919298142195,-0.4870215654373169,-0.7530018091201782,0.6316620111465454,-0.2041199505329132,-0.5206893086433411,0.5466591715812683,0.3371344804763794,-0.40823057293891907
scienceagentbench,102,1.4072264432907104,0.01880389079451561,-0.6321671009063721,-0.6079150438308716,0.634623646736145,-0.14015954732894897,-0.3814481198787689,0.5779381394386292,0.2518394887447357,-0.49574223160743713
swebench_verified_mini,django__django-12708,2.5976450443267822,0.0534735731780529,-0.7873580455780029,-1.270076870918274,1.1357357501983643,0.442848801612854,-0.4493461847305298,0.9773213267326355,1.0536181926727295,-0.8726633787155151
swebench_verified_mini,sphinx-doc__sphinx-9230,2.554603338241577,0.015804728493094444,-0.9013696908950806,-1.2218515872955322,1.1339287757873535,0.37897929549217224,-0.5057171583175659,0.8624809384346008,1.036644458770752,-0.8467200994491577
swebench_verified_mini,sphinx-doc__sphinx-9367,2.5187480449676514,0.06551671773195267,-0.7183840274810791,-1.2203072309494019,1.08089017868042,0.47698888182640076,-0.5246084928512573,0.9871501922607422,1.0167280435562134,-0.8121629953384399
swebench_verified_mini,django__django-12050,2.4961936473846436,0.04481825232505798,-0.6789892315864563,-1.2812305688858032,1.0039334297180176,0.5070199966430664,-0.6547833681106567,0.864561140537262,1.0092945098876953,-0.8176615238189697
swebench_verified_mini,sphinx-doc__sphinx-8269,2.4802870750427246,0.019468238577246666,-0.7073222398757935,-1.2129781246185303,1.1564844846725464,0.4757847785949707,-0.5228734016418457,0.8440023064613342,0.8773979544639587,-0.9277995228767395
swebench_verified_mini,django__django-9296,2.470595121383667,0.029104068875312805,-0.7677149176597595,-1.0795481204986572,0.9385610222816467,0.6302909255027771,-0.7080771327018738,1.0437679290771484,0.8772026300430298,-0.8429456949234009
swebench_verified_mini,sphinx-doc__sphinx-10466,2.461899518966675,0.010167820379137993,-0.6516655683517456,-1.2011445760726929,1.1589115858078003,0.373811811208725,-0.5333326458930969,0.9130879640579224,0.999272882938385,-0.7707151770591736
swebench_verified_mini,sphinx-doc__sphinx-11510,2.459742784500122,-0.04258052632212639,-0.8811222314834595,-0.9956592917442322,1.220008134841919,0.22831043601036072,-0.3150136470794678,0.6050231456756592,1.192009449005127,-0.9251498579978943
swebench_verified_mini,sphinx-doc__sphinx-8265,2.4500577449798584,-0.0525127537548542,-0.9147814512252808,-0.9472568035125732,1.1512194871902466,0.3909780979156494,-0.33212509751319885,0.7293457984924316,1.0661674737930298,-1.005746841430664
swebench_verified_mini,sphinx-doc__sphinx-8548,2.4431238174438477,-0.043009743094444275,-0.9382653832435608,-0.9608212113380432,1.1249932050704956,0.38294488191604614,-0.35417938232421875,0.7072737812995911,1.066569447517395,-0.9949015378952026
swebench_verified_mini,sphinx-doc__sphinx-10323,2.435192346572876,-0.042124081403017044,-0.7898856997489929,-0.9777970314025879,1.2337807416915894,0.361988365650177,-0.46303221583366394,0.9161300659179688,0.710382342338562,-1.0670372247695923
swebench_verified_mini,sphinx-doc__sphinx-9461,2.4333293437957764,-0.05241089314222336,-0.9840097427368164,-0.9489850997924805,1.1369585990905762,0.4089513421058655,-0.27174416184425354,0.7437565922737122,0.9299920797348022,-1.0490106344223022
swebench_verified_mini,sphinx-doc__sphinx-9698,2.4318196773529053,0.007638560142368078,-0.7385776042938232,-1.0607483386993408,1.0050493478775024,0.4390387237071991,-0.6492166519165039,0.9176490306854248,0.9768856167793274,-0.9068164825439453
swebench_verified_mini,django__django-12304,2.4303274154663086,0.023237362504005432,-0.7616536021232605,-1.06492280960083,1.1300389766693115,0.26530832052230835,-0.4527081251144409,0.9359738230705261,1.0931013822555542,-0.7543712854385376
swebench_verified_mini,sphinx-doc__sphinx-8721,2.427952766418457,-0.010603527538478374,-0.7193407416343689,-1.134464979171753,1.112870693206787,0.48565587401390076,-0.4442977011203766,0.9490122199058533,0.9316929578781128,-0.8062710165977478
swebench_verified_mini,sphinx-doc__sphinx-10673,2.420099973678589,-0.030507950112223625,-0.8300566077232361,-0.9954279065132141,1.12325918674469,0.3842165172100067,-0.4999341070652008,0.808055579662323,1.0274441242218018,-0.899527907371521
swebench_verified_mini,django__django-12262,2.4152839183807373,0.051339033991098404,-0.8267551064491272,-1.0734126567840576,1.079932689666748,0.4436049163341522,-0.46387892961502075,1.0207102298736572,0.8985325694084167,-0.7552639245986938
swebench_verified_mini,sphinx-doc__sphinx-9320,2.4146878719329834,0.032664231956005096,-0.7601237893104553,-1.151117205619812,1.1017543077468872,0.4117363393306732,-0.4620831608772278,0.9497791528701782,0.8260017037391663,-0.8640540838241577
swebench_verified_mini,django__django-11885,2.410013198852539,-0.042763929814100266,-0.9869463443756104,-0.8998233079910278,1.0808665752410889,0.37102991342544556,-0.20240092277526855,0.7262569069862366,1.0181174278259277,-1.0552271604537964
swebench_verified_mini,django__django-12273,2.4068450927734375,-0.031711239367723465,-0.8084072470664978,-0.9459770321846008,1.303827166557312,0.22082911431789398,-0.3138652741909027,0.619604766368866,1.1746129989624023,-0.7960153222084045
swebench_verified_mini,sphinx-doc__sphinx-10435,2.391719102859497,-0.0414169505238533,-0.7648118734359741,-0.9527567625045776,1.1185173988342285,0.23928776383399963,-0.23161156475543976,0.892231822013855,1.0291250944137573,-1.0052248239517212
swebench_verified_mini,sphinx-doc__sphinx-8475,2.391261100769043,-0.03205258399248123,-0.6603816747665405,-1.0520294904708862,1.0161404609680176,0.5028799772262573,-0.4273807406425476,0.8831091523170471,0.9847325682640076,-0.9785679578781128
swebench_verified_mini,django__django-11999,2.37900447845459,0.048039697110652924,-0.7713472843170166,-1.077666997909546,1.1404296159744263,0.40784570574760437,-0.5881921052932739,0.8875198364257812,0.803111732006073,-0.8110187649726868
swebench_verified_mini,sphinx-doc__sphinx-8551,2.366478204727173,-0.01634865067899227,-0.7595850825309753,-0.9456793069839478,1.1905385255813599,0.4136408567428589,-0.37035247683525085,0.8734860420227051,0.8982186317443848,-0.9129753112792969
swebench_verified_mini,django__django-12774,2.3640990257263184,0.06449625641107559,-0.8414269685745239,-1.1785624027252197,1.0227513313293457,0.405398964881897,-0.5158151388168335,0.738706111907959,0.8657491207122803,-0.8487131595611572
swebench_verified_mini,sphinx-doc__sphinx-7748,2.36392879486084,-0.05241399258375168,-0.9015929698944092,-0.9175003170967102,1.2408738136291504,0.22317864000797272,-0.0947662889957428,0.6999114751815796,0.9723178744316101,-0.9484972357749939
swebench_verified_mini,django__django-12713,2.3612964153289795,0.012364697642624378,-0.7274830937385559,-1.1280646324157715,0.9621098041534424,0.5124479532241821,-0.4536699950695038,0.8915888667106628,0.8970862627029419,-0.8832837343215942
swebench_verified_mini,sphinx-doc__sphinx-8035,2.352344274520874,0.008547105826437473,-0.7519918084144592,-0.9657960534095764,1.1156107187271118,0.46456316113471985,-0.39809584617614746,0.852003812789917,0.9188182353973389,-0.9199166297912598
swebench_verified_mini,sphinx-doc__sphinx-7590,2.3514225482940674,-0.045768264681100845,-0.8930639624595642,-0.9102554321289062,1.2456949949264526,0.17405378818511963,-0.1343134343624115,0.695517897605896,0.9594936370849609,-0.9479430913925171
swebench_verified_mini,sphinx-doc__sphinx-7985,2.3505425453186035,-0.04740823060274124,-0.8901330828666687,-0.8934614062309265,1.2522180080413818,0.16510187089443207,-0.15322168171405792,0.6996924877166748,0.9597848057746887,-0.9512614011764526
swebench_verified_mini,django__django-12406,2.346076726913452,-0.04492727294564247,-0.8878723382949829,-0.9026086926460266,1.2477116584777832,0.1631288230419159,-0.130006343126297,0.6990609765052795,0.9571470022201538,-0.9465423226356506
swebench_verified_mini,sphinx-doc__sphinx-8056,2.3435349464416504,-0.06077203154563904,-0.8720064163208008,-0.8512442708015442,1.2517368793487549,0.20856793224811554,-0.15271183848381042,0.6689886450767517,0.9877933859825134,-0.9747798442840576
swebench_verified_mini,sphinx-doc__sphinx-9229,2.343165159225464,-0.0377284400165081,-0.8940210938453674,-0.9073477983474731,1.2291841506958008,0.1890595555305481,-0.12347990274429321,0.7092487812042236,0.9493867754936218,-0.9495344161987305
swebench_verified_mini,django__django-11964,2.3394811153411865,-0.08377114683389664,-0.5768215656280518,-1.1403158903121948,1.1302517652511597,0.0744885802268982,-0.11129066348075867,0.918185293674469,0.9197227954864502,-0.9250788688659668
swebench_verified_mini,django__django-11951,2.3241026401519775,0.052993323653936386,-0.7976526618003845,-1.1229735612869263,1.0366981029510498,0.6558367013931274,-0.36969295144081116,0.835349977016449,0.8445754051208496,-0.6719214916229248
swebench_verified_mini,sphinx-doc__sphinx-7757,2.3206450939178467,0.02740994095802307,-0.7743167877197266,-1.099853754043579,1.0252273082733154,0.3994763195514679,-0.31899601221084595,0.8928919434547424,0.8615772128105164,-0.8509684205055237
swebench_verified_mini,django__django-12039,2.3183491230010986,0.044143132865428925,-0.7847520709037781,-0.9899375438690186,1.0931150913238525,0.4081108272075653,-0.5092042684555054,0.8313626050949097,0.8844544291496277,-0.8275043368339539
swebench_verified_mini,django__django-11880,2.31820011138916,0.059128113090991974,-0.7344717383384705,-1.0407867431640625,1.0158579349517822,0.5563932657241821,-0.6092151403427124,0.8936746120452881,0.9069790840148926,-0.6460777521133423
swebench_verified_mini,sphinx-doc__sphinx-9281,2.3069467544555664,0.04209636524319649,-0.8441587686538696,-0.9442231059074402,1.208345651626587,0.42238035798072815,-0.5135800838470459,0.7901664972305298,0.7767070531845093,-0.7667697668075562
swebench_verified_mini,sphinx-doc__sphinx-8638,2.305433511734009,-0.03813598304986954,-0.6802189350128174,-1.0495362281799316,1.2293436527252197,0.27352774143218994,-0.14478997886180878,0.8435177206993103,0.7090698480606079,-0.9640694856643677
swebench_verified_mini,django__django-12209,2.3005175590515137,0.030905844643712044,-0.7504891157150269,-0.9654395580291748,1.0444599390029907,0.3241908848285675,-0.5999066233634949,0.9164571762084961,0.8437411785125732,-0.8302991986274719
swebench_verified_mini,django__django-12308,2.2954249382019043,0.010883953422307968,-0.7460634708404541,-1.079167366027832,1.1404359340667725,0.31598883867263794,-0.37673476338386536,0.49054670333862305,1.1314150094985962,-0.6961713433265686
swebench_verified_mini,django__django-12155,2.293956995010376,0.04463815689086914,-0.5775271654129028,-1.0129997730255127,1.0232638120651245,0.4338773190975189,-0.4376511573791504,0.9803160429000854,0.8829140663146973,-0.8573909401893616
swebench_verified_mini,django__django-12325,2.28432559967041,-0.00469202408567071,-0.8441891670227051,-0.998117208480835,1.0962462425231934,0.38075166940689087,-0.2296523004770279,0.7864378690719604,0.9435632228851318,-0.7752333879470825
swebench_verified_mini,django__django-12143,2.274451494216919,0.019219165667891502,-0.5782454609870911,-1.1586271524429321,1.045371413230896,0.5203418135643005,-0.4542889893054962,0.7801288366317749,0.8856644034385681,-0.7303473949432373
swebench_verified_mini,django__django-12193,2.261666774749756,-0.028328241780400276,-0.9288726449012756,-1.0641268491744995,1.1004717350006104,0.4340476393699646,-0.3616635203361511,0.6211916208267212,0.6464685797691345,-0.8865264654159546
swebench_verified_mini,django__django-11848,2.236053466796875,-0.026829581707715988,-0.6332562565803528,-0.9253180623054504,1.1434299945831299,0.34589651226997375,-0.3145482540130615,0.9085428714752197,0.7214253544807434,-0.9331592321395874
swebench_verified_mini,django__django-11815,2.229126214981079,0.026339378207921982,-0.819595217704773,-0.9835243821144104,0.9567832946777344,0.47648701071739197,-0.4034656584262848,0.8442406058311462,0.796683669090271,-0.822947084903717
swebench_verified_mini,django__django-11790,2.2049036026000977,0.06636033207178116,-0.7374782562255859,-0.9313308000564575,1.1715131998062134,0.484220027923584,-0.3165319561958313,0.785210371017456,0.8047041893005371,-0.6921991109848022
swebench_verified_mini,django__django-12276,2.1916887760162354,0.05224011465907097,-0.7857785820960999,-0.8782994747161865,1.019597053527832,0.5727059841156006,-0.584714412689209,0.8800131678581238,0.658798098564148,-0.7047994136810303
taubench_airline,36,1.787887454032898,0.03879901394248009,-0.25203177332878113,-0.7925785183906555,0.5653604865074158,0.1632649153470993,-0.35055938363075256,0.7122458815574646,1.1169652938842773,-0.5298634171485901
taubench_airline,38,1.7144488096237183,0.003421355504542589,-0.27505820989608765,-0.8704078197479248,0.5415531396865845,0.23919697105884552,-0.32498350739479065,0.7781227231025696,0.9245501756668091,-0.43553492426872253
taubench_airline,44,1.6786384582519531,0.016814744099974632,-0.5007869005203247,-0.5697636604309082,0.5542568564414978,0.2207251340150833,-0.21979492902755737,0.8762168288230896,0.7988380193710327,-0.6574807167053223
taubench_airline,30,1.6610393524169922,-0.016067050397396088,-0.4131181538105011,-0.8120098114013672,0.6589091420173645,-0.008890941739082336,-0.20621523261070251,0.6711560487747192,0.7882226705551147,-0.616858720779419
taubench_airline,12,1.6320557594299316,0.04374806955456734,-0.47726449370384216,-0.7486830353736877,0.7063186764717102,0.3853521943092346,-0.249362513422966,0.8048373460769653,0.6593304872512817,-0.2885386347770691
taubench_airline,41,1.6172370910644531,0.014804918318986893,-0.48581838607788086,-0.6657179594039917,0.7895870208740234,0.23916013538837433,-0.2569529414176941,0.8462650179862976,0.5701690316200256,-0.38513416051864624
taubench_airline,11,1.6013760566711426,-0.016760921105742455,-0.4508494436740875,-0.6523286700248718,0.721697986125946,0.19682517647743225,-0.2449549436569214,0.7100692987442017,0.6837202310562134,-0.5868089199066162
taubench_airline,18,1.5957616567611694,0.05027278512716293,-0.21553337574005127,-0.7467195391654968,0.5677029490470886,0.07268251478672028,-0.24502713978290558,0.8948955535888672,0.7851069569587708,-0.3709070086479187
taubench_airline,20,1.5862306356430054,0.06153404712677002,-0.4484972655773163,-0.5626891851425171,0.6264453530311584,0.09492164105176926,-0.24542048573493958,0.8521151542663574,0.7833422422409058,-0.44379985332489014
taubench_airline,1,1.583051085472107,0.03646521642804146,-0.5302850604057312,-0.5540006160736084,0.5627766847610474,0.21475858986377716,-0.37298041582107544,0.8742489218711853,0.6589760184288025,-0.46628084778785706
taubench_airline,10,1.5689555406570435,-0.02780281752347946,-0.563599705696106,-0.5550438761711121,0.6267857551574707,0.19840317964553833,-0.1770862489938736,0.7467767000198364,0.6947019100189209,-0.5762233138084412
taubench_airline,29,1.5438194274902344,-0.006195182912051678,-0.541193962097168,-0.5882800221443176,0.564826488494873,0.1663217842578888,-0.369629442691803,0.7108268737792969,0.7026045322418213,-0.5120235681533813
taubench_airline,49,1.5419251918792725,0.03878201171755791,-0.45218175649642944,-0.6662792563438416,0.5229587554931641,0.17632414400577545,-0.35545217990875244,0.7974996566772461,0.7053111791610718,-0.40588778257369995
taubench_airline,7,1.5269033908843994,0.03793976828455925,-0.44243139028549194,-0.6156498193740845,0.628903329372406,0.23877672851085663,-0.14580124616622925,0.8811320662498474,0.5325411558151245,-0.4720999598503113
taubench_airline,2,1.5226696729660034,-0.04273099824786186,-0.5855528712272644,-0.5403491854667664,0.713858425617218,0.029111146926879883,0.1789945363998413,0.7117424607276917,0.5209917426109314,-0.6026471853256226
taubench_airline,23,1.5184253454208374,-0.003319322830066085,-0.7969388961791992,-0.3769676685333252,0.7298845052719116,0.2750936448574066,-0.1779850274324417,0.6246100664138794,0.5022264719009399,-0.49592673778533936
taubench_airline,14,1.5010669231414795,0.03685235604643822,-0.5639058947563171,-0.5530266761779785,0.6776935458183289,0.1777440309524536,-0.33650362491607666,0.8124518394470215,0.4170810580253601,-0.43731334805488586
taubench_airline,16,1.4949378967285156,-0.0496922992169857,-0.3821355700492859,-0.6058322787284851,0.7753564119338989,0.1114683598279953,-0.16463112831115723,0.6117426753044128,0.7455233335494995,-0.38863709568977356
taubench_airline,8,1.492832064628601,-0.051234133541584015,-0.4777251183986664,-0.6533067226409912,0.5986521244049072,-0.05406169593334198,0.17229849100112915,0.7171282768249512,0.548576831817627,-0.606063723564148
taubench_airline,26,1.4915755987167358,-0.0028883577324450016,-0.608362078666687,-0.46311795711517334,0.6527800559997559,0.2706213593482971,-0.1725480556488037,0.7896141409873962,0.5646659135818481,-0.41078752279281616
taubench_airline,25,1.4914238452911377,-0.045832742005586624,-0.6855273246765137,-0.4178161025047302,0.7816672325134277,0.03293260931968689,0.07014793157577515,0.5824779868125916,0.610913872718811,-0.5003215074539185
taubench_airline,9,1.478203535079956,-0.04127006605267525,-0.6826654672622681,-0.4176541566848755,0.7701525092124939,0.0036861151456832886,0.06598322093486786,0.5892661809921265,0.5970072150230408,-0.4934205710887909
taubench_airline,35,1.47808837890625,-5.218813748797402e-05,-0.4542955458164215,-0.6784902215003967,0.5562580227851868,0.17146342992782593,-0.12636372447013855,0.8476624488830566,0.5944287776947021,-0.302232027053833
taubench_airline,48,1.473408579826355,0.007155334576964378,-0.5937738418579102,-0.6365534067153931,0.6454747915267944,0.32772696018218994,-0.2388252168893814,0.6912813782691956,0.5351793169975281,-0.2603805959224701
taubench_airline,22,1.4730212688446045,0.002427405212074518,-0.7049555778503418,-0.5499647259712219,0.610236406326294,0.17619164288043976,-0.18787437677383423,0.6647224426269531,0.5200671553611755,-0.4683094024658203
taubench_airline,42,1.4721156358718872,0.03284551203250885,-0.34299713373184204,-0.5721595287322998,0.57380610704422,0.312649130821228,-0.406174898147583,0.7824615836143494,0.6570322513580322,-0.29358506202697754
taubench_airline,34,1.4562668800354004,-0.019546471536159515,-0.574388861656189,-0.3810829818248749,0.5708796381950378,0.311184287071228,-0.21848741173744202,0.8084559440612793,0.5638698935508728,-0.45115408301353455
taubench_airline,3,1.4515554904937744,0.002311144256964326,-0.5504711270332336,-0.48876306414604187,0.6925306916236877,0.1776408553123474,-0.14705099165439606,0.7564117908477783,0.5679433345794678,-0.3709558844566345
taubench_airline,4,1.4342864751815796,0.06491202116012573,-0.49351176619529724,-0.5194623470306396,0.6474816799163818,0.1847098469734192,-0.3301932215690613,0.7397905588150024,0.4521177113056183,-0.4792746603488922
taubench_airline,32,1.4309779405593872,0.0011817117920145392,-0.76430344581604,-0.2817623019218445,0.6721137166023254,0.35491305589675903,-0.13977615535259247,0.6944481134414673,0.4438016414642334,-0.3281659185886383
taubench_airline,31,1.4296120405197144,0.04280437156558037,-0.5920884013175964,-0.406568706035614,0.6152555346488953,0.1247381940484047,-0.32154548168182373,0.799170970916748,0.45080143213272095,-0.43420857191085815
taubench_airline,28,1.4120945930480957,-0.026727572083473206,-0.4515773355960846,-0.34548068046569824,0.6574457883834839,0.2968824505805969,-0.11130008846521378,0.6391782164573669,0.7155718207359314,-0.4662385582923889
taubench_airline,0,1.4109889268875122,0.018116947263479233,-0.4758652150630951,-0.5118674635887146,0.5704284906387329,0.27117523550987244,-0.156301811337471,0.7699359655380249,0.5093653202056885,-0.4762609004974365
taubench_airline,33,1.391710877418518,-0.02592436783015728,-0.5614257454872131,-0.46048665046691895,0.5796758532524109,0.21182532608509064,-0.03712821006774902,0.7869263887405396,0.5729867815971375,-0.2824406623840332
taubench_airline,39,1.3914364576339722,0.0031815040856599808,-0.4067133665084839,-0.5047277212142944,0.6955512762069702,0.2682019770145416,-0.11554320156574249,0.6965942978858948,0.4897301495075226,-0.47093111276626587
taubench_airline,21,1.3839807510375977,0.005536175332963467,-0.5508825778961182,-0.5857594013214111,0.6071515083312988,0.12087947130203247,-0.16165637969970703,0.7652525305747986,0.46814194321632385,-0.23381832242012024
taubench_airline,47,1.3820915222167969,0.024841073900461197,-0.4970835745334625,-0.528985857963562,0.7265869379043579,0.20616941154003143,-0.19446273148059845,0.6628073453903198,0.48580676317214966,-0.31573206186294556
taubench_airline,43,1.3768988847732544,0.0417836531996727,-0.5273672938346863,-0.4984322786331177,0.7316975593566895,0.24339476227760315,-0.371547132730484,0.7349414229393005,0.2644760310649872,-0.16292108595371246
taubench_airline,6,1.3658254146575928,0.06892596185207367,-0.5267192721366882,-0.5021443367004395,0.6359125971794128,0.20440927147865295,-0.19018344581127167,0.7713508605957031,0.3897782564163208,-0.3265731930732727
taubench_airline,37,1.3639429807662964,0.038658395409584045,-0.5242375135421753,-0.6070241928100586,0.5805470943450928,0.1759173572063446,-0.2528069019317627,0.6683821678161621,0.4654836356639862,-0.34890422224998474
taubench_airline,24,1.3539423942565918,0.007801400031894445,-0.49156856536865234,-0.5584291219711304,0.7092553377151489,0.29938849806785583,-0.33804982900619507,0.554401159286499,0.3832719624042511,-0.34418749809265137
taubench_airline,5,1.3496843576431274,0.025383736938238144,-0.5473666191101074,-0.4960641860961914,0.6861675977706909,0.21115931868553162,-0.17119763791561127,0.7175440192222595,0.403550386428833,-0.231328547000885
taubench_airline,45,1.3486289978027344,-0.005675027146935463,-0.6426936388015747,-0.5294421315193176,0.49937373399734497,0.2223077118396759,0.026529371738433838,0.6352421045303345,0.5199539661407471,-0.3899393677711487
taubench_airline,27,1.3393704891204834,-0.026360349729657173,-0.477836012840271,-0.41641050577163696,0.592372477054596,0.18463675677776337,-0.08720019459724426,0.7545320391654968,0.5834422707557678,-0.2997751235961914
taubench_airline,19,1.3250473737716675,-0.02183316834270954,-0.5354719758033752,-0.40379172563552856,0.7961334586143494,0.06453171372413635,0.19447103142738342,0.6106469631195068,0.3575085997581482,-0.3598038852214813
taubench_airline,13,1.3233203887939453,0.061202745884656906,-0.4892142415046692,-0.5964401960372925,0.5855245590209961,0.182989239692688,-0.19778704643249512,0.657062828540802,0.45121774077415466,-0.32454973459243774
taubench_airline,40,1.2816716432571411,0.01880139485001564,-0.4591572880744934,-0.48825764656066895,0.5767579078674316,0.15636485815048218,-0.11908349394798279,0.7385346293449402,0.3861779570579529,-0.35723090171813965
taubench_airline,46,1.2483552694320679,-0.036044344305992126,-0.6837204694747925,-0.44371479749679565,0.6518738269805908,0.31635645031929016,-0.1073012501001358,0.5587343573570251,0.047406017780303955,-0.20752955973148346
taubench_airline,17,1.2264108657836914,-0.05550080165266991,-0.3570091724395752,-0.44950228929519653,0.7282766699790955,0.1327066719532013,-0.0996265783905983,0.5877735614776611,0.42715805768966675,-0.2978432774543762
taubench_airline,15,1.1897952556610107,-0.010342415422201157,-0.42066633701324463,-0.46099546551704407,0.595211923122406,0.17087197303771973,-0.093963123857975,0.5816074013710022,0.5009148120880127,-0.2113042026758194
usaco,340_bronze_combination_lock,0.9512709975242615,-0.000152107939356938,-0.4921302795410156,-0.2355004847049713,0.466418594121933,-0.19135598838329315,0.08113851398229599,0.2973862588405609,0.3986535370349884,-0.31488683819770813
usaco,760_bronze_the_bovine_shuffle,0.9512530565261841,-0.0001493502059020102,-0.4920375347137451,-0.23538240790367126,0.46641266345977783,-0.19139261543750763,0.08118964731693268,0.29760563373565674,0.3986084759235382,-0.3148890733718872
usaco,365_gold_optimal_milking,0.9512495994567871,-0.00015621035709045827,-0.49213263392448425,-0.2353300154209137,0.46639108657836914,-0.19138458371162415,0.08109767735004425,0.297519326210022,0.39867401123046875,-0.3148280680179596
usaco,766_gold_barn_painting,0.9512363076210022,-0.00015118310693651438,-0.49205076694488525,-0.23523284494876862,0.4664188027381897,-0.1913735419511795,0.08122299611568451,0.29755187034606934,0.39861270785331726,-0.3149687647819519
usaco,99_silver_umbrellas_for_cows,0.9512310028076172,-0.00016061558562796563,-0.4921424090862274,-0.23491986095905304,0.4664706289768219,-0.19135577976703644,0.08119948953390121,0.2973836660385132,0.39866316318511963,-0.31507840752601624
usaco,639_bronze_diamond_collector,0.9512180685997009,-0.00014163972809910774,-0.49189627170562744,-0.23596309125423431,0.46630561351776123,-0.19130802154541016,0.081022709608078,0.29766666889190674,0.39862340688705444,-0.3147457242012024
usaco,106_silver_delivery_route,0.9512026309967041,-0.0001499311620136723,-0.4920818507671356,-0.23537087440490723,0.46638086438179016,-0.19136211276054382,0.0810854583978653,0.29744452238082886,0.39868906140327454,-0.31481876969337463
usaco,763_silver_milk_measurement,0.9512020945549011,-0.00015070461085997522,-0.4920858144760132,-0.23517458140850067,0.4664619565010071,-0.19134555757045746,0.08110859990119934,0.29732075333595276,0.39869290590286255,-0.3149535059928894
usaco,993_gold_time_is_mooney,0.9511896967887878,-0.00015110887761693448,-0.4920651912689209,-0.23512786626815796,0.46642884612083435,-0.19138143956661224,0.08122009038925171,0.29739755392074585,0.39865419268608093,-0.3149581551551819
usaco,1039_silver_cereal,0.9511846303939819,-0.00015813753998372704,-0.49209165573120117,-0.23498722910881042,0.46646279096603394,-0.1913832724094391,0.08123063296079636,0.2972385883331299,0.39872750639915466,-0.3150097131729126
usaco,395_bronze_auto-complete,0.9511833190917969,-0.00015114019333850592,-0.4921453595161438,-0.23505330085754395,0.4664378762245178,-0.19139660894870758,0.08108850568532944,0.2972884476184845,0.39870843291282654,-0.3149150609970093
usaco,991_silver_loan_repayment,0.9511594176292419,-0.00015011186769697815,-0.49207159876823425,-0.2350090742111206,0.4664291441440582,-0.19136430323123932,0.08114852011203766,0.2973819971084595,0.39872822165489197,-0.31489479541778564
usaco,553_gold_palindromic_paths,0.9511488080024719,-0.00014222771278582513,-0.49197983741760254,-0.2350858747959137,0.46642452478408813,-0.19135808944702148,0.08115021139383316,0.29740235209465027,0.39867040514945984,-0.31501299142837524
usaco,91_gold_above_the_median,0.951147198677063,-0.00015291012823581696,-0.4921157956123352,-0.23500773310661316,0.4664192199707031,-0.1913597285747528,0.0811438262462616,0.29737406969070435,0.3986769914627075,-0.3148808479309082
usaco,545_bronze_moocryption,0.9511463046073914,-0.00015360378893092275,-0.4921243190765381,-0.23498010635375977,0.4664485454559326,-0.19137126207351685,0.08115103840827942,0.2970483899116516,0.3988860547542572,-0.3148758113384247
usaco,642_silver_field_reduction,0.9511430859565735,-0.0001438288891222328,-0.4918607771396637,-0.2357020527124405,0.4662683308124542,-0.1913445144891739,0.08101396262645721,0.29782071709632874,0.3985845446586609,-0.31470903754234314
usaco,358_bronze_record_keeping,0.9511407613754272,-0.00014452041068580002,-0.49189040064811707,-0.23593048751354218,0.4662546217441559,-0.1913401335477829,0.08100609481334686,0.2976239025592804,0.39860525727272034,-0.3146694004535675
usaco,736_bronze_bovine_genomics,0.9511357545852661,-0.0001406634837621823,-0.49182918667793274,-0.23595786094665527,0.4662381410598755,-0.19131821393966675,0.08097332715988159,0.2978593111038208,0.3985767662525177,-0.31458911299705505
usaco,280_bronze_photo,0.9511341452598572,-0.00014134914090391248,-0.49183908104896545,-0.2360028624534607,0.46621066331863403,-0.19131384789943695,0.08096766471862793,0.29776984453201294,0.39859849214553833,-0.3146369159221649
usaco,1013_bronze_swapity_swap,0.9511256217956543,-0.00015029394126031548,-0.4920438528060913,-0.23507529497146606,0.46640706062316895,-0.1913800984621048,0.08120980113744736,0.29738402366638184,0.39865642786026,-0.31488296389579773
usaco,127_gold_large_banner,0.9511228799819946,-0.0001422785280738026,-0.4920034408569336,-0.23518620431423187,0.46641114354133606,-0.1913236826658249,0.08107727020978928,0.29728788137435913,0.3987251818180084,-0.31492123007774353
usaco,644_silver_closing_the_farm,0.951120913028717,-0.00014689030649606138,-0.4919147491455078,-0.23521199822425842,0.4663899838924408,-0.1913999617099762,0.08130442351102829,0.2975537180900574,0.39863428473472595,-0.3148249387741089
usaco,947_gold_balancing_inversions,0.9511143565177917,-0.00013933317677583545,-0.4917474091053009,-0.23548255860805511,0.4663439095020294,-0.19134533405303955,0.08114422857761383,0.29781293869018555,0.39859917759895325,-0.31480634212493896
usaco,1303_silver_cow-libi,0.9511132836341858,-0.00014568697952199727,-0.491952508687973,-0.23517712950706482,0.46640634536743164,-0.1913517266511917,0.08111990988254547,0.2974196672439575,0.3986664414405823,-0.3149075210094452
usaco,1203_bronze_sleeping_in_class,0.9511128664016724,-0.00014804574311710894,-0.49193307757377625,-0.23510579764842987,0.46643608808517456,-0.19133900105953217,0.08119604736566544,0.2974269986152649,0.39864033460617065,-0.3149600327014923
usaco,785_bronze_out_of_place,0.9511033296585083,-0.00013667279563378543,-0.49173223972320557,-0.23592469096183777,0.4662396311759949,-0.19131046533584595,0.08100658655166626,0.2978975474834442,0.39852583408355713,-0.31468960642814636
usaco,738_silver_paired_up,0.9511024951934814,-0.00014361724606715143,-0.49193400144577026,-0.2352418601512909,0.46638259291648865,-0.19132520258426666,0.08114921301603317,0.2974156439304352,0.3986593186855316,-0.31491202116012573
usaco,997_platinum_non-decreasing_subsequences,0.9511011838912964,-0.00014084909344092011,-0.49181342124938965,-0.23548252880573273,0.4663655161857605,-0.19130480289459229,0.08114171773195267,0.2976089119911194,0.39860934019088745,-0.3148367404937744
usaco,939_bronze_bucket_brigade,0.9511005878448486,-0.00014365788956638426,-0.49202337861061096,-0.23496276140213013,0.46639779210090637,-0.19136327505111694,0.0811571329832077,0.29740002751350403,0.3986704349517822,-0.3149280250072479
usaco,345_silver_pogo-cow,0.9510979652404785,-0.0001357929577352479,-0.4918403923511505,-0.23536251485347748,0.4663541316986084,-0.19132913649082184,0.08120428770780563,0.29757481813430786,0.3985982835292816,-0.3149070143699646
usaco,862_gold_cowpatibility,0.9510979652404785,-0.00013902563659939915,-0.4918237030506134,-0.2357313334941864,0.4663074314594269,-0.19130302965641022,0.08103775233030319,0.2975925803184509,0.39861294627189636,-0.31474971771240234
usaco,1206_silver_redistributing_gifts,0.9510979056358337,-0.0001422530331183225,-0.49190616607666016,-0.23538698256015778,0.46630367636680603,-0.1913350373506546,0.08104466646909714,0.29759523272514343,0.3986508548259735,-0.3148121237754822
usaco,86_bronze_moo_sick,0.9510940909385681,-0.0001380464673275128,-0.49178197979927063,-0.23569080233573914,0.46631795167922974,-0.1913415491580963,0.08097027242183685,0.29762890934944153,0.3987402617931366,-0.3146160840988159
usaco,1180_bronze_non-transitive_dice,0.9510909914970398,-0.00014376813487615436,-0.4918919801712036,-0.2354956865310669,0.46632546186447144,-0.19130228459835052,0.08104445040225983,0.2975510358810425,0.3986343443393707,-0.31478235125541687
usaco,1278_silver_find_and_replace,0.9510905742645264,-0.00014078931417316198,-0.49173304438591003,-0.23583051562309265,0.4662672281265259,-0.19135214388370514,0.08107281476259232,0.29790374636650085,0.39845651388168335,-0.31471914052963257
usaco,120_gold_nearby_cows,0.9510902762413025,-0.00014124353765510023,-0.4917793869972229,-0.23557989299297333,0.4663100838661194,-0.19134478271007538,0.08109758049249649,0.29771751165390015,0.39857590198516846,-0.3147929906845093
usaco,93_gold_cow_steeplechase,0.9510879516601562,-0.00014278407616075128,-0.49195945262908936,-0.23518383502960205,0.46637117862701416,-0.19131503999233246,0.08108891546726227,0.2974816560745239,0.3986473083496094,-0.3148632347583771
usaco,1188_platinum_minimizing_haybales,0.9510864019393921,-0.0001398957974743098,-0.4918792247772217,-0.2354969084262848,0.4663374125957489,-0.19134879112243652,0.08097629249095917,0.297455757856369,0.3988015949726105,-0.3146373927593231
usaco,137_gold_tied_down,0.9510850310325623,-0.00014214275870472193,-0.4918535649776459,-0.2353353053331375,0.4663921296596527,-0.19133427739143372,0.08104509860277176,0.29739102721214294,0.3987963795661926,-0.3147718906402588
usaco,430_bronze_odometer,0.9510814547538757,-0.00013486473471857607,-0.4917364716529846,-0.23580078780651093,0.4662373661994934,-0.19132697582244873,0.08104971796274185,0.29781973361968994,0.3985370099544525,-0.3147515058517456
usaco,229_gold_cow_lineup,0.9510754346847534,-0.00013115863839630038,-0.49167555570602417,-0.23611557483673096,0.4662136435508728,-0.19130149483680725,0.08093518763780594,0.29779088497161865,0.398569792509079,-0.3146582841873169
usaco,989_bronze_race,0.9510730504989624,-0.00013940469943918288,-0.49177128076553345,-0.23550203442573547,0.4663340151309967,-0.1913323849439621,0.0810808464884758,0.29759132862091064,0.39858537912368774,-0.3148956298828125
usaco,990_silver_berry_picking,0.9510712027549744,-0.00013909362314734608,-0.4918147027492523,-0.23550541698932648,0.4663248360157013,-0.19135618209838867,0.08110089600086212,0.29758381843566895,0.3986247181892395,-0.3147709369659424
usaco,413_bronze_the_lazy_cow,0.9510709643363953,-0.0001402702764607966,-0.4918668568134308,-0.23539568483829498,0.4663706421852112,-0.19134671986103058,0.08103066682815552,0.2973862290382385,0.39878523349761963,-0.31471017003059387
usaco,1326_silver_milk_sum,0.9510688781738281,-0.00014050987374503165,-0.491840124130249,-0.23544847965240479,0.46627557277679443,-0.19131942093372345,0.08101888746023178,0.29766592383384705,0.39862629771232605,-0.3148035407066345
usaco,1113_gold_stone_game,0.9510674476623535,-0.00014015825581736863,-0.49183112382888794,-0.2355281561613083,0.4663010537624359,-0.1913069486618042,0.08098915964365005,0.29760146141052246,0.39863425493240356,-0.31478220224380493
usaco,397_silver_auto-complete,0.9510641098022461,-0.00013491201389115304,-0.49175313115119934,-0.23565737903118134,0.4662921726703644,-0.19130639731884003,0.0810309499502182,0.29767173528671265,0.3986428380012512,-0.31472253799438477
usaco,190_silver_clumsy_cows,0.9510619044303894,-0.00014184550673235208,-0.4919376075267792,-0.23502963781356812,0.46642762422561646,-0.19134877622127533,0.08120672404766083,0.2974454462528229,0.39865973591804504,-0.3148176670074463
usaco,834_silver_out_of_sorts,0.951061487197876,-0.0001364864147035405,-0.49177035689353943,-0.235564187169075,0.46628063917160034,-0.19132782518863678,0.08108028024435043,0.29773062467575073,0.398550420999527,-0.31481021642684937
usaco,90_silver_tile_exchanging,0.9510608315467834,-0.0001375549181830138,-0.4917137026786804,-0.23563161492347717,0.4662749469280243,-0.19134442508220673,0.08107670396566391,0.29774537682533264,0.39857885241508484,-0.3147956430912018
usaco,1088_silver_spaced_out,0.9510602355003357,-0.00014015215856488794,-0.49189627170562744,-0.23545411229133606,0.46630510687828064,-0.19131916761398315,0.08101870864629745,0.29748639464378357,0.39866870641708374,-0.3147580325603485
usaco,1328_silver_pareidolia,0.9510594010353088,-0.0001390987599734217,-0.49185940623283386,-0.23564200103282928,0.4662824273109436,-0.19130198657512665,0.08099257946014404,0.2975778579711914,0.39861682057380676,-0.314702570438385
usaco,944_silver_fence_planning,0.9510565400123596,-0.00014163414016366005,-0.49185654520988464,-0.23560115694999695,0.466282457113266,-0.19133682548999786,0.08098934590816498,0.29754114151000977,0.3986494243144989,-0.3147019147872925
usaco,400_gold_roadblock,0.9510560035705566,-0.00013601397222373635,-0.4917542338371277,-0.2354183793067932,0.4662674069404602,-0.19130869209766388,0.08098875731229782,0.29782721400260925,0.39867305755615234,-0.31473609805107117
usaco,118_gold_cow_coupons,0.9510553479194641,-0.00013661908451467752,-0.4917524456977844,-0.2359221875667572,0.46622177958488464,-0.19130189716815948,0.08096549659967422,0.2977778911590576,0.3985961377620697,-0.31458142399787903
usaco,863_gold_teamwork,0.9510525465011597,-0.0001386228104820475,-0.4918763041496277,-0.23560570180416107,0.46629267930984497,-0.19132336974143982,0.08101413398981094,0.29760879278182983,0.39858677983283997,-0.3146575689315796
usaco,263_silver_farm_painting,0.9510511755943298,-0.0001340313901891932,-0.491729199886322,-0.23561690747737885,0.46626436710357666,-0.19132567942142487,0.08106107264757156,0.2977259159088135,0.398573100566864,-0.31481003761291504
usaco,244_silver_perimeter,0.9510464668273926,-0.00014011521125212312,-0.4918123781681061,-0.23559877276420593,0.4663020372390747,-0.19134044647216797,0.08097051829099655,0.2975282669067383,0.39871668815612793,-0.31464284658432007
usaco,108_silver_mountain_climbing,0.9510452747344971,-0.0001346834033029154,-0.49180349707603455,-0.23548631370067596,0.4662799835205078,-0.19131039083003998,0.0810771957039833,0.29762405157089233,0.3986057639122009,-0.3148108422756195
usaco,896_silver_mountain_view,0.9510452151298523,-0.00013887922978028655,-0.49183058738708496,-0.23564471304416656,0.4662601053714752,-0.19131414592266083,0.08094465732574463,0.29760584235191345,0.3986400067806244,-0.31468477845191956
usaco,916_bronze_the_great_revegetation,0.9510442614555359,-0.00013426682562567294,-0.49180668592453003,-0.23543184995651245,0.46633487939834595,-0.19130781292915344,0.08106719702482224,0.2975602149963379,0.39864757657051086,-0.3147737681865692
usaco,839_gold_talent_show,0.951042890548706,-0.00012994756980333477,-0.4916795790195465,-0.23589463531970978,0.46621885895729065,-0.19128242135047913,0.0809197723865509,0.2978200316429138,0.3986190855503082,-0.31463730335235596
usaco,136_silver_running_laps,0.9510424733161926,-0.00013220457185525447,-0.491643488407135,-0.2359253615140915,0.46619755029678345,-0.1912994086742401,0.08096576482057571,0.29787811636924744,0.39857372641563416,-0.31468114256858826
usaco,987_bronze_word_processor,0.9510407447814941,-0.0001386076328344643,-0.49186834692955017,-0.23540636897087097,0.46632397174835205,-0.19129273295402527,0.08104810863733292,0.2974957823753357,0.3986252546310425,-0.31480520963668823
usaco,205_bronze_meet_and_greet,0.9510406851768494,-0.0001383105991408229,-0.4918307363986969,-0.23566552996635437,0.466266393661499,-0.1913008987903595,0.08096158504486084,0.29758238792419434,0.39863476157188416,-0.31467849016189575
usaco,548_bronze_palindromic_paths_(bronze),0.9510393142700195,-0.00013430068793240935,-0.49182426929473877,-0.23552247881889343,0.466306209564209,-0.19130440056324005,0.08104067295789719,0.2975735366344452,0.39863157272338867,-0.3147224187850952
usaco,1086_silver_dance_mooves,0.9510373473167419,-0.0001282755983993411,-0.4916515052318573,-0.23592662811279297,0.46619778871536255,-0.19127051532268524,0.08087211847305298,0.2978897988796234,0.39862754940986633,-0.3146142363548279
usaco,1137_gold_united_cows_of_farmer_john,0.9510369896888733,-0.00013657148519996554,-0.4917829930782318,-0.2356545627117157,0.46626603603363037,-0.19131717085838318,0.08098866790533066,0.29766252636909485,0.39862412214279175,-0.3146713972091675
usaco,1015_silver_triangles,0.95103520154953,-0.00013963224773760885,-0.4918675422668457,-0.23541107773780823,0.46629640460014343,-0.1913013756275177,0.08099211007356644,0.297572523355484,0.398624062538147,-0.3147650957107544
usaco,417_silver_mooo_moo,0.9510351419448853,-0.00013252234202809632,-0.4917067587375641,-0.2357005923986435,0.4662590026855469,-0.19133035838603973,0.08105052262544632,0.29769670963287354,0.39858829975128174,-0.31475016474723816
usaco,1111_silver_year_of_the_cow,0.9510337710380554,-0.00013036478776484728,-0.4917113184928894,-0.23586757481098175,0.4662403166294098,-0.1912849396467209,0.08098109811544418,0.29767683148384094,0.3985840976238251,-0.31471091508865356
usaco,225_bronze_liars_and_truth_tellers,0.9510321617126465,-0.00013982201926410198,-0.49183061718940735,-0.2355298548936844,0.46629998087882996,-0.19131383299827576,0.08097124099731445,0.2975133955478668,0.39867347478866577,-0.31471067667007446
usaco,1260_platinum_breakdown,0.9510319828987122,-0.00013110347208566964,-0.4917367100715637,-0.2358313798904419,0.4662346839904785,-0.19128187000751495,0.08097430318593979,0.2976342439651489,0.3986002504825592,-0.314724862575531
usaco,128_gold_haybale_restacking,0.9510317444801331,-0.00013749493518844247,-0.49180981516838074,-0.23533625900745392,0.46631690859794617,-0.19130687415599823,0.08107861131429672,0.29753008484840393,0.3986489176750183,-0.31485337018966675
usaco,380_silver_cross_country_skiing,0.9510306119918823,-0.00013859599130228162,-0.4918374717235565,-0.23551414906978607,0.4663073420524597,-0.19132386147975922,0.08096035569906235,0.29752033948898315,0.39867836236953735,-0.3146798312664032
usaco,1011_bronze_triangles,0.951030433177948,-0.00013693657820113003,-0.49174964427948,-0.23571336269378662,0.46625542640686035,-0.19130444526672363,0.08097414672374725,0.2976723313331604,0.3986491560935974,-0.3146459758281708
usaco,1209_gold_redistributing_gifts,0.9510294795036316,-0.00014144829765427858,-0.4917835295200348,-0.23550334572792053,0.46632206439971924,-0.19132182002067566,0.08106222003698349,0.2975217401981354,0.39863112568855286,-0.314780592918396
usaco,377_bronze_bessie_slows_down,0.9510284662246704,-0.00013452251732815057,-0.4917834997177124,-0.2355085164308548,0.4662989377975464,-0.1912960261106491,0.08100681006908417,0.2975868284702301,0.3986518681049347,-0.31475013494491577
usaco,228_silver_party_invitations,0.9510283470153809,-0.00013429811224341393,-0.491759717464447,-0.23563039302825928,0.46626123785972595,-0.19132742285728455,0.08104448765516281,0.2977238893508911,0.39855262637138367,-0.3147188127040863
usaco,831_bronze_team_tic_tac_toe,0.9510279297828674,-0.00013208000746089965,-0.4917154014110565,-0.2358735352754593,0.4662092328071594,-0.19128286838531494,0.08088623732328415,0.29781606793403625,0.3986031115055084,-0.31459841132164
usaco,1179_bronze_herdle,0.9510277509689331,-0.0001397378946421668,-0.4917871356010437,-0.235468789935112,0.4663180410861969,-0.19133687019348145,0.0811234787106514,0.2975522577762604,0.39859744906425476,-0.3147904872894287
usaco,892_bronze_sleepy_cow_sorting,0.9510254263877869,-0.0001364251656923443,-0.4919452369213104,-0.23514798283576965,0.46635136008262634,-0.1913108378648758,0.08107615262269974,0.2973533272743225,0.39868536591529846,-0.31483152508735657
usaco,919_silver_painting_the_barn,0.9510243535041809,-0.00013539494830183685,-0.49175751209259033,-0.23571397364139557,0.4662250280380249,-0.19128650426864624,0.08093172311782837,0.2977476119995117,0.39860981702804565,-0.3146604895591736
usaco,554_gold_trapped_in_the_haybales_(gold),0.9510225057601929,-0.00013306274195201695,-0.4916858375072479,-0.23602455854415894,0.46616095304489136,-0.19129933416843414,0.08095482736825943,0.2978580594062805,0.39855703711509705,-0.3145776093006134
usaco,1205_bronze_blocks,0.9510207772254944,-0.0001385134382871911,-0.491808146238327,-0.2355983555316925,0.4662523865699768,-0.19132083654403687,0.08095662295818329,0.2976178526878357,0.398640900850296,-0.3146726191043854
usaco,101_gold_simplifying_the_farm,0.9510205388069153,-0.00013382906035985798,-0.49172312021255493,-0.23560351133346558,0.4662763476371765,-0.1912965625524521,0.08103892207145691,0.2976878583431244,0.39856916666030884,-0.31478339433670044
usaco,401_gold_cow_decathlon,0.951019823551178,-0.000133168650791049,-0.49175316095352173,-0.23581407964229584,0.46622297167778015,-0.19128459692001343,0.0809362530708313,0.2976664900779724,0.39858752489089966,-0.3146865963935852
usaco,787_silver_rental_service,0.9510197043418884,-0.00013580845552496612,-0.49172651767730713,-0.23571984469890594,0.46622928977012634,-0.1912992000579834,0.08095421642065048,0.29777276515960693,0.3985923230648041,-0.3146688938140869
usaco,126_silver_landscaping,0.9510170221328735,-0.00014020373055245727,-0.4918576180934906,-0.23517192900180817,0.46635252237319946,-0.1913139522075653,0.08117043972015381,0.29737982153892517,0.3986441493034363,-0.31492432951927185
usaco,764_silver_the_bovine_shuffle,0.9510151743888855,-0.0001352683757431805,-0.49177828431129456,-0.2356584668159485,0.46625539660453796,-0.1912701576948166,0.08092863857746124,0.29767075181007385,0.39857858419418335,-0.3147197365760803
usaco,791_gold_stamp_painting,0.9510149955749512,-0.0001367655786452815,-0.49182215332984924,-0.23558641970157623,0.46626710891723633,-0.1912967413663864,0.08095206320285797,0.2975734770298004,0.3986380100250244,-0.3146817088127136
usaco,1281_gold_find_and_replace,0.9510146975517273,-0.00013647408923134208,-0.4917415678501129,-0.2355271726846695,0.4663213789463043,-0.19131684303283691,0.0810115858912468,0.29751646518707275,0.3986652195453644,-0.3147627115249634
usaco,741_gold_bovine_genomics,0.9510142803192139,-0.00013585359556600451,-0.49180787801742554,-0.23547308146953583,0.4663103520870209,-0.19127511978149414,0.08103618025779724,0.2974454462528229,0.39867648482322693,-0.31478646397590637
usaco,88_silver_cow_beauty_pageant_(silver_level),0.9510140419006348,-0.00013139077054802328,-0.49171024560928345,-0.23563723266124725,0.4662509262561798,-0.19128026068210602,0.08095676451921463,0.29778435826301575,0.398602694272995,-0.31469371914863586
usaco,940_bronze_milk_factory,0.9510130882263184,-0.00013841174950357527,-0.49168890714645386,-0.23557519912719727,0.4662865698337555,-0.19132110476493835,0.08103538304567337,0.29772013425827026,0.398574560880661,-0.3147691488265991
usaco,281_bronze_haywire,0.9510127305984497,-0.00012755559873767197,-0.4916296899318695,-0.23590809106826782,0.4661885201931,-0.19126497209072113,0.0808800533413887,0.2979913353919983,0.3985782563686371,-0.31456926465034485
usaco,1327_silver_field_day,0.9510120153427124,-0.0001339736336376518,-0.491719514131546,-0.23554986715316772,0.4663083553314209,-0.19133175909519196,0.08114174753427505,0.29767584800720215,0.3985728919506073,-0.31471484899520874
usaco,107_silver_bale_share,0.9510118961334229,-0.00012954942940268666,-0.49172043800354004,-0.23575064539909363,0.46624574065208435,-0.19124963879585266,0.08093482255935669,0.297681987285614,0.39863330125808716,-0.31467634439468384
usaco,134_silver_unlocking_blocks_(silver),0.9510118961334229,-0.00013109645806252956,-0.4917260706424713,-0.2355927973985672,0.46624279022216797,-0.19128382205963135,0.08096274733543396,0.2977437674999237,0.39864543080329895,-0.31468838453292847
usaco,1182_silver_searching_for_soulmates,0.9510113596916199,-0.0001361271133646369,-0.49174079298973083,-0.23574069142341614,0.46621057391166687,-0.19130724668502808,0.08095277845859528,0.2977212965488434,0.3985951244831085,-0.31467404961586
usaco,547_bronze_trapped_in_the_haybales_(bronze),0.9510084390640259,-0.00014265764912124723,-0.491845041513443,-0.2353973239660263,0.4663124978542328,-0.19135990738868713,0.08105019479990005,0.2974080443382263,0.39864417910575867,-0.314785361289978
usaco,856_bronze_the_bucket_list,0.9510072469711304,-0.0001293577952310443,-0.4916861355304718,-0.23592990636825562,0.4662071466445923,-0.1912539303302765,0.08088435232639313,0.2977578043937683,0.3986167311668396,-0.3145983815193176
usaco,837_gold_out_of_sorts,0.9510061740875244,-0.00013391362153925002,-0.4917272627353668,-0.2356978952884674,0.4662332534790039,-0.1912982016801834,0.08096708357334137,0.297763466835022,0.3985517621040344,-0.31469467282295227
usaco,891_bronze_shell_game,0.951004683971405,-0.00013472097634803504,-0.4917534589767456,-0.23557712137699127,0.4663105309009552,-0.1913299709558487,0.08096009492874146,0.29744523763656616,0.3987877368927002,-0.31460967659950256
usaco,1299_bronze_hungry_cow,0.9510037302970886,-0.00012602882634382695,-0.49162715673446655,-0.23601078987121582,0.4661668539047241,-0.19125761091709137,0.08082298189401627,0.29789119958877563,0.3986286222934723,-0.3145511746406555
usaco,1300_bronze_stamp_grid,0.9510034322738647,-0.0001330513769062236,-0.49177274107933044,-0.23561732470989227,0.46625903248786926,-0.19130104780197144,0.08096929639577866,0.2976047396659851,0.398631751537323,-0.314684122800827
usaco,346_gold_empty_stalls,0.95100337266922,-0.00013627881708089262,-0.4917861521244049,-0.23548871278762817,0.46628981828689575,-0.1912950575351715,0.0809694156050682,0.297547847032547,0.3986523747444153,-0.31474488973617554
usaco,115_silver_overplanting_(silver),0.9510027766227722,-0.00013357409625314176,-0.4917442798614502,-0.23560160398483276,0.4662674069404602,-0.191279336810112,0.08097770810127258,0.29763907194137573,0.3986252248287201,-0.3147129416465759
usaco,193_gold_balanced_cow_breeds,0.9510018229484558,-0.00013242661952972412,-0.4917522966861725,-0.23556962609291077,0.46627044677734375,-0.19127996265888214,0.08100363612174988,0.29767876863479614,0.39857161045074463,-0.31474021077156067
usaco,114_bronze_moo,0.9510016441345215,-0.00013713425141759217,-0.49176180362701416,-0.23564474284648895,0.4662438631057739,-0.1912890374660492,0.08095115423202515,0.29768484830856323,0.3985988199710846,-0.31467562913894653
usaco,917_bronze_measuring_traffic,0.9510015249252319,-0.00012789304309990257,-0.49162328243255615,-0.23590758442878723,0.46612808108329773,-0.19126594066619873,0.08086790889501572,0.2980022430419922,0.39858463406562805,-0.3146193325519562
usaco,112_bronze_rope_folding,0.9510012269020081,-0.00013716165267396718,-0.49172329902648926,-0.23555029928684235,0.46627599000930786,-0.19132304191589355,0.08107377588748932,0.29765838384628296,0.39856842160224915,-0.3147689998149872
usaco,789_gold_mootube,0.9509987831115723,-0.00013087123807054013,-0.4916844367980957,-0.23568040132522583,0.4662243723869324,-0.19128429889678955,0.08092761784791946,0.29780614376068115,0.39862003922462463,-0.31465741991996765
usaco,96_bronze_escaping_the_farm,0.950998067855835,-0.00013537144695874304,-0.4917551279067993,-0.23567424714565277,0.46624234318733215,-0.19131328165531158,0.08096392452716827,0.2976488769054413,0.398600697517395,-0.31466901302337646
usaco,361_silver_milk_scheduling,0.950995683670044,-0.00013034723815508187,-0.491716593503952,-0.23575693368911743,0.4662703573703766,-0.19129396975040436,0.08090859651565552,0.2975444197654724,0.3987544775009155,-0.3145485520362854
usaco,1062_silver_cowntagion,0.9509944319725037,-0.00013455215957947075,-0.4917462468147278,-0.23560386896133423,0.46623846888542175,-0.19129586219787598,0.0809672400355339,0.2977146506309509,0.39855167269706726,-0.31474000215530396
usaco,379_silver_bessie_slows_down,0.9509942531585693,-0.0001312292879447341,-0.49173498153686523,-0.2355387955904007,0.4662736654281616,-0.19129310548305511,0.08096525073051453,0.2975693941116333,0.39866936206817627,-0.3147442638874054
usaco,436_gold_fair_photography,0.9509918093681335,-0.00013469041732605547,-0.4917387068271637,-0.2356654703617096,0.46623069047927856,-0.1912926882505417,0.0809466615319252,0.2976784110069275,0.3986060917377472,-0.3146818280220032
usaco,864_platinum_balance_beam,0.9509893655776978,-0.00013952766312286258,-0.4918120205402374,-0.2356020212173462,0.46623775362968445,-0.19131413102149963,0.08092619478702545,0.2975853681564331,0.39863288402557373,-0.3146432936191559
usaco,1021_platinum_equilateral_triangles,0.950989305973053,-0.00013565894914790988,-0.49178194999694824,-0.23534518480300903,0.4663163423538208,-0.19131429493427277,0.08106579631567001,0.2975320518016815,0.39862945675849915,-0.31478455662727356
usaco,117_silver_relocation,0.9509870409965515,-0.00013702247815672308,-0.4918016493320465,-0.235348641872406,0.46630847454071045,-0.1913217157125473,0.08101832866668701,0.2975100874900818,0.39865782856941223,-0.3147485554218292
usaco,1277_bronze_moo_operations,0.9509863257408142,-0.00013217532250564545,-0.49175047874450684,-0.23549750447273254,0.4662904739379883,-0.19129838049411774,0.0810076892375946,0.2975917458534241,0.39860600233078003,-0.3147469460964203
usaco,433_silver_fair_photography,0.9509863257408142,-0.00013607933942694217,-0.4916932284832001,-0.23571008443832397,0.4662316143512726,-0.19131828844547272,0.08096855133771896,0.2977038621902466,0.39858385920524597,-0.3146844208240509
usaco,278_bronze_bovine_ballet,0.9509857296943665,-0.0001366642682114616,-0.4917643666267395,-0.23556359112262726,0.4662450850009918,-0.19129733741283417,0.08095919340848923,0.29763364791870117,0.3985980749130249,-0.3147248923778534
usaco,918_silver_sleepy_cow_herding,0.9509846568107605,-0.0001358084409730509,-0.49174559116363525,-0.23553594946861267,0.4662816822528839,-0.19128213822841644,0.08093152195215225,0.2975750267505646,0.3986513912677765,-0.3147216737270355
usaco,412_bronze_reordering_the_cows,0.9509831070899963,-0.0001311612140852958,-0.4917563498020172,-0.23552627861499786,0.46628156304359436,-0.19129201769828796,0.080984927713871,0.2975521385669708,0.39863887429237366,-0.3147253692150116
usaco,1230_silver_visits,0.9509822726249695,-0.00013322639279067516,-0.49166232347488403,-0.23595291376113892,0.46617990732192993,-0.1912948191165924,0.0808979943394661,0.29778194427490234,0.3985532522201538,-0.31461256742477417
usaco,1018_gold_help_yourself,0.9509814977645874,-0.00012856551620643586,-0.49164414405822754,-0.23580402135849,0.4661809206008911,-0.19126862287521362,0.0809025764465332,0.29793038964271545,0.3985689580440521,-0.31460288166999817
usaco,783_bronze_blocked_billboard_ii,0.9509809613227844,-0.00013250102347228676,-0.49173328280448914,-0.23557408154010773,0.4662608206272125,-0.1912817507982254,0.08093645423650742,0.2976154088973999,0.3986576795578003,-0.3146848678588867
usaco,808_bronze_hoofball,0.9509807229042053,-0.00013205490540713072,-0.49170804023742676,-0.23575587570667267,0.4662175476551056,-0.19128358364105225,0.08092503249645233,0.29768505692481995,0.39858725666999817,-0.31467676162719727
usaco,87_bronze_cow_beauty_pageant_(bronze_level),0.9509796500205994,-0.00013456703163683414,-0.49173861742019653,-0.23568809032440186,0.4662070870399475,-0.19130150973796844,0.08095385879278183,0.29773321747779846,0.39854705333709717,-0.3146790862083435
usaco,1115_gold_count_the_cows,0.95097815990448,-0.00012903088645543903,-0.49165281653404236,-0.23583558201789856,0.46619340777397156,-0.19127824902534485,0.08088099956512451,0.29781198501586914,0.398603618144989,-0.3146049678325653
usaco,840_platinum_out_of_sorts,0.9509775638580322,-0.00013713889347855002,-0.4916991889476776,-0.23565299808979034,0.46623241901397705,-0.1913493573665619,0.08095911890268326,0.29763829708099365,0.39864879846572876,-0.3146534860134125
usaco,98_silver_roadblock,0.9509760141372681,-0.00013225030852481723,-0.49170568585395813,-0.23564179241657257,0.4662378430366516,-0.19127888977527618,0.08094820380210876,0.2976915240287781,0.3986012637615204,-0.31469467282295227
usaco,866_platinum_the_cow_gathering,0.9509758353233337,-0.00012880271242465824,-0.4917648434638977,-0.23547983169555664,0.46628808975219727,-0.19128075242042542,0.08097291737794876,0.29751265048980713,0.39864739775657654,-0.31475165486335754
usaco,966_silver_moobuzz,0.9509747624397278,-0.0001264874154003337,-0.49172985553741455,-0.23561589419841766,0.46624335646629333,-0.19127912819385529,0.08095257729291916,0.2976594567298889,0.39858874678611755,-0.31470924615859985
usaco,1136_silver_acowdemia,0.9509739279747009,-0.00013242285058367997,-0.4917612373828888,-0.23546820878982544,0.46628502011299133,-0.19131281971931458,0.08096469938755035,0.29754287004470825,0.39863744378089905,-0.31473132967948914
usaco,759_bronze_blocked_billboard,0.9509710669517517,-0.00013712675718124956,-0.4918094575405121,-0.2354557067155838,0.4662416875362396,-0.19130901992321014,0.08098457008600235,0.2975151836872101,0.3986494243144989,-0.3147292137145996
usaco,1333_platinum_good_bitstrings,0.9509701728820801,-0.00012664440146181732,-0.49155956506729126,-0.2361678183078766,0.46613574028015137,-0.19128599762916565,0.0808989405632019,0.2978321313858032,0.3985513150691986,-0.31460076570510864
usaco,1325_bronze_rotate_and_shift,0.9509699940681458,-0.00012902736489195377,-0.49162712693214417,-0.23592504858970642,0.466184139251709,-0.19128333032131195,0.08089298754930496,0.29777970910072327,0.3986110985279083,-0.3145820200443268
usaco,344_silver_crowded_cows,0.9509676694869995,-0.00012991137919016182,-0.49165746569633484,-0.23570279777050018,0.4662211835384369,-0.19127298891544342,0.08092444390058517,0.29775452613830566,0.39863115549087524,-0.31463590264320374
usaco,833_bronze_family_tree,0.9509676098823547,-0.00012556918954942375,-0.49158331751823425,-0.23607222735881805,0.4661644399166107,-0.1912662386894226,0.08084442466497421,0.297821581363678,0.3986131250858307,-0.3145428001880646
usaco,1069_platinum_spaceship,0.9509665369987488,-0.00013472848513629287,-0.49172770977020264,-0.2356741577386856,0.46623796224594116,-0.1912992000579834,0.08095194399356842,0.29765763878822327,0.3985872268676758,-0.3146437108516693
usaco,189_bronze_horseshoes,0.9509662389755249,-0.00012912759848404676,-0.4917701780796051,-0.2354726344347,0.4662702977657318,-0.1912691593170166,0.08095785230398178,0.2975222170352936,0.3986528217792511,-0.31474098563194275
usaco,815_gold_taming_the_herd,0.9509629607200623,-0.00013444542128127068,-0.4917367994785309,-0.2353651523590088,0.46629658341407776,-0.1913049966096878,0.08100048452615738,0.29751163721084595,0.39861854910850525,-0.31484535336494446
usaco,341_bronze_goldilocks_and_the_n_cows,0.9509626030921936,-0.00013050137204118073,-0.4916830360889435,-0.2355675995349884,0.46623578667640686,-0.19128510355949402,0.08093636482954025,0.2977031171321869,0.39865759015083313,-0.31466490030288696
usaco,646_gold_closing_the_farm,0.9509615302085876,-0.00012882682494819164,-0.4916749894618988,-0.2356209009885788,0.466251015663147,-0.19129590690135956,0.08099284768104553,0.29760032892227173,0.39864450693130493,-0.31470462679862976
usaco,206_bronze_scrambled_letters,0.9509610533714294,-0.00013472806313075125,-0.4917506277561188,-0.2354554533958435,0.4662492275238037,-0.1913122683763504,0.08098925650119781,0.2976558208465576,0.398588627576828,-0.3147207498550415
usaco,818_platinum_cow_gymnasts,0.9509597420692444,-0.0001282150624319911,-0.49161410331726074,-0.23601439595222473,0.46614059805870056,-0.19127388298511505,0.08088928461074829,0.29781919717788696,0.3985540568828583,-0.3146105706691742
usaco,1232_silver_cow_operations,0.9509593844413757,-0.00012960939784534276,-0.49170997738838196,-0.23563754558563232,0.4662420451641083,-0.19128620624542236,0.08092676848173141,0.2975776791572571,0.39866337180137634,-0.31466466188430786
usaco,861_gold_fine_dining,0.9509592652320862,-0.0001355819549644366,-0.4918132722377777,-0.2352423518896103,0.4663027226924896,-0.19128909707069397,0.08100661635398865,0.2975049614906311,0.3986540138721466,-0.31476688385009766
usaco,964_bronze_where_am_i?,0.9509590864181519,-0.00012797527597285807,-0.4916868209838867,-0.2356744408607483,0.4662439227104187,-0.19127848744392395,0.08092846721410751,0.29762002825737,0.39865294098854065,-0.3146469295024872
usaco,1083_bronze_uddered_but_not_herd,0.9509590268135071,-0.0001327839127043262,-0.491698294878006,-0.23566988110542297,0.46621760725975037,-0.19128896296024323,0.08094115555286407,0.2976699471473694,0.39860621094703674,-0.3146735727787018
usaco,1183_silver_cow_frisbee,0.9509586691856384,-0.0001293427631026134,-0.4916747808456421,-0.23574963212013245,0.466198205947876,-0.19126679003238678,0.08087708801031113,0.2977331578731537,0.3985932469367981,-0.3146648406982422
usaco,809_bronze_taming_the_herd,0.9509586095809937,-0.00012939168664161116,-0.4917663037776947,-0.23549658060073853,0.4662800431251526,-0.19127802550792694,0.0809943750500679,0.29749491810798645,0.39864158630371094,-0.31471699476242065
usaco,865_platinum_sort_it_out,0.9509586095809937,-0.00013331189984455705,-0.49163055419921875,-0.23566290736198425,0.46624138951301575,-0.19129660725593567,0.0810089111328125,0.29768794775009155,0.3985882103443146,-0.31473177671432495
usaco,735_bronze_the_lost_cow,0.9509566426277161,-0.0001361429167445749,-0.4917922019958496,-0.2355208545923233,0.4662937819957733,-0.19130294024944305,0.08098823577165604,0.2974226176738739,0.39862170815467834,-0.31471189856529236
usaco,549_silver_bessie_goes_moo,0.9509560465812683,-0.0001283501769648865,-0.4916834533214569,-0.23539309203624725,0.4662976562976837,-0.19129063189029694,0.08102209120988846,0.2976281940937042,0.3986024856567383,-0.3147987425327301
usaco,394_bronze_mirror_field,0.950955867767334,-0.00012687126582022756,-0.49164879322052,-0.23580896854400635,0.46622028946876526,-0.1912769228219986,0.08093450963497162,0.29767486453056335,0.3986169993877411,-0.31462395191192627
usaco,898_gold_sleepy_cow_sorting,0.9509537816047668,-0.00012848261394537985,-0.49164336919784546,-0.23591670393943787,0.46617361903190613,-0.19127188622951508,0.08089657872915268,0.2978152930736542,0.39854103326797485,-0.314590722322464
usaco,811_silver_snow_boots,0.9509536623954773,-0.00012903037713840604,-0.49170318245887756,-0.23572714626789093,0.46624255180358887,-0.19129256904125214,0.08092980831861496,0.2976621091365814,0.39856478571891785,-0.3146304488182068
usaco,648_platinum_262144,0.9509512782096863,-0.00012796683586202562,-0.4916505813598633,-0.2357790619134903,0.46620267629623413,-0.1912689208984375,0.08091231435537338,0.2977222800254822,0.3986091911792755,-0.3146313726902008
usaco,1279_silver_following_directions,0.9509500861167908,-0.00013361996388994157,-0.4917408525943756,-0.235534206032753,0.4662538468837738,-0.19129492342472076,0.08094994723796844,0.2976120412349701,0.3986143171787262,-0.31466662883758545
usaco,132_bronze_islands,0.950950026512146,-0.0001275317627005279,-0.49170857667922974,-0.2354779988527298,0.4662528932094574,-0.1912868320941925,0.08099880069494247,0.2975897192955017,0.39864373207092285,-0.31473639607429504
usaco,893_bronze_guess_the_animal,0.9509499669075012,-0.00012833111395593733,-0.4916391670703888,-0.23571784794330597,0.4661957919597626,-0.19126318395137787,0.08091121166944504,0.2978164553642273,0.3985680043697357,-0.31466805934906006
usaco,1014_silver_swapity_swapity_swap,0.9509493708610535,-0.00012883380986750126,-0.4917033910751343,-0.235701322555542,0.4662095308303833,-0.1912771314382553,0.08089830726385117,0.29769018292427063,0.3986126482486725,-0.31461578607559204
usaco,1133_bronze_acowdemia_iii,0.9509493708610535,-0.00013232824858278036,-0.4917447865009308,-0.23557502031326294,0.4662308096885681,-0.19128097593784332,0.08089882880449295,0.29761770367622375,0.3986114263534546,-0.3146817684173584
usaco,246_silver_milk_scheduling,0.9509492516517639,-0.00012938638974446803,-0.4916822612285614,-0.23561786115169525,0.4662332832813263,-0.19127528369426727,0.08095643669366837,0.2976393401622772,0.3986041843891144,-0.3147207200527191
usaco,1227_bronze_photoshoot,0.9509481191635132,-0.00013005451182834804,-0.4917088449001312,-0.23558840155601501,0.466230571269989,-0.19129091501235962,0.08094402402639389,0.29762405157089233,0.39862120151519775,-0.314688503742218
usaco,813_gold_snow_boots,0.9509475827217102,-0.00013370037777349353,-0.4917095899581909,-0.23572148382663727,0.46619462966918945,-0.19128912687301636,0.08089353889226913,0.29767534136772156,0.3986092507839203,-0.3146199584007263
usaco,1017_gold_timeline,0.9509472250938416,-0.0001321837626164779,-0.491679310798645,-0.2357964664697647,0.4661540687084198,-0.19130778312683105,0.08087004721164703,0.2977968454360962,0.3985830545425415,-0.3145829141139984
usaco,1132_bronze_acowdemia_ii,0.9509469270706177,-0.00012607606186065823,-0.4916457235813141,-0.23583930730819702,0.466200590133667,-0.1912756711244583,0.08090271800756454,0.2977086305618286,0.3985884487628937,-0.3146212697029114
usaco,1064_silver_stuck_in_a_rut,0.9509457945823669,-0.00012743422121275216,-0.49168509244918823,-0.23567171394824982,0.466230571269989,-0.19127243757247925,0.08094597607851028,0.29761436581611633,0.39863741397857666,-0.31465548276901245
usaco,1208_silver_email_filing,0.9509457945823669,-0.00013200921239331365,-0.49170130491256714,-0.2356593757867813,0.46621909737586975,-0.191283717751503,0.08094249665737152,0.2976332902908325,0.3986104726791382,-0.3146666884422302
usaco,242_bronze_cow_crossings,0.9509454369544983,-0.00012747847358696163,-0.4916272461414337,-0.235862597823143,0.4661928415298462,-0.19126729667186737,0.08089664578437805,0.2977195084095001,0.398607462644577,-0.3146120309829712
usaco,835_silver_lemonade_line,0.9509444832801819,-0.0001305772748310119,-0.4917062222957611,-0.23568406701087952,0.4662128686904907,-0.19126717746257782,0.08089986443519592,0.297656387090683,0.3986074924468994,-0.3146487772464752
usaco,1037_bronze_cowntact_tracing,0.9509438872337341,-0.00012890576908830553,-0.4916788339614868,-0.2356460690498352,0.46624135971069336,-0.1912805587053299,0.08093232661485672,0.29762470722198486,0.3986329734325409,-0.31465721130371094
usaco,1157_bronze_walking_home,0.9509420990943909,-0.0001309167710132897,-0.4917227625846863,-0.2355072796344757,0.4662356376647949,-0.19127270579338074,0.08098672330379486,0.2976292669773102,0.3985743224620819,-0.31475621461868286
usaco,104_bronze_haybale_stacking,0.9509413838386536,-0.0001277742558158934,-0.49164295196533203,-0.2358822524547577,0.46618926525115967,-0.19126549363136292,0.08088327199220657,0.2977335453033447,0.39859718084335327,-0.3145699203014374
usaco,860_silver_mooyo_mooyo,0.9509413838386536,-0.00012622310896404088,-0.491639107465744,-0.2357093244791031,0.46620216965675354,-0.19127145409584045,0.08091595768928528,0.2977578938007355,0.39860856533050537,-0.3146369457244873
usaco,1012_bronze_mad_scientist,0.9509410262107849,-0.00013110952568240464,-0.4917028546333313,-0.23564667999744415,0.46623316407203674,-0.19127848744392395,0.08093012124300003,0.29759418964385986,0.39862340688705444,-0.3146653473377228
usaco,1038_silver_social_distancing,0.9509409666061401,-0.0001330250088358298,-0.49170297384262085,-0.23568092286586761,0.4662195146083832,-0.1912888139486313,0.08093789964914322,0.2976055145263672,0.3986041843891144,-0.3146649897098541
usaco,546_bronze_bessie_gets_even,0.9509409070014954,-0.0001285537437070161,-0.49168652296066284,-0.23566566407680511,0.46622219681739807,-0.1912803053855896,0.08091747760772705,0.29763105511665344,0.39863041043281555,-0.3146510124206543
usaco,92_gold_binary_sudoku,0.9509404897689819,-0.0001377907901769504,-0.4918220043182373,-0.2353300303220749,0.4662993550300598,-0.19130243360996246,0.08101528882980347,0.2973838448524475,0.3986029326915741,-0.3148048222064972
usaco,1229_bronze_alchemy,0.9509404301643372,-0.0001301383163081482,-0.49166738986968994,-0.23569175601005554,0.46621692180633545,-0.19128572940826416,0.08092117309570312,0.29764771461486816,0.3986375331878662,-0.31463882327079773
usaco,1085_bronze_just_stalling,0.9509401917457581,-0.0001312821259489283,-0.49170875549316406,-0.23544389009475708,0.46627599000930786,-0.19129149615764618,0.08105754107236862,0.29749175906181335,0.3986627161502838,-0.31474828720092773
usaco,794_platinum_sprinklers,0.9509401917457581,-0.00012776849325746298,-0.491654634475708,-0.23568466305732727,0.4662230610847473,-0.19127818942070007,0.08095172792673111,0.2976784110069275,0.3985927999019623,-0.3146785497665405
usaco,209_silver_wifi_setup,0.9509397149085999,-0.00013121860683895648,-0.491668164730072,-0.23568947613239288,0.46620529890060425,-0.1912946254014969,0.08092673867940903,0.2976793944835663,0.39860716462135315,-0.31465592980384827
usaco,945_gold_snakes,0.9509395360946655,-0.00012521141616161913,-0.4915841221809387,-0.23598474264144897,0.4661707282066345,-0.19126583635807037,0.08087131381034851,0.2978004515171051,0.39859890937805176,-0.31454429030418396
usaco,1155_bronze_lonely_photo,0.9509392380714417,-0.00013358106662053615,-0.49168217182159424,-0.23568668961524963,0.4662000238895416,-0.19130097329616547,0.08092023432254791,0.29768240451812744,0.39859703183174133,-0.31465035676956177
usaco,84_bronze_contest_timing,0.9509387016296387,-0.00012653469457291067,-0.49165815114974976,-0.2356821596622467,0.4662517309188843,-0.1912619173526764,0.08092664927244186,0.29759642481803894,0.39863505959510803,-0.3146682679653168
usaco,967_silver_meetings,0.9509384632110596,-0.00012673661694861948,-0.4916777014732361,-0.23559090495109558,0.46623310446739197,-0.19125314056873322,0.08096743375062943,0.29761841893196106,0.3986198604106903,-0.3147263824939728
usaco,922_gold_dishwashing,0.9509384036064148,-0.00013008642417844385,-0.49172380566596985,-0.23556914925575256,0.4663005471229553,-0.19128352403640747,0.08089617639780045,0.2974104583263397,0.3987226188182831,-0.31463679671287537
usaco,415_silver_watering_the_fields,0.95093834400177,-0.00012484888429753482,-0.49160635471343994,-0.23584753274917603,0.4661853611469269,-0.19125795364379883,0.08089703321456909,0.29777029156684875,0.3985873758792877,-0.3146284520626068
usaco,641_bronze_field_reduction,0.9509382247924805,-0.0001300200674450025,-0.49168306589126587,-0.2356104701757431,0.46622154116630554,-0.19127508997917175,0.08094668388366699,0.29769015312194824,0.39859503507614136,-0.3146752715110779
usaco,1161_gold_paired_up,0.9509381651878357,-0.000128585597849451,-0.4917233884334564,-0.23562848567962646,0.4662278890609741,-0.1912774294614792,0.08089478313922882,0.2975826859474182,0.398628830909729,-0.3146599233150482
usaco,94_bronze_hay_bales,0.9509377479553223,-0.0001289684878429398,-0.49170106649398804,-0.2356862872838974,0.4662192761898041,-0.19127610325813293,0.08094543218612671,0.29759204387664795,0.39859992265701294,-0.31467846035957336
usaco,762_silver_my_cow_ate_my_homework,0.9509373903274536,-0.00013019902689848095,-0.49168407917022705,-0.23556703329086304,0.4662523567676544,-0.19129616022109985,0.08098134398460388,0.29761993885040283,0.3986089825630188,-0.3146851360797882
usaco,241_bronze_message_relay,0.9509366154670715,-0.00012513634283095598,-0.4916217029094696,-0.23599249124526978,0.466176301240921,-0.19126218557357788,0.08084408938884735,0.2977222800254822,0.39858293533325195,-0.3145661950111389
usaco,1108_bronze_comfortable_cows,0.9509351253509521,-0.00012849256745539606,-0.4916273355484009,-0.2358444184064865,0.46615901589393616,-0.1912693828344345,0.08090337365865707,0.2978270649909973,0.39853477478027344,-0.3146316707134247
usaco,434_silver_dueling_gpss,0.9509347081184387,-0.00013163422408979386,-0.4916970729827881,-0.2356535643339157,0.4662255644798279,-0.19128988683223724,0.08093942701816559,0.29758453369140625,0.3986074924468994,-0.3146814703941345
usaco,376_bronze_ski_course_design,0.9509344696998596,-0.0001381955953547731,-0.49169838428497314,-0.2356511503458023,0.4662192165851593,-0.1913342922925949,0.0809665396809578,0.2977692782878876,0.39846161007881165,-0.31466594338417053
usaco,788_silver_mootube,0.9509333968162537,-0.0001286041660932824,-0.49165669083595276,-0.23560366034507751,0.4662420153617859,-0.19126243889331818,0.08095564693212509,0.29770341515541077,0.3986109495162964,-0.3146493136882782
usaco,924_platinum_cow_dating,0.9509332180023193,-0.00012705331027973443,-0.4916287064552307,-0.2357710599899292,0.4661846458911896,-0.1912604570388794,0.08089770376682281,0.2977871894836426,0.39857539534568787,-0.3146339952945709
usaco,1040_silver_the_moo_particle,0.950933039188385,-0.00012924149632453918,-0.49166953563690186,-0.2356749176979065,0.46620893478393555,-0.19126707315444946,0.080927774310112,0.2977021038532257,0.3985709846019745,-0.3146800696849823
usaco,1275_bronze_leaders,0.9509323239326477,-0.00012659312051255256,-0.49164727330207825,-0.23568134009838104,0.4662042558193207,-0.19126778841018677,0.08093170076608658,0.29772061109542847,0.39858099818229675,-0.31468307971954346
usaco,347_gold_line_of_sight,0.9509318470954895,-0.0001285604084841907,-0.4916503429412842,-0.23585860431194305,0.4661877751350403,-0.1912652999162674,0.08089790493249893,0.29770761728286743,0.39858946204185486,-0.31458017230033875
usaco,1059_bronze_do_you_know_your_abcs?,0.9509317874908447,-0.00012466197949834168,-0.4916730225086212,-0.23550090193748474,0.4662587642669678,-0.1912696808576584,0.08099531382322311,0.2976188659667969,0.39861997961997986,-0.31472495198249817
usaco,784_bronze_lifeguards,0.9509311318397522,-0.000133533074404113,-0.4917154908180237,-0.23560069501399994,0.46624499559402466,-0.19129054248332977,0.08093525469303131,0.2975078523159027,0.3986454904079437,-0.3146778345108032
usaco,210_silver_milk_routing,0.9509308934211731,-0.00013419667084235698,-0.4916921555995941,-0.23572732508182526,0.4661955237388611,-0.19129768013954163,0.08088266849517822,0.29767316579818726,0.3985821306705475,-0.31462499499320984
usaco,1257_gold_bribing_friends,0.9509272575378418,-0.00013058516196906567,-0.49165523052215576,-0.23567476868629456,0.46621575951576233,-0.19128409028053284,0.08092188090085983,0.29767662286758423,0.3986056447029114,-0.31464630365371704
usaco,761_bronze_milk_measurement,0.9509264826774597,-0.00013050346751697361,-0.4916664958000183,-0.2357410341501236,0.46619483828544617,-0.1912807822227478,0.08087644726037979,0.29764747619628906,0.39862504601478577,-0.31462451815605164
usaco,1228_bronze_counting_liars,0.9509261250495911,-0.00013372812827583402,-0.49172839522361755,-0.23560726642608643,0.4662395119667053,-0.19129851460456848,0.08097285777330399,0.2974926829338074,0.39858677983283997,-0.3147197663784027
usaco,230_gold_island_travels,0.9509261250495911,-0.00013194796338211745,-0.49176907539367676,-0.23541904985904694,0.4662688374519348,-0.19128713011741638,0.08097431808710098,0.2974586486816406,0.3986336886882782,-0.31473302841186523
usaco,396_bronze_secret_code,0.9509248733520508,-0.00012762796541210264,-0.49164021015167236,-0.23589114844799042,0.46617788076400757,-0.19126097857952118,0.08085530996322632,0.29771408438682556,0.39861243963241577,-0.3145436942577362
usaco,1262_platinum_palindromes,0.9509247541427612,-0.00012324283306952566,-0.4915587306022644,-0.2358390986919403,0.46616607904434204,-0.19124317169189453,0.08086670190095901,0.297894150018692,0.3985801935195923,-0.3146054148674011
usaco,915_bronze_sleepy_cow_herding,0.950924277305603,-0.00012266253179404885,-0.49164628982543945,-0.2356872856616974,0.4662221670150757,-0.19125257432460785,0.08092913031578064,0.2976360619068146,0.39862918853759766,-0.3146582841873169
usaco,897_gold_cow_poetry,0.950923502445221,-0.0001310020888922736,-0.4917147159576416,-0.23552155494689941,0.4662419259548187,-0.1912733018398285,0.0809357538819313,0.2976146340370178,0.3986271023750305,-0.31465232372283936
usaco,188_bronze_typo,0.9509234428405762,-0.0001309761864831671,-0.4916403293609619,-0.23579320311546326,0.4661560654640198,-0.19129028916358948,0.08092334121465683,0.29779109358787537,0.3985545039176941,-0.314610093832016
usaco,105_bronze_grazing_patterns,0.9509230256080627,-0.0001267590996576473,-0.49161380529403687,-0.23584724962711334,0.46618178486824036,-0.19126152992248535,0.08086329698562622,0.29771745204925537,0.3986251652240753,-0.31458473205566406
usaco,247_gold_partitioning_the_farm,0.9509224891662598,-0.0001263495796592906,-0.4916302263736725,-0.23576955497264862,0.46619975566864014,-0.1912381947040558,0.08090788125991821,0.2977285385131836,0.3985833525657654,-0.31463420391082764
usaco,378_bronze_balanced_teams,0.9509224891662598,-0.00013169535668566823,-0.4916786253452301,-0.23551441729068756,0.4662405252456665,-0.1913011521100998,0.08098463714122772,0.29760605096817017,0.39862823486328125,-0.31469038128852844
usaco,1139_gold_permutation,0.9509221315383911,-0.00012657420302275568,-0.4916253983974457,-0.23573678731918335,0.46622616052627563,-0.19126048684120178,0.08088495582342148,0.2976151704788208,0.3986719846725464,-0.31461355090141296
usaco,1251_bronze_cow_college,0.9509219527244568,-0.00012751486792694777,-0.4916820824146271,-0.23545247316360474,0.4662577211856842,-0.19126498699188232,0.08095847815275192,0.2976325750350952,0.3986167013645172,-0.3147223889827728
usaco,248_gold_taxi,0.950920581817627,-0.00012795864313375205,-0.49164479970932007,-0.23565757274627686,0.46621841192245483,-0.19127680361270905,0.08091125637292862,0.2976890206336975,0.3986109793186188,-0.31463995575904846
usaco,223_bronze_mirrors,0.9509198665618896,-0.00013090186985209584,-0.49169957637786865,-0.23558872938156128,0.4662579596042633,-0.19127331674098969,0.0809372216463089,0.2975357174873352,0.39865124225616455,-0.31463465094566345
usaco,1067_gold_square_pasture,0.9509182572364807,-0.00012730715388897806,-0.4916894733905792,-0.23561930656433105,0.4662277102470398,-0.19127041101455688,0.08090609312057495,0.29759353399276733,0.39862388372421265,-0.31465718150138855
usaco,131_bronze_three_lines,0.9509181976318359,-0.00012616226740647107,-0.49164021015167236,-0.23568297922611237,0.466269850730896,-0.19125667214393616,0.08091531693935394,0.29754775762557983,0.3986290693283081,-0.3146666884422302
usaco,1068_platinum_sleeping_cows,0.9509161114692688,-0.00012469780631363392,-0.49162009358406067,-0.23572640120983124,0.46619921922683716,-0.19125302135944366,0.08091890811920166,0.29773133993148804,0.3985903263092041,-0.31464070081710815
usaco,259_bronze_cow_race,0.9509152173995972,-0.00012981340114492923,-0.491671085357666,-0.23552201688289642,0.4662502110004425,-0.19126158952713013,0.08096616715192795,0.29759764671325684,0.3986093997955322,-0.3147207498550415
usaco,431_bronze_fair_photography,0.9509149193763733,-0.0001277452101930976,-0.4916629195213318,-0.23555876314640045,0.46625015139579773,-0.19127638638019562,0.08096130192279816,0.29758909344673157,0.3986235558986664,-0.31468749046325684
usaco,1035_bronze_social_distancing_i,0.9509146809577942,-0.00012808786414097995,-0.4916313588619232,-0.23571737110614777,0.4661983549594879,-0.19126708805561066,0.08088471740484238,0.2976977229118347,0.39862242341041565,-0.31461799144744873
usaco,1087_silver_no_time_to_paint,0.9509141445159912,-0.00012748365406878293,-0.49162498116493225,-0.2356560230255127,0.4662293791770935,-0.19126537442207336,0.08094213157892227,0.2976476550102234,0.3986184597015381,-0.3146650791168213
usaco,360_bronze_wormholes,0.9509135484695435,-0.0001247602776857093,-0.4916127324104309,-0.23581728339195251,0.4661872684955597,-0.19126355648040771,0.08088931441307068,0.2976970374584198,0.39862850308418274,-0.3145792782306671
usaco,1330_gold_pareidolia,0.9509121179580688,-0.0001299638388445601,-0.4916119873523712,-0.23576438426971436,0.4661928117275238,-0.19128723442554474,0.08089907467365265,0.2977207601070404,0.3985925614833832,-0.3146136403083801
usaco,121_bronze_times_17,0.9509119987487793,-0.00012801869888789952,-0.4916301667690277,-0.23580241203308105,0.4661785364151001,-0.19126980006694794,0.08087587356567383,0.2977469265460968,0.3985694646835327,-0.3145985007286072
usaco,941_bronze_cow_evolution,0.9509113430976868,-0.0001363315968774259,-0.49172699451446533,-0.23528052866458893,0.46632885932922363,-0.19132114946842194,0.08098212629556656,0.2972389757633209,0.3988295793533325,-0.31470543146133423
usaco,988_bronze_photoshoot,0.9509113430976868,-0.00012968829832971096,-0.49163690209388733,-0.23573850095272064,0.46617570519447327,-0.19127275049686432,0.08089479804039001,0.29775291681289673,0.3985545039176941,-0.31464484333992004
usaco,103_bronze_gifts,0.9509108662605286,-0.00012500003504101187,-0.4915996789932251,-0.23586128652095795,0.46617013216018677,-0.19127057492733002,0.08086112141609192,0.29770782589912415,0.39862048625946045,-0.31458690762519836
usaco,810_silver_rest_stops,0.9509103298187256,-0.00012764161510858685,-0.491643488407135,-0.23558540642261505,0.46622443199157715,-0.1912653148174286,0.08093149214982986,0.2976768910884857,0.3985745906829834,-0.3147154748439789
usaco,786_silver_lifeguards,0.9509099721908569,-0.00012878705456387252,-0.4916366636753082,-0.23559577763080597,0.46623867750167847,-0.19126850366592407,0.08090049028396606,0.29765942692756653,0.39860886335372925,-0.31467553973197937
usaco,1131_bronze_acowdemia_i,0.9509096145629883,-0.00012395538215059787,-0.49159181118011475,-0.23573635518550873,0.4662240445613861,-0.19122722744941711,0.08093436062335968,0.2976687550544739,0.39862167835235596,-0.3146520256996155
usaco,894_silver_grass_planting,0.95090651512146,-0.0001275481772609055,-0.4916025698184967,-0.23581001162528992,0.46618446707725525,-0.19128091633319855,0.08088882267475128,0.29769060015678406,0.39861902594566345,-0.31459105014801025
usaco,1302_silver_bakery,0.9509059190750122,-0.00013178287190385163,-0.49171963334083557,-0.23533979058265686,0.4662700891494751,-0.19128060340881348,0.08098845928907394,0.29755184054374695,0.39862537384033203,-0.3147292733192444
usaco,1301_bronze_watching_mooloo,0.9509047865867615,-0.0001283393066842109,-0.4916316270828247,-0.23574528098106384,0.466167688369751,-0.19127102196216583,0.08087872713804245,0.29779893159866333,0.3985469937324524,-0.31461119651794434
usaco,226_silver_painting_the_fence,0.9509047269821167,-0.0001270370848942548,-0.49164098501205444,-0.2356029897928238,0.46623465418815613,-0.19127154350280762,0.08090940117835999,0.29764291644096375,0.39856797456741333,-0.3147165775299072
usaco,133_bronze_unlocking_blocks,0.9509037137031555,-0.00012358816456981003,-0.4915716052055359,-0.2359355390071869,0.4661528170108795,-0.19125056266784668,0.08084269613027573,0.2977542281150818,0.3986116647720337,-0.3145633041858673
usaco,1212_platinum_paint_by_rectangles,0.9509032368659973,-0.00012910972873214632,-0.4916304051876068,-0.23581254482269287,0.4661599099636078,-0.19126898050308228,0.08089110255241394,0.29775163531303406,0.3985593020915985,-0.31459686160087585
usaco,362_silver_vacation_planning,0.9509021639823914,-0.00012744253035634756,-0.49160629510879517,-0.23581090569496155,0.4661716818809509,-0.1912713497877121,0.08085837960243225,0.29772090911865234,0.39861688017845154,-0.3145780861377716
usaco,1259_gold_strongest_friendship_group,0.9509020447731018,-0.00012530774984043092,-0.4916112422943115,-0.23577778041362762,0.46618199348449707,-0.191238671541214,0.08088376373052597,0.2977319359779358,0.3985983431339264,-0.3146059811115265
usaco,1090_gold_telephone,0.9509013891220093,-0.0001291874796152115,-0.49171480536460876,-0.2353973090648651,0.46622776985168457,-0.19126689434051514,0.08098683506250381,0.29756835103034973,0.39861276745796204,-0.3147519826889038
usaco,965_bronze_livestock_lineup,0.9508998394012451,-0.0001278408308280632,-0.49163055419921875,-0.23576875030994415,0.4661857783794403,-0.19127298891544342,0.08087122440338135,0.2976232171058655,0.39865291118621826,-0.3145862817764282
usaco,261_bronze_breed_assignment,0.9508967995643616,-0.00012154705473221838,-0.491554856300354,-0.23592045903205872,0.4661500155925751,-0.19124503433704376,0.08085358142852783,0.2978082299232483,0.39855125546455383,-0.314610093832016
usaco,125_silver_flowerpot,0.9508963227272034,-0.00012724564294330776,-0.49162691831588745,-0.23581627011299133,0.4661584794521332,-0.19126425683498383,0.08086372166872025,0.2977582514286041,0.3985614776611328,-0.31458157300949097
usaco,192_silver_balanced_cow_breeds,0.9508962035179138,-0.00012496786075644195,-0.49161338806152344,-0.23574700951576233,0.46618497371673584,-0.19125564396381378,0.080905482172966,0.2977360785007477,0.39855337142944336,-0.31464067101478577
usaco,283_silver_fuel_economy,0.9508957266807556,-0.00012442623847164214,-0.4916050136089325,-0.23586387932300568,0.46617159247398376,-0.19126133620738983,0.08081555366516113,0.29771050810813904,0.3985922932624817,-0.3145790696144104
usaco,342_bronze_farmer_john_has_no_large_brown_cow,0.9508950710296631,-0.00012488711217883974,-0.4915750324726105,-0.23583127558231354,0.466165691614151,-0.19125059247016907,0.08088278025388718,0.29776647686958313,0.3985779285430908,-0.3146117627620697
usaco,1109_bronze_clockwise_fence,0.9508939981460571,-0.0001226964668603614,-0.4915834069252014,-0.23573803901672363,0.46619275212287903,-0.19125938415527344,0.08091626316308975,0.29768702387809753,0.3986220061779022,-0.31463053822517395
usaco,260_bronze_breed_proximity,0.9508930444717407,-0.00012847250036429614,-0.49168235063552856,-0.2354392409324646,0.46624159812927246,-0.19127705693244934,0.08096125721931458,0.2975831925868988,0.3986220955848694,-0.31470024585723877
usaco,343_silver_farmer_john_has_no_large_brown_cow,0.9508918523788452,-0.00012603409413713962,-0.4916239082813263,-0.23561130464076996,0.46624812483787537,-0.19125805795192719,0.08093446493148804,0.29754579067230225,0.39861854910850525,-0.3147077262401581
usaco,925_platinum_moorio_kart,0.9508917927742004,-0.0001288672210648656,-0.4916858971118927,-0.23539042472839355,0.4662419855594635,-0.19127270579338074,0.08098971843719482,0.2975432276725769,0.3986341953277588,-0.31474459171295166
usaco,1156_bronze_air_cownditioning,0.9508916735649109,-0.00012533004337456077,-0.4915751516819,-0.23583269119262695,0.4661693572998047,-0.1912538707256317,0.08089316636323929,0.29777583479881287,0.3985389471054077,-0.3146307170391083
usaco,1142_platinum_balanced_subsets,0.9508908987045288,-0.00012620247434824705,-0.4916732609272003,-0.23548275232315063,0.46624353528022766,-0.19125649333000183,0.08095669001340866,0.2975492775440216,0.39863845705986023,-0.31469762325286865
usaco,643_silver_diamond_collector,0.9508903622627258,-0.0001237833930645138,-0.4915972948074341,-0.23568645119667053,0.46619629859924316,-0.19124199450016022,0.08091224730014801,0.29768550395965576,0.39860329031944275,-0.3146679997444153
usaco,191_silver_distant_pastures,0.9508900046348572,-0.00012015794345643371,-0.4915354251861572,-0.23594996333122253,0.466153085231781,-0.1912427544593811,0.08084604889154434,0.29779013991355896,0.39859214425086975,-0.31456178426742554
usaco,550_silver_trapped_in_the_haybales_(silver),0.9508860111236572,-0.00012407999020069838,-0.49154824018478394,-0.23594562709331512,0.4661041796207428,-0.1912602186203003,0.08083624392747879,0.29784998297691345,0.3985729515552521,-0.31456491351127625
usaco,267_gold_necklace,0.9508855938911438,-0.0001282452285522595,-0.4916587769985199,-0.23543377220630646,0.46625691652297974,-0.1912485659122467,0.08096174895763397,0.29758384823799133,0.3986050486564636,-0.31473401188850403
usaco,1231_silver_subset_equality,0.9508838057518005,-0.00012721127131953835,-0.4916103780269623,-0.23585322499275208,0.4661398231983185,-0.19125781953334808,0.08084873110055923,0.2977590262889862,0.3985632359981537,-0.31457439064979553
usaco,1060_bronze_daisy_chains,0.950883150100708,-0.0001259387645404786,-0.4916013479232788,-0.23576395213603973,0.4661780595779419,-0.19126449525356293,0.08087600022554398,0.29768580198287964,0.3986032009124756,-0.3146042227745056
usaco,1114_gold_modern_art_3,0.9508808255195618,-0.00012363946007099003,-0.49158188700675964,-0.23585279285907745,0.46615684032440186,-0.19125251471996307,0.08083561807870865,0.2977510988712311,0.3985905945301056,-0.3145645260810852
usaco,249_gold_route_design,0.9508805871009827,-0.00012841250281780958,-0.49167561531066895,-0.23544947803020477,0.46624845266342163,-0.19126470386981964,0.08095955848693848,0.29750940203666687,0.3986261785030365,-0.3147277534008026
usaco,737_bronze_modern_art,0.9508805871009827,-0.00012285094999242574,-0.491555780172348,-0.2357957363128662,0.4661753177642822,-0.19124917685985565,0.08090773224830627,0.2977563440799713,0.3985680341720581,-0.31462690234184265
usaco,942_silver_left_out,0.9508792161941528,-0.00012143788626417518,-0.491515189409256,-0.23596587777137756,0.4661174416542053,-0.1912306845188141,0.08084415644407272,0.2979799211025238,0.3985217213630676,-0.3145190179347992
usaco,381_silver_recording_the_moolympics,0.9508782029151917,-0.00012202688958495855,-0.49154332280158997,-0.2358485609292984,0.466161847114563,-0.19124501943588257,0.08087849617004395,0.2977847158908844,0.3985717296600342,-0.3145981729030609
usaco,739_silver_bovine_genomics,0.9508777260780334,-0.00012660188076552004,-0.49162551760673523,-0.23549802601337433,0.4662018418312073,-0.19126881659030914,0.08092709630727768,0.29767972230911255,0.39861223101615906,-0.31469276547431946
usaco,855_bronze_mixing_milk,0.9508765935897827,-0.0001233881339430809,-0.4915895462036133,-0.2357049286365509,0.46618735790252686,-0.19124798476696014,0.08090006560087204,0.2976638376712799,0.3985854983329773,-0.31468063592910767
usaco,1016_silver_clock_tree,0.9508745670318604,-0.0001222685386892408,-0.4915451407432556,-0.2358173429965973,0.4661698043346405,-0.19124096632003784,0.0808652713894844,0.2977565824985504,0.3986033797264099,-0.31458818912506104
usaco,243_bronze_perimeter,0.9508736729621887,-0.00013009505346417427,-0.4916474521160126,-0.23572687804698944,0.466200053691864,-0.1912676841020584,0.08092636615037918,0.2975720167160034,0.3985377550125122,-0.314674437046051
usaco,1160_silver_convoluted_intervals,0.9508730173110962,-0.00012343504931777716,-0.4915700852870941,-0.23573912680149078,0.46616989374160767,-0.19125154614448547,0.08090268075466156,0.297762930393219,0.3985659182071686,-0.3146285116672516
usaco,812_silver_teleportation,0.9508712291717529,-0.0001329148217337206,-0.49171486496925354,-0.23564091324806213,0.4662199914455414,-0.19128432869911194,0.08092933148145676,0.29735779762268066,0.3986222743988037,-0.3146812319755554
usaco,647_gold_248,0.9508696794509888,-0.00012630218407139182,-0.4916696846485138,-0.23542873561382294,0.4662590026855469,-0.19125540554523468,0.0809694305062294,0.29748180508613586,0.3986365795135498,-0.3147200644016266
usaco,1276_bronze_air_cownditioning_ii,0.9508687853813171,-0.00012054925900883973,-0.49151915311813354,-0.23592104017734528,0.4661518335342407,-0.19123531877994537,0.08082961291074753,0.29775679111480713,0.39859309792518616,-0.3145855963230133
usaco,857_bronze_back_and_forth,0.9508686661720276,-0.00012276439520064741,-0.491611510515213,-0.23560045659542084,0.46619945764541626,-0.19124390184879303,0.08091451972723007,0.29766806960105896,0.3986050486564636,-0.3146524429321289
usaco,832_bronze_milking_order,0.9508679509162903,-0.00012172524293418974,-0.49159592390060425,-0.23566654324531555,0.46618571877479553,-0.19124053418636322,0.08090926706790924,0.29766950011253357,0.3986010253429413,-0.3146527409553528
usaco,130_bronze_cows_in_a_row,0.9508675932884216,-0.00012316239008214325,-0.49154287576675415,-0.23598647117614746,0.4661141037940979,-0.1912446916103363,0.08084161579608917,0.2978149652481079,0.3985382616519928,-0.31455743312835693
usaco,194_gold_concurrently_balanced_strings,0.9508673548698425,-0.00012368219904601574,-0.4915298521518707,-0.23587250709533691,0.4661388397216797,-0.19125652313232422,0.08084305375814438,0.29781484603881836,0.3985697031021118,-0.31457868218421936
usaco,89_silver_cow_lineup,0.9508653879165649,-0.0001226752792717889,-0.4916151463985443,-0.23559531569480896,0.4661933183670044,-0.19125302135944366,0.08089956641197205,0.29771631956100464,0.3985823690891266,-0.3146311342716217
usaco,950_platinum_valleys,0.950864851474762,-0.00012698982027359307,-0.49161696434020996,-0.235889732837677,0.46615728735923767,-0.19127899408340454,0.08080960810184479,0.2976968288421631,0.39858222007751465,-0.3144853413105011
usaco,1164_platinum_tickets,0.950863778591156,-0.0001199127291329205,-0.49153971672058105,-0.23593980073928833,0.4661560356616974,-0.19123540818691254,0.0808393806219101,0.2977824807167053,0.3985309898853302,-0.3145700693130493
usaco,767_gold_haybale_feast,0.9508631825447083,-0.0001225437445100397,-0.4915328621864319,-0.23593886196613312,0.4661310911178589,-0.19124920666217804,0.08083894103765488,0.29781490564346313,0.3985649645328522,-0.314534455537796
usaco,1255_silver_circular_barn,0.9508615136146545,-0.00012846894969698042,-0.49157360196113586,-0.23599599301815033,0.4660899043083191,-0.19127610325813293,0.0807696059346199,0.2978123128414154,0.39858999848365784,-0.31445613503456116
usaco,1138_gold_portals,0.9508560299873352,-0.00012664425594266504,-0.49157071113586426,-0.23594047129154205,0.4661051630973816,-0.19126956164836884,0.08079235255718231,0.2977595627307892,0.3985884487628937,-0.3145131468772888
usaco,1204_bronze_photoshoot_2,0.9508547186851501,-0.0001227615721290931,-0.49157172441482544,-0.23573511838912964,0.4661746621131897,-0.19124075770378113,0.08089106529951096,0.2977081537246704,0.3985711336135864,-0.31462132930755615
usaco,262_silver_poker_hands,0.9508527517318726,-0.00012548855738714337,-0.49161237478256226,-0.2355281263589859,0.4662167727947235,-0.19124597311019897,0.08091292530298233,0.2976040840148926,0.39857742190361023,-0.31472623348236084
usaco,1181_bronze_drought,0.9508526921272278,-0.00012268694990780205,-0.49155858159065247,-0.23585207760334015,0.46613016724586487,-0.19123589992523193,0.08082103729248047,0.2977217137813568,0.3986068665981293,-0.3145768940448761
usaco,1063_silver_rectangular_pasture,0.9508481621742249,-0.0001226726162713021,-0.4915279746055603,-0.2358461618423462,0.4661281406879425,-0.19124801456928253,0.0808529183268547,0.2977655827999115,0.3985775411128998,-0.31459841132164
usaco,969_gold_milk_pumping,0.9508440494537354,-0.00012765945575665683,-0.4916231036186218,-0.2357332557439804,0.4661807417869568,-0.19127579033374786,0.080913245677948,0.2975119352340698,0.39858803153038025,-0.3146383762359619
usaco,398_silver_roadblock,0.9508412480354309,-0.00012358104868326336,-0.4915601909160614,-0.23584356904029846,0.4661453366279602,-0.19125351309776306,0.08082891255617142,0.29767775535583496,0.39860230684280396,-0.3145582377910614
usaco,640_bronze_bull_in_a_china_shop,0.9508392810821533,-0.00012310795136727393,-0.4915429949760437,-0.235828697681427,0.46615782380104065,-0.19125601649284363,0.08084265142679214,0.2976730465888977,0.39860999584198,-0.3145614564418793
usaco,123_bronze_wrong_directions,0.9508245587348938,-0.00013169884914532304,-0.491686075925827,-0.23541894555091858,0.4662010371685028,-0.19127285480499268,0.08090018481016159,0.2975217401981354,0.39859339594841003,-0.31467533111572266
usaco,1036_bronze_social_distancing_ii,0.9508218169212341,-0.00012392408098094165,-0.49156615138053894,-0.23584532737731934,0.46612268686294556,-0.191247820854187,0.0808611661195755,0.2976838946342468,0.3985658586025238,-0.3145581781864166
usaco,963_bronze_cow_gymnastics,0.9508190155029297,-0.00012836992391385138,-0.49161678552627563,-0.2357872575521469,0.46614861488342285,-0.19126735627651215,0.0808359682559967,0.2975368797779083,0.39858049154281616,-0.3145907521247864
usaco,432_bronze_decorating_the_pastures,0.9508092999458313,-0.00012272701133042574,-0.49155473709106445,-0.23563632369041443,0.4661552608013153,-0.19124406576156616,0.08087053149938583,0.2977229654788971,0.3985690176486969,-0.31460538506507874
usaco,111_gold_bovine_alliance,0.9508057236671448,-0.00011996462126262486,-0.4914882481098175,-0.23591895401477814,0.4661138951778412,-0.1912510246038437,0.08082272857427597,0.2977036237716675,0.39861318469047546,-0.3145182132720947
usaco,359_bronze_cow_baseball,0.9507614970207214,-0.0001291329099331051,-0.49168288707733154,-0.23508243262767792,0.46623364090919495,-0.19126935303211212,0.08091460168361664,0.2975059449672699,0.398640513420105,-0.3146469295024872
usaco,187_bronze_find_the_cow!,0.9507532119750977,-0.00012089717347407714,-0.49153727293014526,-0.23573413491249084,0.4661608040332794,-0.19122746586799622,0.08084618300199509,0.297498881816864,0.3985678255558014,-0.31461140513420105
usaco,1112_silver_just_green_enough,0.950686514377594,-0.00012580234033521265,-0.4915584325790405,-0.23559319972991943,0.4661104381084442,-0.19125936925411224,0.08081500977277756,0.29748618602752686,0.39857062697410583,-0.31455424427986145
