benchmark,task_id,discrimination,easiness,a0,a1,a2,a3
assistantbench,c7afe00869f98cf363fd83677ac41757ed5e57f03eacc3d1304feb0a92084bd1,1.6367337703704834,-0.007366865407675505,1.1012852191925049,-0.0054723843932151794,0.6197837591171265,1.040147304534912
assistantbench,3af8028c2a59e28ca88baff0e6d91f2a9f170c5ef91003f1c8406755a2760ad4,1.6158393621444702,0.0202186219394207,0.9519302845001221,0.02192709594964981,0.6493016481399536,1.1325600147247314
assistantbench,55f4258484c5b398956133128a50462a767da211f8f72aa5ac5bbffb9bcbba1a,1.5589205026626587,-0.028834057971835136,0.9136232137680054,-0.04764517396688461,0.5670884847640991,1.1276817321777344
assistantbench,f88066d274e265edd6cd9d61cd80a41accb3a14baf2297652fdd05cdf716d455,1.5530707836151123,-0.017876965925097466,1.0767487287521362,0.19874024391174316,0.6993221044540405,0.8509359359741211
assistantbench,748899d9d70c09beb3bd48ac8a3658bdcfd2f9114fe6dc4c4b8d2f9541ef4607,1.553002119064331,-0.0176339540630579,1.07404363155365,0.19761788845062256,0.6989525556564331,0.8547855615615845
assistantbench,4dbedc5e1a0205e14b7ff3ba89bce3060dab15d0ada3b7e1351a6f2aa8287aec,1.5528331995010376,-0.017415054142475128,1.0739686489105225,0.19784078001976013,0.6994653344154358,0.8541016578674316
assistantbench,fb9ba3ab6a13d0adc677f993e90d54914a5cdf211305a1bba6bf16ec4ccb9b7c,1.5527201890945435,-0.01758696138858795,1.0741941928863525,0.19867941737174988,0.6997628808021545,0.8531737923622131
assistantbench,e6bc98089608217e45b6956a46518fe3cce64a799b3ac43c6974c449ae14c408,1.5527114868164062,-0.017547087743878365,1.0738657712936401,0.19861295819282532,0.7000342011451721,0.853364109992981
assistantbench,8ad84bd6fe38481ba49e7ad1f6fbd43219a999074e5c6fc940003281f55ec65b,1.552639365196228,-0.017566312104463577,1.0747523307800293,0.19769743084907532,0.6980226635932922,0.8539767861366272
assistantbench,9baaa267c95f9d8b75741ee9169c50563d297cfa592c20deaffd30dbc5984c74,1.5525918006896973,-0.01761963777244091,1.075520634651184,0.19825398921966553,0.6987072825431824,0.8522324562072754
assistantbench,cca4776df3c73e7f9430a2e624aafad056b14322a0b7ca6c0c22b7e7f3f0890a,1.5525859594345093,-0.017378153279423714,1.0730596780776978,0.19878950715065002,0.6993415355682373,0.8546755909919739
assistantbench,797f7a5b65ca28b7e7156e7db1e9f117bd4a021de0cd512bfdbb0be897d89eab,1.5525586605072021,-0.017607251182198524,1.0741384029388428,0.19539596140384674,0.6991636753082275,0.8541989922523499
assistantbench,efc0f3a47e9ed2ecdbcc037c2093865fe6e39f4d413a5d1ccdc7357160a4606b,1.5524801015853882,-0.01751752570271492,1.0731817483901978,0.19855044782161713,0.6988253593444824,0.8548077344894409
assistantbench,2ddae3b7a208e3c25f14d82d7a1faaaa1832fbf950b4dac345e755c4c361f294,1.552451729774475,-0.01747576892375946,1.0735386610031128,0.1979704052209854,0.6992067098617554,0.8541304469108582
assistantbench,b36ef2d8f2643b80e74a44ce3403f674ecb2aed7fd36afeaa289061a59feef92,1.5523591041564941,-0.017740627750754356,1.0736099481582642,0.19941243529319763,0.6986027956008911,0.8540310859680176
assistantbench,a9074997e698f912b9e751779ea19c1e92fa148404e90e0ae997acea3f9559b0,1.552297830581665,-0.01742882840335369,1.0743423700332642,0.19598975777626038,0.6982412338256836,0.854086697101593
assistantbench,929b45f34805280d77c61d1e093e3d4e551d77ddb6ecd73552b12b1af286388d,1.5521873235702515,-0.017557436600327492,1.0735028982162476,0.1988757699728012,0.6994628310203552,0.853274405002594
assistantbench,4e615af6f0348597b4133cc1ec5418bb3f35328e3d95e23a275027cee97b5e09,1.5521398782730103,-0.01760476641356945,1.0733393430709839,0.19909155368804932,0.6975803375244141,0.8548831343650818
assistantbench,0ec4371851b96837b0a81b3dd3df401415061bb532fbafeb4609f3337c358508,1.5521187782287598,-0.017484817653894424,1.073625922203064,0.19744914770126343,0.6974458694458008,0.8549754619598389
assistantbench,557e78eceec08ca8b0da5f9fdaca6e1c7ec6140a8ce600983ee716327dab005e,1.5521043539047241,-0.01731172762811184,1.0747015476226807,0.19551463425159454,0.6969390511512756,0.8544557690620422
assistantbench,291b53e665b4dd4365cde995042db4a6f6fecef3fe3a6f4482f23d61bd673918,1.5520702600479126,-0.017500542104244232,1.0739532709121704,0.19641581177711487,0.6974196434020996,0.8547356128692627
assistantbench,e2dc3a6b10b762e8aba7fa4d4e70f757f6d04dcbc8b56c48fc53fd9928d31d07,1.5520029067993164,-0.01737102121114731,1.0715125799179077,0.19796767830848694,0.6990131735801697,0.8560159206390381
assistantbench,9e31099fffa6a3891c94934fd4fc2f3f522d51c1904ff3561f3a10e4bf245821,1.551990270614624,-0.01745140552520752,1.072937250137329,0.19510874152183533,0.6976764798164368,0.8559552431106567
assistantbench,9bdca8677af1e25cb7b0c7992dc62670c3e58e4afcd5ae60bcaa2483556bba00,1.5519185066223145,-0.017337603494524956,1.0728505849838257,0.19636255502700806,0.6969980001449585,0.8561998605728149
assistantbench,2aa5dd83fbcd0dce9a3dd4592106e5b5edf738008d932e357d477bba80e59ccf,1.5516536235809326,-0.01725129596889019,1.072045922279358,0.19597071409225464,0.6967969536781311,0.8569808602333069
assistantbench,52f7224e9c79431e7926afe317782711a0028750693e7456cde22ef6f4bd8bd5,1.541641116142273,0.022602049633860588,0.8522012233734131,0.21031692624092102,0.5817469954490662,1.1259429454803467
assistantbench,6f224e7730ed027cbac73aebb1aea7f954053082041b02b19f4ff126a0a8a208,1.510910153388977,0.015252036042511463,1.0550473928451538,0.11364515125751495,0.40662887692451477,0.9957219362258911
assistantbench,57d9dc6935e8a40b02e7f8ec81768fe70e68a0c05f6866927c9fda38db38a486,1.4968680143356323,0.030106479302048683,0.7928608059883118,0.012891054153442383,0.6787341833114624,1.0729116201400757
assistantbench,99da66d8af02491f98b98c56b26c709e773b5a2ad945fb280375951ba600de09,1.4760345220565796,0.024920370429754257,0.987114429473877,0.06452767550945282,0.47944027185440063,0.9850159287452698
assistantbench,ccec2229ced20a4b0cb4897e3a99120a3017ea030903e01c9bda6b13d40b0b14,1.4483059644699097,-0.03165077418088913,1.0443463325500488,-0.05325118452310562,0.4901844561100006,0.873964786529541
assistantbench,6b06d186921b8b390c65aebd0d16f09f60a47d2f1288ebe36953f734e84c0a3c,1.4368833303451538,0.007223154883831739,0.9674067497253418,0.11150215566158295,0.510378897190094,0.9251154065132141
assistantbench,6e3be83d1949fa52cba03fb1ce4b5b3bf7e37a83fd7d67694b10b2e439d90cf8,1.4349783658981323,-0.006222985684871674,0.9534414410591125,0.12731483578681946,0.5217792987823486,0.9282508492469788
assistantbench,8fa42360185068216f2919935148d4e1ad28ddc18da0abd0f4bb0b6b6f84b127,1.4312065839767456,0.0867561399936676,0.8610750436782837,0.06747622787952423,0.3939850330352783,1.071039080619812
colbench_backend_programming,509,1.8243029117584229,0.004440647549927235,1.1552644968032837,-0.4796300530433655,0.6715548038482666,1.145606517791748
colbench_backend_programming,190,1.7892780303955078,0.014668370597064495,1.0232269763946533,-0.3715195953845978,0.6360940337181091,1.2695982456207275
colbench_backend_programming,772,1.7765862941741943,-0.01872960850596428,1.2909049987792969,-0.3886432647705078,0.5171698927879333,1.035043478012085
colbench_backend_programming,183,1.7742071151733398,0.026891479268670082,1.030775547027588,-0.20613908767700195,0.7622300386428833,1.209059476852417
colbench_backend_programming,884,1.7615183591842651,-0.004342322703450918,1.3292145729064941,-0.35069936513900757,0.5810989737510681,0.9356651306152344
colbench_backend_programming,728,1.7353289127349854,-0.01369545515626669,1.1303932666778564,-0.3467912971973419,0.6686355471611023,1.079925775527954
colbench_backend_programming,201,1.7288813591003418,0.010810768231749535,1.145568609237671,-0.5969337821006775,0.5525973439216614,1.0074769258499146
colbench_backend_programming,815,1.7285093069076538,-0.01672242023050785,1.2361741065979004,-0.34982621669769287,0.6363326907157898,0.9655672907829285
colbench_backend_programming,709,1.7262080907821655,-0.016502603888511658,1.100965142250061,-0.40173131227493286,0.6811687350273132,1.0687804222106934
colbench_backend_programming,800,1.7206171751022339,-0.003577152267098427,1.0933886766433716,-0.3900492787361145,0.6059303879737854,1.1161247491836548
colbench_backend_programming,362,1.7189387083053589,-0.01363958790898323,1.1097257137298584,-0.34252578020095825,0.6245789527893066,1.1026496887207031
colbench_backend_programming,851,1.7156238555908203,0.006819003261625767,1.2652181386947632,-0.435515433549881,0.6558290719985962,0.8501782417297363
colbench_backend_programming,145,1.7094435691833496,0.01441790908575058,1.1325862407684326,-0.4810059368610382,0.5121876001358032,1.0703938007354736
colbench_backend_programming,93,1.7079737186431885,0.00226313597522676,1.100807547569275,-0.3434496819972992,0.5448889136314392,1.1360173225402832
colbench_backend_programming,91,1.707556962966919,-0.0003401529393158853,1.105109691619873,-0.32237306237220764,0.5279318690299988,1.145358920097351
colbench_backend_programming,526,1.7033932209014893,-0.030494699254631996,1.1161277294158936,-0.38657212257385254,0.7486156225204468,0.9725966453552246
colbench_backend_programming,176,1.7014988660812378,-0.00037694087950512767,1.1099486351013184,-0.2983236610889435,0.6710428595542908,1.0601023435592651
colbench_backend_programming,921,1.6980563402175903,-0.015078243799507618,1.1807875633239746,-0.2708947956562042,0.5960642695426941,1.029786229133606
colbench_backend_programming,170,1.6976008415222168,-0.028866078704595566,1.1865625381469727,-0.300972044467926,0.5387311577796936,1.045515537261963
colbench_backend_programming,846,1.6972086429595947,0.016284344717860222,1.072365641593933,-0.2846813499927521,0.751724123954773,1.0413531064987183
colbench_backend_programming,13,1.691998839378357,-0.010305057279765606,1.1034411191940308,-0.22373227775096893,0.5852307081222534,1.1192526817321777
colbench_backend_programming,379,1.6911206245422363,-0.013648523017764091,1.1017520427703857,-0.2359754741191864,0.6906373500823975,1.0551621913909912
colbench_backend_programming,516,1.6898472309112549,-0.019631873816251755,1.085438847541809,-0.46593451499938965,0.6855904459953308,0.9951266050338745
colbench_backend_programming,284,1.686729073524475,-0.023155365139245987,1.1766741275787354,-0.21886926889419556,0.5241393446922302,1.0667085647583008
colbench_backend_programming,636,1.686558485031128,-0.024232691153883934,1.173071026802063,-0.36633363366127014,0.6162706613540649,0.9769307971000671
colbench_backend_programming,896,1.6847028732299805,0.01561047788709402,1.2301217317581177,-0.25410109758377075,0.5582748055458069,0.974056601524353
colbench_backend_programming,45,1.6840952634811401,0.005679036490619183,0.9816437363624573,-0.30428311228752136,0.7114182114601135,1.1286488771438599
colbench_backend_programming,215,1.6824661493301392,0.004948718473315239,1.0622378587722778,-0.3424825370311737,0.5689334869384766,1.123104453086853
colbench_backend_programming,227,1.682407021522522,0.0003175055026076734,1.1043909788131714,-0.3436298072338104,0.6230564713478088,1.050967812538147
colbench_backend_programming,716,1.6815266609191895,-0.001215184573084116,1.0084022283554077,-0.2556965947151184,0.6097255349159241,1.171968698501587
colbench_backend_programming,500,1.6795002222061157,0.002736499533057213,1.0287898778915405,-0.3384232521057129,0.5947996973991394,1.1375391483306885
colbench_backend_programming,65,1.6788206100463867,0.0029166440945118666,1.0398668050765991,-0.40288758277893066,0.6191987991333008,1.0915080308914185
colbench_backend_programming,707,1.678094744682312,-0.004318814259022474,1.292158603668213,-0.42197129130363464,0.5775312781333923,0.7966969609260559
colbench_backend_programming,498,1.6774814128875732,-0.003580322489142418,1.0607613325119019,-0.26245182752609253,0.6332178711891174,1.1040306091308594
colbench_backend_programming,951,1.673339605331421,-0.014619041234254837,1.062976360321045,-0.3636898696422577,0.6478140354156494,1.0574560165405273
colbench_backend_programming,434,1.6724051237106323,-0.007704104762524366,1.1375365257263184,-0.3141343295574188,0.5885133147239685,1.0285530090332031
colbench_backend_programming,744,1.6701699495315552,0.009479138068854809,1.1006559133529663,-0.45591816306114197,0.4932645559310913,1.0615332126617432
colbench_backend_programming,629,1.6687026023864746,0.012963450513780117,0.9243313670158386,-0.3301345407962799,0.7222122550010681,1.1400002241134644
colbench_backend_programming,161,1.668613314628601,0.010169806890189648,0.9870483875274658,-0.1577015370130539,0.6021367907524109,1.1927143335342407
colbench_backend_programming,345,1.667738437652588,-0.0033272067084908485,1.000032901763916,-0.3018510043621063,0.6313543319702148,1.1364696025848389
colbench_backend_programming,108,1.66765296459198,0.0057967836037278175,1.0138241052627563,-0.3487953245639801,0.6925934553146362,1.0732582807540894
colbench_backend_programming,593,1.6671152114868164,0.0024473017547279596,1.0740560293197632,-0.37784719467163086,0.5603687763214111,1.0811545848846436
colbench_backend_programming,337,1.6666947603225708,-0.016960248351097107,1.1067595481872559,-0.29555583000183105,0.6872214078903198,0.9966585040092468
colbench_backend_programming,611,1.6655974388122559,0.01704598031938076,0.8522847890853882,-0.2390633523464203,0.6628254055976868,1.2455265522003174
colbench_backend_programming,396,1.6646802425384521,-0.02302100695669651,1.0980324745178223,-0.4428114891052246,0.7098773717880249,0.930310070514679
colbench_backend_programming,838,1.6641532182693481,-0.018878167495131493,1.14760422706604,-0.22597533464431763,0.49650222063064575,1.074630618095398
colbench_backend_programming,798,1.6637612581253052,0.00400905916467309,1.0704917907714844,-0.376956045627594,0.5548414587974548,1.082683801651001
colbench_backend_programming,148,1.6619696617126465,0.014793150126934052,1.1209118366241455,-0.48845207691192627,0.466355562210083,1.0245128870010376
colbench_backend_programming,389,1.661582112312317,0.004645304288715124,1.152841329574585,-0.4395597577095032,0.40583330392837524,1.0362907648086548
colbench_backend_programming,274,1.6612770557403564,0.0040037608705461025,1.194627285003662,-0.4822068214416504,0.44638922810554504,0.9491681456565857
colbench_backend_programming,624,1.660500407218933,-0.013027139008045197,1.1280200481414795,-0.3149963915348053,0.664203405380249,0.9718248844146729
colbench_backend_programming,837,1.6594760417938232,0.01317242719233036,0.8700735569000244,-0.2576339840888977,0.6611830592155457,1.2220042943954468
colbench_backend_programming,564,1.6594258546829224,-0.01413047220557928,1.1457855701446533,-0.40505629777908325,0.6882655024528503,0.8961525559425354
colbench_backend_programming,925,1.6584564447402954,-0.01820426434278488,1.2275958061218262,-0.32191094756126404,0.4851212501525879,0.9510610103607178
colbench_backend_programming,156,1.6580424308776855,-0.024725113064050674,1.1849493980407715,-0.4010390639305115,0.5149328708648682,0.9586508274078369
colbench_backend_programming,403,1.6572409868240356,0.001198304584249854,0.985102653503418,-0.1624530702829361,0.6396107077598572,1.1578115224838257
colbench_backend_programming,995,1.6571966409683228,0.004485040903091431,1.1212496757507324,-0.44531702995300293,0.4553036689758301,1.040908694267273
colbench_backend_programming,331,1.6570250988006592,0.022383052855730057,0.912731945514679,-0.28516578674316406,0.5613179802894592,1.23136305809021
colbench_backend_programming,312,1.656463623046875,-0.0016002936754375696,1.1173076629638672,-0.4039297103881836,0.5461508631706238,1.0168850421905518
colbench_backend_programming,492,1.6557834148406982,0.018294040113687515,0.9323714375495911,-0.31071236729621887,0.5683804750442505,1.2052816152572632
colbench_backend_programming,95,1.6554975509643555,-0.004454192239791155,1.006201148033142,-0.2747538387775421,0.7275190353393555,1.0599329471588135
colbench_backend_programming,614,1.6552278995513916,0.01033253874629736,1.1406625509262085,-0.31158342957496643,0.5668513774871826,1.0100810527801514
colbench_backend_programming,701,1.6549696922302246,-0.007562368642538786,0.9678748250007629,-0.389748752117157,0.6969971060752869,1.0790892839431763
colbench_backend_programming,521,1.6549313068389893,0.01747981272637844,1.0208625793457031,-0.25943800806999207,0.7428154945373535,1.0380531549453735
colbench_backend_programming,638,1.6549161672592163,0.02316197007894516,0.8645246028900146,-0.3348690867424011,0.6356034874916077,1.2145845890045166
colbench_backend_programming,991,1.6547529697418213,-0.010058246552944183,1.141900658607483,-0.2959141433238983,0.6336563229560852,0.9722060561180115
colbench_backend_programming,582,1.654603362083435,-0.0030174439307302237,1.081193208694458,-0.3099113702774048,0.6597718596458435,1.0185233354568481
colbench_backend_programming,292,1.6536002159118652,-0.012248317711055279,1.0884830951690674,-0.21778452396392822,0.6528957486152649,1.037253737449646
colbench_backend_programming,135,1.653558373451233,-0.013937639072537422,1.174922227859497,-0.2773563861846924,0.5840755701065063,0.9673377871513367
colbench_backend_programming,510,1.6525298357009888,0.01934431679546833,1.0365190505981445,-0.3707203269004822,0.6295511722564697,1.0595825910568237
colbench_backend_programming,558,1.6523630619049072,0.021678999066352844,1.1745260953903198,-0.28807249665260315,0.5541784167289734,0.9801492691040039
colbench_backend_programming,758,1.651548147201538,-0.004769640043377876,1.1911485195159912,-0.3701072931289673,0.44797205924987793,0.9854532480239868
colbench_backend_programming,262,1.6512229442596436,0.005776701960712671,1.0288782119750977,-0.24332214891910553,0.7405710220336914,1.029706597328186
colbench_backend_programming,211,1.6508371829986572,0.015991877764463425,1.1058452129364014,-0.2472979724407196,0.6537138819694519,1.0069119930267334
colbench_backend_programming,514,1.650613784790039,0.003875565715134144,1.2089767456054688,-0.3514435887336731,0.5435442924499512,0.9186663627624512
colbench_backend_programming,100,1.6500200033187866,0.01441230159252882,1.0531927347183228,-0.20650708675384521,0.693360447883606,1.044010043144226
colbench_backend_programming,114,1.6499131917953491,-0.012950344011187553,1.0034784078598022,-0.3628111481666565,0.6461740136146545,1.079848051071167
colbench_backend_programming,53,1.649495005607605,0.002676445757970214,1.038262128829956,-0.44815337657928467,0.6141738295555115,1.0318888425827026
colbench_backend_programming,984,1.649107575416565,-0.00376707362011075,1.1174558401107788,-0.36593568325042725,0.6111123561859131,0.9815706610679626
colbench_backend_programming,982,1.6481810808181763,-0.008768685162067413,0.9753326773643494,-0.3883240222930908,0.6904035806655884,1.0666650533676147
colbench_backend_programming,776,1.64736807346344,0.0069892918691039085,1.154491662979126,-0.47334161400794983,0.4815222918987274,0.9617975950241089
colbench_backend_programming,250,1.646842122077942,0.02311609499156475,0.7779988646507263,-0.32606053352355957,0.7580934166908264,1.1940627098083496
colbench_backend_programming,872,1.6455883979797363,-0.003467854578047991,0.99050372838974,-0.344329297542572,0.64760822057724,1.0903689861297607
colbench_backend_programming,439,1.6455315351486206,0.0017599593847990036,1.118947148323059,-0.3804692327976227,0.5369626879692078,1.0112594366073608
colbench_backend_programming,594,1.6451524496078491,-0.009769813157618046,1.148497223854065,-0.2322685420513153,0.5800638198852539,0.9985280632972717
colbench_backend_programming,567,1.6449135541915894,-0.023523543030023575,1.034221887588501,-0.3578972816467285,0.6408249735832214,1.0475584268569946
colbench_backend_programming,123,1.6447474956512451,0.004295720253139734,1.0495357513427734,-0.30511847138404846,0.7344703078269958,0.9854568839073181
colbench_backend_programming,479,1.643686294555664,0.015509306453168392,0.9689061641693115,-0.19460123777389526,0.7152441740036011,1.1015814542770386
colbench_backend_programming,764,1.6431845426559448,0.008293348364531994,1.0920671224594116,-0.5276747941970825,0.5071443915367126,0.9858036041259766
colbench_backend_programming,729,1.642944097518921,0.004088680259883404,1.2808786630630493,-0.2605023682117462,0.4657946527004242,0.8796528577804565
colbench_backend_programming,504,1.6427733898162842,-0.004681730177253485,1.1234891414642334,-0.42401036620140076,0.5438900589942932,0.9802424907684326
colbench_backend_programming,841,1.6422895193099976,0.01656472682952881,1.1172441244125366,-0.45856374502182007,0.44373220205307007,1.0206378698349
colbench_backend_programming,39,1.642106533050537,0.008518930524587631,1.0071865320205688,-0.16907867789268494,0.7120630741119385,1.0707323551177979
colbench_backend_programming,557,1.6418737173080444,-0.00885802786797285,1.1259411573410034,-0.27755698561668396,0.6285767555236816,0.9776804447174072
colbench_backend_programming,965,1.641568660736084,-0.004846673924475908,0.921576738357544,-0.33167558908462524,0.7006557583808899,1.1155791282653809
colbench_backend_programming,232,1.6395107507705688,0.012886383570730686,1.013444185256958,-0.2980233430862427,0.6324348449707031,1.0826516151428223
colbench_backend_programming,906,1.6393980979919434,0.013063979335129261,1.00892174243927,-0.18656271696090698,0.5879572033882141,1.1354310512542725
colbench_backend_programming,835,1.6388121843338013,-0.009593571536242962,1.1169450283050537,-0.3218149244785309,0.6549559235572815,0.9516339302062988
colbench_backend_programming,655,1.6386744976043701,-0.019172197207808495,1.1118494272232056,-0.3604012727737427,0.6901990175247192,0.9180311560630798
colbench_backend_programming,804,1.6384966373443604,0.019023509696125984,1.096535563468933,-0.31773433089256287,0.5975062251091003,1.0120831727981567
colbench_backend_programming,585,1.638460636138916,-0.01598235033452511,1.0702370405197144,-0.3968231678009033,0.6820176839828491,0.9573553800582886
colbench_backend_programming,870,1.6382827758789062,0.009102231822907925,1.0880844593048096,-0.5221238136291504,0.514762818813324,0.981044590473175
colbench_backend_programming,269,1.637894868850708,0.043691977858543396,1.0024702548980713,-0.3218899965286255,0.5266746282577515,1.1387510299682617
colbench_backend_programming,179,1.6376434564590454,-0.005264771170914173,1.168219804763794,-0.47984778881073,0.45394325256347656,0.9385201930999756
colbench_backend_programming,986,1.6360479593276978,0.0022099644411355257,1.2443270683288574,-0.21981865167617798,0.4688003361225128,0.9274745583534241
colbench_backend_programming,801,1.63604736328125,-0.020305601879954338,1.1040589809417725,-0.3432183861732483,0.6297253370285034,0.9712631106376648
colbench_backend_programming,563,1.6360414028167725,-0.015729662030935287,1.1489611864089966,-0.3340163826942444,0.49832460284233093,0.9983112215995789
colbench_backend_programming,346,1.6360374689102173,-0.0224893931299448,1.091800570487976,-0.24019312858581543,0.5916538834571838,1.037710428237915
colbench_backend_programming,580,1.6358377933502197,-0.0034909385722130537,1.0384697914123535,-0.35525718331336975,0.6671035885810852,1.013069987297058
colbench_backend_programming,120,1.6356252431869507,0.011431155726313591,1.0428049564361572,-0.18855640292167664,0.6745568513870239,1.047495722770691
colbench_backend_programming,755,1.6353847980499268,0.01910177432000637,1.1359937191009521,-0.367148756980896,0.5821972489356995,0.9540701508522034
colbench_backend_programming,937,1.634809136390686,0.008144672028720379,1.0236033201217651,-0.1904677301645279,0.7017002105712891,1.0469841957092285
colbench_backend_programming,164,1.6328892707824707,0.014970413409173489,1.026930570602417,-0.2507578134536743,0.7168263792991638,1.017359972000122
colbench_backend_programming,672,1.6323301792144775,0.014115449041128159,1.0423508882522583,-0.37155503034591675,0.6047400236129761,1.0364567041397095
colbench_backend_programming,935,1.6317956447601318,0.012364828959107399,0.8962687849998474,-0.3390846252441406,0.6023563742637634,1.175434947013855
colbench_backend_programming,677,1.631789207458496,0.004396428819745779,1.19278085231781,-0.3009330928325653,0.49047785997390747,0.9533523917198181
colbench_backend_programming,932,1.6317224502563477,0.019327210262417793,0.9457356333732605,-0.4447554647922516,0.42514917254447937,1.178788661956787
colbench_backend_programming,527,1.6313998699188232,2.836038765963167e-05,1.0122804641723633,-0.44381630420684814,0.6250600814819336,1.0242464542388916
colbench_backend_programming,454,1.6310615539550781,-0.007360353600233793,1.1998298168182373,-0.3549131751060486,0.49266552925109863,0.9230858087539673
colbench_backend_programming,541,1.630427598953247,-0.017792072147130966,1.0946649312973022,-0.3295571208000183,0.6862198114395142,0.9383481740951538
colbench_backend_programming,171,1.629806637763977,0.004158113617449999,1.118212342262268,-0.44761162996292114,0.43692636489868164,1.0072784423828125
colbench_backend_programming,561,1.6297624111175537,0.017055125907063484,1.1142055988311768,-0.2876191735267639,0.5431677103042603,1.018290400505066
colbench_backend_programming,736,1.6293412446975708,0.006225562654435635,0.9758031964302063,-0.37137046456336975,0.7666960954666138,0.9883430600166321
colbench_backend_programming,908,1.629309892654419,0.011729557067155838,1.0215872526168823,-0.20294824242591858,0.7050591111183167,1.0357190370559692
colbench_backend_programming,759,1.6292531490325928,-0.0016598660731688142,1.0289751291275024,-0.36528486013412476,0.5700291395187378,1.066447138786316
colbench_backend_programming,679,1.6286453008651733,0.00836124550551176,1.0092401504516602,-0.213484525680542,0.5838476419448853,1.1169003248214722
colbench_backend_programming,703,1.628476858139038,0.0009171266574412584,1.2523629665374756,-0.35946232080459595,0.5416489839553833,0.8129743337631226
colbench_backend_programming,433,1.628374695777893,0.003979494329541922,1.1331144571304321,-0.34081804752349854,0.5217394232749939,0.9895892143249512
colbench_backend_programming,278,1.628188133239746,-0.010075113736093044,1.1906814575195312,-0.3726552426815033,0.5154010653495789,0.9103647470474243
colbench_backend_programming,139,1.6278592348098755,0.03169310465455055,1.0547208786010742,-0.3194810152053833,0.6200643181800842,1.0251544713974
colbench_backend_programming,545,1.6276304721832275,0.004143903963267803,1.0489258766174316,-0.33867359161376953,0.6869661808013916,0.9809756875038147
colbench_backend_programming,630,1.6275922060012817,0.014510835520923138,0.9348927736282349,-0.12895527482032776,0.5078244805335999,1.2249557971954346
colbench_backend_programming,455,1.626993179321289,-0.0012219224590808153,0.9752996563911438,-0.2642509937286377,0.7188652753829956,1.0532338619232178
colbench_backend_programming,888,1.6268566846847534,-0.02123490534722805,1.0949721336364746,-0.32210391759872437,0.6195921897888184,0.9798231720924377
colbench_backend_programming,691,1.6267986297607422,0.019470136612653732,1.0326919555664062,-0.3031701147556305,0.7404460310935974,0.9694579243659973
colbench_backend_programming,35,1.6263855695724487,0.010707230307161808,1.0495954751968384,-0.1585625261068344,0.517874002456665,1.118098258972168
colbench_backend_programming,569,1.6263680458068848,0.010623112320899963,1.0609841346740723,-0.21998757123947144,0.6597626805305481,1.0176955461502075
colbench_backend_programming,252,1.6261274814605713,0.0035146833397448063,1.1323058605194092,-0.33157822489738464,0.4170079827308655,1.038428783416748
colbench_backend_programming,979,1.6254554986953735,-0.008855479769408703,1.121439814567566,-0.32787638902664185,0.6312652826309204,0.9372724294662476
colbench_backend_programming,899,1.6237350702285767,0.019765246659517288,1.1088650226593018,-0.34694212675094604,0.5860724449157715,0.9711252450942993
colbench_backend_programming,212,1.623442530632019,0.01785653829574585,0.8645942211151123,-0.36716029047966003,0.6324285268783569,1.1633013486862183
colbench_backend_programming,180,1.6217248439788818,0.01616983860731125,0.9779781699180603,-0.1667729914188385,0.6215197443962097,1.1222522258758545
colbench_backend_programming,283,1.6216994524002075,0.004159541800618172,1.018093228340149,-0.43390393257141113,0.5387876629829407,1.055855393409729
colbench_backend_programming,537,1.6215033531188965,0.022303752601146698,1.1031869649887085,-0.4717811048030853,0.44788792729377747,0.9945201277732849
colbench_backend_programming,441,1.6209989786148071,0.009570281021296978,1.0531067848205566,-0.3289492726325989,0.5614925026893616,1.0464808940887451
colbench_backend_programming,254,1.620872974395752,-0.011990183964371681,1.0251613855361938,-0.42574572563171387,0.6706845164299011,0.9722119569778442
colbench_backend_programming,730,1.6208423376083374,0.017582030966877937,0.9140641689300537,-0.3763510584831238,0.6035714745521545,1.1338775157928467
colbench_backend_programming,862,1.6203198432922363,0.018338501453399658,1.0081262588500977,-0.1681649535894394,0.6726941466331482,1.0622246265411377
colbench_backend_programming,99,1.6199206113815308,0.031346868723630905,1.1127114295959473,-0.30871739983558655,0.5636757016181946,0.9863971471786499
colbench_backend_programming,746,1.6193045377731323,-0.010503876022994518,1.1418837308883667,-0.1672690510749817,0.713124692440033,0.8841509222984314
colbench_backend_programming,822,1.619036316871643,0.01691119372844696,0.9927840232849121,-0.20807524025440216,0.6708056926727295,1.068823218345642
colbench_backend_programming,821,1.6188840866088867,0.009193730540573597,0.8984029293060303,-0.3891984820365906,0.6262397170066833,1.1269454956054688
colbench_backend_programming,978,1.6183087825775146,-0.012808875180780888,1.1720377206802368,-0.17041082680225372,0.6822421550750732,0.8664621114730835
colbench_backend_programming,107,1.617429494857788,-0.03493206948041916,1.0919679403305054,-0.35992032289505005,0.5966715812683105,0.9685682654380798
colbench_backend_programming,89,1.6168922185897827,0.008967103436589241,1.0699247121810913,-0.30519500374794006,0.6429243683815002,0.9813795685768127
colbench_backend_programming,621,1.6163222789764404,-0.011942001059651375,1.1522605419158936,-0.24406862258911133,0.7346926331520081,0.8279193639755249
colbench_backend_programming,488,1.6163034439086914,-0.029481075704097748,1.1167819499969482,-0.43212705850601196,0.6413975954055786,0.8758481740951538
colbench_backend_programming,825,1.6155376434326172,-0.007595412898808718,1.0735979080200195,-0.44678616523742676,0.5867254734039307,0.9557640552520752
colbench_backend_programming,939,1.6153297424316406,-0.022651201114058495,1.177357792854309,-0.36886391043663025,0.4628816246986389,0.9342369437217712
colbench_backend_programming,777,1.6134891510009766,0.011991319246590137,1.0801368951797485,-0.22745540738105774,0.6396312713623047,0.9878195524215698
colbench_backend_programming,866,1.6134724617004395,-0.01850004307925701,1.1255258321762085,-0.44448015093803406,0.5696978569030762,0.9024227857589722
colbench_backend_programming,38,1.6134201288223267,-0.017204880714416504,1.1072193384170532,-0.25234511494636536,0.6130225658416748,0.9683569073677063
colbench_backend_programming,665,1.613153100013733,0.01802760735154152,0.9207472801208496,-0.27872952818870544,0.734275221824646,1.0666006803512573
colbench_backend_programming,118,1.613094687461853,-0.01262130681425333,1.0510361194610596,-0.36952298879623413,0.6544870138168335,0.9656588435173035
colbench_backend_programming,903,1.6123931407928467,-0.0075583914294838905,0.9850761294364929,-0.3328927755355835,0.6887003779411316,1.0219151973724365
colbench_backend_programming,748,1.6122437715530396,0.017176013439893723,0.8686182498931885,-0.30838364362716675,0.5975777506828308,1.180098533630371
colbench_backend_programming,249,1.6122214794158936,0.016372298821806908,0.9241267442703247,-0.48842954635620117,0.45138615369796753,1.141461730003357
colbench_backend_programming,192,1.6119590997695923,0.030706098303198814,0.9402514696121216,-0.2112349271774292,0.6898138523101807,1.0926462411880493
colbench_backend_programming,110,1.611611247062683,-0.011327335610985756,1.1517069339752197,-0.228976309299469,0.72407066822052,0.8331588506698608
colbench_backend_programming,412,1.6110631227493286,-0.022757383063435555,1.1099328994750977,-0.29865017533302307,0.5754475593566895,0.9712061882019043
colbench_backend_programming,238,1.610576868057251,-0.022025082260370255,1.1489698886871338,-0.26001355051994324,0.562128484249115,0.9435204267501831
colbench_backend_programming,140,1.6098172664642334,0.007413938641548157,1.0559412240982056,-0.3244786262512207,0.5784027576446533,1.0181667804718018
colbench_backend_programming,949,1.609689474105835,0.01689484342932701,1.0296926498413086,-0.30309146642684937,0.7263607978820801,0.9546564221382141
colbench_backend_programming,628,1.609564185142517,-0.01502203568816185,1.2011322975158691,-0.40905120968818665,0.4169146418571472,0.8982412219047546
colbench_backend_programming,226,1.6095107793807983,0.02035433053970337,0.9054014682769775,-0.47335579991340637,0.46316662430763245,1.1542028188705444
colbench_backend_programming,52,1.6092439889907837,0.0059749591164290905,1.0458292961120605,-0.16841180622577667,0.5794191956520081,1.0638694763183594
colbench_backend_programming,291,1.609122395515442,-0.0006362491985782981,1.1107114553451538,-0.3672979772090912,0.5927202701568604,0.9324001669883728
colbench_backend_programming,47,1.6089537143707275,0.009170478209853172,1.1243829727172852,-0.30617424845695496,0.5330002307891846,0.9729662537574768
colbench_backend_programming,627,1.6088603734970093,0.006709841080009937,1.1771669387817383,-0.46585094928741455,0.46025344729423523,0.879692792892456
colbench_backend_programming,722,1.6087950468063354,0.005886469502002001,1.1141294240951538,-0.30663201212882996,0.33246153593063354,1.0688233375549316
colbench_backend_programming,856,1.607343077659607,0.0025239509996026754,0.9632828831672668,-0.1467907726764679,0.7157493233680725,1.0591473579406738
colbench_backend_programming,780,1.607263207435608,-0.0076003787107765675,1.1199473142623901,-0.3464529812335968,0.617920458316803,0.9094821214675903
colbench_backend_programming,649,1.6071299314498901,0.002275114879012108,1.0919095277786255,-0.4738030433654785,0.5163176655769348,0.9484339952468872
colbench_backend_programming,623,1.6070126295089722,-0.01521749421954155,1.143798828125,-0.3656971752643585,0.6205493211746216,0.8691364526748657
colbench_backend_programming,660,1.6069574356079102,-0.0008283240022137761,0.8866933584213257,-0.2966517508029938,0.6752543449401855,1.118980050086975
colbench_backend_programming,97,1.6068991422653198,0.017132660374045372,0.9275278449058533,-0.4867516756057739,0.4421100914478302,1.1355299949645996
colbench_backend_programming,70,1.6063215732574463,0.016419200226664543,0.9336641430854797,-0.4747239053249359,0.4325218200683594,1.1384648084640503
colbench_backend_programming,708,1.60593581199646,-0.005172273609787226,1.1099764108657837,-0.27179503440856934,0.6068453788757324,0.9512350559234619
colbench_backend_programming,188,1.6056573390960693,-0.010580402798950672,1.1411504745483398,-0.18301838636398315,0.7058677673339844,0.8626506924629211
colbench_backend_programming,117,1.6055368185043335,0.009358457289636135,0.9621725678443909,-0.25699907541275024,0.6409005522727966,1.0840528011322021
colbench_backend_programming,341,1.6054952144622803,0.006285907234996557,1.0355943441390991,-0.478030264377594,0.5263615250587463,0.9997949004173279
colbench_backend_programming,524,1.605409026145935,-0.011102358810603619,1.1436368227005005,-0.19105088710784912,0.7102488875389099,0.8535098433494568
colbench_backend_programming,428,1.6046035289764404,0.007741354871541262,1.0478860139846802,-0.3871001601219177,0.44981229305267334,1.0604289770126343
colbench_backend_programming,572,1.604422688484192,0.0130073893815279,1.0234665870666504,-0.20552410185337067,0.6798529028892517,1.0110629796981812
colbench_backend_programming,966,1.604407787322998,-0.011551331728696823,1.1526545286178589,-0.21291345357894897,0.7098916172981262,0.8344061374664307
colbench_backend_programming,883,1.6039565801620483,0.02357535809278488,1.1218806505203247,-0.34961363673210144,0.5921335816383362,0.9171741604804993
colbench_backend_programming,483,1.6038838624954224,0.012803497724235058,0.9616467356681824,-0.4433395266532898,0.6969817280769348,0.9825201034545898
colbench_backend_programming,265,1.603716492652893,0.029210567474365234,1.1685923337936401,-0.3663382828235626,0.5171833038330078,0.8970040678977966
colbench_backend_programming,847,1.6033731698989868,0.0017267800867557526,0.9988967180252075,-0.22394275665283203,0.6069796085357666,1.0744469165802002
colbench_backend_programming,715,1.602223515510559,0.01924455538392067,0.8742649555206299,-0.27736207842826843,0.6862068176269531,1.1202551126480103
colbench_backend_programming,452,1.6019680500030518,0.00458833621814847,0.9369131922721863,-0.20852553844451904,0.6704075932502747,1.0934194326400757
colbench_backend_programming,73,1.6014645099639893,0.008016219362616539,1.0907070636749268,-0.4754130244255066,0.4573349952697754,0.9694709181785583
colbench_backend_programming,86,1.6013648509979248,0.008197164162993431,0.9373424053192139,-0.2735196650028229,0.6614987254142761,1.0832197666168213
colbench_backend_programming,826,1.6011015176773071,0.02390373684465885,1.0304322242736816,-0.1696121096611023,0.6336424350738525,1.0351157188415527
colbench_backend_programming,163,1.6010879278182983,0.001782038016244769,0.954594075679779,-0.31520766019821167,0.6674512624740601,1.0523239374160767
colbench_backend_programming,961,1.6009052991867065,-0.011567126028239727,1.0806947946548462,-0.30424585938453674,0.6461354494094849,0.9407124519348145
colbench_backend_programming,864,1.600619912147522,-0.02483181655406952,1.023463249206543,-0.3870530128479004,0.633468508720398,0.9815369248390198
colbench_backend_programming,268,1.6006135940551758,-0.0023123910650610924,1.0747153759002686,-0.45796912908554077,0.4740024209022522,0.9861729145050049
colbench_backend_programming,618,1.6003066301345825,0.0004194453067611903,1.0118762254714966,-0.4005957841873169,0.5756139755249023,1.0223889350891113
colbench_backend_programming,584,1.600297212600708,-0.011810820549726486,1.1327162981033325,-0.27651113271713257,0.5862103700637817,0.9261771440505981
colbench_backend_programming,819,1.5998170375823975,-0.015756547451019287,1.160351037979126,-0.41982501745224,0.537710964679718,0.8646466135978699
colbench_backend_programming,643,1.5997594594955444,0.012080904096364975,1.1472408771514893,-0.31656965613365173,0.4294469952583313,0.9789930582046509
colbench_backend_programming,308,1.5995510816574097,-0.010731170885264874,1.1395131349563599,-0.19103297591209412,0.7071531414985657,0.85059654712677
colbench_backend_programming,239,1.5994523763656616,0.016823993995785713,0.9240008592605591,-0.482185959815979,0.43540894985198975,1.1324249505996704
colbench_backend_programming,704,1.5994220972061157,-0.010357076302170753,1.1386826038360596,-0.17896632850170135,0.7026544809341431,0.8577882051467896
colbench_backend_programming,413,1.5989631414413452,0.015038617886602879,1.0850346088409424,-0.20736852288246155,0.6039894223213196,0.985686719417572
colbench_backend_programming,382,1.598149299621582,-0.01111559383571148,1.1528195142745972,-0.15163244307041168,0.676377534866333,0.8629074692726135
colbench_backend_programming,901,1.59812331199646,0.019932998344302177,0.9386003017425537,-0.4518817663192749,0.4086395502090454,1.1409838199615479
colbench_backend_programming,868,1.5981159210205078,0.01247105747461319,0.9121420383453369,-0.3450140058994293,0.5665304064750671,1.1322455406188965
colbench_backend_programming,620,1.5979963541030884,-0.010886622592806816,1.1385029554367065,-0.18131482601165771,0.7041242122650146,0.853661060333252
colbench_backend_programming,245,1.597051978111267,-0.011258326470851898,1.1343159675598145,-0.19441795349121094,0.7151218056678772,0.845402181148529
colbench_backend_programming,174,1.5964267253875732,-0.00678119296208024,1.0894750356674194,-0.5300230383872986,0.5292136669158936,0.8947797417640686
colbench_backend_programming,369,1.5962610244750977,-0.010880392976105213,1.1302392482757568,-0.18229319155216217,0.7148050665855408,0.8523094654083252
colbench_backend_programming,22,1.5962316989898682,0.008757675997912884,1.0200837850570679,-0.25019657611846924,0.6230564117431641,1.0279040336608887
colbench_backend_programming,790,1.596113681793213,0.020356839522719383,0.9300878643989563,-0.46969640254974365,0.41431087255477905,1.1358904838562012
colbench_backend_programming,714,1.5960711240768433,-0.012079528532922268,1.0437183380126953,-0.4351317584514618,0.5924058556556702,0.958024263381958
colbench_backend_programming,767,1.595762848854065,0.011514339596033096,1.0146042108535767,-0.2671806216239929,0.49589747190475464,1.0953253507614136
colbench_backend_programming,880,1.5956940650939941,-0.010622995905578136,1.138797640800476,-0.17113490402698517,0.6985791921615601,0.8556162118911743
colbench_backend_programming,350,1.5952332019805908,-0.015149197541177273,1.045003890991211,-0.2364012897014618,0.6453508138656616,0.9901375770568848
colbench_backend_programming,234,1.5951759815216064,0.016825392842292786,0.9262142181396484,-0.4557909369468689,0.42699432373046875,1.1387028694152832
colbench_backend_programming,959,1.5949945449829102,0.00746975326910615,1.0698819160461426,-0.3152341842651367,0.5833699107170105,0.9796261787414551
colbench_backend_programming,426,1.5949164628982544,0.013728180900216103,1.0343692302703857,-0.16145974397659302,0.6301249861717224,1.0250422954559326
colbench_backend_programming,752,1.5948207378387451,0.0005899514071643353,0.911766767501831,-0.34238454699516296,0.6826043128967285,1.0625247955322266
colbench_backend_programming,194,1.594529390335083,-0.01136879250407219,1.1392929553985596,-0.1938602328300476,0.7103262543678284,0.8380874395370483
colbench_backend_programming,749,1.5937952995300293,-0.011033152230083942,1.1376686096191406,-0.1712045669555664,0.6986715197563171,0.8534873723983765
colbench_backend_programming,667,1.5937610864639282,0.000419618037994951,1.1983869075775146,-0.261070191860199,0.4446719288825989,0.9154518842697144
colbench_backend_programming,18,1.5934559106826782,-0.011019129306077957,1.1356886625289917,-0.17375120520591736,0.702202558517456,0.8520767688751221
colbench_backend_programming,756,1.5934478044509888,0.017297755926847458,0.9271156787872314,-0.45517778396606445,0.4201516807079315,1.1383399963378906
colbench_backend_programming,334,1.5934466123580933,-0.010758454911410809,1.1363680362701416,-0.187765970826149,0.7056657075881958,0.8452925086021423
colbench_backend_programming,484,1.5933547019958496,0.017018113285303116,0.9639490246772766,-0.29264315962791443,0.6838775873184204,1.027741551399231
colbench_backend_programming,71,1.5932714939117432,-0.010559018701314926,1.1323920488357544,-0.1767662614583969,0.7027294039726257,0.855059802532196
colbench_backend_programming,431,1.59306001663208,0.012530941516160965,1.070821762084961,-0.2551376223564148,0.5042610764503479,1.0352808237075806
colbench_backend_programming,768,1.5930300951004028,0.05872763320803642,1.063287377357483,-0.3457491397857666,0.5335368514060974,1.0014793872833252
colbench_backend_programming,578,1.593017816543579,0.02572742849588394,0.9459430575370789,-0.2838897705078125,0.5707493424415588,1.1120023727416992
colbench_backend_programming,568,1.5929112434387207,0.0066248043440282345,1.06684148311615,-0.4692939519882202,0.4646846354007721,0.9813495874404907
colbench_backend_programming,586,1.5928748846054077,-0.010378954000771046,1.1333526372909546,-0.185764878988266,0.703900933265686,0.8501629829406738
colbench_backend_programming,298,1.5923936367034912,0.0009249835275113583,1.0043336153030396,-0.22963377833366394,0.6439218521118164,1.0293999910354614
colbench_backend_programming,77,1.5923051834106445,-0.01066693663597107,1.1361254453659058,-0.18392521142959595,0.7027939558029175,0.8467034101486206
colbench_backend_programming,397,1.5919828414916992,0.016717715188860893,0.921828031539917,-0.47046810388565063,0.42660582065582275,1.131949543952942
colbench_backend_programming,88,1.5918834209442139,-0.010746093466877937,1.1314622163772583,-0.17820611596107483,0.7032612562179565,0.8529666066169739
colbench_backend_programming,912,1.5918800830841064,-0.010494627058506012,1.1430333852767944,-0.17504936456680298,0.6895768046379089,0.8493517637252808
colbench_backend_programming,189,1.5917316675186157,0.00845163594931364,0.9831246733665466,-0.2994697093963623,0.6196101307868958,1.0456944704055786
colbench_backend_programming,717,1.591423511505127,-0.0104981055483222,1.130747675895691,-0.16781863570213318,0.6978687644004822,0.8595665097236633
colbench_backend_programming,51,1.5912445783615112,-0.010930167511105537,1.1331015825271606,-0.17014217376708984,0.7002816796302795,0.8536962270736694
colbench_backend_programming,16,1.5912437438964844,-0.010850543156266212,1.1341503858566284,-0.18423837423324585,0.7040126919746399,0.8462754487991333
colbench_backend_programming,339,1.5911865234375,-0.010488905943930149,1.1345245838165283,-0.18607904016971588,0.701663076877594,0.8472143411636353
colbench_backend_programming,530,1.5911250114440918,0.017398357391357422,0.9136477112770081,-0.48215535283088684,0.4268549680709839,1.1323637962341309
colbench_backend_programming,930,1.5911022424697876,-0.010730520822107792,1.1277803182601929,-0.18107682466506958,0.7096154093742371,0.8505143523216248
colbench_backend_programming,415,1.5910755395889282,0.007768362760543823,1.0146795511245728,-0.3716751039028168,0.559104323387146,1.0252838134765625
colbench_backend_programming,525,1.5909970998764038,0.009887243621051311,1.2170977592468262,-0.3127036988735199,0.5136463046073914,0.8296557068824768
colbench_backend_programming,784,1.5909967422485352,-0.010360264219343662,1.1313261985778809,-0.17431721091270447,0.6994057893753052,0.8554627299308777
colbench_backend_programming,676,1.590936541557312,0.02064233273267746,0.8699404001235962,-0.19963452219963074,0.6509588956832886,1.1448498964309692
colbench_backend_programming,137,1.5908597707748413,0.006430997978895903,1.0848621129989624,-0.40234801173210144,0.6067690849304199,0.9076653122901917
colbench_backend_programming,666,1.5908221006393433,-0.010517721995711327,1.1338591575622559,-0.1804608702659607,0.7016007304191589,0.8486864566802979
colbench_backend_programming,457,1.5906474590301514,0.016608532518148422,0.923288106918335,-0.45561766624450684,0.4238898754119873,1.135970115661621
colbench_backend_programming,497,1.590622067451477,0.016441522166132927,0.9247841238975525,-0.46372222900390625,0.4243953227996826,1.131239652633667
colbench_backend_programming,253,1.590602993965149,-0.010491006076335907,1.1321990489959717,-0.1762637048959732,0.6993592381477356,0.8532121777534485
colbench_backend_programming,116,1.5904661417007446,-0.011436081491410732,1.140278697013855,-0.1911666989326477,0.7033713459968567,0.8355065584182739
colbench_backend_programming,17,1.5904358625411987,-0.023131318390369415,0.9929866790771484,-0.3649134635925293,0.6411086320877075,0.999640703201294
colbench_backend_programming,981,1.5904054641723633,-0.010842652060091496,1.1306697130203247,-0.1887018382549286,0.707646369934082,0.8453423976898193
colbench_backend_programming,429,1.590346097946167,-0.01690346747636795,1.0930508375167847,-0.33804649114608765,0.5893245339393616,0.9342706203460693
colbench_backend_programming,332,1.5900846719741821,-0.009975399821996689,1.1325165033340454,-0.15567052364349365,0.6901910305023193,0.8632373213768005
colbench_backend_programming,890,1.590078592300415,0.0166253000497818,0.9203310608863831,-0.46027326583862305,0.42668360471725464,1.1346498727798462
colbench_backend_programming,600,1.5900720357894897,-0.011157690547406673,1.1360259056091309,-0.198642760515213,0.7075023055076599,0.8353177905082703
colbench_backend_programming,263,1.589988112449646,-0.011291245929896832,1.1355646848678589,-0.166001558303833,0.697900652885437,0.8508426547050476
colbench_backend_programming,261,1.5899226665496826,0.02097903937101364,0.9955939054489136,-0.28035858273506165,0.5539581775665283,1.072928786277771
colbench_backend_programming,374,1.589842438697815,-0.010165221989154816,1.1328068971633911,-0.17358382046222687,0.6955425143241882,0.854655921459198
colbench_backend_programming,132,1.5897762775421143,-0.010944808833301067,1.133620262145996,-0.18081438541412354,0.7037293910980225,0.8452010154724121
colbench_backend_programming,968,1.5897260904312134,0.01652691140770912,0.9185736179351807,-0.49163705110549927,0.43481582403182983,1.1192318201065063
colbench_backend_programming,474,1.5897213220596313,-0.011052156798541546,1.10503089427948,-0.3143552243709564,0.6181352138519287,0.9084108471870422
colbench_backend_programming,575,1.589659333229065,-0.012119513936340809,1.137092113494873,-0.16723749041557312,0.7017790675163269,0.844734251499176
colbench_backend_programming,750,1.5895448923110962,-0.011434750631451607,1.1352460384368896,-0.17164431512355804,0.7008524537086487,0.8468846082687378
colbench_backend_programming,7,1.589525818824768,0.01640566810965538,0.9218984246253967,-0.48104095458984375,0.4319171905517578,1.1219371557235718
colbench_backend_programming,662,1.5895107984542847,-0.010697940364480019,1.1321419477462769,-0.18474559485912323,0.7036921977996826,0.8458637595176697
colbench_backend_programming,980,1.5895013809204102,-0.010830525308847427,1.1334205865859985,-0.17337104678153992,0.699331521987915,0.8501472473144531
colbench_backend_programming,48,1.5893977880477905,-0.010082363151013851,1.1308870315551758,-0.17897681891918182,0.6971462965011597,0.8539521098136902
colbench_backend_programming,347,1.5892572402954102,-0.011773668229579926,1.136773943901062,-0.16975750029087067,0.7012337446212769,0.8443560600280762
colbench_backend_programming,824,1.5892529487609863,0.005862037651240826,0.9674964547157288,-0.09737372398376465,0.6650224328041077,1.0667423009872437
colbench_backend_programming,640,1.5891844034194946,-0.010904651135206223,1.13144052028656,-0.18480542302131653,0.7036142945289612,0.846240758895874
colbench_backend_programming,79,1.5891624689102173,-0.010622788220643997,1.130985975265503,-0.17459458112716675,0.6992942094802856,0.8525330424308777
colbench_backend_programming,609,1.5890189409255981,-0.010367334820330143,1.1297999620437622,-0.17200236022472382,0.6973066926002502,0.8559859395027161
colbench_backend_programming,829,1.5890063047409058,0.016734043136239052,0.9157211780548096,-0.4773638844490051,0.43224960565567017,1.127687692642212
colbench_backend_programming,724,1.588756799697876,-0.01063911896198988,1.1313601732254028,-0.18353945016860962,0.7011645436286926,0.8478524088859558
colbench_backend_programming,470,1.5887221097946167,-0.011373043060302734,1.1304651498794556,-0.21257878839969635,0.7173165082931519,0.8284647464752197
colbench_backend_programming,356,1.5886797904968262,0.028183329850435257,1.068604588508606,-0.46725061535835266,0.5239994525909424,0.9429152607917786
colbench_backend_programming,811,1.5884836912155151,0.016577603295445442,0.92280513048172,-0.4620797038078308,0.42496246099472046,1.130309820175171
colbench_backend_programming,136,1.5884473323822021,0.026257531717419624,0.9448846578598022,-0.22161217033863068,0.5437477827072144,1.133836030960083
colbench_backend_programming,832,1.5884431600570679,-0.010042860172688961,1.130982518196106,-0.1712743639945984,0.6954101324081421,0.8550439476966858
colbench_backend_programming,894,1.588430404663086,-0.010650956071913242,1.1311938762664795,-0.17736555635929108,0.6996856927871704,0.8499959111213684
colbench_backend_programming,836,1.5884088277816772,-0.01041636522859335,1.1306761503219604,-0.17365741729736328,0.6967127919197083,0.8538432121276855
colbench_backend_programming,3,1.5883899927139282,-0.010649437084794044,1.1297723054885864,-0.16508443653583527,0.6963320970535278,0.8570098280906677
colbench_backend_programming,694,1.588358998298645,-0.010157127864658833,1.1281800270080566,-0.16207748651504517,0.6956680417060852,0.8601574897766113
colbench_backend_programming,313,1.5883558988571167,-0.010914066806435585,1.1374751329421997,-0.19198565185070038,0.7010447978973389,0.837079644203186
colbench_backend_programming,377,1.5882188081741333,0.00032527768053114414,0.9539355635643005,-0.2717701494693756,0.590630829334259,1.0907530784606934
colbench_backend_programming,958,1.5881555080413818,-0.010356555692851543,1.1318155527114868,-0.16812990605831146,0.6936213374137878,0.8554841876029968
colbench_backend_programming,955,1.5880987644195557,-0.011398459784686565,1.131415843963623,-0.1666143834590912,0.702174723148346,0.84920334815979
colbench_backend_programming,56,1.5880827903747559,-0.011647375300526619,1.1347852945327759,-0.16857290267944336,0.7011364698410034,0.84513920545578
colbench_backend_programming,972,1.588069200515747,-0.010636298917233944,1.1306754350662231,-0.18176086246967316,0.7017883658409119,0.8473446369171143
colbench_backend_programming,994,1.588039755821228,-0.010431071743369102,1.1243116855621338,-0.1829007863998413,0.7113620042800903,0.8475286960601807
colbench_backend_programming,493,1.5879168510437012,-0.01060780230909586,1.1309438943862915,-0.17641712725162506,0.6984307169914246,0.850598156452179
colbench_backend_programming,391,1.5879125595092773,-0.005493852309882641,1.0284332036972046,-0.30581504106521606,0.6119180917739868,0.9979101419448853
colbench_backend_programming,230,1.587904691696167,-0.010334031656384468,1.1306653022766113,-0.17323794960975647,0.6961615085601807,0.8534548282623291
colbench_backend_programming,333,1.5879002809524536,-0.010792984627187252,1.1317754983901978,-0.1821160614490509,0.7007308602333069,0.8463577628135681
colbench_backend_programming,796,1.5878994464874268,-0.010731779970228672,1.131304383277893,-0.1768878698348999,0.7001933455467224,0.8485370874404907
colbench_backend_programming,276,1.587874174118042,-0.010983454994857311,1.1302765607833862,-0.1710296869277954,0.7004191279411316,0.8508708477020264
colbench_backend_programming,964,1.5877817869186401,-0.011508428491652012,1.134592890739441,-0.16898059844970703,0.7003206014633179,0.8454269766807556
colbench_backend_programming,803,1.5877803564071655,-0.010560420341789722,1.1305925846099854,-0.17835880815982819,0.6991653442382812,0.8498018383979797
colbench_backend_programming,963,1.5877110958099365,-0.010498996824026108,1.1323215961456299,-0.1914808452129364,0.7034958004951477,0.8408942818641663
colbench_backend_programming,740,1.5876964330673218,0.011572016403079033,1.0779991149902344,-0.47335609793663025,0.43913722038269043,0.9704588651657104
colbench_backend_programming,952,1.5876764059066772,-0.009272237308323383,1.0776262283325195,-0.3049147129058838,0.6430959701538086,0.9235217571258545
colbench_backend_programming,597,1.5876517295837402,0.015966931357979774,0.9157049059867859,-0.5001723170280457,0.4451923966407776,1.110744833946228
colbench_backend_programming,766,1.587628722190857,0.01591738872230053,0.9209794402122498,-0.4747084975242615,0.4334380626678467,1.1221164464950562
colbench_backend_programming,450,1.5875141620635986,0.014041541144251823,0.8897930979728699,-0.28325724601745605,0.5345828533172607,1.1672428846359253
colbench_backend_programming,696,1.587504506111145,-0.011167265474796295,1.1344237327575684,-0.16978299617767334,0.6984577178955078,0.8465129733085632
colbench_backend_programming,58,1.587432622909546,-0.010475424118340015,1.1291794776916504,-0.16756978631019592,0.695889413356781,0.8558937311172485
colbench_backend_programming,882,1.5874147415161133,-0.01128301676362753,1.1303752660751343,-0.16847719252109528,0.7003249526023865,0.8504690527915955
colbench_backend_programming,153,1.5873972177505493,-0.010900321416556835,1.1319952011108398,-0.1682848483324051,0.6992380619049072,0.8492133021354675
colbench_backend_programming,931,1.5873937606811523,-0.010927853174507618,1.1350066661834717,-0.16970717906951904,0.6979236006736755,0.8459792733192444
colbench_backend_programming,378,1.5873429775238037,-0.010522633790969849,1.1317346096038818,-0.17558331787586212,0.6971117258071899,0.8497293591499329
colbench_backend_programming,895,1.5873395204544067,-0.010953701101243496,1.1313050985336304,-0.17052721977233887,0.7006216645240784,0.8484369516372681
colbench_backend_programming,408,1.5873336791992188,-0.011227896437048912,1.1331455707550049,-0.16822265088558197,0.6985745429992676,0.8481180667877197
colbench_backend_programming,907,1.5873255729675293,-0.010676275007426739,1.1293338537216187,-0.17435036599636078,0.7001173496246338,0.8506734371185303
colbench_backend_programming,191,1.5872955322265625,-0.010783377103507519,1.1320834159851074,-0.17370924353599548,0.6974794268608093,0.8492594957351685
colbench_backend_programming,327,1.5872777700424194,-0.011046621017158031,1.1311583518981934,-0.17015421390533447,0.700519859790802,0.8486759662628174
colbench_backend_programming,113,1.5872238874435425,-0.010512171313166618,1.131240963935852,-0.17475464940071106,0.6985632181167603,0.8491429090499878
colbench_backend_programming,848,1.5871800184249878,-0.011048544198274612,1.1323047876358032,-0.17316500842571259,0.6988077759742737,0.8477662801742554
colbench_backend_programming,723,1.5871689319610596,-0.01056423969566822,1.130130648612976,-0.1747244894504547,0.6979240775108337,0.8510483503341675
colbench_backend_programming,209,1.5871431827545166,-0.010592577047646046,1.1297857761383057,-0.16732753813266754,0.6973950862884521,0.8533751368522644
colbench_backend_programming,789,1.587114930152893,-0.01069839671254158,1.132193684577942,-0.17032946646213531,0.6970584988594055,0.8498051166534424
colbench_backend_programming,589,1.587040901184082,-0.011025427840650082,1.1316239833831787,-0.1770276427268982,0.7009998559951782,0.8458050489425659
colbench_backend_programming,539,1.587024450302124,-0.010283011011779308,1.129234790802002,-0.16695883870124817,0.6949848532676697,0.855918288230896
colbench_backend_programming,370,1.5870221853256226,-0.010773683898150921,1.1309137344360352,-0.17599722743034363,0.6994903087615967,0.8481816053390503
colbench_backend_programming,529,1.5870161056518555,-0.010351870208978653,1.132200837135315,-0.18341654539108276,0.6993322372436523,0.8450053930282593
colbench_backend_programming,279,1.5869858264923096,-0.010961188934743404,1.131903052330017,-0.1686851680278778,0.6991824507713318,0.8485332727432251
colbench_backend_programming,69,1.5869590044021606,-0.0108341658487916,1.131419062614441,-0.1691875457763672,0.6988146901130676,0.8493310809135437
colbench_backend_programming,942,1.5869399309158325,-0.010626086965203285,1.130292534828186,-0.17646518349647522,0.6984755396842957,0.8495935797691345
colbench_backend_programming,390,1.5869253873825073,-0.010946332477033138,1.1312237977981567,-0.1702227145433426,0.6978549361228943,0.8501104116439819
colbench_backend_programming,505,1.5869171619415283,-0.01046998891979456,1.132115364074707,-0.17230647802352905,0.6954798698425293,0.8504347205162048
colbench_backend_programming,21,1.5868827104568481,-0.013138899579644203,1.036692500114441,-0.28348058462142944,0.5501120686531067,1.0297963619232178
colbench_backend_programming,849,1.5868715047836304,-0.010993574745953083,1.1316218376159668,-0.16833405196666718,0.6993058919906616,0.8486624956130981
colbench_backend_programming,257,1.5868507623672485,-0.010691247880458832,1.131535530090332,-0.17351752519607544,0.6983702182769775,0.8484653234481812
colbench_backend_programming,933,1.5868481397628784,-0.010629002936184406,1.129977822303772,-0.17552253603935242,0.6987153887748718,0.8498386144638062
colbench_backend_programming,78,1.5868432521820068,-0.011075764894485474,1.1295632123947144,-0.16799913346767426,0.6996763348579407,0.8511097431182861
colbench_backend_programming,610,1.5868388414382935,-0.010512212291359901,1.131683588027954,-0.17224937677383423,0.6956328749656677,0.8507495522499084
colbench_backend_programming,786,1.5867815017700195,-0.010744843631982803,1.130482792854309,-0.17213238775730133,0.6983615756034851,0.8500268459320068
colbench_backend_programming,897,1.5867602825164795,-0.011059623211622238,1.1308634281158447,-0.16766974329948425,0.6989181637763977,0.8499154448509216
colbench_backend_programming,445,1.586747407913208,-0.01060880534350872,1.1347750425338745,-0.1801653504371643,0.6978695392608643,0.8429539203643799
colbench_backend_programming,270,1.5867434740066528,0.016695138067007065,0.9263667464256287,-0.44299787282943726,0.41240745782852173,1.1372214555740356
colbench_backend_programming,342,1.5867235660552979,0.0170145146548748,0.9135493040084839,-0.47790390253067017,0.42629778385162354,1.1282719373703003
colbench_backend_programming,57,1.586714267730713,-0.01080791000276804,1.1319822072982788,-0.17110547423362732,0.6965813636779785,0.8495737910270691
colbench_backend_programming,590,1.5867124795913696,-0.010735513642430305,1.1302320957183838,-0.18366342782974243,0.7016091346740723,0.8451297283172607
colbench_backend_programming,511,1.5866925716400146,-0.010906046256422997,1.131886601448059,-0.16959361732006073,0.6969295740127563,0.8496781587600708
colbench_backend_programming,9,1.5866647958755493,-0.010692532174289227,1.1284984350204468,-0.1735081970691681,0.7010947465896606,0.8499161601066589
colbench_backend_programming,885,1.5866613388061523,-0.010623491369187832,1.1303309202194214,-0.17930802702903748,0.6999004483222961,0.8472509980201721
colbench_backend_programming,842,1.5866565704345703,-0.010819897055625916,1.1309629678726196,-0.16993330419063568,0.6985774636268616,0.849419891834259
colbench_backend_programming,336,1.586627721786499,-0.010692231357097626,1.1305071115493774,-0.16966359317302704,0.6966371536254883,0.8516172766685486
colbench_backend_programming,719,1.5866179466247559,-0.010431443341076374,1.1300629377365112,-0.1685207039117813,0.6952851414680481,0.8535184264183044
colbench_backend_programming,311,1.586613416671753,-0.010787801817059517,1.1307487487792969,-0.1705305576324463,0.6986561417579651,0.8494399785995483
colbench_backend_programming,29,1.5865997076034546,-0.010524296201765537,1.1290335655212402,-0.17014840245246887,0.6983373761177063,0.8520306348800659
colbench_backend_programming,2,1.5865827798843384,-0.010811454616487026,1.1316132545471191,-0.16882547736167908,0.69786536693573,0.8492221832275391
colbench_backend_programming,121,1.5865756273269653,-0.010494534857571125,1.129740834236145,-0.17863240838050842,0.6977488398551941,0.8497911095619202
colbench_backend_programming,196,1.5865730047225952,0.01600991003215313,0.9177530407905579,-0.4821362793445587,0.4330507814884186,1.120247721672058
colbench_backend_programming,59,1.58656907081604,-0.010488774627447128,1.1290168762207031,-0.17350836098194122,0.6973170042037964,0.8521538376808167
colbench_backend_programming,436,1.586560845375061,-0.010737277567386627,1.1295723915100098,-0.1696476936340332,0.6987164616584778,0.8510326147079468
colbench_backend_programming,797,1.5865519046783447,-0.010917002335190773,1.1318354606628418,-0.17121927440166473,0.6972468495368958,0.8488969802856445
colbench_backend_programming,75,1.586545705795288,0.016858579590916634,0.917131781578064,-0.4751262068748474,0.4287203550338745,1.1253668069839478
colbench_backend_programming,928,1.586520791053772,-0.010510899126529694,1.1282775402069092,-0.16623777151107788,0.6965232491493225,0.8551364541053772
colbench_backend_programming,133,1.5865172147750854,-0.010204904712736607,1.1302911043167114,-0.17465338110923767,0.6944848299026489,0.852446973323822
colbench_backend_programming,54,1.5865164995193481,-0.010815443471074104,1.1303426027297974,-0.17048609256744385,0.6974195241928101,0.8508235812187195
colbench_backend_programming,425,1.5865143537521362,0.01574917882680893,0.9191498756408691,-0.47086212038993835,0.43197861313819885,1.124221682548523
colbench_backend_programming,373,1.5865135192871094,0.015905242413282394,0.9150001406669617,-0.4845931828022003,0.43488526344299316,1.120644450187683
colbench_backend_programming,214,1.5864994525909424,-0.01071170624345541,1.1305441856384277,-0.16997620463371277,0.698078453540802,0.8500851392745972
colbench_backend_programming,741,1.586498498916626,-0.010963546112179756,1.1305924654006958,-0.16961970925331116,0.6995667815208435,0.8488659858703613
colbench_backend_programming,975,1.5864636898040771,-0.010489984415471554,1.1306211948394775,-0.17890715599060059,0.6997341513633728,0.8467155694961548
colbench_backend_programming,859,1.5864604711532593,-0.010707568377256393,1.129955768585205,-0.16965150833129883,0.6985185742378235,0.8504979610443115
colbench_backend_programming,753,1.5864595174789429,0.015954263508319855,0.9193574786186218,-0.48578691482543945,0.43309104442596436,1.117174506187439
colbench_backend_programming,553,1.5864516496658325,0.022175349295139313,1.1098593473434448,-0.3191726803779602,0.40203621983528137,1.0107110738754272
colbench_backend_programming,157,1.586449146270752,-0.010862602852284908,1.1311842203140259,-0.17066419124603271,0.6976460814476013,0.8493566513061523
colbench_backend_programming,388,1.58644700050354,-0.010894540697336197,1.1304147243499756,-0.16950900852680206,0.6996570825576782,0.8489541411399841
colbench_backend_programming,175,1.5864289999008179,0.015254613012075424,0.9469619989395142,-0.3000756800174713,0.6969109773635864,1.0219048261642456
colbench_backend_programming,839,1.5864075422286987,-0.010753989219665527,1.1295815706253052,-0.17085415124893188,0.6989062428474426,0.8503373265266418
colbench_backend_programming,104,1.586354374885559,-0.010794166475534439,1.1297261714935303,-0.1698974370956421,0.6982476711273193,0.8507785201072693
colbench_backend_programming,203,1.5863410234451294,-0.010670863091945648,1.1294559240341187,-0.1716436743736267,0.6987777352333069,0.8503265976905823
colbench_backend_programming,587,1.5863064527511597,-0.010704782791435719,1.1295368671417236,-0.16958938539028168,0.698137104511261,0.8510926365852356
colbench_backend_programming,424,1.5863054990768433,-0.010706215165555477,1.129871129989624,-0.1695515215396881,0.6991786956787109,0.8497985601425171
colbench_backend_programming,869,1.5862849950790405,0.026738978922367096,0.9788971543312073,-0.39129167795181274,0.5398693680763245,1.055221438407898
colbench_backend_programming,494,1.5862839221954346,-0.010519609786570072,1.1327087879180908,-0.17225567996501923,0.6956653594970703,0.8483190536499023
colbench_backend_programming,423,1.5862807035446167,-0.01072526816278696,1.1297404766082764,-0.17042678594589233,0.6982277035713196,0.850532591342926
colbench_backend_programming,224,1.5862767696380615,-0.010636193677783012,1.1293400526046753,-0.16913725435733795,0.6987800598144531,0.8508608341217041
colbench_backend_programming,554,1.5862667560577393,-0.010954055935144424,1.1298375129699707,-0.17128989100456238,0.6986286640167236,0.8498747944831848
colbench_backend_programming,544,1.5862627029418945,-0.01078181341290474,1.1304476261138916,-0.1688603013753891,0.6981631517410278,0.8499246835708618
colbench_backend_programming,106,1.5862501859664917,-0.010640022344887257,1.1288833618164062,-0.17829006910324097,0.7000511884689331,0.8485003709793091
colbench_backend_programming,843,1.5862452983856201,-0.010609608143568039,1.1300173997879028,-0.17709031701087952,0.6991147398948669,0.8480049967765808
colbench_backend_programming,277,1.58623206615448,0.017064087092876434,0.914843738079071,-0.4713553190231323,0.42166900634765625,1.1310228109359741
colbench_backend_programming,62,1.5862295627593994,-0.010812956839799881,1.1298848390579224,-0.1663145124912262,0.6976455450057983,0.8515366911888123
colbench_backend_programming,310,1.5862096548080444,-0.010689029470086098,1.1292524337768555,-0.17034468054771423,0.6976513862609863,0.8515369296073914
colbench_backend_programming,542,1.586195468902588,-0.01078755222260952,1.1285680532455444,-0.17056503891944885,0.6987747550010681,0.851452648639679
colbench_backend_programming,367,1.586186408996582,-0.010742554441094398,1.1296101808547974,-0.1697215586900711,0.6971499919891357,0.8515543341636658
colbench_backend_programming,400,1.586175560951233,-0.01045273244380951,1.1295150518417358,-0.17237330973148346,0.6967936754226685,0.85141921043396
colbench_backend_programming,72,1.5861711502075195,-0.010688948445022106,1.1296933889389038,-0.1686471700668335,0.698273777961731,0.8507077693939209
colbench_backend_programming,555,1.5861687660217285,-0.010692586190998554,1.1297497749328613,-0.16940204799175262,0.6980922222137451,0.8506274223327637
colbench_backend_programming,220,1.5861436128616333,0.012773565948009491,1.0000180006027222,-0.19182704389095306,0.6779788732528687,1.0096349716186523
colbench_backend_programming,25,1.5861257314682007,-0.010798065923154354,1.1311464309692383,-0.17040075361728668,0.6970374584197998,0.8493557572364807
colbench_backend_programming,943,1.586095929145813,-0.010722805745899677,1.1286042928695679,-0.17040778696537018,0.6982443332672119,0.8516858220100403
colbench_backend_programming,633,1.5860897302627563,-0.010681163519620895,1.1297638416290283,-0.16896094381809235,0.6977682113647461,0.8508150577545166
colbench_backend_programming,264,1.5860857963562012,-0.010732186958193779,1.129752516746521,-0.17136633396148682,0.6975473761558533,0.850522518157959
colbench_backend_programming,924,1.5860790014266968,-0.010688460431993008,1.1292266845703125,-0.17050062119960785,0.6975252628326416,0.8513998985290527
colbench_backend_programming,570,1.586076021194458,-0.010735289193689823,1.1302558183670044,-0.17021115124225616,0.6964992880821228,0.8509264588356018
colbench_backend_programming,385,1.5860611200332642,-0.010584582574665546,1.132123351097107,-0.1695614904165268,0.6959483027458191,0.8489943742752075
colbench_backend_programming,828,1.586057424545288,-0.010666280053555965,1.1296380758285522,-0.17124493420124054,0.6971588134765625,0.8509646058082581
colbench_backend_programming,680,1.5860527753829956,0.01598738320171833,0.9233018755912781,-0.46882694959640503,0.4253356456756592,1.1235514879226685
colbench_backend_programming,177,1.5860515832901,-0.01062014140188694,1.1298786401748657,-0.17268869280815125,0.6983974575996399,0.8493252992630005
colbench_backend_programming,184,1.5860496759414673,-0.010640230029821396,1.1309547424316406,-0.17090989649295807,0.6957883834838867,0.8503900766372681
colbench_backend_programming,482,1.5860493183135986,-0.010563922114670277,1.1293323040008545,-0.1677968055009842,0.6961040496826172,0.8529034852981567
colbench_backend_programming,41,1.5860449075698853,-0.010741735808551311,1.128844976425171,-0.16815903782844543,0.6992951035499573,0.8508561849594116
colbench_backend_programming,444,1.5860434770584106,-0.011125855147838593,1.1325724124908447,-0.1745116412639618,0.6998869180679321,0.8441076278686523
colbench_backend_programming,463,1.586043357849121,-0.010625133290886879,1.1288546323776245,-0.17141814529895782,0.6970164179801941,0.852059006690979
colbench_backend_programming,745,1.58602774143219,-0.010480458848178387,1.1305737495422363,-0.17103075981140137,0.6973543167114258,0.8495482206344604
colbench_backend_programming,296,1.586019515991211,-0.010570622980594635,1.1288974285125732,-0.17244715988636017,0.6959255933761597,0.852641761302948
colbench_backend_programming,973,1.5859935283660889,-0.010775030590593815,1.130461573600769,-0.1719970703125,0.6980869770050049,0.8488367795944214
colbench_backend_programming,518,1.5859931707382202,-0.010646941140294075,1.1289076805114746,-0.1700318157672882,0.6975694894790649,0.8517205119132996
colbench_backend_programming,535,1.5859886407852173,-0.010646666400134563,1.129272222518921,-0.17157839238643646,0.6968086957931519,0.8515412211418152
colbench_backend_programming,125,1.585988163948059,-0.010229887440800667,1.1288189888000488,-0.16625036299228668,0.6934143900871277,0.855957567691803
colbench_backend_programming,656,1.5859739780426025,0.002380052115768194,0.9259145259857178,-0.10847426950931549,0.7269811630249023,1.057226300239563
colbench_backend_programming,101,1.5859652757644653,-0.010342924855649471,1.1271601915359497,-0.18158699572086334,0.70261549949646,0.8474394083023071
colbench_backend_programming,306,1.5859652757644653,-0.010895875282585621,1.1314246654510498,-0.17476814985275269,0.698569655418396,0.8465344905853271
colbench_backend_programming,827,1.5859603881835938,-0.010331310331821442,1.1274458169937134,-0.16948746144771576,0.6984339952468872,0.852994978427887
colbench_backend_programming,15,1.5859578847885132,-0.010617044754326344,1.1312625408172607,-0.16984862089157104,0.6973458528518677,0.8487448692321777
colbench_backend_programming,335,1.5859577655792236,-0.010570003651082516,1.129027009010315,-0.1713627725839615,0.69672030210495,0.8519247174263
colbench_backend_programming,98,1.5859571695327759,-0.010550468228757381,1.1314647197723389,-0.17135341465473175,0.6950275301933289,0.8500720858573914
colbench_backend_programming,615,1.5859431028366089,-0.01090935431420803,1.1332433223724365,-0.1682886779308319,0.6947243809700012,0.8485352396965027
colbench_backend_programming,472,1.5859344005584717,-0.010617322288453579,1.1296806335449219,-0.17172163724899292,0.6967687010765076,0.850902259349823
colbench_backend_programming,96,1.5859324932098389,-0.010502633638679981,1.1297540664672852,-0.17320863902568817,0.6978492140769958,0.8496134877204895
colbench_backend_programming,490,1.5859252214431763,-0.010418795980513096,1.1280627250671387,-0.16886888444423676,0.6970675587654114,0.8533542156219482
colbench_backend_programming,360,1.585917592048645,-0.010669390670955181,1.129634141921997,-0.17231184244155884,0.6964438557624817,0.8510791063308716
colbench_backend_programming,420,1.585912823677063,-0.010578859597444534,1.1302595138549805,-0.16901999711990356,0.6952269077301025,0.8518947958946228
colbench_backend_programming,461,1.5859060287475586,-0.010691918432712555,1.1298917531967163,-0.17106837034225464,0.6970946788787842,0.8504334688186646
colbench_backend_programming,669,1.5859041213989258,-0.010488709434866905,1.1300978660583496,-0.17482563853263855,0.697490930557251,0.8490660190582275
colbench_backend_programming,820,1.5858877897262573,-0.0103020453825593,1.1284871101379395,-0.17135848104953766,0.6978464126586914,0.851588785648346
colbench_backend_programming,720,1.5858759880065918,-0.010520764626562595,1.1287322044372559,-0.1695723682641983,0.6986735463142395,0.850921094417572
colbench_backend_programming,536,1.585868239402771,-0.010678136721253395,1.129374623298645,-0.17058098316192627,0.6983324885368347,0.8501323461532593
colbench_backend_programming,616,1.5858654975891113,-0.010610228404402733,1.1306442022323608,-0.17009636759757996,0.6965581774711609,0.8499924540519714
colbench_backend_programming,147,1.585864543914795,-0.010508183389902115,1.1295181512832642,-0.1779056191444397,0.6986919641494751,0.8481358289718628
colbench_backend_programming,960,1.5858604907989502,-0.010563663206994534,1.1281273365020752,-0.17116224765777588,0.6972838640213013,0.8525145649909973
colbench_backend_programming,971,1.5858516693115234,0.016837121918797493,0.9203632473945618,-0.44897156953811646,0.41664808988571167,1.1369634866714478
colbench_backend_programming,773,1.5858449935913086,-0.010510646738111973,1.1301482915878296,-0.1730652153491974,0.6949707269668579,0.8513127565383911
colbench_backend_programming,727,1.58583402633667,-0.010484544560313225,1.1293286085128784,-0.16870011389255524,0.694421648979187,0.8537008166313171
colbench_backend_programming,6,1.5858232975006104,-0.01032970380038023,1.1284229755401611,-0.17277419567108154,0.6956132650375366,0.8530935049057007
colbench_backend_programming,80,1.5858107805252075,-0.01042882353067398,1.12897527217865,-0.1700451821088791,0.6973569989204407,0.851462721824646
colbench_backend_programming,551,1.5857936143875122,-0.010444074869155884,1.1289900541305542,-0.16966457664966583,0.6977376937866211,0.8511751294136047
colbench_backend_programming,178,1.5857890844345093,-0.010253223590552807,1.1284942626953125,-0.16761614382266998,0.6951062083244324,0.8543769717216492
colbench_backend_programming,222,1.5857874155044556,-0.010415109805762768,1.1297459602355957,-0.17082740366458893,0.6952739953994751,0.8519434928894043
colbench_backend_programming,247,1.5857765674591064,-0.010460838675498962,1.128724217414856,-0.16926704347133636,0.695723295211792,0.8532213568687439
colbench_backend_programming,631,1.5857744216918945,-0.010594375431537628,1.1283652782440186,-0.1697317659854889,0.6976456642150879,0.8520293235778809
colbench_backend_programming,469,1.585763692855835,-0.010795489884912968,1.129886507987976,-0.17241349816322327,0.6986704468727112,0.8486084342002869
colbench_backend_programming,855,1.5857629776000977,-0.010494274087250233,1.1304985284805298,-0.1704862266778946,0.6958901286125183,0.8504636883735657
colbench_backend_programming,448,1.5857548713684082,0.007304052356630564,1.0218662023544312,-0.29431888461112976,0.651975691318512,0.9791384339332581
colbench_backend_programming,871,1.5857479572296143,-0.010420404374599457,1.129012942314148,-0.1725892424583435,0.6963587999343872,0.8516007661819458
colbench_backend_programming,60,1.5857393741607666,-0.010484081692993641,1.130265235900879,-0.16035465896129608,0.6923608779907227,0.8555655479431152
colbench_backend_programming,34,1.585734486579895,-0.010298781096935272,1.129509449005127,-0.17367909848690033,0.6953175067901611,0.8515466451644897
colbench_backend_programming,273,1.5857288837432861,-0.010531632229685783,1.129534363746643,-0.1724197268486023,0.6951863169670105,0.8518660068511963
colbench_backend_programming,162,1.5857276916503906,-0.010430248454213142,1.1294761896133423,-0.17217089235782623,0.696143627166748,0.851209282875061
colbench_backend_programming,552,1.5857266187667847,-0.010578849352896214,1.129531741142273,-0.17159903049468994,0.6962862610816956,0.8511322736740112
colbench_backend_programming,119,1.5857222080230713,-0.010767167434096336,1.1302273273468018,-0.18076246976852417,0.70018070936203,0.8450876474380493
colbench_backend_programming,105,1.5857127904891968,-0.010511498898267746,1.130318284034729,-0.17076373100280762,0.6969343423843384,0.8496987223625183
colbench_backend_programming,710,1.585699200630188,0.015995724126696587,0.9185503721237183,-0.4788571000099182,0.42880988121032715,1.1213942766189575
colbench_backend_programming,913,1.5856857299804688,-0.010512304492294788,1.1298754215240479,-0.16916608810424805,0.6943206191062927,0.8526913523674011
colbench_backend_programming,808,1.5856620073318481,-0.01051906868815422,1.1282819509506226,-0.17481446266174316,0.6994577646255493,0.8494131565093994
colbench_backend_programming,218,1.5856494903564453,-0.010564552620053291,1.130038857460022,-0.17011681199073792,0.6955365538597107,0.8512258529663086
colbench_backend_programming,150,1.5856479406356812,-0.010477892123162746,1.130584716796875,-0.17022544145584106,0.6939274668693542,0.8517895340919495
colbench_backend_programming,909,1.5856444835662842,-0.010492036119103432,1.1293772459030151,-0.17325811088085175,0.6957129240036011,0.8513169884681702
colbench_backend_programming,520,1.5856138467788696,-0.010473717004060745,1.1272720098495483,-0.1753275841474533,0.6974690556526184,0.8521890640258789
colbench_backend_programming,112,1.585597276687622,0.01645246520638466,0.9134922027587891,-0.4774967432022095,0.42910751700401306,1.1258394718170166
colbench_backend_programming,462,1.5855838060379028,-0.01058102399110794,1.1294044256210327,-0.17414304614067078,0.6969615817070007,0.84996497631073
colbench_backend_programming,496,1.5855790376663208,-0.01046611275523901,1.1278849840164185,-0.17055094242095947,0.697039008140564,0.8526343107223511
colbench_backend_programming,128,1.5855767726898193,-0.01051945611834526,1.1294373273849487,-0.1701047718524933,0.6956878900527954,0.8517675399780273
colbench_backend_programming,742,1.5855686664581299,-0.01028524525463581,1.1276774406433105,-0.17291341722011566,0.6955097913742065,0.8536620140075684
colbench_backend_programming,205,1.5855664014816284,-0.010474583134055138,1.1289408206939697,-0.1712045967578888,0.6967185735702515,0.85134357213974
colbench_backend_programming,785,1.5855578184127808,-0.010781623423099518,1.1280208826065063,-0.16817359626293182,0.69997239112854,0.8504815697669983
colbench_backend_programming,305,1.585557222366333,-0.010602707974612713,1.1283073425292969,-0.17050178349018097,0.6976112127304077,0.8515761494636536
colbench_backend_programming,967,1.5855284929275513,-0.01042635552585125,1.1280006170272827,-0.17070508003234863,0.6971901059150696,0.8522328734397888
colbench_backend_programming,251,1.5855259895324707,-0.010502524673938751,1.1289018392562866,-0.17202790081501007,0.6963412761688232,0.8514626622200012
colbench_backend_programming,910,1.5855218172073364,-0.010351013392210007,1.1307144165039062,-0.1683906763792038,0.6931367516517639,0.8523908257484436
colbench_backend_programming,419,1.5855212211608887,-0.010400991886854172,1.1283881664276123,-0.1719432920217514,0.695359468460083,0.8529525995254517
colbench_backend_programming,31,1.5855172872543335,-0.010554337874054909,1.1278480291366577,-0.1720595508813858,0.6967036128044128,0.8525394201278687
colbench_backend_programming,343,1.5855158567428589,-0.010383648797869682,1.1298125982284546,-0.1703544557094574,0.6948058605194092,0.8518263101577759
colbench_backend_programming,102,1.5854746103286743,-0.010636571794748306,1.1291379928588867,-0.17429104447364807,0.697380781173706,0.8497409820556641
colbench_backend_programming,760,1.5854685306549072,-0.010354077443480492,1.127342939376831,-0.17130331695079803,0.6975358128547668,0.8525885343551636
colbench_backend_programming,394,1.5854558944702148,-0.010490038432180882,1.1297056674957275,-0.16983653604984283,0.6947861909866333,0.8519759178161621
colbench_backend_programming,199,1.5854535102844238,-0.010384634137153625,1.1293516159057617,-0.17123852670192719,0.6948510408401489,0.8521075248718262
colbench_backend_programming,989,1.585451364517212,-0.01050122082233429,1.1292219161987305,-0.17216596007347107,0.6959706544876099,0.8511743545532227
colbench_backend_programming,962,1.5854281187057495,-0.010345889255404472,1.1271284818649292,-0.17058232426643372,0.6977629661560059,0.8527556657791138
colbench_backend_programming,948,1.5854246616363525,-0.01058346126228571,1.1302094459533691,-0.1713390350341797,0.6957740783691406,0.8501407504081726
colbench_backend_programming,795,1.5854108333587646,-0.01050986722111702,1.1282111406326294,-0.17251484096050262,0.6955866813659668,0.8526808619499207
colbench_backend_programming,476,1.5854090452194214,-0.01042239461094141,1.128422737121582,-0.1725061982870102,0.6950377821922302,0.8528469204902649
colbench_backend_programming,159,1.5854082107543945,-0.010472089052200317,1.1287027597427368,-0.18180695176124573,0.7002180814743042,0.846280038356781
colbench_backend_programming,765,1.5853990316390991,-0.010356300510466099,1.1291577816009521,-0.17225117981433868,0.6958503127098083,0.8512430191040039
colbench_backend_programming,411,1.585382342338562,-0.010454759933054447,1.127896785736084,-0.17239215970039368,0.6963719129562378,0.8524278402328491
colbench_backend_programming,12,1.585376262664795,-0.010402271524071693,1.1283483505249023,-0.17240780591964722,0.6953554153442383,0.8526455163955688
colbench_backend_programming,141,1.585373044013977,-0.010453569702804089,1.1280033588409424,-0.17283090949058533,0.6964665651321411,0.8521032333374023
colbench_backend_programming,127,1.5853642225265503,0.009598011150956154,1.0950210094451904,-0.4629082977771759,0.4118722677230835,0.9645651578903198
colbench_backend_programming,642,1.5853521823883057,-0.010459394194185734,1.1287857294082642,-0.17176257073879242,0.6969451308250427,0.8508522510528564
colbench_backend_programming,919,1.585344910621643,-0.010479670949280262,1.1296899318695068,-0.17073653638362885,0.695949375629425,0.8506601452827454
colbench_backend_programming,646,1.5853275060653687,0.017347505316138268,0.9169926643371582,-0.45162904262542725,0.42220795154571533,1.1358518600463867
colbench_backend_programming,956,1.5853185653686523,0.016332212835550308,0.9188148975372314,-0.4689732491970062,0.42578792572021484,1.1259586811065674
colbench_backend_programming,999,1.5853172540664673,-0.010410099290311337,1.1284183263778687,-0.16940997540950775,0.6952788233757019,0.8531063795089722
colbench_backend_programming,357,1.5853079557418823,-0.010061069391667843,1.1275368928909302,-0.17028512060642242,0.6951998472213745,0.8541439771652222
colbench_backend_programming,684,1.5852599143981934,0.00928167998790741,1.000213623046875,-0.23009458184242249,0.7008021473884583,0.9841517806053162
colbench_backend_programming,946,1.5852473974227905,-0.010274951346218586,1.1270434856414795,-0.1707513928413391,0.6964541673660278,0.8535677194595337
colbench_backend_programming,491,1.5852320194244385,-0.010349768213927746,1.1275001764297485,-0.17314398288726807,0.6948971152305603,0.8537230491638184
colbench_backend_programming,648,1.585208773612976,-0.010321741923689842,1.129274845123291,-0.1745339334011078,0.695034384727478,0.8509349226951599
colbench_backend_programming,352,1.5852075815200806,-0.010662033222615719,1.129785418510437,-0.17849871516227722,0.7000108361244202,0.8453348875045776
colbench_backend_programming,231,1.585204005241394,-0.010294927284121513,1.1278541088104248,-0.1728159785270691,0.6960303783416748,0.8523455858230591
colbench_backend_programming,938,1.585204005241394,-0.010440784506499767,1.1284998655319214,-0.17369937896728516,0.6962690353393555,0.8511156439781189
colbench_backend_programming,969,1.5851917266845703,-0.01087068859487772,1.1280943155288696,-0.17373788356781006,0.7008211016654968,0.8478800654411316
colbench_backend_programming,28,1.5851837396621704,-0.01022418774664402,1.12838876247406,-0.17208661139011383,0.6938304901123047,0.8535405993461609
colbench_backend_programming,747,1.5851819515228271,-0.010263420641422272,1.1285268068313599,-0.17026104032993317,0.6946315169334412,0.8530691266059875
colbench_backend_programming,208,1.5851682424545288,-0.010259561240673065,1.1288633346557617,-0.17304030060768127,0.6942335367202759,0.852363109588623
colbench_backend_programming,207,1.5851558446884155,-0.01062097493559122,1.1291043758392334,-0.17143234610557556,0.6962203979492188,0.8507236242294312
colbench_backend_programming,634,1.585144281387329,-0.010458202101290226,1.1305807828903198,-0.17317676544189453,0.6950627565383911,0.8493333458900452
colbench_backend_programming,685,1.5851166248321533,-0.010342005640268326,1.1275749206542969,-0.1700061410665512,0.6958808898925781,0.8532392382621765
colbench_backend_programming,976,1.5851036310195923,-0.01048947498202324,1.1302112340927124,-0.17446951568126678,0.6957815885543823,0.8488959074020386
colbench_backend_programming,267,1.5850880146026611,0.015967469662427902,0.9197527170181274,-0.47799187898635864,0.42834389209747314,1.1200910806655884
colbench_backend_programming,997,1.5850774049758911,-0.01040857657790184,1.129764199256897,-0.1692613661289215,0.6949976682662964,0.8511357307434082
colbench_backend_programming,686,1.5850629806518555,-0.010168150067329407,1.127214789390564,-0.17231614887714386,0.6957133412361145,0.8532887101173401
colbench_backend_programming,206,1.5850517749786377,0.01707465946674347,0.9174003601074219,-0.4589138329029083,0.4267750680446625,1.1304985284805298
colbench_backend_programming,248,1.585018515586853,-0.010324613191187382,1.1275818347930908,-0.17366625368595123,0.6953369379043579,0.8527539968490601
colbench_backend_programming,998,1.585016131401062,-0.010327830910682678,1.1281886100769043,-0.17156550288200378,0.6954209804534912,0.8523037433624268
colbench_backend_programming,266,1.5850073099136353,-0.010909531265497208,1.130695104598999,-0.18977895379066467,0.7054948806762695,0.8366825580596924
colbench_backend_programming,523,1.5850017070770264,0.01886160299181938,1.071804404258728,-0.3431365489959717,0.5755452513694763,0.9562796354293823
colbench_backend_programming,867,1.5849928855895996,-0.010368413291871548,1.1285157203674316,-0.17084603011608124,0.6950851678848267,0.8522456884384155
colbench_backend_programming,809,1.584989070892334,-0.010306436568498611,1.1287121772766113,-0.17284506559371948,0.6941280961036682,0.8523555994033813
colbench_backend_programming,513,1.5849838256835938,-0.010224946774542332,1.1286466121673584,-0.17168742418289185,0.6954808831214905,0.8515633940696716
colbench_backend_programming,122,1.5849826335906982,-0.010251405648887157,1.1275233030319214,-0.17299526929855347,0.6949189305305481,0.8532418012619019
colbench_backend_programming,887,1.5849536657333374,-0.010211742483079433,1.1280112266540527,-0.1733511984348297,0.6937488317489624,0.8534228801727295
colbench_backend_programming,11,1.5849478244781494,-0.010457764379680157,1.128237247467041,-0.17000362277030945,0.6960474848747253,0.851913571357727
colbench_backend_programming,152,1.5849398374557495,-0.010325378738343716,1.1283882856369019,-0.17186841368675232,0.694466233253479,0.8526148796081543
colbench_backend_programming,606,1.5849310159683228,-0.010089867748320103,1.129286527633667,-0.17075274884700775,0.6947306394577026,0.8514171242713928
colbench_backend_programming,393,1.5849109888076782,-0.010310337878763676,1.1280014514923096,-0.17269401252269745,0.6947309374809265,0.8526905179023743
colbench_backend_programming,146,1.584903597831726,-0.010240006260573864,1.1283138990402222,-0.17196770012378693,0.6955102682113647,0.8517743349075317
colbench_backend_programming,892,1.5849019289016724,-0.01013194490224123,1.1273739337921143,-0.17468497157096863,0.6957530975341797,0.8522645235061646
colbench_backend_programming,27,1.5848747491836548,-0.010188305750489235,1.127136468887329,-0.17509335279464722,0.6959472894668579,0.852285623550415
colbench_backend_programming,673,1.5848743915557861,-0.010310225188732147,1.1281996965408325,-0.17518720030784607,0.6957937479019165,0.8509833812713623
colbench_backend_programming,689,1.5848658084869385,0.015641730278730392,0.9148579835891724,-0.47299516201019287,0.43884336948394775,1.1218407154083252
colbench_backend_programming,533,1.5848581790924072,-0.010208207182586193,1.1297303438186646,-0.18001225590705872,0.6972452402114868,0.8467169404029846
colbench_backend_programming,626,1.5848487615585327,-0.010306226089596748,1.1276205778121948,-0.17249056696891785,0.6962363719940186,0.8518915176391602
colbench_backend_programming,216,1.584834098815918,-0.010661093518137932,1.1297637224197388,-0.1779325306415558,0.697862446308136,0.8465584516525269
colbench_backend_programming,94,1.5848326683044434,-0.010172837413847446,1.1293703317642212,-0.17068754136562347,0.6941468715667725,0.8516120910644531
colbench_backend_programming,886,1.584813117980957,-0.01010601595044136,1.1261616945266724,-0.17174531519412994,0.6962802410125732,0.8538675904273987
colbench_backend_programming,46,1.584801435470581,0.015413773246109486,0.9193500876426697,-0.47727859020233154,0.4341902732849121,1.1180676221847534
colbench_backend_programming,941,1.5847967863082886,-0.010151373222470284,1.1262691020965576,-0.17238329350948334,0.6958814263343811,0.8538920879364014
colbench_backend_programming,654,1.5847753286361694,-0.010102943517267704,1.127005934715271,-0.170898899435997,0.6957497000694275,0.853285551071167
colbench_backend_programming,779,1.5847581624984741,-0.010148832574486732,1.1277419328689575,-0.16865727305412292,0.6947338581085205,0.8535549640655518
colbench_backend_programming,50,1.5847480297088623,0.01581263169646263,0.9199181795120239,-0.4727232754230499,0.431263267993927,1.1205897331237793
colbench_backend_programming,687,1.5847426652908325,-0.010270074009895325,1.1260443925857544,-0.1720016896724701,0.6955930590629578,0.8543998599052429
colbench_backend_programming,817,1.5847331285476685,-0.01074989978224039,1.1287322044372559,-0.17366953194141388,0.6982347369194031,0.8483218550682068
colbench_backend_programming,818,1.584728479385376,-0.010194490663707256,1.127616286277771,-0.1733279824256897,0.6955912709236145,0.8520305752754211
colbench_backend_programming,875,1.58472740650177,-0.009998501278460026,1.127764344215393,-0.17162582278251648,0.6937757730484009,0.8536560535430908
colbench_backend_programming,659,1.5847198963165283,-0.010177926160395145,1.1280099153518677,-0.17253635823726654,0.6943065524101257,0.8527017831802368
colbench_backend_programming,681,1.5847094058990479,0.01582900434732437,0.9169519543647766,-0.47274893522262573,0.43262749910354614,1.1224281787872314
colbench_backend_programming,229,1.5847049951553345,-0.010136104188859463,1.128499984741211,-0.17378978431224823,0.6940616965293884,0.8519701957702637
colbench_backend_programming,954,1.5847049951553345,-0.009970427490770817,1.1283398866653442,-0.17241297662258148,0.6938115358352661,0.852665364742279
colbench_backend_programming,410,1.5846889019012451,-0.01022637914866209,1.1274826526641846,-0.1716107726097107,0.6963650584220886,0.8518492579460144
colbench_backend_programming,898,1.5846807956695557,-0.01030329056084156,1.1273348331451416,-0.17154599726200104,0.6954877376556396,0.8527592420578003
colbench_backend_programming,661,1.5846573114395142,-0.010255049914121628,1.1293264627456665,-0.17222826182842255,0.694826066493988,0.8504791259765625
colbench_backend_programming,531,1.5846538543701172,0.04827836528420448,0.9349440336227417,-0.4676263630390167,0.6225438714027405,1.0152695178985596
colbench_backend_programming,697,1.5846513509750366,-0.01016452256590128,1.1270089149475098,-0.17091205716133118,0.6960585117340088,0.8527968525886536
colbench_backend_programming,970,1.5846344232559204,-0.01018128264695406,1.1275486946105957,-0.17386609315872192,0.6938843131065369,0.8532265424728394
colbench_backend_programming,793,1.5846259593963623,-0.010372290387749672,1.1273291110992432,-0.16984860599040985,0.6954400539398193,0.8530434370040894
colbench_backend_programming,891,1.584619164466858,-0.01012102048844099,1.1272841691970825,-0.17592395842075348,0.6955854892730713,0.8517394661903381
colbench_backend_programming,172,1.5845937728881836,-0.010235277004539967,1.1278481483459473,-0.16986294090747833,0.6945207118988037,0.8530437350273132
colbench_backend_programming,351,1.584593653678894,-0.010255332104861736,1.1280474662780762,-0.1724603772163391,0.6939539909362793,0.8527198433876038
colbench_backend_programming,957,1.5845686197280884,-0.010217924602329731,1.127928614616394,-0.17039524018764496,0.6940230131149292,0.8531894683837891
colbench_backend_programming,0,1.584540605545044,-0.01008977647870779,1.1265746355056763,-0.17140118777751923,0.6946921944618225,0.8541796207427979
colbench_backend_programming,988,1.5845335721969604,-0.010374164208769798,1.1296970844268799,-0.17558623850345612,0.6965106725692749,0.8476871848106384
colbench_backend_programming,402,1.5845279693603516,-0.010453781113028526,1.1295814514160156,-0.16895791888237,0.6963248252868652,0.849328875541687
colbench_backend_programming,197,1.5845177173614502,-0.010697370395064354,1.1287981271743774,-0.17379602789878845,0.6971559524536133,0.8486928939819336
colbench_backend_programming,4,1.5845099687576294,-0.010416162200272083,1.1281219720840454,-0.17038440704345703,0.6954899430274963,0.8516311645507812
colbench_backend_programming,126,1.584473729133606,0.016433648765087128,0.9180678129196167,-0.4788176417350769,0.4279320240020752,1.1204091310501099
colbench_backend_programming,806,1.5844547748565674,-0.010210618376731873,1.126718282699585,-0.17396533489227295,0.6938093900680542,0.854030191898346
colbench_backend_programming,427,1.5844504833221436,-0.010034534148871899,1.1276228427886963,-0.1734580099582672,0.6936856508255005,0.853031575679779
colbench_backend_programming,495,1.584445834159851,-0.010030724108219147,1.1267919540405273,-0.1719331443309784,0.6945445537567139,0.8537302017211914
colbench_backend_programming,303,1.5844447612762451,-0.010070020332932472,1.1266599893569946,-0.172602117061615,0.695048451423645,0.8533573746681213
colbench_backend_programming,675,1.5844367742538452,-0.01011719461530447,1.1267259120941162,-0.17357242107391357,0.6947304606437683,0.8533176183700562
colbench_backend_programming,202,1.5843838453292847,-0.00984956230968237,1.1285206079483032,-0.1738588809967041,0.693505048751831,0.8517848253250122
colbench_backend_programming,641,1.5843536853790283,-0.010589709505438805,1.129726529121399,-0.16969840228557587,0.6944302320480347,0.8502138257026672
colbench_backend_programming,219,1.5843465328216553,-0.010117831639945507,1.1271770000457764,-0.17487554252147675,0.6938605904579163,0.8529959321022034
colbench_backend_programming,446,1.5843148231506348,0.018317241221666336,0.9096057415008545,-0.425692081451416,0.4174192547798157,1.1520495414733887
colbench_backend_programming,299,1.5842989683151245,-0.010472483932971954,1.128727674484253,-0.1720714569091797,0.6959964632987976,0.8496806621551514
colbench_backend_programming,632,1.584267497062683,-0.010192833840847015,1.1287671327590942,-0.17017613351345062,0.6932798624038696,0.8521687388420105
colbench_backend_programming,692,1.584187388420105,0.01008237898349762,1.0337934494018555,-0.2774796485900879,0.6892401576042175,0.9428009390830994
colbench_backend_programming,185,1.5841715335845947,-0.01030239649116993,1.127681016921997,-0.1757127344608307,0.696607768535614,0.8495866656303406
colbench_backend_programming,315,1.584130048751831,-0.010034088045358658,1.078376054763794,-0.31735876202583313,0.6394424438476562,0.9148605465888977
colbench_backend_programming,688,1.5840845108032227,-0.010489553213119507,1.1278966665267944,-0.16760502755641937,0.6957504749298096,0.8514766097068787
colbench_backend_programming,26,1.5840245485305786,0.016941186040639877,0.9152496457099915,-0.4667394161224365,0.42402979731559753,1.1286296844482422
colbench_backend_programming,241,1.5839850902557373,-0.010331214405596256,1.1268705129623413,-0.166177898645401,0.6936623454093933,0.8546282052993774
colbench_backend_programming,794,1.5839741230010986,-0.014873803593218327,1.0786796808242798,-0.2706475555896759,0.616266667842865,0.9446637630462646
colbench_backend_programming,465,1.5839641094207764,-0.009979995898902416,1.1247800588607788,-0.17265890538692474,0.6944844126701355,0.8553902506828308
colbench_backend_programming,8,1.583950400352478,-0.00991557165980339,1.1262428760528564,-0.1706329584121704,0.6935379505157471,0.8546141386032104
colbench_backend_programming,275,1.5839334726333618,-0.010348523035645485,1.1272882223129272,-0.1801103949546814,0.69869464635849,0.8470255732536316
colbench_backend_programming,449,1.5839169025421143,-0.010664260014891624,1.1299140453338623,-0.17077982425689697,0.6958945989608765,0.8477334380149841
colbench_backend_programming,409,1.5839149951934814,0.018264422193169594,0.9143458604812622,-0.46665269136428833,0.41474997997283936,1.1326853036880493
colbench_backend_programming,304,1.5839098691940308,-0.01034375000745058,1.1265594959259033,-0.16864140331745148,0.694998025894165,0.8533300161361694
colbench_backend_programming,735,1.5838329792022705,-0.0017053078627213836,1.0676465034484863,-0.18267574906349182,0.5792477130889893,0.9998797178268433
colbench_backend_programming,485,1.5838291645050049,-0.010299266315996647,1.1283437013626099,-0.1762785166501999,0.6959767937660217,0.8484676480293274
colbench_backend_programming,985,1.5838148593902588,0.02776121348142624,1.0954935550689697,-0.4604688882827759,0.49332207441329956,0.9235610961914062
colbench_backend_programming,111,1.583755373954773,-0.01042813342064619,1.1285552978515625,-0.17279711365699768,0.6943866014480591,0.8500661253929138
colbench_backend_programming,712,1.5837347507476807,0.01600681245326996,0.9169836640357971,-0.4792941212654114,0.4311392307281494,1.118817687034607
colbench_backend_programming,406,1.5837160348892212,-0.01031508482992649,1.1270354986190796,-0.16841043531894684,0.695102870464325,0.8523010015487671
colbench_backend_programming,873,1.5837126970291138,-0.010364340618252754,1.1266549825668335,-0.17123094201087952,0.6954895853996277,0.851920485496521
colbench_backend_programming,143,1.5836639404296875,0.005833940580487251,0.9961974620819092,-0.4184448719024658,0.6637781262397766,0.9486224055290222
colbench_backend_programming,258,1.5835946798324585,0.008372887037694454,0.9841695427894592,-0.4350535273551941,0.6058610081672668,0.9913843870162964
colbench_backend_programming,478,1.5835723876953125,0.01600884273648262,0.9164549112319946,-0.4801122546195984,0.4326513707637787,1.118086338043213
colbench_backend_programming,617,1.5835578441619873,-0.010210180655121803,1.1284327507019043,-0.17493094503879547,0.6946353912353516,0.8492206931114197
colbench_backend_programming,893,1.583551049232483,-0.01038986723870039,1.1284312009811401,-0.1738886684179306,0.6969074010848999,0.8475610017776489
colbench_backend_programming,576,1.583546757698059,0.015997067093849182,0.9187835454940796,-0.47887566685676575,0.4320259690284729,1.1169103384017944
colbench_backend_programming,512,1.583509922027588,0.003421139670535922,0.9101123809814453,-0.32031679153442383,0.6946058869361877,1.0460014343261719
colbench_backend_programming,290,1.5834895372390747,0.004645223263651133,1.0089380741119385,-0.34945911169052124,0.537918210029602,1.0382704734802246
colbench_backend_programming,517,1.5834064483642578,-0.010180721990764141,1.1273659467697144,-0.17049571871757507,0.6945182681083679,0.8513505458831787
colbench_backend_programming,543,1.5833898782730103,0.015858860686421394,0.9191003441810608,-0.4740369915962219,0.4267818331718445,1.1205017566680908
colbench_backend_programming,466,1.5831186771392822,-0.0101845171302557,1.1267536878585815,-0.17033497989177704,0.6954821944236755,0.8508708477020264
colbench_backend_programming,726,1.5830330848693848,0.014553600922226906,0.9556289911270142,-0.3839014172554016,0.6011285781860352,1.041168212890625
colbench_backend_programming,595,1.5829885005950928,0.013829552568495274,0.9564458727836609,-0.24525298178195953,0.7470458149909973,0.9863251447677612
colbench_backend_programming,144,1.5829120874404907,-0.010449577122926712,1.126533031463623,-0.16901974380016327,0.6951612830162048,0.851303219795227
colbench_backend_programming,996,1.5827981233596802,-0.010647391900420189,1.1297228336334229,-0.18013238906860352,0.697704017162323,0.8424591422080994
colbench_backend_programming,242,1.582655429840088,-0.010982484556734562,1.1379444599151611,-0.17533743381500244,0.6889284253120422,0.8393539190292358
colbench_backend_programming,129,1.5826101303100586,-0.010201971046626568,1.1284642219543457,-0.1703171581029892,0.6928425431251526,0.8498145341873169
colbench_backend_programming,651,1.5825741291046143,-0.010069040581583977,1.1265772581100464,-0.17090898752212524,0.6941806077957153,0.8510394096374512
colbench_backend_programming,528,1.582558035850525,0.0173043105751276,0.9062713384628296,-0.4720737040042877,0.4284358322620392,1.1299341917037964
colbench_backend_programming,911,1.5824917554855347,0.016282524913549423,0.9168804287910461,-0.4615742564201355,0.42341148853302,1.1275115013122559
colbench_backend_programming,376,1.5823575258255005,-0.01241617277264595,1.0854005813598633,-0.29631906747817993,0.6238025426864624,0.9213178157806396
colbench_backend_programming,878,1.5823427438735962,-0.010221581906080246,1.13662850856781,-0.1776968538761139,0.6868575215339661,0.8417449593544006
colbench_backend_programming,456,1.5823025703430176,-0.010161175392568111,1.128167748451233,-0.1662113070487976,0.690716564655304,0.8521757125854492
colbench_backend_programming,734,1.582215666770935,0.01125868409872055,0.8825970888137817,-0.3043249845504761,0.5619419813156128,1.1471863985061646
colbench_backend_programming,556,1.5821917057037354,0.01600160263478756,0.9147725701332092,-0.47327086329460144,0.4304676651954651,1.1212644577026367
colbench_backend_programming,353,1.5821504592895508,0.016294997185468674,0.9159873723983765,-0.47023794054985046,0.4299887418746948,1.1216742992401123
colbench_backend_programming,225,1.582075834274292,-0.010232922621071339,1.13004469871521,-0.17116253077983856,0.6904911398887634,0.8484622240066528
colbench_backend_programming,307,1.5820034742355347,-0.010601582936942577,1.1275477409362793,-0.1703806221485138,0.6957537531852722,0.8475070595741272
colbench_backend_programming,700,1.5819532871246338,0.01576117053627968,0.9148144125938416,-0.48393091559410095,0.4390110373497009,1.1130009889602661
colbench_backend_programming,134,1.5819133520126343,-0.010095884092152119,1.1263699531555176,-0.18172156810760498,0.6961689591407776,0.8462072610855103
colbench_backend_programming,43,1.581853985786438,0.015893928706645966,0.9163874983787537,-0.46725934743881226,0.4297434091567993,1.1222679615020752
colbench_backend_programming,574,1.5817015171051025,-0.017475133761763573,1.044555902481079,-0.3138657808303833,0.6243903636932373,0.9603685140609741
colbench_backend_programming,460,1.5814753770828247,0.014771814458072186,0.9757248163223267,-0.28291335701942444,0.7455133199691772,0.9556125402450562
colbench_backend_programming,168,1.5813308954238892,-0.021361511200666428,1.0336447954177856,-0.310347318649292,0.5747812986373901,1.0027446746826172
colbench_backend_programming,371,1.5812090635299683,-0.0099696796387434,1.1199010610580444,-0.23809251189231873,0.5556355714797974,0.938416063785553
colbench_backend_programming,682,1.5811783075332642,0.016616253182291985,0.9153856039047241,-0.46441420912742615,0.42172741889953613,1.1263478994369507
colbench_backend_programming,138,1.5810648202896118,0.01642783358693123,1.0052670240402222,-0.32136282324790955,0.5715561509132385,1.0292004346847534
colbench_backend_programming,87,1.581063985824585,0.002850461518391967,1.0549803972244263,-0.4993719458580017,0.48233678936958313,0.9511880874633789
colbench_backend_programming,833,1.5809916257858276,0.01624082773923874,0.9137014150619507,-0.4679161608219147,0.42850762605667114,1.123441219329834
colbench_backend_programming,416,1.5808919668197632,-0.018193349242210388,1.1282378435134888,-0.3572559952735901,0.4776882529258728,0.9329955577850342
colbench_backend_programming,783,1.5808864831924438,0.02936125174164772,0.9127539396286011,-0.16434559226036072,0.6818374991416931,1.0835915803909302
colbench_backend_programming,240,1.5807451009750366,0.016756819561123848,0.9161818027496338,-0.47508883476257324,0.4259132444858551,1.1190416812896729
colbench_backend_programming,547,1.5806512832641602,0.016507718712091446,0.9178939461708069,-0.46478426456451416,0.4222590923309326,1.1232106685638428
colbench_backend_programming,854,1.5805628299713135,-0.020609678700566292,1.0841729640960693,-0.31549450755119324,0.6292348504066467,0.9095463752746582
colbench_backend_programming,309,1.580493688583374,-0.01428505964577198,1.111663579940796,-0.3074508607387543,0.47429144382476807,0.9709202647209167
colbench_backend_programming,598,1.5803545713424683,-0.014761615544557571,1.0899624824523926,-0.2793588638305664,0.6054977774620056,0.9299641251564026
colbench_backend_programming,653,1.5802472829818726,-0.010626422241330147,1.124457597732544,-0.16700197756290436,0.6973995566368103,0.8476560115814209
colbench_backend_programming,877,1.5800895690917969,0.01710439845919609,0.9148600697517395,-0.47046661376953125,0.42514708638191223,1.1214388608932495
colbench_backend_programming,917,1.5800553560256958,0.016522131860256195,0.9186789393424988,-0.4785690903663635,0.4258110523223877,1.1145673990249634
colbench_backend_programming,721,1.5797314643859863,0.01608026586472988,0.9182676076889038,-0.47231101989746094,0.4288938641548157,1.115933895111084
colbench_backend_programming,387,1.5791840553283691,0.013293782249093056,0.957348108291626,-0.16913236677646637,0.707976222038269,1.023460030555725
colbench_backend_programming,581,1.5790125131607056,0.01606520265340805,0.9167786836624146,-0.4737223982810974,0.42766594886779785,1.116013526916504
colbench_backend_programming,706,1.5788047313690186,0.01875472627580166,0.9093196988105774,-0.47982484102249146,0.42115992307662964,1.12167489528656
colbench_backend_programming,154,1.5787882804870605,-0.01912073604762554,1.0727428197860718,-0.3521846830844879,0.5008756518363953,0.9833030104637146
colbench_backend_programming,228,1.5786945819854736,0.029171686619520187,0.898507833480835,-0.2612045109272003,0.5850774645805359,1.1289007663726807
colbench_backend_programming,650,1.5786277055740356,-0.022724399343132973,1.0577685832977295,-0.3361479640007019,0.6207677125930786,0.9353303909301758
colbench_backend_programming,934,1.5785894393920898,0.01779264211654663,0.9177666306495667,-0.4468989372253418,0.4092590808868408,1.132447600364685
colbench_backend_programming,813,1.5785486698150635,-0.003977810498327017,0.924434244632721,-0.3667120337486267,0.6607125997543335,1.032578468322754
colbench_backend_programming,33,1.5779069662094116,0.022834137082099915,0.8960376977920532,-0.35620415210723877,0.5684622526168823,1.1121493577957153
colbench_backend_programming,763,1.5777555704116821,-0.02595389075577259,1.1101542711257935,-0.3104812800884247,0.5106459856033325,0.9485315084457397
colbench_backend_programming,23,1.5776644945144653,-0.009956206195056438,1.1261252164840698,-0.1758860945701599,0.6912814974784851,0.8438372015953064
colbench_backend_programming,55,1.577612280845642,0.019103631377220154,0.8712589144706726,-0.2542189657688141,0.5189909934997559,1.1814353466033936
colbench_backend_programming,319,1.5775374174118042,0.01621307246387005,0.9127013683319092,-0.46935218572616577,0.4276883602142334,1.1191030740737915
colbench_backend_programming,142,1.577317237854004,0.01867331564426422,0.8998188376426697,-0.4262712299823761,0.41655150055885315,1.1502318382263184
colbench_backend_programming,271,1.5770076513290405,0.006695719435811043,1.0518522262573242,-0.4620954394340515,0.4593612849712372,0.9777601361274719
colbench_backend_programming,83,1.5769529342651367,0.016446838155388832,0.9180284142494202,-0.4608611464500427,0.41895031929016113,1.1207550764083862
colbench_backend_programming,255,1.5765128135681152,0.007857621647417545,1.0857105255126953,-0.3722338080406189,0.37153512239456177,1.0149034261703491
colbench_backend_programming,375,1.576506495475769,-0.023344943299889565,1.1166884899139404,-0.4176473617553711,0.6441676616668701,0.8056043386459351
colbench_backend_programming,534,1.5761581659317017,0.019849276170134544,0.9872217178344727,-0.3358437716960907,0.5435840487480164,1.0494728088378906
colbench_backend_programming,90,1.5758510828018188,0.02498592995107174,1.021195411682129,-0.28823569416999817,0.526415228843689,1.0393621921539307
colbench_backend_programming,318,1.5756582021713257,0.01195888314396143,1.1786715984344482,-0.35026389360427856,0.5419775247573853,0.8228046894073486
colbench_backend_programming,471,1.575627088546753,0.017724620178341866,1.0609806776046753,-0.2363264560699463,0.6256639957427979,0.9537373781204224
colbench_backend_programming,522,1.57558274269104,0.01740298792719841,0.9147548079490662,-0.4572955369949341,0.4181581437587738,1.123258352279663
colbench_backend_programming,293,1.5755023956298828,0.01654227450489998,0.9158430099487305,-0.48082393407821655,0.4265918433666229,1.109174132347107
colbench_backend_programming,295,1.575469970703125,0.019079940393567085,1.0285465717315674,-0.29468676447868347,0.5707484483718872,1.0057851076126099
colbench_backend_programming,63,1.5753430128097534,0.01674821227788925,1.066025733947754,-0.2501671314239502,0.5321340560913086,0.9997722506523132
colbench_backend_programming,368,1.5752023458480835,0.014689231291413307,1.0918729305267334,-0.2590954303741455,0.5500146746635437,0.9588688015937805
colbench_backend_programming,320,1.5749197006225586,-0.002256314270198345,1.0789918899536133,-0.3208290636539459,0.6171859502792358,0.9123040437698364
colbench_backend_programming,82,1.574675440788269,-0.0164776761084795,1.060185432434082,-0.27664223313331604,0.6382625699043274,0.933648407459259
colbench_backend_programming,601,1.5744835138320923,0.00940849632024765,1.0626280307769775,-0.3494250476360321,0.38971468806266785,1.037229299545288
colbench_backend_programming,573,1.5743458271026611,0.01628587581217289,0.9068548083305359,-0.4759734272956848,0.4305153489112854,1.1154751777648926
colbench_backend_programming,799,1.5743072032928467,-0.006010941695421934,1.0220824480056763,-0.40216678380966187,0.6880514025688171,0.8936653733253479
colbench_backend_programming,548,1.5740156173706055,-0.0018095772247761488,0.9947365522384644,-0.4057576656341553,0.5676799416542053,1.000562071800232
colbench_backend_programming,383,1.5735082626342773,-0.02313498593866825,1.0471444129943848,-0.36403656005859375,0.5874227285385132,0.9496467113494873
colbench_backend_programming,635,1.5731974840164185,-0.0006011954974383116,1.1660962104797363,-0.4012153148651123,0.5418148636817932,0.8127932548522949
colbench_backend_programming,398,1.5731538534164429,-0.02323637530207634,1.0523698329925537,-0.4098554849624634,0.6507712006568909,0.8808213472366333
colbench_backend_programming,40,1.573114275932312,0.0041340989992022514,1.0896066427230835,-0.3796481788158417,0.5725892186164856,0.9030253887176514
colbench_backend_programming,355,1.5728639364242554,0.016592269763350487,1.0957868099212646,-0.3862592875957489,0.5066656470298767,0.9312604069709778
colbench_backend_programming,916,1.5728598833084106,0.00011293712304905057,0.9448317885398865,-0.15164227783679962,0.7052718997001648,1.0299406051635742
colbench_backend_programming,386,1.5728380680084229,0.003193140961229801,0.9739828109741211,-0.413629949092865,0.5350757837295532,1.0333349704742432
colbench_backend_programming,223,1.572729229927063,0.007524781860411167,0.9450496435165405,-0.18635641038417816,0.7250234484672546,1.009935975074768
colbench_backend_programming,874,1.5726799964904785,-0.03090004064142704,1.1035020351409912,-0.24730953574180603,0.46060389280319214,0.9911043047904968
colbench_backend_programming,328,1.5723782777786255,0.024242902174592018,0.9081478118896484,-0.46903419494628906,0.42586302757263184,1.1163729429244995
colbench_backend_programming,14,1.5720429420471191,0.018251605331897736,1.0265291929244995,-0.280011385679245,0.5504937171936035,1.0178934335708618
colbench_backend_programming,155,1.5717763900756836,0.016450680792331696,0.9144887924194336,-0.27799832820892334,0.6966568827629089,1.0351701974868774
colbench_backend_programming,652,1.5711601972579956,0.021328961476683617,0.9939689636230469,-0.22158245742321014,0.5105656385421753,1.0820324420928955
colbench_backend_programming,61,1.5707898139953613,-0.00812517199665308,0.9800175428390503,-0.42989224195480347,0.6671293377876282,0.936523973941803
colbench_backend_programming,32,1.5706104040145874,-0.01222733873873949,1.0090633630752563,-0.32960182428359985,0.6719505190849304,0.9425780177116394
colbench_backend_programming,927,1.5705347061157227,0.01727970503270626,1.0264731645584106,-0.2703110873699188,0.6756197810173035,0.9398946762084961
colbench_backend_programming,92,1.5704898834228516,0.016873175278306007,0.9098955988883972,-0.4455321729183197,0.41248512268066406,1.126891851425171
colbench_backend_programming,344,1.5704602003097534,0.015346328727900982,0.9793045520782471,-0.19054606556892395,0.687751293182373,0.9989985227584839
colbench_backend_programming,546,1.5703917741775513,0.016927385702729225,0.9067617058753967,-0.46422260999679565,0.42433956265449524,1.117294430732727
colbench_backend_programming,130,1.5698580741882324,0.018012505024671555,0.9122799038887024,-0.42090898752212524,0.3981107473373413,1.1386585235595703
colbench_backend_programming,481,1.5692086219787598,-0.01191234402358532,1.0750941038131714,-0.25292423367500305,0.6012468338012695,0.9386798739433289
colbench_backend_programming,169,1.5690662860870361,0.005319654010236263,1.115919589996338,-0.4590206742286682,0.4316905736923218,0.905337393283844
colbench_backend_programming,738,1.5689140558242798,0.019322706386446953,0.8435043096542358,-0.3059816062450409,0.5750569701194763,1.1513803005218506
colbench_backend_programming,823,1.5687544345855713,0.011995240114629269,1.0562922954559326,-0.494773268699646,0.45382535457611084,0.9457690119743347
colbench_backend_programming,193,1.56852126121521,0.01710636354982853,0.9061049222946167,-0.4440377354621887,0.4131155014038086,1.127563238143921
colbench_backend_programming,711,1.568368673324585,0.018476035445928574,0.9049062728881836,-0.45392662286758423,0.4211789667606354,1.1213757991790771
colbench_backend_programming,658,1.5682562589645386,-0.009637180715799332,1.0250343084335327,-0.3588480055332184,0.5823619365692139,0.9699563980102539
colbench_backend_programming,807,1.5673928260803223,-0.015060856007039547,1.05655837059021,-0.3190973997116089,0.6050587892532349,0.9340691566467285
colbench_backend_programming,243,1.5671284198760986,0.017391758039593697,0.9095175266265869,-0.45461177825927734,0.41496598720550537,1.1179449558258057
colbench_backend_programming,186,1.5670191049575806,0.01008545234799385,1.0687024593353271,-0.48245203495025635,0.43047723174095154,0.9462312459945679
colbench_backend_programming,182,1.5668361186981201,0.002206184668466449,0.851575493812561,-0.3138876259326935,0.6409457325935364,1.104743242263794
colbench_backend_programming,865,1.5668212175369263,0.027516964823007584,0.9237954616546631,-0.3245360255241394,0.6011793613433838,1.065265417098999
colbench_backend_programming,358,1.5666717290878296,0.002579357475042343,1.0306506156921387,-0.44968390464782715,0.4702088534832001,0.9843308925628662
colbench_backend_programming,936,1.5661447048187256,-0.005177589133381844,0.9383853077888489,-0.1817532181739807,0.661106526851654,1.049831509590149
colbench_backend_programming,830,1.5646871328353882,0.03096676431596279,0.9069880843162537,-0.3075190782546997,0.5982518792152405,1.083118200302124
colbench_backend_programming,475,1.5642906427383423,0.04483993351459503,0.9828800559043884,-0.41103145480155945,0.5494528412818909,1.0050406455993652
colbench_backend_programming,473,1.5641825199127197,-0.01441893819719553,1.1748006343841553,-0.44075798988342285,0.5485348105430603,0.7558785676956177
colbench_backend_programming,992,1.5641062259674072,-0.0004068700363859534,1.0522902011871338,-0.35252702236175537,0.5892935395240784,0.9314351677894592
colbench_backend_programming,507,1.563998818397522,0.0027365684509277344,1.1548256874084473,-0.23272812366485596,0.5147867202758789,0.8906751275062561
colbench_backend_programming,480,1.5639615058898926,0.01872577890753746,0.9100631475448608,-0.4315120279788971,0.4011537432670593,1.1272238492965698
colbench_backend_programming,731,1.5638346672058105,-0.0028495078440755606,1.0273407697677612,-0.2965995669364929,0.5815690755844116,0.981812596321106
colbench_backend_programming,889,1.5635881423950195,0.002323922934010625,1.1871932744979858,-0.3459201753139496,0.5393223166465759,0.7904748916625977
colbench_backend_programming,109,1.5632833242416382,0.016865964978933334,0.905549168586731,-0.46913155913352966,0.4214344322681427,1.107313871383667
colbench_backend_programming,287,1.5632107257843018,0.025502314791083336,1.0093884468078613,-0.344260573387146,0.598304808139801,0.9737959504127502
colbench_backend_programming,668,1.562885046005249,-0.0019256961531937122,1.0866492986679077,-0.3046780526638031,0.48856258392333984,0.9645107984542847
colbench_backend_programming,926,1.5620518922805786,-0.006509573198854923,1.0045669078826904,-0.21049684286117554,0.5536560416221619,1.0392340421676636
colbench_backend_programming,1,1.5620020627975464,0.009388981387019157,0.8974762558937073,-0.25167030096054077,0.5085495710372925,1.1456117630004883
colbench_backend_programming,330,1.561734914779663,0.019228320568799973,0.8945357203483582,-0.4337156414985657,0.4080004096031189,1.133246660232544
colbench_backend_programming,438,1.5614697933197021,-0.0091525474563241,1.166526436805725,-0.3634594678878784,0.46735185384750366,0.8525747060775757
colbench_backend_programming,781,1.5608350038528442,0.010539872571825981,1.0540627241134644,-0.4290701150894165,0.4243890643119812,0.980280876159668
colbench_backend_programming,323,1.5608079433441162,0.01819402538239956,0.9019270539283752,-0.4456280469894409,0.4099917411804199,1.1207013130187988
colbench_backend_programming,940,1.5607028007507324,-0.010822057723999023,1.087654709815979,-0.2905673086643219,0.5994870066642761,0.8994366526603699
colbench_backend_programming,167,1.5605270862579346,0.017832625657320023,0.9112470149993896,-0.47370654344558716,0.4135844111442566,1.0997380018234253
colbench_backend_programming,619,1.5604978799819946,-0.011237948201596737,1.0657774209976196,-0.26521483063697815,0.6094252467155457,0.9260313510894775
colbench_backend_programming,198,1.5604290962219238,0.020236868411302567,0.9071190357208252,-0.4015520513057709,0.3821909725666046,1.142261028289795
colbench_backend_programming,85,1.5604112148284912,0.015063769184052944,1.0675348043441772,-0.24487701058387756,0.47154396772384644,1.0064462423324585
colbench_backend_programming,217,1.5596567392349243,-0.014302096329629421,1.0679125785827637,-0.3269374966621399,0.5698964595794678,0.9275892376899719
colbench_backend_programming,987,1.5595122575759888,0.03824440389871597,0.9790439009666443,-0.25867119431495667,0.5383363962173462,1.0568039417266846
colbench_backend_programming,486,1.559279203414917,-0.0025049077812582254,0.9747844338417053,-0.28630781173706055,0.6696455478668213,0.9750638604164124
colbench_backend_programming,639,1.5591657161712646,-0.010197729803621769,1.0857415199279785,-0.29577699303627014,0.5442585349082947,0.9319130182266235
colbench_backend_programming,288,1.5591524839401245,0.017150618135929108,0.9020410776138306,-0.45912328362464905,0.4160299301147461,1.1105870008468628
colbench_backend_programming,372,1.5590413808822632,-0.0002696563024073839,1.0851448774337769,-0.25491753220558167,0.5699862241744995,0.9290875196456909
colbench_backend_programming,577,1.5585300922393799,0.017220687121152878,1.019165277481079,-0.3071346879005432,0.686928391456604,0.9078083038330078
colbench_backend_programming,519,1.5582629442214966,-0.03434469550848007,1.0169949531555176,-0.37528499960899353,0.6218870282173157,0.9307645559310913
colbench_backend_programming,922,1.5573810338974,0.010859411209821701,0.8652465343475342,-0.34135809540748596,0.5787043571472168,1.1069598197937012
colbench_backend_programming,974,1.5572896003723145,-0.01071826834231615,1.0917059183120728,-0.19360646605491638,0.7218472361564636,0.8214511871337891
colbench_backend_programming,831,1.5566281080245972,0.018708929419517517,0.8842715620994568,-0.4624267518520355,0.4286750555038452,1.115147590637207
colbench_backend_programming,538,1.5564684867858887,-0.0012618841137737036,1.1353918313980103,-0.44513970613479614,0.4924130439758301,0.8323819637298584
colbench_backend_programming,451,1.5562995672225952,0.018703607842326164,0.8989060521125793,-0.4517515301704407,0.4099029302597046,1.1144219636917114
colbench_backend_programming,560,1.556248426437378,-0.007764520589262247,1.1810765266418457,-0.4103383719921112,0.5101987719535828,0.7734900712966919
colbench_backend_programming,464,1.5559797286987305,0.008151551708579063,0.788759708404541,-0.2731282413005829,0.6529329419136047,1.1393027305603027
colbench_backend_programming,103,1.5558996200561523,-0.01690887100994587,1.048543930053711,-0.35917675495147705,0.6662725210189819,0.8651314377784729
colbench_backend_programming,583,1.5554924011230469,-0.0092318719252944,1.0651251077651978,-0.22561155259609222,0.5810191631317139,0.9468797445297241
colbench_backend_programming,395,1.5554794073104858,0.009587734006345272,0.9569644331932068,-0.1366005837917328,0.6673620939254761,1.0196583271026611
colbench_backend_programming,695,1.5554308891296387,0.01659313589334488,0.9614001512527466,-0.11333025991916656,0.6474757194519043,1.0310221910476685
colbench_backend_programming,762,1.554460883140564,-0.01506394986063242,1.08981192111969,-0.2654992938041687,0.5713241100311279,0.9120073914527893
colbench_backend_programming,861,1.5542614459991455,0.019220750778913498,1.008636236190796,-0.21583840250968933,0.596856415271759,0.9977763295173645
colbench_backend_programming,532,1.553303837776184,0.010588917881250381,0.9090449810028076,-0.2437068670988083,0.7571361660957336,0.9765970706939697
colbench_backend_programming,950,1.5527223348617554,0.0003333330387249589,1.1172280311584473,-0.3346031904220581,0.5346611142158508,0.8746006488800049
colbench_backend_programming,302,1.5526050329208374,0.025219449773430824,1.1147899627685547,-0.33465054631233215,0.502703845500946,0.8961717486381531
colbench_backend_programming,775,1.5523366928100586,-0.02259618043899536,1.1139960289001465,-0.2979242503643036,0.5642070174217224,0.8727391958236694
colbench_backend_programming,259,1.5514658689498901,-0.011394542641937733,1.0135592222213745,-0.2593933939933777,0.5687422752380371,0.9944804906845093
colbench_backend_programming,876,1.5514442920684814,0.01279016025364399,1.0781302452087402,-0.45069336891174316,0.3850005865097046,0.9451267123222351
colbench_backend_programming,349,1.5508638620376587,0.013315356336534023,1.052198886871338,-0.45083561539649963,0.5092371702194214,0.9140464663505554
colbench_backend_programming,289,1.5507320165634155,-0.01696407049894333,1.0794589519500732,-0.3127546012401581,0.6143961548805237,0.8742083311080933
colbench_backend_programming,447,1.550498127937317,0.01698119193315506,1.0608034133911133,-0.2478417456150055,0.5573570728302002,0.9521912932395935
colbench_backend_programming,625,1.5494086742401123,-0.01618577539920807,1.0261926651000977,-0.2638514041900635,0.6404712200164795,0.9315444231033325
colbench_backend_programming,10,1.5493159294128418,-0.03383389860391617,1.0172455310821533,-0.33490657806396484,0.5989325642585754,0.945890486240387
colbench_backend_programming,338,1.5488982200622559,0.013383212499320507,1.045783281326294,-0.3467763364315033,0.58854079246521,0.9158542156219482
colbench_backend_programming,778,1.548403024673462,0.0067578889429569244,1.0427557229995728,-0.4685059189796448,0.4448971450328827,0.9448711276054382
colbench_backend_programming,814,1.5482219457626343,0.018049145117402077,0.8921146988868713,-0.4612329602241516,0.4159891605377197,1.1024245023727417
colbench_backend_programming,622,1.548176884651184,-0.0031592005398124456,1.1755404472351074,-0.48972049355506897,0.5020807981491089,0.7232186794281006
colbench_backend_programming,124,1.5479363203048706,-0.0008701531914994121,1.078891634941101,-0.5290976762771606,0.5855528116226196,0.7805659770965576
colbench_backend_programming,160,1.5477030277252197,0.019740065559744835,0.8928797245025635,-0.43872714042663574,0.4038885235786438,1.1146941184997559
colbench_backend_programming,713,1.547664761543274,0.007758612744510174,1.1601078510284424,-0.19512630999088287,0.3909485936164856,0.9265530705451965
colbench_backend_programming,671,1.5475773811340332,-0.012949778698384762,1.0898102521896362,-0.2531511187553406,0.5597556233406067,0.9109871983528137
colbench_backend_programming,853,1.5473209619522095,0.015253975987434387,0.9902056455612183,-0.20656222105026245,0.6680172085762024,0.961654782295227
colbench_backend_programming,195,1.5472718477249146,-0.015087740495800972,1.021358847618103,-0.30847927927970886,0.6169797778129578,0.9354425668716431
colbench_backend_programming,718,1.5464950799942017,0.030112911015748978,1.0018290281295776,-0.2700102627277374,0.586874783039093,0.9852197766304016
colbench_backend_programming,468,1.5464664697647095,-0.009355880320072174,1.03726065158844,-0.2336157262325287,0.6047304272651672,0.9462418556213379
colbench_backend_programming,365,1.5463624000549316,-0.014945169910788536,1.060721755027771,-0.2508484721183777,0.5991069674491882,0.9188317656517029
colbench_backend_programming,285,1.5459057092666626,-0.012249588966369629,0.976037323474884,-0.3414868414402008,0.6056403517723083,0.9766073822975159
colbench_backend_programming,440,1.5454518795013428,-0.014054352417588234,0.9126771688461304,-0.40707895159721375,0.6643320918083191,0.9738540053367615
colbench_backend_programming,166,1.545114278793335,0.002253687009215355,1.008836269378662,-0.23992511630058289,0.6122600436210632,0.9680914878845215
colbench_backend_programming,733,1.5443878173828125,0.007252218201756477,0.9562140703201294,-0.24505554139614105,0.6509170532226562,0.9935005307197571
colbench_backend_programming,705,1.5441515445709229,0.0029165197629481554,1.1988894939422607,-0.3214428424835205,0.49282678961753845,0.7751544117927551
colbench_backend_programming,149,1.5435864925384521,0.03543449565768242,0.9249277710914612,-0.29475584626197815,0.5931448936462402,1.0432958602905273
colbench_backend_programming,549,1.5432474613189697,0.004076704848557711,0.9681940674781799,-0.37512215971946716,0.5567132234573364,0.996778130531311
colbench_backend_programming,990,1.5426621437072754,0.028266070410609245,0.9425572156906128,-0.21949738264083862,0.6578858494758606,1.0051862001419067
colbench_backend_programming,683,1.5423805713653564,-0.004352299030870199,0.9029769897460938,-0.3378593325614929,0.5372269153594971,1.0774081945419312
colbench_backend_programming,501,1.542097806930542,0.01744702085852623,0.993108332157135,-0.20182225108146667,0.6476015448570251,0.9652365446090698
colbench_backend_programming,769,1.5418848991394043,0.02857215516269207,0.9795258045196533,-0.27659642696380615,0.6099374890327454,0.9845857620239258
colbench_backend_programming,282,1.541654109954834,0.0016747149638831615,1.1998517513275146,-0.33635303378105164,0.49947088956832886,0.7579240798950195
colbench_backend_programming,322,1.5412098169326782,0.020197657868266106,0.8670833110809326,-0.4764738380908966,0.43904635310173035,1.097135066986084
colbench_backend_programming,732,1.5411670207977295,0.03898828476667404,1.0055681467056274,-0.27669456601142883,0.5787992477416992,0.9759405255317688
colbench_backend_programming,945,1.5407326221466064,0.01996735669672489,0.8859450817108154,-0.4411050081253052,0.4037134647369385,1.109684705734253
colbench_backend_programming,417,1.5400686264038086,0.0022344200406223536,0.9940425753593445,-0.14480210840702057,0.54680335521698,1.0313725471496582
colbench_backend_programming,725,1.5400655269622803,0.010349751450121403,1.0075470209121704,-0.21809566020965576,0.5744132399559021,0.9895123243331909
colbench_backend_programming,221,1.5390433073043823,0.008823703974485397,1.0012574195861816,-0.2060076892375946,0.6424843668937683,0.9544174671173096
colbench_backend_programming,233,1.5390392541885376,0.009901686571538448,0.9598954319953918,-0.38020050525665283,0.547878623008728,1.0012587308883667
colbench_backend_programming,902,1.5386998653411865,0.01812223717570305,0.7907416820526123,-0.21970880031585693,0.6019660830497742,1.1539885997772217
colbench_backend_programming,805,1.5384970903396606,-0.021562986075878143,1.04612135887146,-0.33721598982810974,0.5934743881225586,0.8981519341468811
colbench_backend_programming,84,1.5383942127227783,0.020849553868174553,1.1040269136428833,-0.3312912881374359,0.4196431040763855,0.9284003376960754
colbench_backend_programming,904,1.5381569862365723,-0.0067153689451515675,0.9632337689399719,-0.2942924201488495,0.6637710332870483,0.9544146060943604
colbench_backend_programming,20,1.5378953218460083,-0.0029042987152934074,0.97598797082901,-0.4449000358581543,0.675032377243042,0.8711857199668884
colbench_backend_programming,300,1.5378291606903076,-0.0012865654425695539,1.0756466388702393,-0.38119274377822876,0.5331827402114868,0.8822194337844849
colbench_backend_programming,929,1.5372071266174316,0.0010338147403672338,1.0008000135421753,-0.23662647604942322,0.5515530109405518,1.000600814819336
colbench_backend_programming,566,1.5371507406234741,0.03881899267435074,1.0538476705551147,-0.3047392666339874,0.5107500553131104,0.9478955268859863
colbench_backend_programming,317,1.5370657444000244,0.033399417996406555,1.06304931640625,-0.4514893591403961,0.48198559880256653,0.8923813700675964
colbench_backend_programming,506,1.5356594324111938,0.0422469861805439,0.910622239112854,-0.2155391424894333,0.513107180595398,1.1042104959487915
colbench_backend_programming,74,1.5354160070419312,0.01626133732497692,0.8830382227897644,-0.232484370470047,0.642046332359314,1.0542643070220947
colbench_backend_programming,399,1.534948468208313,-0.011205025017261505,1.1025701761245728,-0.2517556846141815,0.5375039577484131,0.8877578973770142
colbench_backend_programming,905,1.5345655679702759,0.006514003500342369,1.2197827100753784,-0.28030234575271606,0.4315584897994995,0.7760215401649475
colbench_backend_programming,165,1.5340584516525269,-0.012963099405169487,1.05592679977417,-0.28149929642677307,0.6020543575286865,0.8925483822822571
colbench_backend_programming,487,1.5339572429656982,-0.0044506448321044445,1.1110085248947144,-0.32798877358436584,0.5220855474472046,0.8593806624412537
colbench_backend_programming,407,1.533441185951233,0.012510223314166069,0.8876765966415405,-0.2881033420562744,0.6565589904785156,1.0244017839431763
colbench_backend_programming,698,1.532631516456604,0.01989903301000595,0.9804918766021729,-0.40333235263824463,0.5889613032341003,0.9370393753051758
colbench_backend_programming,670,1.532281756401062,0.004496552050113678,0.9546050429344177,-0.1826874315738678,0.6118729710578918,1.0143241882324219
colbench_backend_programming,690,1.5322200059890747,-0.016344202682375908,1.063719630241394,-0.28192123770713806,0.5969880223274231,0.8833597302436829
colbench_backend_programming,604,1.5321449041366577,0.02570035308599472,1.057815432548523,-0.2705307602882385,0.5584306716918945,0.9184024333953857
colbench_backend_programming,612,1.5320295095443726,0.017287319526076317,0.9952055811882019,-0.29819655418395996,0.6830421686172485,0.8951047658920288
colbench_backend_programming,66,1.5315887928009033,0.03806690499186516,0.9500817060470581,-0.2815229892730713,0.5509860515594482,1.0296931266784668
colbench_backend_programming,366,1.5314089059829712,0.0180575679987669,1.0360777378082275,-0.15411536395549774,0.5542942881584167,0.969929039478302
colbench_backend_programming,68,1.5309416055679321,-0.02001817896962166,1.0194711685180664,-0.2948932647705078,0.5913729071617126,0.9315453767776489
colbench_backend_programming,76,1.5308424234390259,0.009065890684723854,0.908532977104187,-0.23248976469039917,0.6006608009338379,1.0503339767456055
colbench_backend_programming,977,1.530469536781311,0.012975791469216347,1.0300408601760864,-0.37170371413230896,0.6281836032867432,0.8652020692825317
colbench_backend_programming,761,1.5303611755371094,0.019488442689180374,0.8932770490646362,-0.4040372669696808,0.3694324493408203,1.1154977083206177
colbench_backend_programming,316,1.5302704572677612,0.015521558001637459,1.0194581747055054,-0.24698449671268463,0.6269359588623047,0.921076774597168
colbench_backend_programming,235,1.5300171375274658,0.015546416863799095,0.9894570112228394,-0.175037682056427,0.6272482872009277,0.9684258699417114
colbench_backend_programming,459,1.5297415256500244,0.010050391778349876,1.1945894956588745,-0.30175402760505676,0.475115031003952,0.7721886038780212
colbench_backend_programming,489,1.5290299654006958,0.005867221392691135,0.9594502449035645,-0.3592718839645386,0.5412288904190063,0.9976887702941895
colbench_backend_programming,381,1.5284675359725952,0.031386569142341614,1.0169744491577148,-0.3423632085323334,0.4815148413181305,0.9761695861816406
colbench_backend_programming,30,1.528255820274353,-0.01292941439896822,1.0534086227416992,-0.2893446087837219,0.5992432236671448,0.8849200010299683
colbench_backend_programming,678,1.5277578830718994,-0.01793432980775833,1.055726408958435,-0.25240665674209595,0.5173532366752625,0.9424024224281311
colbench_backend_programming,24,1.5274803638458252,0.0005285509396344423,1.0354242324829102,-0.2640087306499481,0.5706369876861572,0.9304654002189636
colbench_backend_programming,64,1.5273405313491821,0.018427325412631035,0.8893479108810425,-0.5042604804039001,0.4133175313472748,1.0567494630813599
colbench_backend_programming,607,1.5271681547164917,0.010062781162559986,0.9257246255874634,-0.23904305696487427,0.7274792790412903,0.9428194761276245
colbench_backend_programming,380,1.5270286798477173,0.010998033918440342,0.9708523154258728,-0.22090840339660645,0.6621119976043701,0.9497734904289246
colbench_backend_programming,404,1.5261949300765991,-0.01772894896566868,1.1266119480133057,-0.2679120898246765,0.5125718712806702,0.8517686724662781
colbench_backend_programming,852,1.5235614776611328,0.002504125703126192,1.0880358219146729,-0.3923623561859131,0.39052826166152954,0.9115685224533081
colbench_backend_programming,743,1.5231947898864746,0.011218010447919369,1.0087401866912842,-0.24857152998447418,0.5747033953666687,0.9541980624198914
colbench_backend_programming,579,1.5231425762176514,-0.00834161601960659,1.095986247062683,-0.545823335647583,0.48779192566871643,0.763487696647644
colbench_backend_programming,664,1.5224977731704712,0.009324328973889351,0.8641072511672974,-0.25661975145339966,0.5693324208259583,1.0868877172470093
colbench_backend_programming,422,1.5218368768692017,0.018044838681817055,0.8565453886985779,-0.1564483642578125,0.6996533870697021,1.0335988998413086
colbench_backend_programming,246,1.521814227104187,-0.007064220495522022,0.8956762552261353,-0.3391314446926117,0.7382348775863647,0.9239488840103149
colbench_backend_programming,857,1.5218018293380737,0.019145894795656204,1.0605839490890503,-0.29050901532173157,0.46769267320632935,0.9422900676727295
colbench_backend_programming,599,1.5215219259262085,0.008887200616300106,1.101705551147461,-0.3711083233356476,0.4566935896873474,0.8688979148864746
colbench_backend_programming,788,1.520987629890442,-0.008345326408743858,1.1272261142730713,-0.2844916582107544,0.46710556745529175,0.8623465895652771
colbench_backend_programming,443,1.5207949876785278,0.04078080505132675,0.9070689678192139,-0.3984069228172302,0.5548786520957947,1.0116446018218994
colbench_backend_programming,603,1.5207947492599487,0.03666238859295845,1.002284049987793,-0.16110318899154663,0.5401935577392578,0.9952285289764404
colbench_backend_programming,329,1.5205416679382324,0.01799602620303631,0.8904770612716675,-0.4884646534919739,0.4014730751514435,1.057978868484497
colbench_backend_programming,502,1.5201995372772217,0.00853538978844881,1.0100274085998535,-0.3184601962566376,0.5399069786071777,0.9475942254066467
colbench_backend_programming,559,1.5200947523117065,0.007037753704935312,1.1099642515182495,-0.37869390845298767,0.34786415100097656,0.9023574590682983
colbench_backend_programming,774,1.5198200941085815,-1.5756064385641366e-05,0.8973034620285034,-0.3271210193634033,0.615546464920044,1.0093532800674438
colbench_backend_programming,260,1.5191484689712524,0.0170788262039423,0.9076792001724243,-0.2828160524368286,0.6124204993247986,1.0143405199050903
colbench_backend_programming,644,1.5189242362976074,-0.012989197857677937,0.9787485003471375,-0.32604822516441345,0.5753092169761658,0.9549314379692078
colbench_backend_programming,588,1.518905520439148,0.017828896641731262,0.8266075849533081,-0.3317066729068756,0.5670676231384277,1.0918786525726318
colbench_backend_programming,810,1.5182839632034302,0.02430381067097187,0.8533373475074768,-0.16375835239887238,0.6082777976989746,1.0863622426986694
colbench_backend_programming,834,1.5181171894073486,0.04526646435260773,0.9471625089645386,-0.3587413728237152,0.5979654788970947,0.9598461985588074
colbench_backend_programming,364,1.5174314975738525,-0.0009148870594799519,1.168415904045105,-0.3303607404232025,0.508422315120697,0.754831850528717
colbench_backend_programming,787,1.5172851085662842,0.0018455000827088952,0.9993402361869812,-0.4650663137435913,0.5438674092292786,0.8896036148071289
colbench_backend_programming,151,1.5171685218811035,-0.010803023353219032,0.957103431224823,-0.362147718667984,0.6049922704696655,0.9426487684249878
colbench_backend_programming,592,1.5168485641479492,0.01150751207023859,0.8421558141708374,-0.3409698009490967,0.5633991360664368,1.0760687589645386
colbench_backend_programming,281,1.5162521600723267,-0.017041174694895744,1.0865871906280518,-0.356814980506897,0.4639357030391693,0.8807927370071411
colbench_backend_programming,363,1.514687418937683,0.014959082007408142,1.1893575191497803,-0.34830015897750854,0.44071507453918457,0.7511085271835327
colbench_backend_programming,354,1.5142405033111572,0.009978978894650936,1.028432011604309,-0.45513659715652466,0.42076820135116577,0.9225273728370667
colbench_backend_programming,674,1.5142192840576172,-0.009831779636442661,1.046426773071289,-0.24336431920528412,0.5707067847251892,0.9016199111938477
colbench_backend_programming,204,1.5140577554702759,-0.0026242141611874104,0.9766075611114502,-0.39508503675460815,0.5288771986961365,0.9501606225967407
colbench_backend_programming,286,1.5140024423599243,0.034647393971681595,0.8056126832962036,-0.3227141499519348,0.5642853379249573,1.1048208475112915
colbench_backend_programming,36,1.5131882429122925,-0.008222024887800217,0.9388808012008667,-0.33275124430656433,0.6445845365524292,0.9391639828681946
colbench_backend_programming,181,1.5131607055664062,0.016488071531057358,1.0090147256851196,-0.3006056845188141,0.6518875360488892,0.8696111440658569
colbench_backend_programming,297,1.5127384662628174,-0.006997847463935614,0.9497588872909546,-0.4303833842277527,0.5214372873306274,0.9639549851417542
colbench_backend_programming,562,1.5126729011535645,-0.016141563653945923,1.0580613613128662,-0.21850642561912537,0.728044867515564,0.7686944007873535
colbench_backend_programming,923,1.5126017332077026,-0.012122176587581635,1.0303046703338623,-0.4064905047416687,0.552946925163269,0.869166910648346
colbench_backend_programming,453,1.5117286443710327,0.052350759506225586,0.9945109486579895,-0.2460414320230484,0.4577956795692444,1.012994647026062
colbench_backend_programming,442,1.5113046169281006,0.019966768100857735,0.8616443276405334,-0.41522887349128723,0.3906198740005493,1.1030012369155884
colbench_backend_programming,19,1.5112643241882324,0.0169112179428339,1.0002976655960083,-0.430827796459198,0.4462543725967407,0.9479287266731262
colbench_backend_programming,418,1.511252999305725,0.016863984987139702,1.0043385028839111,-0.16260510683059692,0.587817370891571,0.9503788352012634
colbench_backend_programming,340,1.5109584331512451,0.010607676580548286,0.8057761788368225,-0.3638586103916168,0.7132923007011414,0.9962634444236755
colbench_backend_programming,858,1.5102726221084595,0.020012663677334785,1.0598341226577759,-0.3261096775531769,0.5591161847114563,0.8594862818717957
colbench_backend_programming,348,1.5083130598068237,-0.001337449299171567,0.9549757242202759,-0.20238715410232544,0.555132269859314,1.0069247484207153
colbench_backend_programming,920,1.5079867839813232,0.019904425367712975,1.1557910442352295,-0.25441545248031616,0.44109851121902466,0.8239392042160034
colbench_backend_programming,37,1.5077252388000488,0.022829970344901085,0.9317550659179688,-0.3772813677787781,0.6003409028053284,0.9499039649963379
colbench_backend_programming,605,1.507538914680481,0.011383621022105217,0.9946920275688171,-0.5250009298324585,0.4754703938961029,0.8840606212615967
colbench_backend_programming,213,1.5073972940444946,-0.023529235273599625,1.0156217813491821,-0.30724281072616577,0.5867236852645874,0.8956093788146973
colbench_backend_programming,458,1.5073349475860596,0.03263838216662407,1.0913037061691284,-0.3199380934238434,0.4899739921092987,0.8594648241996765
colbench_backend_programming,49,1.507025122642517,0.009429160505533218,1.0888762474060059,-0.4392935335636139,0.3873521685600281,0.861656904220581
colbench_backend_programming,432,1.5069726705551147,0.011366377584636211,1.0377962589263916,-0.44793635606765747,0.3798372745513916,0.9214238524436951
colbench_backend_programming,914,1.5058449506759644,-0.025427287444472313,0.9922326803207397,-0.24061328172683716,0.6199449300765991,0.9169607162475586
colbench_backend_programming,844,1.5055729150772095,0.009090889245271683,1.1470446586608887,-0.3035842776298523,0.5010848045349121,0.7796082496643066
colbench_backend_programming,359,1.5054891109466553,0.004472712986171246,1.097787618637085,-0.258980393409729,0.4641422927379608,0.8825310468673706
colbench_backend_programming,326,1.504774570465088,0.0040383003652095795,1.1380891799926758,-0.31601956486701965,0.5151957869529724,0.7770485877990723
colbench_backend_programming,850,1.504602313041687,-0.0040466864593327045,1.0074259042739868,-0.41230639815330505,0.5946848392486572,0.8516303896903992
colbench_backend_programming,596,1.5024187564849854,-0.0021362067200243473,0.9941540360450745,-0.29291844367980957,0.6026696562767029,0.9054876565933228
colbench_backend_programming,158,1.5023809671401978,-0.02978401817381382,1.037838339805603,-0.4217052459716797,0.5719268321990967,0.8216475248336792
colbench_backend_programming,435,1.5019855499267578,0.014591426588594913,1.0247769355773926,-0.25804442167282104,0.6061252951622009,0.8785317540168762
colbench_backend_programming,591,1.5009557008743286,0.031170576810836792,0.8852905035018921,-0.2946453094482422,0.5512192845344543,1.0384942293167114
colbench_backend_programming,602,1.5006043910980225,0.018828578293323517,1.0131568908691406,-0.27841708064079285,0.5272294878959656,0.9326518177986145
colbench_backend_programming,42,1.5004832744598389,0.022400042042136192,0.8381925821304321,-0.4241082966327667,0.4132055640220642,1.0946582555770874
colbench_backend_programming,405,1.4990856647491455,0.004803329240530729,0.9497264623641968,-0.27732935547828674,0.637718677520752,0.9282674789428711
colbench_backend_programming,540,1.4983556270599365,-0.010130640119314194,1.007121205329895,-0.33805394172668457,0.4926114082336426,0.9347888827323914
colbench_backend_programming,477,1.496663212776184,0.007068664766848087,0.9438753724098206,-0.17153902351856232,0.6466200351715088,0.949503481388092
colbench_backend_programming,771,1.4966322183609009,0.008002524264156818,1.1088820695877075,-0.3435271978378296,0.5532771348953247,0.7656121253967285
colbench_backend_programming,5,1.4963126182556152,0.012339787557721138,1.1768200397491455,-0.2928447723388672,0.4555947780609131,0.748813271522522
colbench_backend_programming,44,1.4957900047302246,-0.002530362457036972,0.9924177527427673,-0.3142480254173279,0.3947315812110901,0.9989644289016724
colbench_backend_programming,414,1.4946955442428589,0.04339145869016647,0.8749524354934692,-0.2533797323703766,0.5819166898727417,1.0323489904403687
colbench_backend_programming,791,1.4925966262817383,-0.015494788996875286,1.0841293334960938,-0.3502655625343323,0.44237321615219116,0.8568128943443298
colbench_backend_programming,301,1.490597128868103,0.024812251329421997,1.0931545495986938,-0.28460970520973206,0.4041391611099243,0.8846254348754883
colbench_backend_programming,816,1.490372896194458,0.05540285259485245,0.8749326467514038,-0.3610852360725403,0.646133303642273,0.9528030157089233
colbench_backend_programming,647,1.4903380870819092,-0.02035238966345787,0.9495598077774048,-0.3585636019706726,0.6563971638679504,0.87179034948349
colbench_backend_programming,131,1.4892579317092896,-0.005302781704813242,0.9193288087844849,-0.24821032583713531,0.6466426849365234,0.9449702501296997
colbench_backend_programming,272,1.4889720678329468,0.005110486876219511,1.1187087297439575,-0.308699369430542,0.5192313194274902,0.775004506111145
colbench_backend_programming,210,1.488681674003601,0.03204748407006264,0.8577459454536438,-0.4192163050174713,0.37858667969703674,1.0776710510253906
colbench_backend_programming,953,1.4879858493804932,-0.00787763949483633,1.0320429801940918,-0.3155437111854553,0.4377276301383972,0.9261835813522339
colbench_backend_programming,401,1.4876328706741333,-0.011018063873052597,0.9666004180908203,-0.36675456166267395,0.5783692598342896,0.8998417258262634
colbench_backend_programming,983,1.4872689247131348,0.01470937766134739,1.033204197883606,-0.42139604687690735,0.3721059560775757,0.9101759791374207
colbench_backend_programming,421,1.486765742301941,0.01136795338243246,1.1461620330810547,-0.2457563281059265,0.4476456046104431,0.7974973917007446
colbench_backend_programming,900,1.485797643661499,0.005165932700037956,1.0204721689224243,-0.27163365483283997,0.5435282588005066,0.8927616477012634
colbench_backend_programming,757,1.4854049682617188,-0.020405150949954987,1.002821683883667,-0.3625309467315674,0.5998764038085938,0.8423159122467041
colbench_backend_programming,879,1.4848284721374512,-0.006946631707251072,1.0719496011734009,-0.2705835700035095,0.43887409567832947,0.8887145519256592
colbench_backend_programming,947,1.4844681024551392,0.007125884760171175,0.8871496319770813,-0.3203134834766388,0.5835965871810913,0.9866233468055725
colbench_backend_programming,325,1.4832355976104736,0.02166346088051796,0.8901621103286743,-0.18565510213375092,0.6371748447418213,0.9834326505661011
colbench_backend_programming,840,1.481581449508667,0.016313517466187477,0.9895238280296326,-0.5196855664253235,0.45256415009498596,0.8608362078666687
colbench_backend_programming,392,1.4812965393066406,0.0224857609719038,1.0601327419281006,-0.33066463470458984,0.5287807583808899,0.8254753947257996
colbench_backend_programming,515,1.4805866479873657,0.014467285014688969,1.010245442390442,-0.35713961720466614,0.5203812718391418,0.8793153166770935
colbench_backend_programming,915,1.480036735534668,0.00707364222034812,0.9963430166244507,-0.42379939556121826,0.4037996232509613,0.9247428178787231
colbench_backend_programming,944,1.4798673391342163,0.004642029758542776,1.0403199195861816,-0.34823551774024963,0.4017265737056732,0.9083443284034729
colbench_backend_programming,993,1.479251742362976,0.03412886708974838,0.9185008406639099,-0.19221936166286469,0.5762742161750793,0.9876748919487
colbench_backend_programming,860,1.4783635139465332,-0.00045339518692344427,1.0157195329666138,-0.38606053590774536,0.5374634861946106,0.8461459875106812
colbench_backend_programming,115,1.4782332181930542,0.04162408784031868,0.9316511154174805,-0.38594475388526917,0.4739648997783661,0.9713926315307617
colbench_backend_programming,754,1.4781012535095215,0.008480285294353962,0.9833513498306274,-0.27874431014060974,0.4694112539291382,0.9590402245521545
colbench_backend_programming,751,1.4771299362182617,0.03434675186872482,0.9157853126525879,-0.3103216290473938,0.4607619345188141,1.0171769857406616
colbench_backend_programming,244,1.476652979850769,0.017783377319574356,1.103898048400879,-0.21440601348876953,0.46488016843795776,0.8365582227706909
colbench_backend_programming,637,1.476004958152771,0.02026166394352913,0.9205304384231567,-0.21530327200889587,0.5689714550971985,0.9803726077079773
colbench_backend_programming,608,1.4759961366653442,-0.022737395018339157,1.0796469449996948,-0.38398146629333496,0.48582029342651367,0.7933876514434814
colbench_backend_programming,430,1.4751193523406982,0.023376835510134697,0.936711311340332,-0.18310138583183289,0.5379745364189148,0.9877278804779053
colbench_backend_programming,812,1.4727638959884644,-0.0012378228129819036,0.9808366298675537,-0.4507214426994324,0.44986140727996826,0.8952474594116211
colbench_backend_programming,499,1.4724098443984985,0.0472014881670475,0.9936273694038391,-0.30295073986053467,0.4739176630973816,0.9296872019767761
colbench_backend_programming,613,1.472252607345581,0.019616220146417618,0.9324421286582947,-0.34184730052948,0.5465261340141296,0.9394301176071167
colbench_backend_programming,200,1.4711902141571045,-0.01496120449155569,1.0106812715530396,-0.25573351979255676,0.5658105611801147,0.8702775835990906
colbench_backend_programming,187,1.46759831905365,0.011331679299473763,0.9664191007614136,-0.38037142157554626,0.4128423035144806,0.9511876106262207
colbench_backend_programming,702,1.4674824476242065,0.009578232653439045,0.9490597248077393,-0.3226397633552551,0.5283765196800232,0.9324764013290405
colbench_backend_programming,693,1.4669002294540405,-0.028558026999235153,1.0194892883300781,-0.29372215270996094,0.5318646430969238,0.862139880657196
colbench_backend_programming,236,1.466429591178894,0.0013615087373182178,1.1298166513442993,-0.32034748792648315,0.4391028583049774,0.7605894207954407
colbench_backend_programming,173,1.4662688970565796,0.02126302570104599,0.7997688055038452,-0.3171730637550354,0.5415389537811279,1.0566225051879883
colbench_backend_programming,657,1.4648774862289429,0.036716483533382416,0.7820219993591309,-0.2634942829608917,0.5211473107337952,1.09237539768219
colbench_backend_programming,550,1.464026689529419,0.024335581809282303,1.009907841682434,-0.3763282001018524,0.43571117520332336,0.8899400234222412
colbench_backend_programming,571,1.4627844095230103,0.005737714469432831,1.038175106048584,-0.3324739933013916,0.48459500074386597,0.8464981913566589
colbench_backend_programming,770,1.4623394012451172,0.01777029037475586,0.8916900753974915,-0.2241639345884323,0.5548775792121887,0.9925657510757446
colbench_backend_programming,737,1.4611543416976929,0.015592662617564201,1.007667899131775,-0.288211852312088,0.507315993309021,0.8826902508735657
colbench_backend_programming,699,1.4601054191589355,0.03665979951620102,0.8888883590698242,-0.386854350566864,0.5136008262634277,0.9635056257247925
colbench_backend_programming,881,1.4582481384277344,0.025426363572478294,0.8735479712486267,-0.2338501214981079,0.61822509765625,0.9625556468963623
colbench_backend_programming,237,1.4582360982894897,0.003919133450835943,0.9662479758262634,-0.33790871500968933,0.5540245771408081,0.8784599900245667
colbench_backend_programming,802,1.4574811458587646,0.0014733379939571023,0.9600738286972046,-0.3533611297607422,0.5466279983520508,0.882520854473114
colbench_backend_programming,321,1.4538989067077637,-0.008879403583705425,0.9923248291015625,-0.2505696713924408,0.5717629790306091,0.8598926663398743
colbench_backend_programming,863,1.4535051584243774,0.008446070365607738,0.8968173265457153,-0.10037671029567719,0.6196024417877197,0.9562494158744812
colbench_backend_programming,645,1.4516092538833618,0.010574324987828732,0.9974625110626221,-0.24597114324569702,0.4326878786087036,0.9297942519187927
colbench_backend_programming,67,1.4476618766784668,0.017348194494843483,0.881045937538147,-0.09041112661361694,0.6050316095352173,0.9722375273704529
colbench_backend_programming,256,1.4463586807250977,0.026556486263871193,0.8370205163955688,-0.39500269293785095,0.345384418964386,1.0564243793487549
colbench_backend_programming,565,1.443880558013916,0.013439438305795193,0.8770322203636169,-0.29439449310302734,0.5136945843696594,0.9823722839355469
colbench_backend_programming,792,1.4436891078948975,0.008817710913717747,1.0087393522262573,-0.38179904222488403,0.4499931335449219,0.8475959897041321
colbench_backend_programming,384,1.4421182870864868,0.032946374267339706,0.9633496403694153,-0.24870665371418,0.5124767422676086,0.9094918370246887
colbench_backend_programming,467,1.4396700859069824,0.005390265490859747,0.9004452228546143,-0.2955000698566437,0.6367429494857788,0.8769757747650146
colbench_backend_programming,918,1.4376826286315918,0.004776325076818466,0.989814043045044,-0.33035239577293396,0.45249247550964355,0.8793845176696777
colbench_backend_programming,81,1.4339650869369507,0.0497778095304966,0.870167076587677,-0.22520849108695984,0.5320715308189392,0.9824693202972412
colbench_backend_programming,294,1.4291454553604126,0.028264371678233147,0.8864651322364807,-0.2714160978794098,0.5628563165664673,0.9306783676147461
colbench_backend_programming,361,1.4286266565322876,-0.0021129357628524303,0.887299656867981,-0.24134455621242523,0.44913697242736816,0.9968461394309998
colbench_backend_programming,314,1.4254026412963867,0.023849599063396454,0.9605726003646851,-0.271138072013855,0.5506274104118347,0.8557841181755066
colbench_backend_programming,663,1.4249058961868286,0.013602998107671738,0.9020429253578186,-0.2838411331176758,0.4546842575073242,0.9640393853187561
colbench_backend_programming,280,1.4110790491104126,0.052226778119802475,0.8462382555007935,-0.21112774312496185,0.5038629174232483,0.9882165789604187
colbench_backend_programming,845,1.4069435596466064,0.007569900248199701,1.0348105430603027,-0.25429683923721313,0.5037741661071777,0.7682461142539978
colbench_backend_programming,739,1.4060866832733154,0.02743365243077278,0.8226236701011658,-0.18660348653793335,0.5535918474197388,0.979328989982605
colbench_backend_programming,324,1.4036108255386353,0.008847520686686039,0.9658482670783997,-0.35088908672332764,0.48820826411247253,0.8220645189285278
colbench_backend_programming,508,1.399860143661499,0.037481486797332764,0.8328720927238464,-0.30563753843307495,0.4704078137874603,0.9753126502037048
colbench_backend_programming,782,1.3891407251358032,0.022060517221689224,0.8794190883636475,-0.2990280091762543,0.5543095469474792,0.8715831637382507
colbench_backend_programming,437,1.3790420293807983,-0.003972175996750593,0.9489036798477173,-0.3745741546154022,0.4096958637237549,0.8325757384300232
colbench_backend_programming,503,1.3535879850387573,0.05104624480009079,0.7920517921447754,-0.23796826601028442,0.524934709072113,0.9341676235198975
corebench_hard,capsule-5136217,2.780005693435669,-0.04226672649383545,2.0156824588775635,-0.05200309306383133,0.8798952102661133,1.6995693445205688
corebench_hard,capsule-3301293,2.774163007736206,-0.014485793188214302,1.7022576332092285,-0.14802612364292145,0.8472434878349304,2.0145885944366455
corebench_hard,capsule-4252248,2.7441110610961914,-0.0495510995388031,1.9852042198181152,0.10978575795888901,0.8667803406715393,1.6809964179992676
corebench_hard,capsule-7186268,2.7065274715423584,-0.031037090346217155,1.8433613777160645,-0.20152893662452698,0.8187606334686279,1.7934120893478394
corebench_hard,capsule-3418007,2.699294090270996,-0.0201573483645916,1.8848353624343872,0.0450814887881279,0.747848391532898,1.78108811378479
corebench_hard,capsule-0851068,2.68270206451416,0.022222377359867096,1.6983354091644287,-0.26349571347236633,0.6836246252059937,1.9431352615356445
corebench_hard,capsule-3449234,2.669423818588257,-0.06205953657627106,1.9287370443344116,0.05349717289209366,0.9033623337745667,1.6083755493164062
corebench_hard,capsule-9137200,2.6688382625579834,0.036351751536130905,1.7229628562927246,-0.08945020288228989,0.7992661595344543,1.8727705478668213
corebench_hard,capsule-7716865,2.6606836318969727,-0.04759816825389862,1.9379518032073975,0.0656382367014885,0.8837551474571228,1.5931884050369263
corebench_hard,capsule-2708693,2.648210287094116,-0.06699172407388687,1.8268463611602783,0.05100253224372864,0.6809534430503845,1.7914663553237915
corebench_hard,capsule-1624349,2.6461336612701416,-0.010059824213385582,1.9426060914993286,-0.18451929092407227,0.6539075970649719,1.663328766822815
corebench_hard,capsule-0504157,2.629908800125122,-0.05736912414431572,1.5738744735717773,-0.02397267147898674,0.7852873206138611,1.9550162553787231
corebench_hard,capsule-9054015,2.6269454956054688,0.014335865154862404,1.8239027261734009,-0.04494345188140869,0.7328174114227295,1.74217689037323
corebench_hard,capsule-5507257,2.6239840984344482,-0.031027914956212044,1.6038403511047363,0.20975324511528015,1.0709490776062012,1.7669355869293213
corebench_hard,capsule-9052293,2.6160218715667725,0.09287530183792114,1.6752088069915771,-0.3153931200504303,0.6443296670913696,1.8768625259399414
corebench_hard,capsule-9832712,2.6027798652648926,-0.026470983400940895,1.8484779596328735,-0.09198575466871262,0.789042055606842,1.6512248516082764
corebench_hard,capsule-3849634,2.577944278717041,-0.008463071659207344,1.6019577980041504,-0.11114063858985901,0.6317895650863647,1.915207028388977
corebench_hard,capsule-4728591,2.569246768951416,-0.012288330122828484,1.6866989135742188,-0.07725021988153458,0.6742508411407471,1.8153495788574219
corebench_hard,capsule-6003668,2.569051742553711,0.04842497780919075,1.4381765127182007,-0.25118952989578247,0.9205111861228943,1.9029550552368164
corebench_hard,capsule-8807709,2.567383050918579,-0.05270237848162651,1.7416397333145142,0.03614514321088791,0.7489223480224609,1.7308828830718994
corebench_hard,capsule-3262218,2.5673418045043945,-0.030321922153234482,1.6907826662063599,-0.01152234897017479,0.6758958101272583,1.8098424673080444
corebench_hard,capsule-2804717,2.559811592102051,0.01334175281226635,1.7412461042404175,0.05392403155565262,0.7163999676704407,1.733366847038269
corebench_hard,capsule-3821950,2.555121421813965,-0.04820789769291878,1.7457077503204346,0.2139989733695984,1.029418706893921,1.541314959526062
corebench_hard,capsule-2816027,2.553382635116577,-0.017723074182868004,1.75225031375885,-0.009303592145442963,0.6005741357803345,1.7574429512023926
corebench_hard,capsule-8536428,2.5524344444274902,-0.05110161751508713,1.750070333480835,0.21062704920768738,1.0197890996932983,1.538779377937317
corebench_hard,capsule-9660931,2.5523810386657715,-0.04795954003930092,1.7443621158599854,0.1958528459072113,1.033577561378479,1.5379232168197632
corebench_hard,capsule-0921079,2.5429060459136963,0.08135691285133362,1.5366768836975098,-0.10437851399183273,0.6242775917053223,1.9246761798858643
corebench_hard,capsule-9911222,2.5423052310943604,-0.03182428702712059,1.7999303340911865,0.03375215828418732,0.7953510284423828,1.6092991828918457
corebench_hard,capsule-4671827,2.5278196334838867,0.006975037511438131,1.6701173782348633,-0.0194898322224617,0.6682982444763184,1.7758314609527588
corebench_hard,capsule-9240688,2.526423931121826,-0.03570963442325592,1.7621262073516846,-0.0667228177189827,0.7797925472259521,1.6325442790985107
corebench_hard,capsule-6049678,2.5149989128112793,0.0771462619304657,1.5690683126449585,-0.24134662747383118,0.7293652892112732,1.8091496229171753
corebench_hard,capsule-1394704,2.5087175369262695,-0.04888266697525978,1.885035514831543,0.09728150814771652,0.630294919013977,1.5276026725769043
corebench_hard,capsule-2414499,2.507183790206909,0.03647772967815399,1.5184777975082397,-0.06506497412919998,0.5209662914276123,1.9247223138809204
corebench_hard,capsule-3593259,2.49881649017334,0.06201828643679619,1.5197465419769287,-0.14551542699337006,0.7181476354598999,1.8432427644729614
corebench_hard,capsule-9641396,2.49786639213562,0.06499269604682922,1.4035508632659912,-0.21113309264183044,0.7922338843345642,1.896620512008667
corebench_hard,capsule-4299879,2.494903087615967,-0.013691180385649204,1.7739388942718506,-0.02538878843188286,0.7914662957191467,1.5654453039169312
corebench_hard,capsule-3639589,2.489243984222412,0.026604069396853447,1.6332088708877563,-0.031864773482084274,0.6497771739959717,1.7623106241226196
corebench_hard,capsule-2345790,2.4787392616271973,-0.017651928588747978,1.6875202655792236,-0.03538886085152626,0.7481602430343628,1.6539130210876465
corebench_hard,capsule-4180912,2.4741508960723877,0.028246141970157623,1.553889513015747,-0.21708393096923828,0.568487286567688,1.8266217708587646
corebench_hard,capsule-9670283,2.460024833679199,0.017006302252411842,1.4262598752975464,-0.09548988938331604,0.7496094703674316,1.8564677238464355
corebench_hard,capsule-4933686,2.441222906112671,-0.028125500306487083,1.6001108884811401,0.023630961775779724,0.8217571973800659,1.6502639055252075
corebench_hard,capsule-1175539,2.439166307449341,0.12479374557733536,1.4311853647232056,-0.10205911099910736,0.6090965867042542,1.8761199712753296
corebench_hard,capsule-1900704,2.4223861694335938,0.032631438225507736,1.7461713552474976,-0.03555241599678993,0.539092481136322,1.5896399021148682
corebench_hard,capsule-1724988,2.417781114578247,0.04813310131430626,1.5401248931884766,-0.2190394401550293,0.6455275416374207,1.7346458435058594
corebench_hard,capsule-8234136,2.366455078125,-0.0008694620919413865,1.411473274230957,0.13977456092834473,0.8507901430130005,1.6924753189086914
gaia,0512426f-4d28-49f0-be77-06d05daec096,2.193760395050049,-0.01223501656204462,1.1523315906524658,-0.3908764719963074,0.9345506429672241,1.5679755210876465
gaia,0bb3b44a-ede5-4db5-a520-4e844b0079c5,2.1891629695892334,-0.07135088741779327,1.2085003852844238,-0.3683447241783142,0.9228832721710205,1.5311989784240723
gaia,ebbc1f13-d24d-40df-9068-adcf735b4240,2.1864874362945557,-0.12981797754764557,1.3551703691482544,-0.43287166953086853,0.8056057095527649,1.4518476724624634
gaia,853c8244-429e-46ca-89f2-addf40dfb2bd,2.124814748764038,-0.00041515319026075304,1.2402371168136597,-0.3054504692554474,0.9117797613143921,1.4324830770492554
gaia,076c8171-9b3b-49b9-a477-244d2a532826,2.124051094055176,0.07450145483016968,1.084623098373413,-0.5654656887054443,0.7091039419174194,1.5851200819015503
gaia,9b54f9d9-35ee-4a14-b62f-d130ea00317f,2.0890567302703857,0.014259363524615765,1.3634252548217773,-0.3835861086845398,0.5671226978302002,1.4270470142364502
gaia,0b260a57-3f3a-4405-9f29-6d7a1012dbfb,2.0866341590881348,0.025140395388007164,1.1506556272506714,-0.4341720938682556,0.8519085049629211,1.454572081565857
gaia,cabe07ed-9eca-40ea-8ead-410ef5e83f91,2.068894147872925,0.03542513772845268,1.1899034976959229,-0.47131022810935974,0.7172247171401978,1.4587348699569702
gaia,65638e28-7f37-4fa7-b7b9-8c19bb609879,2.063751220703125,-0.005780470557510853,1.1396020650863647,-0.5474534034729004,0.7952911257743835,1.4241430759429932
gaia,7bd855d8-463d-4ed5-93ca-5fe35145f733,2.0569276809692383,0.01746077835559845,1.0141280889511108,-0.6339906454086304,0.8394140005111694,1.4477347135543823
gaia,bfcd99e1-0690-4b53-a85c-0174a8629083,2.0520079135894775,-0.004526149015873671,1.1582953929901123,-0.47192639112472534,0.7945257425308228,1.4195431470870972
gaia,2b3ef98c-cc05-450b-a719-711aee40ac65,2.0518689155578613,-0.05585718899965286,1.3289968967437744,-0.4062475860118866,0.6551582217216492,1.3600236177444458
gaia,4d51c4bf-4b0e-4f3d-897b-3f6687a7d9f2,2.0518500804901123,-0.052586618810892105,1.2226005792617798,-0.6363481283187866,0.7553465962409973,1.3190335035324097
gaia,65afbc8a-89ca-4ad5-8d62-355bb401f61d,2.050461530685425,-0.07535393536090851,1.1695514917373657,-0.4253562092781067,0.8953104019165039,1.3616290092468262
gaia,708b99c5-e4a7-49cb-a5cf-933c8d46470d,2.0399885177612305,-0.04951772466301918,1.2295953035354614,-0.553493857383728,0.717022716999054,1.3524688482284546
gaia,1f975693-876d-457b-a649-393859e79bf3,2.038719415664673,-0.0012868449557572603,1.3365986347198486,-0.5974674820899963,0.7570512890815735,1.19991135597229
gaia,3f57289b-8c60-48be-bd80-01f8099ca449,2.0297131538391113,0.030145203694701195,1.0228557586669922,-0.45645615458488464,0.7580335140228271,1.513451337814331
gaia,e8cb5b03-41e0-4086-99e5-f6806cd97211,2.025949478149414,0.015616672113537788,1.190696358680725,-0.4112519919872284,0.6641107797622681,1.441021203994751
gaia,dd3c7503-f62a-4bd0-9f67-1b63b94194cc,2.025623321533203,0.04484600946307182,0.9975391030311584,-0.5931315422058105,0.48090729117393494,1.5890212059020996
gaia,935e2cff-ae78-4218-b3f5-115589b19dae,2.023000955581665,-0.028841685503721237,1.0564216375350952,-0.489778608083725,0.7798973321914673,1.4588979482650757
gaia,d1af70ea-a9a4-421a-b9cc-94b5e02f1788,2.015634536743164,-0.0011615378316491842,1.1105424165725708,-0.39939263463020325,0.8278837203979492,1.4087483882904053
gaia,da52d699-e8d2-4dc5-9191-a2199e0b6a9b,2.0154473781585693,-0.017514001578092575,1.1765687465667725,-0.5380311012268066,0.6626025438308716,1.3961354494094849
gaia,f0f46385-fc03-4599-b5d3-f56496c3e69f,2.01541805267334,0.05556005612015724,1.0346184968948364,-0.6476300954818726,0.6179814338684082,1.4799151420593262
gaia,f3917a3d-1d17-4ee2-90c5-683b072218fe,2.0116164684295654,0.026528283953666687,1.0384376049041748,-0.4547596573829651,0.838537871837616,1.4346764087677002
gaia,50ad0280-0819-4bd9-b275-5de32d3b5bcb,2.0068883895874023,0.02957710064947605,1.1873754262924194,-0.5447338223457336,0.7610801458358765,1.3197585344314575
gaia,8131e2c0-0083-4265-9ce7-78c2d568425d,2.0063939094543457,0.006787736434489489,1.1455285549163818,-0.38602200150489807,0.7945404052734375,1.3903499841690063
gaia,8b3379c0-0981-4f5b-8407-6444610cb212,2.006331443786621,0.00890028290450573,1.1216561794281006,-0.3846471607685089,0.8502062559127808,1.377116322517395
gaia,56db2318-640f-477a-a82f-bc93ad13e882,2.005341053009033,0.10027828812599182,0.9960246086120605,-0.5633313059806824,0.776526689529419,1.4522367715835571
gaia,e142056d-56ab-4352-b091-b56054bd1359,2.0000994205474854,-0.062258560210466385,1.3001269102096558,-0.25395119190216064,1.0428434610366821,1.0761293172836304
gaia,20194330-9976-4043-8632-f8485c6c71b2,1.9981504678726196,-0.08882447332143784,1.1169822216033936,-0.22449393570423126,0.8401188254356384,1.410233497619629
gaia,0ff53813-3367-4f43-bcbd-3fd725c1bf4b,1.997963786125183,-0.03364479914307594,1.0716845989227295,-0.40220892429351807,0.7305542826652527,1.4655612707138062
gaia,7d4a7d1d-cac6-44a8-96e8-ea9584a70825,1.9946527481079102,0.00860028900206089,1.0307408571243286,-0.3412439823150635,0.7629218697547913,1.4891996383666992
gaia,114d5fd0-e2ae-4b6d-a65a-870da2d19c08,1.9911282062530518,-0.061723850667476654,1.1206514835357666,-0.38818463683128357,0.777387797832489,1.3977527618408203
gaia,c61d22de-5f6c-4958-a7f6-5e9707bd3466,1.9902604818344116,0.0487024188041687,1.1761757135391235,-0.5262467861175537,0.6558682322502136,1.3677165508270264
gaia,ecbc4f94-95a3-4cc7-b255-6741a458a625,1.9877718687057495,-0.03948550298810005,1.1284624338150024,-0.4333874583244324,0.9001809358596802,1.2960166931152344
gaia,50f58759-7bd6-406f-9b0d-5692beb2a926,1.9862987995147705,-0.016977541148662567,1.143072247505188,-0.5435829162597656,0.8786097168922424,1.2535276412963867
gaia,7cc4acfa-63fd-4acc-a1a1-e8e529e0a97f,1.985795497894287,0.06654886156320572,0.928092360496521,-0.5603392124176025,0.7191552519798279,1.5002880096435547
gaia,5d0080cb-90d7-4712-bc33-848150e917d3,1.9848037958145142,0.02204608917236328,1.0313084125518799,-0.38901883363723755,0.6777231693267822,1.5050597190856934
gaia,f2feb6a4-363c-4c09-a804-0db564eafd68,1.9781742095947266,-0.018952662125229836,1.1300303936004639,-0.5463703870773315,0.8071434497833252,1.2985390424728394
gaia,dc22a632-937f-4e6a-b72f-ba0ff3f5ff97,1.9748460054397583,-0.10722354799509048,1.1586613655090332,-0.3969631493091583,0.7524031400680542,1.3541898727416992
gaia,54612da3-fd56-4941-80f4-5eb82330de25,1.9738253355026245,0.0802965834736824,0.8661366701126099,-0.537960946559906,0.8633984923362732,1.4529056549072266
gaia,a0c07678-e491-4bbc-8f0b-07405144218f,1.9697446823120117,0.006870441138744354,0.9657106399536133,-0.2796957194805145,0.9088755249977112,1.42933988571167
gaia,676e5e31-a554-4acc-9286-b60d90a92d26,1.9682261943817139,0.04053854942321777,1.1203117370605469,-0.39540979266166687,0.8056058883666992,1.3466498851776123
gaia,a56f1527-3abf-41d6-91f8-7296d6336c3f,1.9671844244003296,-0.03431926295161247,1.0759077072143555,-0.3468533456325531,0.6951820254325867,1.4521197080612183
gaia,56137764-b4e0-45b8-9c52-1866420c3df5,1.9663819074630737,0.034671906381845474,0.9912564158439636,-0.6493263840675354,0.752557098865509,1.3769900798797607
gaia,3627a8be-a77f-41bb-b807-7e1bd4c0ebdf,1.9660226106643677,0.04397560656070709,1.0289287567138672,-0.5036115646362305,0.610732913017273,1.47645902633667
gaia,b4cc024b-3f5e-480e-b96a-6656493255b5,1.9637547731399536,-0.005205220077186823,1.1335070133209229,-0.3817378878593445,0.6720335483551025,1.4050415754318237
gaia,33d8ea3b-6c6b-4ff1-803d-7e270dea8a57,1.9633930921554565,0.04232533276081085,0.9943518042564392,-0.5980385541915894,0.7105801105499268,1.4154866933822632
gaia,d5141ca5-e7a0-469f-bf3e-e773507c86e2,1.9601683616638184,-0.045139238238334656,1.1228386163711548,-0.4335137605667114,0.8165753483772278,1.3140639066696167
gaia,00d579ea-0889-4fd9-a771-2c8d79835c8d,1.9597740173339844,0.03839622065424919,1.0698416233062744,-0.4966885447502136,0.8015429377555847,1.344240427017212
gaia,5cfb274c-0207-4aa7-9575-6ac0bd95d9b2,1.9592349529266357,0.004421807359904051,0.9021507501602173,-0.7322864532470703,0.8032602071762085,1.3576654195785522
gaia,0e9e85b8-52b9-4de4-b402-5f635ab9631f,1.9580729007720947,-0.07657139003276825,1.1981172561645508,-0.3979106545448303,0.8740652203559875,1.2150068283081055
gaia,46719c30-f4c3-4cad-be07-d5cb21eee6bb,1.9573272466659546,-0.04012753814458847,1.0981475114822388,-0.25650662183761597,0.8579272031784058,1.3503211736679077
gaia,6359a0b1-8f7b-499b-9336-840f9ab90688,1.9555619955062866,-0.045057885348796844,1.036604642868042,-0.19660106301307678,1.05646550655365,1.2628943920135498
gaia,e4e91f1c-1dcd-439e-9fdd-cb976f5293fd,1.9553502798080444,-0.029606018215417862,1.170810341835022,-0.3809686005115509,0.6405674815177917,1.3773648738861084
gaia,05407167-39ec-4d3a-a234-73a9120c325d,1.9534492492675781,0.046376246958971024,1.0925066471099854,-0.302062451839447,0.745976984500885,1.4052294492721558
gaia,1dcc160f-c187-48c2-b68e-319bd4354f3d,1.9501596689224243,-0.041701722890138626,1.1514149904251099,-0.3235752582550049,0.767784059047699,1.3353549242019653
gaia,7a4a336d-dcfa-45a0-b014-824c7619e8de,1.9497106075286865,-0.08238403499126434,1.0972238779067993,-0.24809223413467407,0.9374781250953674,1.2872669696807861
gaia,cf106601-ab4f-4af9-b045-5295fe67b37d,1.9473791122436523,-0.0099321398884058,0.8645647764205933,-0.5884377956390381,0.8396123051643372,1.4119508266448975
gaia,d700d50d-c707-4dca-90dc-4528cddd0c80,1.9454467296600342,0.022946326062083244,0.8125531673431396,-0.47595417499542236,0.708227276802063,1.5480316877365112
gaia,544b7f0c-173a-4377-8d56-57b36eb26ddf,1.9448100328445435,0.049396321177482605,1.0160037279129028,-0.539286732673645,0.580092191696167,1.4569438695907593
gaia,f918266a-b3e0-4914-865d-4faa564f1aef,1.9428995847702026,0.012825369834899902,0.9943147897720337,-0.4538392722606659,0.6796125173568726,1.4554566144943237
gaia,cffe0e32-c9a6-4c52-9877-78ceb4aaa9fb,1.9415432214736938,-0.03205513954162598,1.0720484256744385,-0.4656903147697449,0.6986367702484131,1.3839584589004517
gaia,65da0822-a48a-4a68-bbad-8ed1b835a834,1.9409388303756714,0.013988434337079525,1.063489556312561,-0.5669891834259033,0.7421352863311768,1.3281536102294922
gaia,366e2f2b-8632-4ef2-81eb-bc3877489217,1.9393601417541504,-0.010605787858366966,1.1536082029342651,-0.36708372831344604,0.7022899985313416,1.342514157295227
gaia,4b6bb5f7-f634-410e-815d-e673ab7f8632,1.9391140937805176,0.027847228571772575,1.0727962255477905,-0.38825225830078125,0.7919100522994995,1.3532960414886475
gaia,04a04a9b-226c-43fd-b319-d5e89743676f,1.937372088432312,0.045504678040742874,1.1480094194412231,-0.2653021216392517,0.587132453918457,1.4213991165161133
gaia,16d825ff-1623-4176-a5b5-42e0f5c2b0ac,1.9372007846832275,0.03061111830174923,1.0863533020019531,-0.35009703040122986,0.7234416007995605,1.3880374431610107
gaia,023e9d44-96ae-4eed-b912-244ee8c3b994,1.936955451965332,-0.04459221288561821,1.0287102460861206,-0.587290346622467,0.8318190574645996,1.2871357202529907
gaia,7dd30055-0198-452e-8c25-f73dbe27dcb8,1.9366828203201294,-0.012403261847794056,1.3255336284637451,-0.45432257652282715,0.6256791353225708,1.1814472675323486
gaia,11af4e1a-5f45-467d-9aeb-46f4bb0bf034,1.9365240335464478,0.06577511876821518,0.7204546928405762,-0.4784911870956421,0.5728638172149658,1.6352198123931885
gaia,c526d8d6-5987-4da9-b24c-83466fa172f3,1.9363809823989868,-0.06968586891889572,1.2795006036758423,-0.16310298442840576,0.9765849709510803,1.0640153884887695
gaia,4d0aa727-86b1-406b-9b33-f870dd14a4a5,1.9345587491989136,0.034551285207271576,1.0274293422698975,-0.5650247931480408,0.6513407230377197,1.3940619230270386
gaia,b9763138-c053-4832-9f55-86200cb1f99c,1.9339755773544312,0.019454387947916985,1.1263206005096436,-0.47866135835647583,0.6421299576759338,1.3528547286987305
gaia,2dfc4c37-fec1-4518-84a7-10095d30ad75,1.9335616827011108,-0.05257243290543556,1.016817569732666,-0.1275157332420349,0.9198591709136963,1.3573288917541504
gaia,0383a3ee-47a7-41a4-b493-519bdefe0488,1.9324570894241333,-0.03474072366952896,1.0538212060928345,-0.3398021161556244,0.7762207388877869,1.3805315494537354
gaia,bec74516-02fc-48dc-b202-55e78d0e17cf,1.9292516708374023,0.010707569308578968,1.1071654558181763,-0.2531815767288208,0.8315548300743103,1.3193227052688599
gaia,a0068077-79f4-461a-adfe-75c1a4148545,1.926282286643982,-0.04629583656787872,0.8918249011039734,-0.4601284861564636,0.8994165062904358,1.3764241933822632
gaia,e1fc63a2-da7a-432f-be78-7c4a95598703,1.9236888885498047,0.027943270280957222,1.1296452283859253,-0.5874670147895813,0.6374918818473816,1.293432354927063
gaia,42576abe-0deb-4869-8c63-225c2d75a95a,1.9232022762298584,0.07981408387422562,1.0277000665664673,-0.6223675012588501,0.6472338438034058,1.3550965785980225
gaia,2d83110e-a098-4ebb-9987-066c06fa42d0,1.9212956428527832,0.13653217256069183,0.8868424892425537,-0.46920710802078247,0.5796429514884949,1.5325618982315063
gaia,8f80e01c-1296-4371-9486-bb3d68651a60,1.917510747909546,-0.05242413654923439,1.238750696182251,-0.1927427500486374,1.0074317455291748,1.0441627502441406
gaia,dc28cf18-6431-458b-83ef-64b3ce566c10,1.9164165258407593,0.06212388724088669,0.7733663320541382,-0.6433950662612915,0.4178483486175537,1.5767062902450562
gaia,edd4d4f2-1a58-45c4-b038-67337af4e029,1.9159318208694458,0.05989411473274231,1.0429385900497437,-0.5594946146011353,0.6566045880317688,1.3560643196105957
gaia,73c1b9fe-ee1d-4cf4-96ca-35c08f97b054,1.9157859086990356,0.06136424094438553,0.9808546304702759,-0.4245038628578186,0.7240220904350281,1.4155383110046387
gaia,872bfbb1-9ccf-49f6-8c5f-aa22818ccd66,1.9154208898544312,0.007545329164713621,1.1348683834075928,-0.293765664100647,0.7640299797058105,1.3080027103424072
gaia,5a0c1adf-205e-4841-a666-7c3ef95def9d,1.912968397140503,0.051643840968608856,0.9964432716369629,-0.3282594084739685,0.6569315791130066,1.458504557609558
gaia,d0633230-7067-47a9-9dbf-ee11e0a2cdd6,1.9061341285705566,-0.02413114346563816,1.1250953674316406,-0.23908497393131256,0.7783663272857666,1.3055620193481445
gaia,0a3cd321-3e76-4622-911b-0fda2e5d6b1a,1.905985951423645,-0.07639709860086441,0.9978391528129578,-0.30489522218704224,0.8356943726539612,1.3585851192474365
gaia,32102e3e-d12a-4209-9163-7b3a104efe5d,1.902704119682312,0.0441349633038044,0.9796017408370972,-0.4569789171218872,0.6856802105903625,1.4077203273773193
gaia,0a65cb96-cb6e-4a6a-8aae-c1084f613456,1.900104284286499,0.021177195012569427,1.027970314025879,-0.4186284840106964,0.6127792000770569,1.4152473211288452
gaia,cca70ce6-1952-45d2-acd4-80c903b0bc49,1.89995539188385,-0.03674190863966942,0.9757732152938843,-0.14658206701278687,1.026054859161377,1.2583410739898682
gaia,e961a717-6b25-4175-8a68-874d28190ee4,1.8971196413040161,0.025840334594249725,0.8778536319732666,-0.40981459617614746,0.6804866194725037,1.4823718070983887
gaia,99c9cc74-fdc8-46c6-8f8d-3ce2d3bfeea3,1.8967872858047485,0.034568965435028076,1.0297497510910034,-0.415144145488739,0.8406369090080261,1.2877897024154663
gaia,3ff6b7a9-a5bd-4412-ad92-0cd0d45c0fee,1.895625114440918,0.0686451718211174,0.9000076055526733,-0.45712387561798096,0.7439771294593811,1.4215894937515259
gaia,de9887f5-ead8-4727-876f-5a4078f8598c,1.8940463066101074,0.005282717756927013,1.0739651918411255,-0.40123382210731506,0.7134748101234436,1.328147292137146
gaia,5f982798-16b9-4051-ab57-cfc7ebdb2a91,1.8918935060501099,0.010646522976458073,1.1473321914672852,-0.1844392567873001,0.7942453026771545,1.2641385793685913
gaia,08cae58d-4084-4616-b6dd-dd6534e4825b,1.8889750242233276,0.03577152267098427,1.029587984085083,-0.33706212043762207,0.7921715974807739,1.3292962312698364
gaia,9e1fc53b-46ff-49a1-9d05-9e6faac34cc5,1.8828879594802856,-0.03158081695437431,1.026910662651062,-0.3486659526824951,0.781164824962616,1.3262485265731812
gaia,67e8878b-5cef-4375-804e-e6291fdbe78a,1.8824533224105835,-0.01704113744199276,1.1002212762832642,-0.5253357887268066,0.6228172183036804,1.2920001745224
gaia,840bfca7-4f7b-481a-8794-c560c340185d,1.8789798021316528,-0.04935421422123909,0.9395030736923218,-0.5173180103302002,0.7779601216316223,1.3323135375976562
gaia,4fc2f1ae-8625-45b5-ab34-ad4433bc21f8,1.8784477710723877,0.04414457827806473,1.0764362812042236,-0.5919198989868164,0.5735388994216919,1.3002058267593384
gaia,d8152ad6-e4d5-4c12-8bb7-8d57dc10c6de,1.8778531551361084,0.048318322747945786,1.0136972665786743,-0.28095608949661255,0.7547272443771362,1.3602209091186523
gaia,3cef3a44-215e-4aed-8e3b-b1e3f08063b7,1.8759504556655884,0.05148711055517197,0.9840490818023682,-0.45167961716651917,0.6879472732543945,1.3687773942947388
gaia,ad2b4d70-9314-4fe6-bfbe-894a45f6055f,1.8724048137664795,0.009816690348088741,1.183131217956543,-0.3230029046535492,0.7143974900245667,1.22123122215271
gaia,7619a514-5fa8-43ef-9143-83b66a43d7a4,1.8681597709655762,0.007831201888620853,1.0294009447097778,-0.38389989733695984,0.8509029746055603,1.24857497215271
gaia,df6561b2-7ee5-4540-baab-5095f742716a,1.8673405647277832,-0.03464458882808685,1.0182825326919556,-0.21895340085029602,0.9934345483779907,1.1896255016326904
gaia,87c610df-bef7-4932-b950-1d83ef4e282b,1.8664007186889648,0.0068588294088840485,0.9994214177131653,-0.2117045372724533,0.6150932312011719,1.4357751607894897
gaia,9f41b083-683e-4dcf-9185-ccfeaa88fa45,1.8642241954803467,0.03508416563272476,1.0095160007476807,-0.4423355460166931,0.7822780609130859,1.2839741706848145
gaia,db4fd70a-2d37-40ea-873f-9433dc5e301f,1.8629082441329956,0.0038948922883719206,1.0846716165542603,-0.4007083773612976,0.7897477746009827,1.2286765575408936
gaia,3da89939-209c-4086-8520-7eb734e6b4ef,1.8586653470993042,0.03729411959648132,1.1099345684051514,-0.228901207447052,0.77919602394104,1.2502559423446655
gaia,f46b4380-207e-4434-820b-f32ce04ae2a4,1.858346700668335,-0.02457677200436592,1.1225734949111938,-0.510323166847229,0.5501020550727844,1.276808261871338
gaia,b816bfce-3d80-4913-a07d-69b752ce6377,1.8567460775375366,0.05896609276533127,0.9330710172653198,-0.5390182137489319,0.7766932845115662,1.2973400354385376
gaia,ded28325-3447-4c56-860f-e497d6fb3577,1.8564951419830322,-0.06232275068759918,1.2184062004089355,-0.16532553732395172,0.9633129239082336,1.0033725500106812
gaia,b7f857e4-d8aa-4387-af2a-0e844df5b9d8,1.8542468547821045,0.012280738912522793,0.932981014251709,-0.5620414018630981,0.6548547148704529,1.3502047061920166
gaia,23dd907f-1261-4488-b21c-e9185af91d5e,1.8532540798187256,-0.005118179135024548,0.9948992729187012,-0.40829575061798096,0.7406119704246521,1.315110206604004
gaia,5b2a14e8-6e59-479c-80e3-4696e8980152,1.8493419885635376,-0.10056507587432861,1.0650255680084229,-0.42533352971076965,0.731495201587677,1.2529137134552002
gaia,305ac316-eef6-4446-960a-92d80d542f82,1.8489279747009277,-0.013460911810398102,1.0071755647659302,-0.4693402647972107,0.677506148815155,1.3133305311203003
gaia,71345b0a-9c7d-4b50-b2bf-937ec5879845,1.8442463874816895,-0.043436236679553986,1.0676919221878052,-0.43554145097732544,0.6317687630653381,1.2932325601577759
gaia,4b650a35-8529-4695-89ed-8dc7a500a498,1.8386943340301514,0.06073968857526779,0.9202522039413452,-0.32164379954338074,0.7368810772895813,1.3738574981689453
gaia,9318445f-fe6a-4e1b-acbf-c68228c9906a,1.837791919708252,-0.007574774790555239,1.0411996841430664,-0.07479143142700195,0.8953492045402527,1.2190728187561035
gaia,e9a2c537-8232-4c3f-85b0-b52de6bcba99,1.8343384265899658,0.05444652587175369,1.182961106300354,-0.31623151898384094,0.6439375281333923,1.2044677734375
gaia,14569e28-c88c-43e4-8c32-097d35b9a67d,1.8332570791244507,0.010957249440252781,0.9952313303947449,-0.3458900451660156,0.8009775280952454,1.2685192823410034
gaia,e2d69698-bc99-4e85-9880-67eaccd66e6c,1.8307629823684692,-0.03404989093542099,1.0396063327789307,-0.4864761531352997,0.6493147611618042,1.269898772239685
gaia,7673d772-ef80-4f0f-a602-1bf4485c9b43,1.828779935836792,-0.07523589581251144,1.1271612644195557,-0.2966720461845398,0.827954888343811,1.14035964012146
gaia,851e570a-e3de-4d84-bcfa-cc85578baa59,1.8286372423171997,-0.007112673483788967,0.9699124097824097,-0.4140200912952423,0.8995564579963684,1.1927151679992676
gaia,624cbf11-6a41-4692-af9c-36b3e5ca3130,1.8207629919052124,0.044715967029333115,1.0282357931137085,-0.34564411640167236,0.8550541400909424,1.1863057613372803
gaia,42d4198c-5895-4f0a-b0c0-424a66465d83,1.8172945976257324,-0.0658409520983696,0.9991332292556763,-0.08748888969421387,0.8167932033538818,1.2765135765075684
gaia,72e110e7-464c-453c-a309-90a95aed6538,1.8160793781280518,0.021343346685171127,0.9685444831848145,-0.38812553882598877,0.7867265343666077,1.2611446380615234
gaia,72c06643-a2fa-4186-aa5c-9ec33ae9b445,1.8128471374511719,-0.03933237865567207,1.0453506708145142,-0.09356936812400818,0.9271618127822876,1.1512048244476318
gaia,ec09fa32-d03f-4bf8-84b0-1f16922c3ae4,1.8100215196609497,0.06056302785873413,0.8779845237731934,-0.28136610984802246,0.8207671046257019,1.323818564414978
gaia,e0c10771-d627-4fd7-9694-05348e54ee36,1.80485999584198,0.09380429983139038,0.9283868670463562,-0.40817973017692566,0.7368341684341431,1.2984923124313354
gaia,7b5377b0-3f38-4103-8ad2-90fe89864c04,1.8006172180175781,0.038415614515542984,0.988714873790741,-0.47131913900375366,0.5817509889602661,1.3054077625274658
gaia,50ec8903-b81f-4257-9450-1085afd2c319,1.7989803552627563,0.01267036609351635,0.6857662200927734,-0.515519917011261,0.7653799057006836,1.3836501836776733
gaia,bda648d7-d618-4883-88f4-3466eabd860e,1.7938607931137085,-0.03326113149523735,0.8626511096954346,-0.4845938980579376,0.655483067035675,1.345094919204712
gaia,c8b7e059-c60d-472e-ad64-3b04ae1166dc,1.7930611371994019,-0.014796728268265724,1.0240601301193237,-0.3242158889770508,0.7856245636940002,1.2016851902008057
gaia,27d5d136-8563-469e-92bf-fd103c28b57c,1.790017008781433,0.023437565192580223,0.8970382213592529,-0.46271151304244995,0.4126783609390259,1.4195343255996704
gaia,48eb8242-1099-4c26-95d4-ef22b002457a,1.789475679397583,-0.003939067479223013,1.070587158203125,-0.28007662296295166,0.7600463032722473,1.1831960678100586
gaia,5188369a-3bbe-43d8-8b94-11558f909a08,1.7863903045654297,0.0302799791097641,0.8703837394714355,-0.42776668071746826,0.6794264316558838,1.3375416994094849
gaia,8e867cd7-cff9-4e6c-867a-ff5ddc2550be,1.785651683807373,-0.08411519974470139,0.8914918303489685,-0.3691615164279938,0.7988247275352478,1.27255380153656
gaia,389793a7-ca17-4e82-81cb-2b3a2391b4b9,1.7853786945343018,0.057733699679374695,0.8110001683235168,-0.23145267367362976,0.7351162433624268,1.3913625478744507
gaia,983bba7c-c092-455f-b6c9-7857003d48fc,1.7843101024627686,0.07005851715803146,1.0743128061294556,-0.4787977337837219,0.6890725493431091,1.151323676109314
gaia,cca530fc-4052-43b2-b130-b30968d8aa44,1.7791579961776733,-0.040964387357234955,0.9953141212463379,-0.16311553120613098,0.911312460899353,1.1478921175003052
gaia,17b5a6a3-bc87-42e8-b0fb-6ab0781ef2cc,1.767669916152954,0.009596114046871662,0.9902351498603821,-0.4006679952144623,0.5935639142990112,1.277199387550354
gaia,384d0dd8-e8a4-4cfe-963c-d37f256e7662,1.7659480571746826,-0.002442997647449374,1.0072208642959595,-0.2787356376647949,0.7272069454193115,1.223746418952942
gaia,0bdb7c40-671d-4ad1-9ce3-986b159c0ddc,1.763150930404663,-0.021835841238498688,0.8598492741584778,-0.2919450104236603,0.7787386775016785,1.2952585220336914
gaia,e29834fd-413a-455c-a33e-c3915b07401c,1.7618896961212158,-0.005425622686743736,0.8513559103012085,-0.4158194661140442,0.8541281223297119,1.2153221368789673
gaia,a1e91b78-d3d8-4675-bb8d-62741b4b68a6,1.7616838216781616,0.035702332854270935,0.9394820928573608,-0.43555134534835815,0.5942415595054626,1.2954055070877075
gaia,9d191bce-651d-4746-be2d-7ef8ecadb9c2,1.7561429738998413,0.027300652116537094,0.933785617351532,-0.5419015884399414,0.580527126789093,1.2575427293777466
gaia,ed58682d-bc52-4baa-9eb0-4eb81e1edacc,1.753706455230713,-0.04456508904695511,0.8298593759536743,-0.4585999846458435,0.7571454644203186,1.2661898136138916
gaia,08c0b6e9-1b43-4c2e-ae55-4e3fce2c2715,1.7534706592559814,-0.09090762585401535,1.030121088027954,-0.36937570571899414,0.6067982316017151,1.2283596992492676
gaia,c714ab3a-da30-4603-bacd-d008800188b9,1.75159752368927,0.018350675702095032,0.8346839547157288,-0.6147885322570801,0.560267448425293,1.2959675788879395
gaia,6b078778-0b90-464d-83f6-59511c811b01,1.7174599170684814,-0.022740831598639488,0.9632930159568787,-0.34691035747528076,0.7153236865997314,1.1788554191589355
gaia,a26649c6-1cb2-470a-871e-6910c64c3e53,1.7112584114074707,-0.0069053336046636105,0.978274941444397,-0.4210314154624939,0.5180456638336182,1.2352104187011719
gaia,b415aba4-4b68-4fc6-9b89-2c812e55a3e1,1.704641580581665,-0.0344814769923687,0.9913087487220764,-0.27609121799468994,0.7057278156280518,1.161392092704773
gaia,c3a79cfe-8206-451f-aca8-3fec8ebe51d3,1.702712893486023,0.07507205754518509,0.9347217679023743,-0.39411017298698425,0.7314987778663635,1.1554709672927856
gaia,08f3a05f-5947-4089-a4c4-d4bcfaa6b7a0,1.7014665603637695,0.03493991866707802,0.8631576895713806,-0.30337071418762207,0.5679693222045898,1.3173171281814575
gaia,a3fbeb63-0e8c-4a11-bff6-0e3b484c3e9c,1.7009197473526,0.000615730881690979,0.934342086315155,-0.35469305515289307,0.622268795967102,1.2276430130004883
gaia,b2c257e0-3ad7-4f05-b8e3-d9da973be36e,1.6938762664794922,-0.04172471538186073,0.8734443187713623,-0.22644539177417755,0.9113039970397949,1.106598138809204
gaia,8d46b8d6-b38a-47ff-ac74-cda14cf2d19b,1.681098222732544,-0.05618397891521454,1.0911648273468018,-0.29331836104393005,0.7385774850845337,1.0019572973251343
gaia,ad37a656-079a-49f9-a493-7b739c9167d1,1.6806766986846924,0.010262632742524147,0.655899703502655,-0.4282028377056122,0.7116613984107971,1.3056224584579468
gaia,c365c1c7-a3db-4d5e-a9a1-66f56eae7865,1.6795884370803833,0.07474108785390854,0.9392182230949402,-0.3113722503185272,0.7469455003738403,1.133139967918396
gaia,a7feb290-76bb-4cb7-8800-7edaf7954f2f,1.6731021404266357,-0.015849679708480835,0.9316733479499817,-0.2759699523448944,0.7796244025230408,1.116817831993103
gaia,6f37996b-2ac7-44b0-8e68-6d28256631b4,1.6598166227340698,0.041592106223106384,0.8304760456085205,-0.5019823312759399,0.4561972916126251,1.2669641971588135
gaia,2a649bb1-795f-4a01-b3be-9a01868dae73,1.6422351598739624,0.024993866682052612,0.8834206461906433,-0.36948949098587036,0.6155405640602112,1.183677077293396
online_mind2web,6b5be1764692d1dc8f17dc4375b2daa8,1.761846661567688,0.035590995103120804,0.9016516804695129,-0.04358498379588127,0.409586101770401,1.4565258026123047
online_mind2web,9d46ccb915eff39ee1ae1e7328f5f20d,1.7272495031356812,-0.07103585451841354,1.319135069847107,-0.17374001443386078,0.5785384774208069,0.9372199773788452
online_mind2web,1223b07536a87e0170ff87cbbebd1d3c,1.6960794925689697,0.017579704523086548,1.3658130168914795,-0.21395736932754517,0.4570637345314026,0.8698019981384277
online_mind2web,fcf4952d2a1d80ea505c555c3c3b54e7,1.6795560121536255,-0.027127180248498917,1.0136605501174927,0.09754272550344467,0.731427013874054,1.1175423860549927
online_mind2web,e43cbc8a0bf9e999884928d11006f894,1.6787954568862915,0.00523770647123456,1.2428752183914185,0.06166296452283859,0.44442570209503174,1.035518765449524
online_mind2web,2218042362d8fae73756eb309848c2b2,1.6732096672058105,-0.03009815141558647,1.098500370979309,0.04615700989961624,0.5982087850570679,1.110379695892334
online_mind2web,48c73f3f53e2611c4a1052457c1033db,1.669295310974121,-0.0053708902560174465,1.281385898590088,-0.04221844673156738,0.4592474699020386,0.9653529524803162
online_mind2web,aafd1fddea1558466ac6133934d35156,1.661286473274231,0.006839567795395851,1.0419883728027344,-0.09013292193412781,0.5771018266677856,1.154539942741394
online_mind2web,fc53ddd3421411a41c1020a3fdc84ec4,1.6604293584823608,-0.041463807225227356,1.2710926532745361,0.0021480396389961243,0.48871615529060364,0.9500005841255188
online_mind2web,c1d6ea6f2196d25782cc3646ff3090db,1.6602587699890137,-0.0375237837433815,1.210034728050232,-0.09738560020923615,0.6133160591125488,0.9521737098693848
online_mind2web,84f806c7fc15576673915f195efa72df,1.6583268642425537,-0.021307291463017464,1.020086407661438,0.17338860034942627,0.6566098928451538,1.1172606945037842
online_mind2web,b962927dfe03bf2274a54381127ed433,1.6576613187789917,0.00368974800221622,1.125905156135559,-0.12775123119354248,0.5526335835456848,1.0763152837753296
online_mind2web,502e864440283214e0180645015f568b,1.6567572355270386,-0.05803440883755684,1.0531038045883179,-0.039808835834264755,0.49229273200035095,1.1797795295715332
online_mind2web,0e5536aaad9d3462b06cf725e6ed535a,1.6561572551727295,-0.04345329850912094,1.2911291122436523,0.03761260211467743,0.44383811950683594,0.9367152452468872
online_mind2web,871e7771cecb989972f138ecc373107b,1.6552664041519165,0.03014899417757988,1.0383098125457764,-0.1755770593881607,0.3191673159599304,1.2365777492523193
online_mind2web,828c2d98616a9478d5864d847d5a1b28,1.6491434574127197,-0.002269994467496872,0.9708549976348877,-0.038173969835042953,0.5269522666931152,1.22391939163208
online_mind2web,c94551d2b18f9ad0ab31b0bd98ca42e3,1.6471474170684814,0.015642056241631508,1.0503265857696533,-0.15938380360603333,0.6295188665390015,1.0900511741638184
online_mind2web,bb314cb80f0f8489135cbf59074d11e2,1.645979404449463,0.06548056751489639,1.1120022535324097,-0.07274994254112244,0.4287167191505432,1.1329643726348877
online_mind2web,6b2cfae0ef25c73d1224b6ab74cb8b63,1.6448591947555542,0.025697147473692894,1.0213499069213867,-0.1217479407787323,0.5805590748786926,1.1447858810424805
online_mind2web,4e0f5561a76478da87995dee00b09572,1.6440497636795044,0.019268523901700974,0.9807623028755188,-0.14425423741340637,0.4365207552909851,1.2367881536483765
online_mind2web,7c09c2c7c87cf6bb1138701eb54284ea,1.6407389640808105,-0.022870631888508797,1.004397988319397,0.16291415691375732,0.6353479623794556,1.119375228881836
online_mind2web,e7f6cca9a8875f98fee3b711ead3a444,1.6398333311080933,0.07565886527299881,0.9785509705543518,-0.22964242100715637,0.33611583709716797,1.251312017440796
online_mind2web,271b36efd4346721b5542488ff997042,1.6352871656417847,0.037238433957099915,1.0569772720336914,0.12623539566993713,0.35729289054870605,1.188852310180664
online_mind2web,71f8de1834599fba443f40dbbfab8edd,1.6348909139633179,0.03431711345911026,1.0822657346725464,-0.17454808950424194,0.4082028567790985,1.1421350240707397
online_mind2web,39c388cdc468688c8139cc2bb5157c13,1.6342318058013916,0.02817525900900364,1.2154359817504883,-0.042603448033332825,0.4483395516872406,0.9952915906906128
online_mind2web,ab6ee3b83aab6cd283320f5e01003cff,1.6325595378875732,0.0472133532166481,1.081594705581665,-0.11245746910572052,0.445865273475647,1.133120059967041
online_mind2web,8244409b2c82043f966cad05f9afe132,1.6324454545974731,-0.04675382003188133,1.229522466659546,-0.07255709916353226,0.6188507080078125,0.8745923638343811
online_mind2web,b7258ee05d75e6c50673a59914db412e,1.631805658340454,-0.027022916823625565,1.005842924118042,0.14773768186569214,0.6474094390869141,1.1000475883483887
online_mind2web,3ef64f34eae59c9fac7ee9a4f18b4a0c,1.6308879852294922,0.0384632833302021,0.9611551761627197,-0.156449556350708,0.4604623317718506,1.2245303392410278
online_mind2web,fa9adb815b85d259f943d81874a052e5,1.63080632686615,0.02663722075521946,1.0723551511764526,-0.14779064059257507,0.5448907017707825,1.0912542343139648
online_mind2web,ec78d3a635e417bc2a80d03ca93d7165,1.630557656288147,-0.014502059668302536,1.2742506265640259,-0.006328340619802475,0.48553162813186646,0.8939926028251648
online_mind2web,4c186c6ed888d0c8d4cf4adb39443080,1.630014419555664,0.08741234987974167,1.0603108406066895,-0.2781170606613159,0.5201974511146545,1.0884547233581543
online_mind2web,8103786e0e5976ebf961bd062d5f39cd,1.6290920972824097,0.04065299779176712,1.0654449462890625,-0.1505674421787262,0.4827015697956085,1.1238757371902466
online_mind2web,f00e7accfb4a5e09680bdb326e6274ad,1.6268380880355835,0.043534114956855774,0.9341456890106201,-0.12308823317289352,0.2546114921569824,1.301536202430725
online_mind2web,62c8d970b3d13891f355911e5a8f4030,1.6260738372802734,0.016706161201000214,1.1729624271392822,-0.1388557255268097,0.49035191535949707,1.004265546798706
online_mind2web,11abb668c751dd56bb41f296a8bb3a13,1.6257785558700562,0.055751584470272064,0.9897987842559814,-0.046300798654556274,0.39661234617233276,1.2263805866241455
online_mind2web,4639a54f3ab549864fd8d60b7398b1e1,1.6242116689682007,-0.06010676547884941,0.9780687689781189,0.01476384699344635,0.5537683367729187,1.172419548034668
online_mind2web,26a0e5c21c145dd8448aa92f35bec5ea,1.620831847190857,0.02083054929971695,1.0565073490142822,-0.107777439057827,0.2981835901737213,1.1875852346420288
online_mind2web,816851ff92ff0219acf4364dcc2c4692,1.619809627532959,-0.016528092324733734,1.0221741199493408,-0.13599857687950134,0.5849772691726685,1.1037431955337524
online_mind2web,323bd85e3559655d89e5496b951a25e8,1.6196786165237427,0.04547499120235443,1.0482230186462402,-0.15890581905841827,0.35847100615501404,1.1708265542984009
online_mind2web,db1ffb5e60578597d1c3aa3c389ac7b1,1.6180967092514038,-0.03701511397957802,1.058467149734497,0.04456665366888046,0.5127046704292297,1.110419750213623
online_mind2web,87f4c5128e36cdb9366a138a7b61bb00,1.61749267578125,-0.03510842099785805,1.0636385679244995,-0.14071403443813324,0.5472714900970459,1.0796523094177246
online_mind2web,52efbab520734ef9bf7c09ba0f62cdc8,1.614575743675232,0.010822341777384281,1.057338833808899,-0.2091693878173828,0.3437427282333374,1.1519455909729004
online_mind2web,6174e5ddd40cfbdc33ee1502f40bac39,1.6145656108856201,-0.026572436094284058,1.1983267068862915,-0.07567232847213745,0.3558501601219177,1.019058108329773
online_mind2web,c577a14301a725e09ccd269a3e0b271e,1.6140730381011963,-0.0021583831403404474,1.091222882270813,0.036643095314502716,0.5466805100440979,1.0555860996246338
online_mind2web,c39d6c245f8243993e707d54d2f4acec,1.6135494709014893,-0.0065566375851631165,1.0706408023834229,-0.10349635779857635,0.5381972789764404,1.0755939483642578
online_mind2web,d1970c16271496cbbe166ecbecc0a1d8,1.6125822067260742,-0.005497529171407223,1.255467414855957,-0.0770382508635521,0.4708678722381592,0.8925084471702576
online_mind2web,b7a9a6b5d451164c09bbd27b670bc2ae,1.6111793518066406,0.02070147730410099,1.0320169925689697,-0.025818709284067154,0.36912479996681213,1.180643916130066
online_mind2web,9d09bc948462db032bac98968b11b008,1.6096771955490112,0.06546110659837723,0.9393777847290039,-0.1237306222319603,0.4596620202064514,1.2173871994018555
online_mind2web,987bad7c6d4726d64232a8a1c3386888,1.6093311309814453,-0.014978067949414253,1.1452836990356445,-0.15054962038993835,0.5030477046966553,1.0012741088867188
online_mind2web,26810ed9c123a62992e3eed31db3c5ee,1.6081516742706299,0.017894800752401352,0.9509261846542358,-0.21628469228744507,0.32055383920669556,1.237884283065796
online_mind2web,c073ac1bcf40f84c599affc97edbc396,1.6064926385879517,-0.012553706765174866,1.0515971183776855,0.02808944135904312,0.5954875349998474,1.058096170425415
online_mind2web,47bfe8a7e0e4e7efc837287b407fbe90,1.6030985116958618,-0.005299933720380068,1.1100318431854248,-0.08658251166343689,0.5626025199890137,1.0068446397781372
online_mind2web,9bb63ad0e38d5691a618932a8b31c05a,1.6026219129562378,0.050436027348041534,1.02956223487854,-0.06033875793218613,0.4540160298347473,1.139573335647583
online_mind2web,2207bb4f21786690cfed20b37253fb8b,1.6016689538955688,0.055888883769512177,0.9576388597488403,-0.27654385566711426,0.4354974031448364,1.1756432056427002
online_mind2web,4e3f6a538cc1f7321cfc50260db9545d,1.5999797582626343,0.057123638689517975,0.9057714939117432,-0.14804908633232117,0.4458376169204712,1.2324055433273315
online_mind2web,16200f51d63f0a47a58fa17acd49e368,1.598098635673523,0.04930108040571213,1.0791077613830566,-0.28170832991600037,0.3258013129234314,1.0972418785095215
online_mind2web,c03ee2be3d73556ab789c0ad1cbd3451,1.5980173349380493,-0.025753052905201912,1.2332478761672974,0.09957566112279892,0.3757209777832031,0.9389768838882446
online_mind2web,d730f4ff450da1bd60a836163736ef6a,1.5975470542907715,-0.018138378858566284,0.9975366592407227,0.05953603237867355,0.6905415058135986,1.0376343727111816
online_mind2web,0b2623e9fa5cea997f76490bcbc5220f,1.5969891548156738,0.013322369195520878,1.1881071329116821,-0.147666797041893,0.46175339818000793,0.950659990310669
online_mind2web,75146b7b67388b9244e0f21a1527c022,1.5959943532943726,-0.05451425164937973,0.8306732773780823,0.20400360226631165,0.6764054894447327,1.165348768234253
online_mind2web,29b7372d5a3884a2ba831af2d117af3c,1.5959758758544922,0.03285800293087959,1.1151254177093506,-0.13687080144882202,0.3209221661090851,1.0871567726135254
online_mind2web,3dca7cbe7d086619d837ff9f5312cebc,1.5954843759536743,-0.03425595536828041,0.9996193051338196,0.1935153603553772,0.5926904678344727,1.0759189128875732
online_mind2web,2e4e21cf1449c6894b17d571c47b77ea,1.5953446626663208,-0.0627078264951706,1.0227569341659546,-0.01445503905415535,0.5082135200500488,1.113823652267456
online_mind2web,0a0fa834ce41b5297c6474293383759d,1.5952644348144531,-0.04777541384100914,1.1638834476470947,-0.03968222811818123,0.3823680281639099,1.0210113525390625
online_mind2web,8f80e64e44e1fada018997b2fe869683,1.5927177667617798,-0.01101547759026289,1.0094289779663086,-0.21050384640693665,0.5565586090087891,1.0787649154663086
online_mind2web,783ce6a3499fa7cf25bc12f8f0ecbbbb,1.5926252603530884,-0.025210460647940636,1.0347322225570679,-0.04705878347158432,0.3549198508262634,1.1565474271774292
online_mind2web,bbbc243b4f18a7a897f0bc84e11d293f,1.5922969579696655,0.047034118324518204,0.957449197769165,-0.028421398252248764,0.3287371098995209,1.2287492752075195
online_mind2web,9af05e392cf3f5a8ff17aa764ba5bda6,1.5917805433273315,-0.024302048608660698,0.9895742535591125,0.16318470239639282,0.6288442611694336,1.0641586780548096
online_mind2web,92a3d4236f167af4afdc08876a902ba6,1.5911784172058105,0.05368245765566826,0.7504690289497375,-0.14711853861808777,0.285055935382843,1.365922451019287
online_mind2web,a13e4231a3d6a7000c622c56448d97ba,1.590606451034546,-0.04220570996403694,1.1154416799545288,0.14166870713233948,0.6984895467758179,0.8819643259048462
online_mind2web,b3f8bd9198d9d157e0848109563c4b23,1.5905179977416992,-0.014505254104733467,1.1869934797286987,0.12429779022932053,0.45340538024902344,0.9485607147216797
online_mind2web,84ef883a37af638c3bcf7561f28ce80a,1.5897830724716187,-0.02434220165014267,0.9154797792434692,0.23211610317230225,0.5936458110809326,1.1327018737792969
online_mind2web,547f5729c59d5d12a457a3ebb74c31c6,1.5888373851776123,-0.035270094871520996,0.9482153058052063,-0.0820675790309906,0.5613900423049927,1.1416645050048828
online_mind2web,e9f4dfc67e0e6aa37f05f7cc5aa7428c,1.5874621868133545,-0.030338969081640244,0.9631568789482117,-0.004482492804527283,0.6496623754501343,1.0817965269088745
online_mind2web,2c8ef01a92c71ba9ef2e59bb17eea2b3_110325,1.5872141122817993,0.014534848742187023,1.011155366897583,-0.18321776390075684,0.4871915578842163,1.107198715209961
online_mind2web,f158345f8489e0d1d91e28768c39bca1,1.5864717960357666,-0.028384419158101082,0.8858435750007629,0.21916061639785767,0.5649932026863098,1.1683001518249512
online_mind2web,eb323dc584156d0eb3a2b90bb8c4b791,1.5863120555877686,-0.01670895144343376,1.1933205127716064,0.016077466309070587,0.5171455144882202,0.9081156849861145
online_mind2web,73d08420706ae205a9c5be28b6d4e80f,1.5859570503234863,0.0006286464049480855,1.0335254669189453,0.02268124371767044,0.2800310552120209,1.1696807146072388
online_mind2web,afcebfed28bea091d58f49ea6cb8194b,1.5847632884979248,-0.0394163653254509,1.2126712799072266,0.06003240495920181,0.488312691450119,0.8937839865684509
online_mind2web,ba2a469af584f16da93ce6a7430cf7e5,1.5841450691223145,-0.03531377762556076,0.9844819903373718,0.13825386762619019,0.6443766951560974,1.0516537427902222
online_mind2web,78baf9dbe7c3532f7d7ef4cc22a7f065,1.5840524435043335,0.003962663002312183,1.0925703048706055,-0.051308341324329376,0.5342078804969788,1.0136574506759644
online_mind2web,7562d9b4e4829a44245aafce2e1f62db,1.5838922262191772,-0.026789965108036995,1.0399534702301025,0.03234699368476868,0.5041770339012146,1.0825759172439575
online_mind2web,b64f938af842f6a1b4489d0e49a785a7,1.5837501287460327,-0.009855356067419052,1.0598013401031494,-0.06499876081943512,0.7083597183227539,0.9375966787338257
online_mind2web,d9d8b7d84a3f8d057e368254fe8d65e2,1.582480549812317,0.013368193060159683,1.0406115055084229,-0.12756069004535675,0.5322615504264832,1.0591497421264648
online_mind2web,b6d10e9bd19b4009a02dea0e98f4e1ae,1.5818737745285034,0.04646831750869751,1.0214412212371826,-0.3569381833076477,0.28490251302719116,1.1182163953781128
online_mind2web,96afb3c51146b0c2a9c55f039a5ea6d6,1.5817655324935913,-0.033815767616033554,1.1051491498947144,0.15243631601333618,0.6900389790534973,0.8838762044906616
online_mind2web,199be0b54a436daee74247971fc684ee,1.5816984176635742,0.00698785251006484,1.1879990100860596,0.013682767748832703,0.44701138138771057,0.9436217546463013
online_mind2web,8fdec8eeffd3491e6526cc78c028120b,1.58104407787323,0.07804937660694122,0.9791560769081116,-0.28420722484588623,0.4477141201496124,1.122377872467041
online_mind2web,bc2ce7f206045dd2d322e5695a947219,1.5809201002120972,0.0309097059071064,1.0602943897247314,-0.2503508925437927,0.3836032450199127,1.0794707536697388
online_mind2web,ef289e34a2f59a707cb07e2a6229ff03,1.5798108577728271,-0.0034459189046174288,1.1340051889419556,0.0686710849404335,0.5360401272773743,0.9580081701278687
online_mind2web,50d91eabde542906937ab4c5b6f8f23a,1.579298734664917,-0.014442193321883678,1.0244301557540894,0.0027101561427116394,0.46294108033180237,1.1092363595962524
online_mind2web,8f80e64e44e1fada018997b2fe869683_110325,1.577000379562378,9.499389852862805e-05,0.9555667638778687,-0.13698074221611023,0.4317273497581482,1.169901728630066
online_mind2web,1ab384fb3a791edfb410213cc6b82151_110325,1.5768661499023438,-0.013911928050220013,1.0057421922683716,-0.03371886909008026,0.5188323855400085,1.0975725650787354
online_mind2web,85b284c18d7e78c9b5a9e074e7aa3b98,1.576387882232666,-0.09314832091331482,1.0842442512512207,0.00425286591053009,0.6024256944656372,0.9728712439537048
online_mind2web,0b838cd54f826c59c71f600c56b89a11,1.5755183696746826,-0.033730197697877884,1.1063214540481567,0.163842111825943,0.6768600940704346,0.879390299320221
online_mind2web,c801d1c951f59297f526bab84fa86c6e,1.5748077630996704,-0.032315682619810104,1.1059731245040894,0.17051273584365845,0.6782839298248291,0.8761845827102661
online_mind2web,9d090a15c214eb070d9caa8a034d03c1,1.5747443437576294,-0.033000264316797256,1.106903314590454,0.16839072108268738,0.6766376495361328,0.8765790462493896
online_mind2web,e4e19e04286f644d747d8c5a79d17fac,1.5741091966629028,0.06002623960375786,0.6932722330093384,-0.33208900690078735,0.47924014925956726,1.287338137626648
online_mind2web,59912927c1fddee6ded8a49986896bc2,1.5740915536880493,-0.03430400416254997,1.1057674884796143,0.17014867067337036,0.6698819994926453,0.8816746473312378
online_mind2web,0b51b4fa0295ae80ccd176ebdad6fff6,1.5739552974700928,0.0006238145288079977,0.9184529185295105,0.06653670221567154,0.5291848182678223,1.1616005897521973
online_mind2web,1bc154377120ec15b18dbabdba49c741,1.573919653892517,-0.03281262144446373,1.1057595014572144,0.1686343550682068,0.6735504865646362,0.8788691759109497
online_mind2web,92160852a6bbbc165cee4e14ab0b1d59,1.5735528469085693,-0.03217041492462158,1.1072205305099487,0.16713109612464905,0.672903835773468,0.8771538138389587
online_mind2web,c43a7dccf5c44f7b45a821e712dd1970,1.5735101699829102,-0.032861605286598206,1.1027960777282715,0.16171672940254211,0.6775299310684204,0.880099892616272
online_mind2web,949dc965a6c23a95663b3bc2ca2c3a8a,1.5730617046356201,-0.033306702971458435,1.1024305820465088,0.16228345036506653,0.678287148475647,0.8790679574012756
online_mind2web,fb7b4f784cfde003e2548fdf4e8d6b4f,1.5729925632476807,0.01964063011109829,1.0075292587280273,-0.07658042013645172,0.35608214139938354,1.1517515182495117
online_mind2web,c8c1ff115879b3afd14280beb1559b13,1.5729690790176392,-0.03278080374002457,1.1046056747436523,0.16843414306640625,0.6712623834609985,0.8804060816764832
online_mind2web,824eb7bb0ef1ce40bfd49c12182d9428,1.571948528289795,-0.029823919758200645,1.1130744218826294,0.1464131474494934,0.6616887450218201,0.879101037979126
online_mind2web,123e8c2fc453f55fadd1d0b9aaf94df4,1.5717171430587769,0.02382844127714634,0.9380265474319458,-0.12250858545303345,0.596759557723999,1.104205846786499
online_mind2web,7e1047f4803237f319c004f7a7f6bccb,1.5716322660446167,-0.03299392759799957,1.1051878929138184,0.1676650047302246,0.6719916462898254,0.8768712282180786
online_mind2web,733f1d8bf79d5bc2240c5357f928ffff,1.5715264081954956,-0.03217437118291855,1.104287028312683,0.16757404804229736,0.6690866351127625,0.8800496459007263
online_mind2web,f2097f92a10d42a842c14179f422311e,1.5712937116622925,-0.010965139605104923,1.0306050777435303,-0.2224113643169403,0.43034398555755615,1.0826609134674072
online_mind2web,7fff82864f21ddeccf4104a220892824,1.57120943069458,-0.03353924676775932,1.104071021080017,0.16828808188438416,0.6707698106765747,0.8783355355262756
online_mind2web,4c572a627b53b0f9a734ab37f21819b8,1.5708223581314087,0.02984139509499073,1.0585577487945557,0.05010098218917847,0.3556663691997528,1.1035984754562378
online_mind2web,512fd4deab099b8dc0dcfc0ec48a3c63,1.5702359676361084,-0.009385524317622185,1.064274787902832,-0.1337386667728424,0.5433748364448547,1.0098603963851929
online_mind2web,1ab384fb3a791edfb410213cc6b82151,1.5697818994522095,-0.030794668942689896,1.1163387298583984,0.15599334239959717,0.6514087319374084,0.8771179914474487
online_mind2web,1fc28d91d25ccd1c6ba268101326a654,1.5690631866455078,0.04722130671143532,0.9439914226531982,-0.2565292716026306,0.26560449600219727,1.1977005004882812
online_mind2web,367d843c640637745e8fafa741cca13b,1.5688127279281616,-0.016343291848897934,1.2227836847305298,-0.020017549395561218,0.48594850301742554,0.8540648818016052
online_mind2web,f389398d2eeb29e5571e00439c57eb76,1.5687060356140137,-0.034309908747673035,1.1061787605285645,0.18132811784744263,0.6596896052360535,0.8770046830177307
online_mind2web,e7301bb694871429bf2eb36c3a72186c,1.5686849355697632,-0.02038400061428547,1.0334542989730835,0.07333856076002121,0.6009631752967834,1.0130199193954468
online_mind2web,2d5a7f95f951a26838289dfd629ae850_110325,1.5684001445770264,-0.02088952623307705,1.0337001085281372,0.12484186142683029,0.6298340559005737,0.9894779920578003
online_mind2web,3dca7cbe7d086619d837ff9f5312cebc_110325,1.5677382946014404,0.014162471517920494,0.9410247206687927,-0.05209396779537201,0.3350163400173187,1.2071975469589233
online_mind2web,b3a7da968de13bbdcaed12ffe4993df6,1.5671348571777344,-0.03479674085974693,1.1032590866088867,0.16609397530555725,0.6717332601547241,0.871732771396637
online_mind2web,0632e496d37badee0350dad358f047c5,1.5666383504867554,0.01952124759554863,0.9716557264328003,-0.06125594303011894,0.2939034700393677,1.1916834115982056
online_mind2web,f2be37a9a60fbc25b6b11cf622d17352,1.566502571105957,-0.030852988362312317,1.113283634185791,0.15414020419120789,0.6505618095397949,0.8760935068130493
online_mind2web,239a29bde438fe44fe17fe1390ef1634,1.5663554668426514,-0.03865407779812813,1.103468656539917,0.15765011310577393,0.6760263442993164,0.8683093190193176
online_mind2web,d1807551297ac60ecaaabbd2a2ed301a_110325,1.5659376382827759,-0.030405482277274132,1.0292081832885742,-0.08721356838941574,0.4455466568470001,1.0893912315368652
online_mind2web,636b07af4dd97c1793733db1fd1b90b8,1.5657628774642944,-0.025456007570028305,0.9963688850402832,0.04069419950246811,0.6563758254051208,1.0131027698516846
online_mind2web,c181f903ec1107b850032c17cad88393,1.5650349855422974,-0.025246817618608475,1.242724895477295,-0.16715621948242188,0.47002437710762024,0.8100032806396484
online_mind2web,d5c34bf39eb6096ae5d439325cde4d32,1.564725637435913,0.06393615156412125,0.7962493300437927,-0.3274998366832733,0.16620081663131714,1.295945405960083
online_mind2web,1c3b747ae12ccee895745f82e3f2ef8a,1.564199686050415,-0.06258876621723175,0.9065008163452148,0.16776716709136963,0.5235382914543152,1.1501038074493408
online_mind2web,8ae510355d978424f490798f900bfa2c,1.5639976263046265,-0.0072140623815357685,1.1477521657943726,0.08584799617528915,0.5076069235801697,0.9293647408485413
online_mind2web,ba01ea557b73f864c35ebba0dd6f3cb2,1.5639028549194336,-0.04411281645298004,0.9894026517868042,-0.10384482890367508,0.5977957248687744,1.0482035875320435
online_mind2web,c7c07ec10c668625a21ba64165d719bb,1.5625224113464355,0.0029078300576657057,1.182470679283142,-0.12847422063350677,0.4457748234272003,0.9099552631378174
online_mind2web,eb2db4b769c145dbe6ba4f74f3e0de98,1.562472939491272,-0.017998937517404556,0.9551202654838562,0.18338757753372192,0.6274449825286865,1.0496423244476318
online_mind2web,d8e2a81fa621ce4737e5ea85671b630e_110325,1.5600427389144897,-0.003710934892296791,1.0105139017105103,-0.020627345889806747,0.49491190910339355,1.0803850889205933
online_mind2web,fe33894188d20d7469f37a9fd855e7ff_110325,1.5597935914993286,-0.019238043576478958,1.062907338142395,-0.07019206881523132,0.32852035760879517,1.0910230875015259
online_mind2web,59b7b990b4828bc305ab0d7ed6071b55,1.5591437816619873,-0.007871815003454685,1.149216890335083,0.011582359671592712,0.5021259188652039,0.9262641668319702
online_mind2web,7211af65d266402f99499053924262e9,1.5588849782943726,-0.04250802472233772,0.814750075340271,0.06052238494157791,0.6993910074234009,1.1284918785095215
online_mind2web,b99c02965196d51e80ac7539e33f335b,1.5575404167175293,-0.007502914406359196,1.210303544998169,-0.1287241280078888,0.5322081446647644,0.8131924271583557
online_mind2web,5dec0e6620849459f29e6465982c597e,1.5567539930343628,-0.027623865753412247,0.9451096653938293,0.1886613368988037,0.5664007663726807,1.0834424495697021
online_mind2web,b2f4fde2fce122a93c7b578086cb0585,1.5567063093185425,-0.04613950476050377,1.2086924314498901,0.09459293633699417,0.4472717344760895,0.8679845333099365
online_mind2web,9f1cba613830ca1c6a58f9498c06e679,1.556424617767334,-0.004414071794599295,0.8967047929763794,-0.09504050016403198,0.45136120915412903,1.185587763786316
online_mind2web,bb5d90e6f2fbc0ae146f7c1998c2b4a1,1.5539286136627197,-0.04549546167254448,0.8885682821273804,0.09708749502897263,0.5854818820953369,1.1282401084899902
online_mind2web,23204728192da9f73197a613d9681c18,1.553688645362854,0.06869456171989441,1.0090100765228271,-0.09256035089492798,0.32869982719421387,1.131033182144165
online_mind2web,47e314cc452c540524ffb7cf520285a3,1.55289626121521,-0.05800917372107506,1.0556933879852295,0.1597687005996704,0.49372267723083496,1.0137603282928467
online_mind2web,5e1b8254c123c80178cc28e0afdb14f0_110325,1.552639126777649,0.0013856501318514347,0.9774450659751892,-0.10315434634685516,0.3675019443035126,1.1443736553192139
online_mind2web,b4aa7315e31dfcdc52baf7771be260c9,1.5517767667770386,-0.035609446465969086,0.9854977130889893,-0.08515565097332001,0.46399667859077454,1.1019350290298462
online_mind2web,2dd41b1d0e8f389d0683f4a4627abfe6,1.55061936378479,0.04095742851495743,0.9388764500617981,-0.0511733740568161,0.4650352895259857,1.1419521570205688
online_mind2web,b320c68bffc1f3c7f2a8dc9d5478fb27,1.5500038862228394,0.07067994773387909,0.9320046305656433,-0.15294493734836578,0.4518069922924042,1.1429600715637207
online_mind2web,dd44c665cec1e9c929a4c5f074e7844a,1.5479974746704102,-0.007581938989460468,1.1236162185668945,0.10878042131662369,0.3580586910247803,0.9968668818473816
online_mind2web,199be0b54a436daee74247971fc684ee_110325,1.5471570491790771,0.01284034550189972,0.9740709662437439,-0.09254026412963867,0.47509825229644775,1.1002719402313232
online_mind2web,662ae0f2d3ac851dbcdd245f908277e3,1.5462801456451416,0.052578721195459366,1.0432418584823608,-0.04058287665247917,0.36689841747283936,1.0799846649169922
online_mind2web,a6f0434ce6aff5f9b03681241b03ad82,1.5461677312850952,0.04313807934522629,0.988105297088623,-0.08173496276140213,0.4149949550628662,1.1114768981933594
online_mind2web,c6c9dc6079677cef594cec2fa6b16602,1.5461009740829468,0.016321225091814995,1.176595687866211,0.02831941843032837,0.4474771022796631,0.8972251415252686
online_mind2web,5d542a7ec1fa142ba73cc87d970caf39,1.5456370115280151,-0.029451699927449226,1.0347346067428589,0.05677247792482376,0.5437439680099487,1.009671926498413
online_mind2web,e7f6cca9a8875f98fee3b711ead3a444_110325,1.545416235923767,0.024631716310977936,0.9552659392356873,-0.2661252021789551,0.24660125374794006,1.159372091293335
online_mind2web,f707d765bca668830745d20807d7bee6,1.5443321466445923,-0.02802927792072296,1.0003385543823242,-0.011489368975162506,0.4599308669567108,1.082874059677124
online_mind2web,3ae28b3c440efe87dc700480b78ac608,1.5442830324172974,0.01620343327522278,0.8572261333465576,0.016286611557006836,0.5477361083030701,1.161763072013855
online_mind2web,415bf9da6f3db3a735ecbba3b0c76c15,1.5439598560333252,-0.012839658185839653,1.165455937385559,-0.037978243082761765,0.5865566730499268,0.8246412873268127
online_mind2web,26784156ae9859a0dd6c5920eb106f91,1.5437606573104858,0.040448322892189026,0.8077006340026855,-0.08590060472488403,0.4597304165363312,1.2296688556671143
online_mind2web,6db4a0e346976f2729ba9afcd3208941,1.5431389808654785,0.01863023079931736,0.8719943761825562,-0.052028901875019073,0.516135573387146,1.1626696586608887
online_mind2web,fd787623166785d84093565bf945fd24,1.5427120923995972,0.07284364849328995,0.8364238142967224,-0.23906120657920837,0.36311209201812744,1.2212105989456177
online_mind2web,da8f3823a827c7d3a492f383808e7912,1.5423914194107056,-0.06670792400836945,0.9724634289741516,0.11493637412786484,0.4208334982395172,1.1148878335952759
online_mind2web,07bdc595306729a028ba06cc7451a80a,1.5421593189239502,-0.017733363434672356,0.9385068416595459,-0.026172500103712082,0.4285240173339844,1.1459242105484009
online_mind2web,0a0fa834ce41b5297c6474293383759d_110325,1.541873574256897,-0.007237542420625687,1.0332560539245605,-0.11641712486743927,0.5897834300994873,0.9738370776176453
online_mind2web,d8e2a81fa621ce4737e5ea85671b630e,1.5417461395263672,-0.07657448947429657,1.1144894361495972,0.04558026045560837,0.3873833119869232,0.9913380742073059
online_mind2web,c3307a70bb12ebf56cc9ec926b368f15,1.5415641069412231,0.026902753859758377,0.9624917507171631,-0.21644780039787292,0.3720083236694336,1.1246286630630493
online_mind2web,4d3157aab34b54e5f0c4b965dfe930f3,1.540920376777649,-0.007994646206498146,1.01756751537323,-0.08478692173957825,0.5087632536888123,1.035839319229126
online_mind2web,005be9dd91c95669d6ddde9ae667125c,1.5408269166946411,-0.014102286659181118,1.072057843208313,0.022738583385944366,0.3896259367465973,1.035622477531433
online_mind2web,3c1ffc3f494e423b3c434c79e35da8f3_110325,1.5406079292297363,0.025273442268371582,0.9607766270637512,-0.30140772461891174,0.27215299010276794,1.1337844133377075
online_mind2web,5e1b8254c123c80178cc28e0afdb14f0,1.5399065017700195,0.033723797649145126,0.9309236407279968,-0.14162510633468628,0.5217089653015137,1.1011155843734741
online_mind2web,3adeea7627f4343069f38adae40f73d0_110325,1.5395817756652832,0.024360040202736855,0.9541158676147461,-0.2516350746154785,0.23392152786254883,1.1584193706512451
online_mind2web,824eb7bb0ef1ce40bfd49c12182d9428_110325,1.5394986867904663,-0.01895705796778202,0.9985455274581909,0.12337086349725723,0.6260507106781006,0.9827528595924377
online_mind2web,9ef1a8972f375db59c0e6329e11b7939,1.5382072925567627,-0.04748505726456642,0.8912879228591919,-0.07927656173706055,0.5512410402297974,1.1231812238693237
online_mind2web,4464a8421f8bc8786524a499258dfad3,1.5366489887237549,-0.06438905000686646,1.0141007900238037,0.02985280007123947,0.5242579579353333,1.0281789302825928
online_mind2web,0170ca95038b05fa58d463fe627ac605,1.536622405052185,0.016968511044979095,1.0597314834594727,-0.0973660796880722,0.27469098567962646,1.073891282081604
online_mind2web,33bd2cdcea4fcc42a09a8a1e4e5841c6,1.5363737344741821,-0.013885945081710815,0.9848427176475525,0.12185648828744888,0.5930220484733582,1.0119311809539795
online_mind2web,38203be65401943aea2179c4c680059a,1.5356760025024414,0.07527545094490051,1.0320615768432617,-0.17124977707862854,0.4248466193675995,1.0408307313919067
online_mind2web,c577a14301a725e09ccd269a3e0b271e_110325,1.5351204872131348,-0.018336186185479164,0.9947068691253662,0.12931719422340393,0.6181715130805969,0.9840193390846252
online_mind2web,f2be37a9a60fbc25b6b11cf622d17352_110325,1.534317135810852,-0.019029440358281136,0.9863566160202026,0.12457434087991714,0.6244434714317322,0.9878164529800415
online_mind2web,33bd2cdcea4fcc42a09a8a1e4e5841c6_110325,1.5342528820037842,-0.019257908686995506,0.9848764538764954,0.13087734580039978,0.6240683197975159,0.9886152744293213
online_mind2web,636b07af4dd97c1793733db1fd1b90b8_110325,1.5333671569824219,-0.022538000717759132,1.0040457248687744,0.11571233719587326,0.6427807807922363,0.9573664665222168
online_mind2web,78f397336b6fd1cbba0127db7a8cd502,1.5332180261611938,0.011475917883217335,0.9950945377349854,-0.18923911452293396,0.473041832447052,1.0492684841156006
online_mind2web,301f267f421b93045874726183e8f722,1.5330545902252197,-0.03310741111636162,1.0398011207580566,0.08815299719572067,0.49964389204978943,1.0058107376098633
online_mind2web,816851ff92ff0219acf4364dcc2c4692_110325,1.5330305099487305,-0.02041618525981903,0.9857505559921265,0.13140597939491272,0.6237663626670837,0.9859645962715149
online_mind2web,62f1626ce249c31098854f8b38bdd6cf_110325,1.5322507619857788,-0.020326774567365646,1.0016372203826904,0.1084204688668251,0.641674816608429,0.9596946835517883
online_mind2web,64345c365f544375357c7b67917f08a0_110325,1.532028317451477,-0.02870086394250393,1.0448609590530396,-0.06147129833698273,0.5109264254570007,0.9952646493911743
online_mind2web,9c97bab9c2abfb90a426cbe9addae8d0_110325,1.5318937301635742,-0.01867137849330902,0.9914845824241638,0.12322699278593063,0.6243813633918762,0.9790912866592407
online_mind2web,11857213ca01510f12813740afd59918,1.5310744047164917,-0.00603678310289979,1.158901333808899,0.004383206367492676,0.5112635493278503,0.8600737452507019
online_mind2web,3c1ffc3f494e423b3c434c79e35da8f3,1.5302530527114868,0.018289126455783844,0.9164999723434448,0.05440664291381836,0.48493289947509766,1.1240917444229126
online_mind2web,157f4a79d55e8fa3fd55ba772ba40fbc,1.5296839475631714,-0.02259404957294464,1.1824451684951782,0.07044748216867447,0.40346965193748474,0.8797760605812073
online_mind2web,99daaed9a83c266341d28aa40067d376,1.529280424118042,-0.05042111128568649,1.1565542221069336,-0.14838488399982452,0.563264787197113,0.8135082721710205
online_mind2web,e7301bb694871429bf2eb36c3a72186c_110325,1.528904676437378,-0.018387893214821815,0.9945177435874939,0.1294611692428589,0.6157673597335815,0.9759888648986816
online_mind2web,d730f4ff450da1bd60a836163736ef6a_110325,1.527767300605774,-0.01875314489006996,0.9975966215133667,0.1272301971912384,0.6156090497970581,0.9714484214782715
online_mind2web,690d7b4a285fdb1e9dabf973bf46ae4d,1.5256116390228271,-0.04950016736984253,0.9011474251747131,-0.034968048334121704,0.5075839161872864,1.1209638118743896
online_mind2web,63d6866fc000fcb1f153e07604bd1395,1.5253850221633911,0.0031871655955910683,1.132844090461731,-0.19784614443778992,0.4526553153991699,0.8941051959991455
online_mind2web,8689af4d33ce00bf2cdd8987d3bbfd86,1.5248138904571533,-0.03141443431377411,0.9650099873542786,-0.0027080178260803223,0.39677420258522034,1.111924409866333
online_mind2web,34992feb69eb8e788faa06868b365c49,1.5247105360031128,0.006191734690219164,1.0356190204620361,-0.14404219388961792,0.4061677157878876,1.0327221155166626
online_mind2web,a0a18ca6a3529f3e97c771aadd42d3a0,1.5242277383804321,-0.030201690271496773,1.1577132940292358,-0.07976630330085754,0.5054371356964111,0.8492000699043274
online_mind2web,627f7a18d85f29a687234f1ade4585c2,1.5232635736465454,-0.016172699630260468,1.0201516151428223,-0.18376308679580688,0.40730202198028564,1.0392106771469116
online_mind2web,62f1626ce249c31098854f8b38bdd6cf,1.5231298208236694,0.07068321108818054,0.9059231877326965,-0.04335324838757515,0.5005230903625488,1.1166131496429443
online_mind2web,180ed2ec377ef3a4af9035a21522091a,1.5230869054794312,-0.009289020672440529,1.1858227252960205,-0.21131646633148193,0.344497412443161,0.8661899566650391
online_mind2web,3443e9c3151fef19a3c3a45eb2c13640,1.5226390361785889,-0.04058970883488655,1.155530571937561,0.004915252327919006,0.5204612612724304,0.843963623046875
online_mind2web,a0a18ca6a3529f3e97c771aadd42d3a0_110325,1.5218174457550049,-0.022268524393439293,1.0206738710403442,0.10385798662900925,0.6303651332855225,0.9305946826934814
online_mind2web,8ea6c3a2ea3f59150619935261a76d19,1.521506428718567,0.02320200391113758,0.9383278489112854,-0.07480843365192413,0.35924044251441956,1.1401195526123047
online_mind2web,aa4b5cb7114fcc138ade82b4b9716d24,1.5212812423706055,-0.020342091098427773,1.031324863433838,-0.04212700575590134,0.3657712936401367,1.0559840202331543
online_mind2web,bb518416a786fdb9b9bbf0c78515595e,1.5212007761001587,-0.03207214176654816,1.1871968507766724,-0.04074307531118393,0.44948917627334595,0.8372064828872681
online_mind2web,6ca20f1da01edeb49a7a42c816d8c6fe,1.5198651552200317,0.0854216068983078,0.9706912040710449,-0.14187279343605042,0.418960303068161,1.0826324224472046
online_mind2web,b922508886ded315c9835457a6eb43ea,1.5186022520065308,0.04667642340064049,1.055784821510315,-0.17392855882644653,0.47584691643714905,0.9668452143669128
online_mind2web,0a54069a0ef542e571d1fee7f39c93d5,1.5176138877868652,-0.05438936501741409,1.027147650718689,-0.09555897116661072,0.5419993996620178,0.9722267985343933
online_mind2web,fe33894188d20d7469f37a9fd855e7ff,1.5172500610351562,-0.08223327994346619,0.9027422666549683,0.05218219757080078,0.500946581363678,1.1106005907058716
online_mind2web,e3ab665e01e7632ce33ac1aeca14aff6,1.5164510011672974,-0.00908889900892973,1.1170601844787598,-0.13413241505622864,0.37831273674964905,0.9437626600265503
online_mind2web,c3a333968fc3c43d7f2688f425a0d633,1.5160338878631592,-0.011303727515041828,0.9120239019393921,0.09368760138750076,0.5946671962738037,1.0507924556732178
online_mind2web,9ed3827266b3b804f485859c3d00401e,1.5154902935028076,-0.028046879917383194,1.0127657651901245,0.07196254283189774,0.5306959748268127,0.9920684099197388
online_mind2web,0e42c3a73f2aece1f854e0ba55b7c8b0,1.514317274093628,-0.02088632993400097,1.1690585613250732,0.06191130727529526,0.39890119433403015,0.8737871050834656
online_mind2web,3adeea7627f4343069f38adae40f73d0,1.5119386911392212,-0.020028917118906975,0.9609999060630798,0.04293599724769592,0.41062548756599426,1.0917788743972778
online_mind2web,3f312ae3efc3c3e90ababe050dd4e7ae,1.5111459493637085,0.023260287940502167,0.9681126475334167,-0.19730323553085327,0.4396512806415558,1.0555083751678467
online_mind2web,7b182a5087347d494b48a29dbc0f1d3e,1.510960340499878,-0.018475577235221863,0.9074335694313049,-0.09623110294342041,0.5213667154312134,1.0855790376663208
online_mind2web,bf3b311cc8dce16d3de844f4b5875dfd,1.5087116956710815,0.08471287786960602,1.0415229797363281,-0.29156365990638733,0.3524875044822693,0.9910520315170288
online_mind2web,dd44c665cec1e9c929a4c5f074e7844a_110325,1.5080366134643555,-0.007598844822496176,1.0677937269210815,-0.0052098557353019714,0.46689239144325256,0.9570660591125488
online_mind2web,79f0bd7df6e685f30f20025cc6755c0a,1.507278323173523,-0.0217015128582716,0.935141921043396,0.061038218438625336,0.6608209609985352,0.978257417678833
online_mind2web,502e864440283214e0180645015f568b_110325,1.5067452192306519,-0.012671317905187607,1.0485966205596924,-0.06268410384654999,0.40401700139045715,1.0017821788787842
online_mind2web,75a1b5dcd2c28508a971d98d51fe5767,1.505948543548584,0.0710546150803566,0.9239366054534912,-0.20521515607833862,0.4153999388217926,1.0952404737472534
online_mind2web,15be05973fba714e490cd9c884e4f072,1.5038245916366577,-0.03536171838641167,1.0758471488952637,-0.21840611100196838,0.383200079202652,0.9536759257316589
online_mind2web,e43cbc8a0bf9e999884928d11006f894_110325,1.5037814378738403,-0.021044498309493065,1.034906268119812,0.029833421111106873,0.4184333384037018,1.0071499347686768
online_mind2web,d4fb78b7e74508cd3b33f01cf9200997,1.5032885074615479,-0.10256259888410568,0.899352490901947,-0.02371814474463463,0.5181958079338074,1.0871762037277222
online_mind2web,eb323dc584156d0eb3a2b90bb8c4b791_110325,1.5031123161315918,-0.0032357184682041407,0.9376057982444763,-0.003899902105331421,0.48437896370887756,1.0703288316726685
online_mind2web,a69d2934fe54fef165490a5a2d95bf38,1.5026147365570068,-0.016935642808675766,1.0842119455337524,-0.13847213983535767,0.39497771859169006,0.9524461627006531
online_mind2web,2fc51dd3febd447f0fdcdabca8d944ce,1.502242922782898,-0.03497404605150223,1.1631317138671875,-0.1149267703294754,0.571722149848938,0.7508555054664612
online_mind2web,20a460a8fe1971b84411c5b1e6ac4186,1.5007039308547974,0.048378363251686096,0.9361259937286377,-0.2118307650089264,0.27292048931121826,1.1209025382995605
online_mind2web,b1ce968a361e1088ce8d2ade6c2c9af0,1.4995139837265015,0.015234588645398617,0.9490684866905212,-0.018776409327983856,0.36670899391174316,1.1013553142547607
online_mind2web,9f1cba613830ca1c6a58f9498c06e679_110325,1.4979228973388672,0.008645333349704742,1.0041855573654175,-0.026171959936618805,0.4974522888660431,0.9935997724533081
online_mind2web,5916018d1cad999881018cac1216a692,1.497435212135315,0.049526654183864594,0.9177107214927673,-0.05167357623577118,0.3365458846092224,1.1332192420959473
online_mind2web,7be8cd8dba885cddd9af5320f49bc41b,1.497042179107666,0.07460284233093262,0.9756613373756409,-0.13884702324867249,0.426042765378952,1.0432780981063843
online_mind2web,07ec4a12cba8090e2dc524d558ac7675,1.496547818183899,0.05167531594634056,0.809205949306488,-0.21556773781776428,0.2416200488805771,1.2165489196777344
online_mind2web,3084bc225219fcb73dc1cb0f97276c1c,1.494788646697998,-0.03303173929452896,0.9778214693069458,-0.06488741934299469,0.43756353855133057,1.0404739379882812
online_mind2web,7072d09436972a5d5fe7476e3e9f1559,1.4936275482177734,-0.012233098037540913,0.9966589212417603,-0.00818486139178276,0.5155796408653259,0.9857509732246399
online_mind2web,c698ff3fc0f6cbce39947c597ab5749b,1.493342638015747,0.003745306981727481,0.8782982230186462,-0.2865317165851593,0.46314334869384766,1.077989935874939
online_mind2web,79f0bd7df6e685f30f20025cc6755c0a_110325,1.492759108543396,0.011912205256521702,1.0084949731826782,0.032480932772159576,0.43238478899002075,1.0115611553192139
online_mind2web,9829f3087ab1f9c8eba6b6dd2b831d25,1.4919376373291016,-0.006523096468299627,0.9545496106147766,0.1015334352850914,0.4991287291049957,1.0272655487060547
online_mind2web,8f2611047de227a2ca8bda13f6e2e5fb,1.49153733253479,-0.02569984644651413,0.9083993434906006,0.18024730682373047,0.5938923954963684,1.0071231126785278
online_mind2web,a8b9edd598561d2de901864d5f40fe67,1.4901647567749023,-0.004078672733157873,0.9209981560707092,-0.0395829975605011,0.4009567201137543,1.1000092029571533
online_mind2web,be9e7dca1222714571ef3d7d59d2a41c,1.4897878170013428,0.039799779653549194,0.9562899470329285,-0.1022409200668335,0.49937868118286133,1.0223233699798584
online_mind2web,11857213ca01510f12813740afd59918_110325,1.4884014129638672,0.04142026975750923,0.899290919303894,-0.15043459832668304,0.5482834577560425,1.040850281715393
online_mind2web,d71be72aa25c3eab8eea47a0e60382e2,1.4875589609146118,0.04150491580367088,1.0762654542922974,-0.2014939785003662,0.42671552300453186,0.9120297431945801
online_mind2web,47b93b9e649eadeb8d96a6e3df715c2d,1.4860244989395142,0.09293904155492783,1.0025969743728638,-0.12897366285324097,0.22888901829719543,1.0649147033691406
online_mind2web,47186fac8e7c7277af01144644eb4e0b,1.4860126972198486,-0.011621741577982903,0.9756658673286438,-0.09391897916793823,0.5352567434310913,0.9803006649017334
online_mind2web,c8d7f2aa7eb5dd074c48c9f76f8659ad,1.484062671661377,0.049978774040937424,1.0530307292938232,-0.2744429409503937,0.10488289594650269,1.0036178827285767
online_mind2web,29526b17a32485742b5ab63507e99417,1.4837584495544434,0.045721158385276794,0.9587128758430481,-0.29711103439331055,0.1614864468574524,1.0807663202285767
online_mind2web,43a1ca251f11c6b0bdd0379766cc49e6,1.4833879470825195,-0.039234235882759094,1.0217504501342773,0.00933663547039032,0.5003307461738586,0.9518654942512512
online_mind2web,2c8ef01a92c71ba9ef2e59bb17eea2b3,1.4824692010879517,0.017983878031373024,1.0509374141693115,-0.03478701785206795,0.4298485517501831,0.9525048732757568
online_mind2web,b7258ee05d75e6c50673a59914db412e_110325,1.4784375429153442,-0.00018076221749652177,0.9934872984886169,-0.029172372072935104,0.4954944849014282,0.9759072661399841
online_mind2web,a5c87cc1c94a090c9a8dc2c8b6a125d0,1.4777344465255737,-0.017250513657927513,1.080151915550232,0.0132102370262146,0.4198920726776123,0.9167808294296265
online_mind2web,64345c365f544375357c7b67917f08a0,1.4767791032791138,-0.008500846102833748,0.9429255127906799,0.06009422987699509,0.5619122385978699,0.98610919713974
online_mind2web,4e801ba102dfaf22c7cf7a126b107609,1.4738539457321167,-0.049558863043785095,0.9292463064193726,-0.09770024567842484,0.44313812255859375,1.0501571893692017
online_mind2web,8f2611047de227a2ca8bda13f6e2e5fb_110325,1.4735194444656372,0.007161653134971857,1.004468321800232,-0.022926349192857742,0.4860268533229828,0.962057888507843
online_mind2web,cad62d2be0c53f08a416457486b3db23,1.4721461534500122,-0.003124128794297576,0.8290332555770874,0.03265463560819626,0.5092378854751587,1.1043227910995483
online_mind2web,05483c50cc9b04c8ac44c574758fb2bd,1.47130286693573,-0.027819454669952393,0.9092831611633301,0.01336098462343216,0.4476598799228668,1.0664700269699097
online_mind2web,2532fd402d3c741b79894e6ff2269f53,1.469362497329712,0.013713032938539982,0.915138304233551,-0.16182798147201538,0.2750382423400879,1.104406476020813
online_mind2web,27fa3ac20745d3d35e89fae157f63069,1.46925950050354,-0.021130207926034927,0.9579707384109497,0.027959950268268585,0.426949143409729,1.0285660028457642
online_mind2web,7abdceee212151f187ee1a1744c57606,1.4690701961517334,0.022209493443369865,0.9642399549484253,-0.1419784128665924,0.3751598000526428,1.033201813697815
online_mind2web,f05e87c5b92d9869e08806103c1c15a1,1.4683939218521118,0.022474762052297592,1.0545309782028198,-0.13731379806995392,0.5549197793006897,0.8469674587249756
online_mind2web,561693d6eec7bbfba3fefe9e4b26decb,1.4675880670547485,0.04643946513533592,0.6689883470535278,-0.22451791167259216,0.31922024488449097,1.2465791702270508
online_mind2web,56f8890a837c49f7df766b9c981646f3,1.4671919345855713,0.028196144849061966,0.7559581995010376,-0.060131318867206573,0.4011135995388031,1.1902400255203247
online_mind2web,207e933d1bba815bcb58664b5d82c085,1.4670358896255493,-0.070546455681324,0.9738892316818237,0.0533323660492897,0.44456666707992554,1.0016237497329712
online_mind2web,f27c0a7b8b0bb33d37698dff227fc8d7,1.466738224029541,0.009344938211143017,0.7715924382209778,-0.19297419488430023,0.5458820462226868,1.1048710346221924
online_mind2web,1b867afecf072cb877ebfa4069263746,1.465319275856018,-0.0049763331189751625,0.9272274971008301,0.032938152551651,0.3361237347126007,1.083210825920105
online_mind2web,e24662008c3be5d56f986f232fcec447,1.4645851850509644,-0.04318815842270851,0.955531120300293,-0.22090983390808105,0.4766935110092163,0.9777178168296814
online_mind2web,644a856c3897665e475e0dce50bf217d,1.4612982273101807,0.06938193738460541,0.9657365083694458,-0.09013829380273819,0.3786327838897705,1.025308609008789
online_mind2web,b69eb4de621e9e265676daac44938f3f,1.460067868232727,-0.059163957834243774,0.8154097199440002,0.06469132751226425,0.5409592390060425,1.0817039012908936
online_mind2web,dcd26e662a616d373ddd339747c6ce5b,1.4593777656555176,0.00543554499745369,0.9764838218688965,-0.01596944034099579,0.40514037013053894,1.0059171915054321
online_mind2web,a48e2f1ee8d87eaeea56fe5e730427e6,1.459289789199829,-0.01191934384405613,0.9269227981567383,0.1369101107120514,0.5852386951446533,0.9534631371498108
online_mind2web,60cbbbd58eb9d28b053aef945f464228,1.4589688777923584,0.04303937777876854,0.8890231847763062,-0.15812847018241882,0.4205646514892578,1.065996527671814
online_mind2web,7680a920359cb1a508fbddb001b98167,1.457481026649475,-0.02678082324564457,1.005183219909668,-0.05756855383515358,0.30446287989616394,1.0088834762573242
online_mind2web,753f372c189d3b306623cb0c65b50320,1.4569122791290283,-0.0065675899386405945,0.9964288473129272,0.15192386507987976,0.4274440407752991,0.9612147212028503
online_mind2web,3621b099326c7aebd2e2dac6be3b52d1,1.4567201137542725,0.0669029951095581,0.878033459186554,-0.16668488085269928,0.4801798462867737,1.0453392267227173
online_mind2web,330cd04c773ac498f51afa4665461ec8,1.4562875032424927,-0.011435974389314651,0.7976752519607544,0.04775426536798477,0.5820526480674744,1.0693089962005615
online_mind2web,e4e097222d13a2560db6f6892612dab6,1.4561480283737183,-0.03311783820390701,0.965081512928009,-0.05462725833058357,0.47993072867393494,0.9775823354721069
online_mind2web,5e4e89c9b6fdaee7a41aca5601b82e04,1.4551857709884644,0.0011394680477678776,0.885211169719696,-0.14128327369689941,0.3942360281944275,1.0763752460479736
online_mind2web,f27b393bbd2082f92b566270c4b74fe6,1.4539082050323486,-0.029002774506807327,0.7637642025947571,0.16695114970207214,0.6635873317718506,1.0306757688522339
online_mind2web,c09721cc937d4dcfb391a0bc2c574b28,1.453731894493103,0.010926678776741028,0.977238118648529,-0.11558587849140167,0.40388113260269165,0.9908895492553711
online_mind2web,354b4ddf048815f8fd4163d0d7e1aaa3,1.4535950422286987,0.07462198287248611,0.8725293278694153,-0.11427584290504456,0.3916992247104645,1.0886430740356445
online_mind2web,c00437fd76a7a83b57f3dc4e5dbc41f8,1.45350182056427,-0.003866541897878051,0.9643597602844238,0.07827595621347427,0.4476383924484253,0.9880133867263794
online_mind2web,9586827ad04ee2362f4f0076bf0f0468,1.4504648447036743,0.0831696093082428,1.016310453414917,-0.11985175311565399,0.19846093654632568,1.008568286895752
online_mind2web,442a450e696a96085257db6297891a4d,1.4494268894195557,0.028836658224463463,0.8847017288208008,0.06276804953813553,0.33311182260513306,1.0969220399856567
online_mind2web,246d654fab7c31d9651007e39e75f74f,1.4485690593719482,0.0005077366949990392,0.9168053865432739,-0.07700616121292114,0.44139471650123596,1.028134822845459
online_mind2web,9b5dfe54a1c14c5c6336bae7374c3bb5,1.4478232860565186,0.007905026897788048,0.9974172115325928,-0.09484478086233139,0.41749250888824463,0.9581522941589355
online_mind2web,255bf27c43fd3f9254d6b81a5f36d3a9,1.44503653049469,-0.055483996868133545,0.8690208792686462,0.044920727610588074,0.5777291655540466,0.9985711574554443
online_mind2web,1df24ec81137386d6476bcf343a79012,1.444219946861267,0.04007551074028015,0.976723313331604,0.03062114119529724,0.375296413898468,0.9949861764907837
online_mind2web,d7c955b47af68e01766fa86d0bee08a7,1.4430104494094849,-0.018222521990537643,0.9852921366691589,-0.14763426780700684,0.4650454521179199,0.9345669746398926
online_mind2web,a172a5d9ffaf5ef02bd550ec4fe24e6d,1.4424993991851807,0.056031499058008194,0.878699541091919,-0.05309873819351196,0.280864417552948,1.1076945066452026
online_mind2web,a11ecdff735b51372d536c866011af6f,1.44221031665802,0.05024963244795799,0.913241446018219,-0.33460721373558044,0.3216133117675781,1.0151667594909668
online_mind2web,9c04b71bb8db6cf8e743b2290cbc8797,1.4398666620254517,0.011753411963582039,0.8971658945083618,-0.05088379234075546,0.38580936193466187,1.056821346282959
online_mind2web,608c595eec271fa5dc03506923519994,1.4394294023513794,-0.03025604970753193,0.8908571600914001,-0.11832158267498016,0.42874735593795776,1.0394741296768188
online_mind2web,bd1e3770b7181f6fce9c35e18caa9785,1.4393377304077148,0.05917089432477951,0.9592617154121399,-0.17599345743656158,0.4329676926136017,0.965958297252655
online_mind2web,9c97bab9c2abfb90a426cbe9addae8d0,1.439215064048767,-0.04477832838892937,0.9392745494842529,-0.11329508572816849,0.46192696690559387,0.9812699556350708
online_mind2web,95cad96f2e43f3c0d8efad1331c77c8c,1.4374786615371704,0.017381154000759125,0.8419226408004761,-0.2408614456653595,0.31574803590774536,1.0953538417816162
online_mind2web,a7a73c8fa75441fc76df9746c327bdd6,1.4373723268508911,-0.005018959753215313,0.9331302642822266,-0.11785925924777985,0.45923498272895813,0.9851495623588562
online_mind2web,905cb53061c33aa2d77e485fe1fca516,1.435257077217102,-0.00949166715145111,0.7907506823539734,0.12829849123954773,0.5974249243736267,1.0301936864852905
online_mind2web,1aeca99e6a60b0e3aefb3ef212bdce79,1.4346193075180054,-0.05991406738758087,0.951511561870575,-0.028554797172546387,0.4623758792877197,0.9685820937156677
online_mind2web,461ab9b0c7b20ac5f912704480979c65,1.4346158504486084,-0.007535839453339577,0.9958984851837158,-0.12603971362113953,0.36307603120803833,0.9584354162216187
online_mind2web,2c20d87a046fadcb6ff07ee877bfbf37,1.4329689741134644,0.08021258562803268,0.9215085506439209,-0.11668750643730164,0.3980467915534973,1.0159552097320557
online_mind2web,d9a8689393effeed75ea0866e44e1def,1.4317775964736938,-0.0024765972048044205,0.8615370988845825,-0.013819359242916107,0.387878954410553,1.075685739517212
online_mind2web,7e6993f2c5cd72c44809024f0bc85dc1,1.4315913915634155,-0.013657810166478157,0.9174745082855225,0.14467504620552063,0.574666440486908,0.9254847764968872
online_mind2web,ade4c09ad3fdb1607209750924cd232f,1.431119441986084,0.061854250729084015,0.8395874500274658,-0.13419725000858307,0.2822655439376831,1.1160255670547485
online_mind2web,853afd530c72f4b00ffc32ae854efaf8,1.4273687601089478,0.05995962768793106,0.8237084150314331,0.009017117321491241,0.3636625111103058,1.107499122619629
online_mind2web,4f903626f632586fe4728d6664947bab,1.4264695644378662,-0.01659136824309826,0.9178617000579834,0.01950456202030182,0.5390325784683228,0.9494253993034363
online_mind2web,d392e154c1c6ffbb26e2331c3afafc67,1.4263521432876587,-0.004369853995740414,0.9914904236793518,-0.13579678535461426,0.34206461906433105,0.9570675492286682
online_mind2web,cfafe3771369d1d261e9f7ecd44c296d,1.4253507852554321,-0.05176110938191414,0.9967417120933533,-0.08520369231700897,0.42549970746040344,0.9218574166297913
online_mind2web,070c907d34a4ce71dfdbea38f9c5d4d8,1.4235618114471436,-0.009235278703272343,0.9466443657875061,-0.05873657763004303,0.4139072299003601,0.9775600433349609
online_mind2web,5c00e9561eae94789443f405525a5869,1.4213379621505737,0.09337853640317917,0.8996806740760803,-0.23646396398544312,0.4527387320995331,0.974622368812561
online_mind2web,515f2e5811cfdd5e0e669e40f17886d8,1.4197806119918823,-0.01734062097966671,0.8253886699676514,-0.010786633938550949,0.43467965722084045,1.0702558755874634
online_mind2web,3ec0f6138d37fadcb989347a6088ec45,1.4143413305282593,0.005658995825797319,0.8278725147247314,-0.08035437017679214,0.35041600465774536,1.0889171361923218
online_mind2web,864244b6969e0f8733b0eb1ca06cd51f,1.4119856357574463,0.04597589746117592,0.8693054914474487,-0.020485255867242813,0.3092031478881836,1.0686371326446533
online_mind2web,2fc51dd3febd447f0fdcdabca8d944ce_110325,1.406138300895691,-0.005070977378636599,0.9689738750457764,-0.02250683680176735,0.3522298336029053,0.9558987021446228
online_mind2web,34ccd15a8ea8fd3895af83f5ccf62369,1.4054555892944336,0.05245343595743179,0.5824083089828491,-0.2454066276550293,0.4145238399505615,1.1849268674850464
online_mind2web,82eb3bfedd78456a0230b389f4e7a938,1.4040802717208862,0.13082745671272278,0.7944497466087341,-0.06494390964508057,0.40405958890914917,1.082962989807129
online_mind2web,cf757a775fa1224acfc7998489e199a8,1.403450608253479,0.017172707244753838,0.9667029976844788,0.06294857710599899,0.33009809255599976,0.9603289365768433
online_mind2web,c2153fc053112e89c2f103869c4d6890,1.3993279933929443,0.07999179512262344,0.5934668183326721,-0.10126149654388428,0.3265984356403351,1.22024405002594
online_mind2web,bfa2de159be6978acf2702be31a2eeeb,1.3992788791656494,0.010505642741918564,0.9155145883560181,-0.12215791642665863,0.35844945907592773,0.9881325364112854
online_mind2web,2d5a7f95f951a26838289dfd629ae850,1.3992645740509033,-0.03950607404112816,0.900734007358551,-0.1269976943731308,0.4237804114818573,0.9751416444778442
online_mind2web,d02d236836924919f35f2438d9ed2374,1.3962599039077759,-0.014854930341243744,1.009718656539917,0.07339777797460556,0.32942995429039,0.9033817648887634
online_mind2web,d1807551297ac60ecaaabbd2a2ed301a,1.3892613649368286,0.010578933171927929,0.969985842704773,-0.03789639472961426,0.3586052358150482,0.9268984794616699
online_mind2web,a96fca87a17d792644e736d1d10d3cbe,1.3876140117645264,0.00250243186019361,0.8679900765419006,-0.1916816383600235,0.46137627959251404,0.9604456424713135
online_mind2web,4091bdd3fa64a5b0d912bc08eaf9c824,1.3870205879211426,0.042585376650094986,0.8688831925392151,-0.3059789538383484,0.3945114314556122,0.9589608311653137
online_mind2web,6ebde509dca8f15c0fa1bd74f071e8d6,1.3848267793655396,0.005658896639943123,0.7749338150024414,0.10023359209299088,0.4148632287979126,1.0653941631317139
online_mind2web,28e7574e7bd6d14f36d2988a5ef2bd23,1.380961537361145,-0.01754922606050968,0.917906641960144,-0.005409009754657745,0.4737990200519562,0.9165083169937134
online_mind2web,64b76158720a69e4a5c31a55d54928bf,1.3781204223632812,-0.02449287287890911,0.833061695098877,0.09820622950792313,0.5836681127548218,0.9246141314506531
online_mind2web,ce616721ce9aeda69890fbccb29677a6,1.3700937032699585,0.08192475140094757,0.8878198266029358,-0.1918267011642456,0.36974138021469116,0.9567792415618896
online_mind2web,65c4030f22fb6eb101acfee4825f1318,1.3572295904159546,0.0662359967827797,0.82528156042099,-0.1793006956577301,0.4460698664188385,0.964290201663971
online_mind2web,046138801a05ddf56ad94e8672942496,1.3527183532714844,-0.03667512163519859,0.8627330660820007,-0.07671189308166504,0.4145846962928772,0.9527714848518372
online_mind2web,c0fa2c0e622971955cabf5bcf7b777e8,1.3403178453445435,0.05929969996213913,0.7005623579025269,-0.18437287211418152,0.43273818492889404,1.0413492918014526
online_mind2web,c521933dad9c0ef9f1dfa2f38b8e4405,1.336421012878418,0.05772309750318527,0.6573115587234497,-0.22066983580589294,0.4105915129184723,1.0661529302597046
online_mind2web,0059adc6b12a3822305deb68929b2de8,1.3212392330169678,0.05686718225479126,0.7700461745262146,-0.04069710150361061,0.20138497650623322,1.0537978410720825
online_mind2web,01abae9608f2d8752a83e08f136f720c,1.2776073217391968,-0.012939684092998505,0.7965909242630005,-0.01675897091627121,0.45430895686149597,0.8894075155258179
scicode,25,2.484314203262329,0.05016866698861122,1.529197335243225,-0.1964753121137619,0.8254233002662659,1.764496088027954
scicode,14,2.4770877361297607,-0.004555152729153633,1.6226547956466675,-0.0627395361661911,0.8058369159698486,1.6880892515182495
scicode,8,2.468822717666626,-0.017215324565768242,1.6356602907180786,-0.24937114119529724,0.8531696200370789,1.621609091758728
scicode,36,2.459761381149292,0.05333840101957321,1.547033429145813,-0.16092093288898468,0.8249068856239319,1.7177737951278687
scicode,55,2.400944948196411,-0.014871504157781601,1.654242992401123,0.027804456651210785,1.0034866333007812,1.4213578701019287
scicode,80,2.400599479675293,-0.015295584686100483,1.6538715362548828,0.023244597017765045,1.006071925163269,1.4194598197937012
scicode,57,2.4004292488098145,-0.014865298755466938,1.656447410583496,0.02333991974592209,1.0028129816055298,1.418472170829773
scicode,17,2.4003686904907227,-0.01488653477281332,1.653653621673584,0.026410996913909912,1.0026408433914185,1.4216935634613037
scicode,22,2.400367021560669,-0.015323750674724579,1.6550648212432861,0.022891923785209656,1.0049554109573364,1.4184719324111938
scicode,76,2.400348424911499,-0.015286065638065338,1.6541239023208618,0.02447749674320221,1.0052722692489624,1.4192866086959839
scicode,58,2.400341749191284,-0.015051395632326603,1.6552737951278687,0.022511392831802368,1.004227638244629,1.4187068939208984
scicode,69,2.400233030319214,-0.015022377483546734,1.6547127962112427,0.02316746860742569,1.005083680152893,1.4185607433319092
scicode,63,2.4002201557159424,-0.015121924690902233,1.6557252407073975,0.022825628519058228,1.0035902261734009,1.4184203147888184
scicode,75,2.4000964164733887,-0.015161875635385513,1.6567120552062988,0.021255820989608765,1.002821922302246,1.4176262617111206
scicode,79,2.400074005126953,-0.01506510004401207,1.6545674800872803,0.02308933436870575,1.0035796165466309,1.4195269346237183
scicode,40,2.4000587463378906,-0.015043828636407852,1.6552069187164307,0.021865680813789368,1.0032334327697754,1.4190196990966797
scicode,9,2.4000306129455566,-0.014986482448875904,1.6537567377090454,0.022872664034366608,1.005287766456604,1.4191930294036865
scicode,77,2.399946689605713,-0.015038854442536831,1.6552386283874512,0.021567098796367645,1.0029958486557007,1.4189653396606445
scicode,50,2.399935483932495,-0.01489201933145523,1.6558458805084229,0.02040930837392807,1.0023225545883179,1.4187309741973877
scicode,41,2.3998687267303467,-0.015265336260199547,1.6548532247543335,0.02303571254014969,1.0034500360488892,1.4189388751983643
scicode,12,2.3998641967773438,-0.014842239208519459,1.6537235975265503,0.02132660150527954,1.0026257038116455,1.4208564758300781
scicode,66,2.3998608589172363,-0.0150824673473835,1.6534783840179443,0.022359833121299744,1.0044630765914917,1.419822096824646
scicode,23,2.399815082550049,-0.015121902339160442,1.6532444953918457,0.023202508687973022,1.0031782388687134,1.4209117889404297
scicode,61,2.399790048599243,-0.015171218663454056,1.6534541845321655,0.021429188549518585,1.0029916763305664,1.4207849502563477
scicode,64,2.3997738361358643,-0.01493485365062952,1.654370903968811,0.021219633519649506,1.002528190612793,1.420020341873169
scicode,32,2.3997695446014404,-0.014943534508347511,1.6548725366592407,0.02200499176979065,1.0023212432861328,1.419562816619873
scicode,13,2.3997602462768555,-0.014890290796756744,1.6537615060806274,0.02244633436203003,1.0034258365631104,1.4200544357299805
scicode,31,2.3997585773468018,-0.015071561560034752,1.655298113822937,0.021511249244213104,1.001781702041626,1.4194365739822388
scicode,65,2.3997535705566406,-0.014986268244683743,1.6544387340545654,0.02223094552755356,1.002485990524292,1.4199213981628418
scicode,71,2.399735689163208,-0.014879219233989716,1.652872920036316,0.022349193692207336,1.0041030645370483,1.4205700159072876
scicode,39,2.39973521232605,-0.015008961781859398,1.6538861989974976,0.023157835006713867,1.0030218362808228,1.4201408624649048
scicode,73,2.399704694747925,-0.014905568212270737,1.6543232202529907,0.021857649087905884,1.0027424097061157,1.4197980165481567
scicode,45,2.399703025817871,-0.0151008116081357,1.6539418697357178,0.02210129052400589,1.0025135278701782,1.420397400856018
scicode,72,2.3996963500976562,-0.015013580210506916,1.6539015769958496,0.022104859352111816,1.0024977922439575,1.4204440116882324
scicode,68,2.3996894359588623,-0.014863907359540462,1.6531345844268799,0.023350179195404053,1.0026334524154663,1.421209692955017
scicode,21,2.3996760845184326,-0.014879775233566761,1.6539897918701172,0.021912239491939545,1.0019073486328125,1.4207265377044678
scicode,18,2.3996691703796387,-0.014690659008920193,1.6522936820983887,0.021501243114471436,1.0029348134994507,1.4219696521759033
scicode,24,2.399606704711914,-0.015106914564967155,1.653525710105896,0.022545084357261658,1.0025542974472046,1.4206833839416504
scicode,59,2.3995888233184814,-0.014886660501360893,1.6524332761764526,0.022174619138240814,1.0040875673294067,1.4208472967147827
scicode,35,2.3995869159698486,-0.014750978909432888,1.6539597511291504,0.02066749334335327,1.0021611452102661,1.4204508066177368
scicode,42,2.3995327949523926,-0.014969303272664547,1.6529382467269897,0.021625645458698273,1.0032546520233154,1.4207621812820435
scicode,54,2.399524450302124,-0.014677957631647587,1.6527271270751953,0.021866880357265472,1.002341866493225,1.4216338396072388
scicode,43,2.3995227813720703,-0.014720492996275425,1.653246521949768,0.02166757732629776,1.0022660493850708,1.421083688735962
scicode,46,2.399508476257324,-0.014848345890641212,1.6524264812469482,0.021879464387893677,1.003289818763733,1.4212876558303833
scicode,52,2.3994860649108887,-0.015072058886289597,1.6531460285186768,0.022593513131141663,1.0028587579727173,1.420705795288086
scicode,26,2.399477005004883,-0.014841482974588871,1.6538814306259155,0.01944320648908615,1.0013742446899414,1.4209285974502563
scicode,34,2.3994767665863037,-0.014785775914788246,1.653824806213379,0.02189204841852188,1.00222647190094,1.42035710811615
scicode,28,2.399442672729492,-0.015110146254301071,1.6537693738937378,0.02124474197626114,1.0019577741622925,1.420563817024231
scicode,60,2.3994247913360596,-0.015096396207809448,1.6544196605682373,0.021340206265449524,1.0013798475265503,1.4201823472976685
scicode,37,2.399411201477051,-0.01478150300681591,1.6520006656646729,0.02321670949459076,1.0029889345169067,1.4218095541000366
scicode,5,2.399352788925171,-0.015203868970274925,1.6529065370559692,0.021514326333999634,1.0023502111434937,1.4211353063583374
scicode,48,2.3993256092071533,-0.014941070228815079,1.652440071105957,0.021956220269203186,1.0018351078033447,1.4219880104064941
scicode,11,2.399293899536133,-0.01501220278441906,1.6535183191299438,0.020138666033744812,1.001577615737915,1.420888900756836
scicode,67,2.3992786407470703,-0.014791899360716343,1.6519426107406616,0.02049441635608673,1.001620888710022,1.4226592779159546
scicode,2,2.399278163909912,-0.014786884188652039,1.6536914110183716,0.02157515287399292,1.001883625984192,1.420423984527588
scicode,62,2.3992161750793457,-0.014733407646417618,1.6520863771438599,0.02084358036518097,1.0026507377624512,1.4216561317443848
scicode,33,2.399174928665161,-0.014684929512441158,1.6522480249404907,0.02094890922307968,1.001922845840454,1.4219101667404175
scicode,27,2.399156093597412,-0.014630546793341637,1.6530885696411133,0.021023377776145935,1.0011065006256104,1.4214754104614258
scicode,15,2.3817861080169678,0.015024418011307716,1.4547126293182373,-0.1316312849521637,0.9873437881469727,1.6014186143875122
scicode,20,2.3738393783569336,0.03531035780906677,1.352522850036621,-0.10828208923339844,0.8553421497344971,1.7499885559082031
scicode,16,2.3735687732696533,0.10303420573472977,1.5525323152542114,0.07073938846588135,0.6201591491699219,1.68341064453125
scicode,56,2.3524322509765625,0.04974913224577904,1.348512887954712,-0.1560300886631012,0.9200537800788879,1.6865960359573364
scicode,53,2.3478145599365234,0.048153355717659,1.4386231899261475,-0.2520124912261963,0.7897533774375916,1.6599326133728027
scicode,30,2.2683486938476562,0.09303160011768341,1.5374170541763306,-0.1273919641971588,0.7304871082305908,1.4939591884613037
scicode,74,2.240574598312378,0.11554767191410065,1.3599789142608643,-0.17499366402626038,0.600562572479248,1.6671332120895386
scienceagentbench,83,2.5606722831726074,-0.023835314437747,1.4535069465637207,-0.28263553977012634,1.0073258876800537,1.8302382230758667
scienceagentbench,24,2.542508840560913,-0.03419759124517441,1.7224262952804565,-0.2865898907184601,0.9631985425949097,1.5772486925125122
scienceagentbench,76,2.5144407749176025,0.006177636329084635,1.549586296081543,-0.3142658770084381,0.8481171131134033,1.7615699768066406
scienceagentbench,94,2.4964983463287354,0.06232008337974548,1.5377960205078125,-0.460604727268219,0.5973896384239197,1.8162204027175903
scienceagentbench,69,2.464259624481201,-0.01196759007871151,1.3954079151153564,-0.3411416709423065,0.8637433648109436,1.8063726425170898
scienceagentbench,56,2.456125020980835,-0.03396579250693321,1.5559176206588745,-0.19309206306934357,0.9799838066101074,1.6167924404144287
scienceagentbench,99,2.454521894454956,-0.07454552501440048,1.5977739095687866,-0.2894778251647949,0.7767189741134644,1.6687442064285278
scienceagentbench,46,2.453226327896118,0.01018030196428299,1.4786540269851685,-0.1603568196296692,0.7847254872322083,1.786167025566101
scienceagentbench,91,2.45261812210083,-0.03599727153778076,1.4958972930908203,-0.21544066071510315,0.9570033550262451,1.677902340888977
scienceagentbench,38,2.4514122009277344,-0.05989012122154236,1.4756512641906738,-0.40152037143707275,0.9599790573120117,1.658040165901184
scienceagentbench,19,2.449050188064575,-0.07885312288999557,1.5466867685317993,-0.20907427370548248,0.7228963375091553,1.7433632612228394
scienceagentbench,39,2.447495937347412,-0.05842363461852074,1.5407510995864868,-0.38070398569107056,0.8724155426025391,1.6462920904159546
scienceagentbench,100,2.4458799362182617,0.05027109757065773,1.662277340888977,-0.25129687786102295,0.7436520457267761,1.6133795976638794
scienceagentbench,70,2.4426817893981934,-0.03251364082098007,1.7282370328903198,-0.2317000925540924,0.8459587693214417,1.486795425415039
scienceagentbench,101,2.440512180328369,-0.029797066003084183,1.633333683013916,-0.23482191562652588,0.9167919754981995,1.5468263626098633
scienceagentbench,73,2.435112476348877,0.05120653286576271,1.6863290071487427,-0.33466488122940063,0.5929223895072937,1.61941659450531
scienceagentbench,7,2.431532859802246,-0.02879311889410019,1.7239527702331543,-0.20105382800102234,0.7624059915542603,1.5227124691009521
scienceagentbench,14,2.429353952407837,-0.005393927916884422,1.4121211767196655,-0.2363184541463852,0.8901750445365906,1.7491189241409302
scienceagentbench,28,2.429124355316162,-0.07511573284864426,1.5271413326263428,-0.2539284825325012,0.8091456294059753,1.687983512878418
scienceagentbench,48,2.4261791706085205,0.03674241155385971,1.5386292934417725,-0.13653472065925598,0.8191848397254944,1.6820402145385742
scienceagentbench,27,2.425351858139038,0.00801127776503563,1.6601402759552002,-0.426867812871933,0.8652869462966919,1.4816640615463257
scienceagentbench,75,2.424962282180786,-0.025299064815044403,1.7029683589935303,-0.1989918202161789,0.8263290524482727,1.502638816833496
scienceagentbench,16,2.4074292182922363,0.05903841555118561,1.554029107093811,-0.20854707062244415,0.768607497215271,1.6572444438934326
scienceagentbench,54,2.4056777954101562,0.02026488445699215,1.475459337234497,-0.06466326117515564,0.8539482951164246,1.6961414813995361
scienceagentbench,89,2.3922183513641357,-0.03873428702354431,1.4911237955093384,-0.2588824927806854,0.967462420463562,1.579953908920288
scienceagentbench,47,2.391029119491577,-0.03255845978856087,1.5226393938064575,-0.15693354606628418,0.92783123254776,1.585273027420044
scienceagentbench,52,2.389616012573242,0.05745425447821617,1.5846967697143555,-0.07852815091609955,0.7819710373878479,1.6066598892211914
scienceagentbench,81,2.3837051391601562,0.04475729539990425,1.6083338260650635,-0.3339136242866516,0.8374088406562805,1.5108146667480469
scienceagentbench,98,2.3832976818084717,-0.04965720698237419,1.725616455078125,-0.21404390037059784,0.735625684261322,1.4544399976730347
scienceagentbench,2,2.3782565593719482,-0.020657040178775787,1.6237996816635132,-0.09877020120620728,0.981636643409729,1.4303890466690063
scienceagentbench,20,2.3780624866485596,0.11336562037467957,1.4947128295898438,-0.23804642260074615,0.8007524609565735,1.6501951217651367
scienceagentbench,88,2.3760342597961426,-0.02819356694817543,1.6023621559143066,-0.4052276015281677,0.8446810245513916,1.4833335876464844
scienceagentbench,13,2.374783992767334,-5.095955202705227e-05,1.5561492443084717,-0.20623281598091125,0.7308915853500366,1.6251965761184692
scienceagentbench,80,2.371506452560425,0.05271878093481064,1.3951019048690796,-0.3145774006843567,0.7658897638320923,1.7297940254211426
scienceagentbench,15,2.3707947731018066,-0.020489659160375595,1.6209098100662231,-0.0861627459526062,0.9726866483688354,1.4282071590423584
scienceagentbench,1,2.369370460510254,-0.01953655295073986,1.6165757179260254,-0.07416418194770813,0.9681723117828369,1.4344829320907593
scienceagentbench,22,2.3670475482940674,-0.01960020326077938,1.6158065795898438,-0.0795930027961731,0.9691566228866577,1.430553674697876
scienceagentbench,5,2.3669817447662354,-0.0204162634909153,1.620620608329773,-0.07843445241451263,0.969916820526123,1.4245355129241943
scienceagentbench,30,2.3669373989105225,-0.02025393396615982,1.6154687404632568,-0.07265855371952057,0.9715796113014221,1.4294781684875488
scienceagentbench,59,2.3665571212768555,-0.020262164995074272,1.6175748109817505,-0.08101056516170502,0.9698652029037476,1.427180290222168
scienceagentbench,9,2.366100549697876,-0.020109640434384346,1.6134158372879028,-0.07892756164073944,0.9733098149299622,1.4289013147354126
scienceagentbench,68,2.365875005722046,-0.019922656938433647,1.6135358810424805,-0.078743115067482,0.9718804955482483,1.4293756484985352
scienceagentbench,44,2.3656539916992188,-0.019780900329351425,1.615080714225769,-0.07879194617271423,0.9695945978164673,1.4288147687911987
scienceagentbench,95,2.3656044006347656,-0.019634030759334564,1.6144102811813354,-0.07875983417034149,0.9689159393310547,1.429951548576355
scienceagentbench,37,2.365583658218384,-0.019548850134015083,1.6131861209869385,-0.07732173800468445,0.9698379039764404,1.4307522773742676
scienceagentbench,21,2.3653435707092285,-0.019943812862038612,1.6151667833328247,-0.08587662875652313,0.9720396399497986,1.4261314868927002
scienceagentbench,78,2.365283966064453,-0.019593996927142143,1.614689826965332,-0.07935069501399994,0.9680695533752441,1.4296468496322632
scienceagentbench,43,2.3652307987213135,-0.019568992778658867,1.6129454374313354,-0.077846959233284,0.968191921710968,1.4315264225006104
scienceagentbench,31,2.3652279376983643,-0.019497618079185486,1.6148748397827148,-0.07892222702503204,0.9673222899436951,1.4298746585845947
scienceagentbench,64,2.3652162551879883,-0.019314605742692947,1.6136772632598877,-0.07863292098045349,0.9680202603340149,1.4307506084442139
scienceagentbench,36,2.365208625793457,-0.019879968836903572,1.6142513751983643,-0.07857084274291992,0.969637393951416,1.4289973974227905
scienceagentbench,72,2.365048408508301,-0.019259190186858177,1.6122099161148071,-0.07733739912509918,0.9692707061767578,1.4313513040542603
scienceagentbench,26,2.364819049835205,-0.019475851207971573,1.6124969720840454,-0.07786998152732849,0.96839439868927,1.4312132596969604
scienceagentbench,12,2.3646044731140137,-0.019004231318831444,1.6125882863998413,-0.07911688089370728,0.9663820266723633,1.4320473670959473
scienceagentbench,29,2.3645546436309814,-0.01971922256052494,1.615540623664856,-0.08135747909545898,0.968571126461029,1.4270241260528564
scienceagentbench,60,2.3645308017730713,-0.019570913165807724,1.6137666702270508,-0.07747441530227661,0.9680033922195435,1.4295909404754639
scienceagentbench,65,2.364508628845215,-0.019757235422730446,1.6136293411254883,-0.07770556211471558,0.9674904942512512,1.4300440549850464
scienceagentbench,87,2.36448073387146,-0.019162317737936974,1.6137596368789673,-0.07883244752883911,0.9654532670974731,1.4311652183532715
scienceagentbench,8,2.3644795417785645,-0.02007167786359787,1.6164897680282593,-0.07571855187416077,0.9680068492889404,1.426518201828003
scienceagentbench,10,2.363980531692505,-0.01970217376947403,1.613952875137329,-0.08303983509540558,0.9706215858459473,1.4263794422149658
scienceagentbench,34,2.3639421463012695,-0.019900329411029816,1.617432951927185,-0.07248590886592865,0.9628946781158447,1.428185224533081
scienceagentbench,67,2.363844156265259,-0.019965196028351784,1.6138856410980225,-0.09135240316390991,0.9747969508171082,1.4228696823120117
scienceagentbench,74,2.363621473312378,-0.020528975874185562,1.619143009185791,-0.08445975184440613,0.9704914689064026,1.41989266872406
scienceagentbench,61,2.3632707595825195,-0.020379291847348213,1.6142468452453613,-0.08406466245651245,0.9742488265037537,1.4223320484161377
scienceagentbench,62,2.361833333969116,-0.021144047379493713,1.6088052988052368,-0.07153540849685669,0.9684892892837524,1.43070387840271
scienceagentbench,90,2.360046863555908,0.09589211642742157,1.3450888395309448,-0.22739726305007935,0.8447982668876648,1.730654239654541
scienceagentbench,32,2.357191562652588,-0.0196247398853302,1.6101691722869873,-0.08143320679664612,0.9682457447052002,1.421118140220642
scienceagentbench,25,2.3559229373931885,-0.03176440671086311,1.62625253200531,-0.2175706923007965,0.8461300730705261,1.4636948108673096
scienceagentbench,11,2.354527235031128,0.12754328548908234,1.5066272020339966,-0.3278667628765106,0.7762987017631531,1.6011674404144287
scienceagentbench,86,2.350311756134033,0.043615758419036865,1.5570127964019775,-0.23945119976997375,0.8534678816795349,1.5211617946624756
scienceagentbench,85,2.342857837677002,0.05986175686120987,1.3999146223068237,-0.01984041929244995,1.0111918449401855,1.5831360816955566
scienceagentbench,17,2.3389084339141846,0.05038365721702576,1.5237444639205933,-0.2399444878101349,0.8021764755249023,1.5644917488098145
scienceagentbench,66,2.3379364013671875,0.11138571798801422,1.489769458770752,-0.29457545280456543,0.8646702170372009,1.5530948638916016
scienceagentbench,4,2.3339993953704834,-0.018072547391057014,1.5755903720855713,-0.203114315867424,0.7499419450759888,1.5366846323013306
scienceagentbench,55,2.3288497924804688,-0.034302305430173874,1.4485355615615845,-0.2339385449886322,0.8736655116081238,1.5834354162216187
scienceagentbench,63,2.3265864849090576,-0.022549254819750786,1.579237461090088,-0.19309507310390472,0.8447642922401428,1.472447395324707
scienceagentbench,97,2.3197476863861084,-0.04638320952653885,1.4325904846191406,-0.15852440893650055,0.8664577603340149,1.5978217124938965
scienceagentbench,33,2.318789482116699,-0.028797488659620285,1.4481229782104492,-0.20160512626171112,0.8462938070297241,1.5883533954620361
scienceagentbench,92,2.308624267578125,-0.042476166039705276,1.6804256439208984,-0.23452356457710266,0.7844598889350891,1.3548200130462646
scienceagentbench,82,2.3067328929901123,-0.00923096016049385,1.4641592502593994,-0.3277250826358795,0.7948131561279297,1.5614489316940308
scienceagentbench,57,2.29966402053833,0.1916801929473877,1.396643877029419,-0.27382948994636536,0.6895628571510315,1.6695393323898315
scienceagentbench,49,2.296091318130493,-0.041531551629304886,1.4724849462509155,-0.293575644493103,0.827495276927948,1.5273796319961548
scienceagentbench,93,2.2948379516601562,-0.05681454390287399,1.4022245407104492,-0.11703229695558548,0.8851024508476257,1.5820696353912354
scienceagentbench,84,2.2933995723724365,-0.04777337238192558,1.437506914138794,-0.17887157201766968,0.8031641840934753,1.586249589920044
scienceagentbench,23,2.291937828063965,0.004770286381244659,1.3374959230422974,-0.3841784596443176,0.934767484664917,1.5629141330718994
scienceagentbench,42,2.2859110832214355,-0.03721298277378082,1.3877438306808472,-0.18484294414520264,0.9793816208839417,1.5186182260513306
scienceagentbench,18,2.2852933406829834,0.12130481749773026,1.3880140781402588,-0.2407863438129425,0.7872264981269836,1.6181098222732544
scienceagentbench,96,2.2823939323425293,-0.006373219657689333,1.1852816343307495,-0.29111242294311523,0.9193958640098572,1.6954039335250854
scienceagentbench,3,2.2798497676849365,-0.08592873811721802,1.3379701375961304,-0.40479087829589844,0.7997199296951294,1.6137357950210571
scienceagentbench,35,2.2750353813171387,-0.030474333092570305,1.4597890377044678,-0.13150453567504883,0.8672927618026733,1.5084137916564941
scienceagentbench,79,2.270297050476074,0.1800026297569275,1.4059878587722778,-0.32763898372650146,0.8074012398719788,1.555057406425476
scienceagentbench,41,2.2654244899749756,0.20533208549022675,1.3926448822021484,-0.15182429552078247,0.7508633136749268,1.6142621040344238
scienceagentbench,102,2.25107741355896,0.024327725172042847,1.4657703638076782,-0.2360355108976364,0.8811392784118652,1.444558024406433
scienceagentbench,51,2.248626708984375,-0.06245114281773567,1.4268667697906494,-0.23925775289535522,0.7684404253959656,1.540333867073059
scienceagentbench,6,2.235774278640747,0.05409492552280426,1.4162676334381104,-0.14544783532619476,0.7659028172492981,1.5443804264068604
scienceagentbench,77,2.215296745300293,-0.04236605763435364,1.4164501428604126,-0.09337930381298065,0.7700577974319458,1.5164101123809814
scienceagentbench,50,2.214294910430908,-0.0017582991858944297,1.2094547748565674,-0.2356402724981308,0.9787920713424683,1.5578066110610962
scienceagentbench,58,2.2117621898651123,0.10643596202135086,1.3725945949554443,-0.08705306053161621,0.7854787111282349,1.5438010692596436
scienceagentbench,53,2.207132339477539,-0.022007830440998077,1.3475770950317383,-0.4021366238594055,0.706534743309021,1.5474379062652588
scienceagentbench,71,2.2027924060821533,0.06220124289393425,1.360803246498108,-0.06594200432300568,0.711372435092926,1.5780080556869507
scienceagentbench,45,2.1447997093200684,0.11147584021091461,1.1285630464553833,-0.24365729093551636,0.7663493156433105,1.637024998664856
scienceagentbench,40,2.0995993614196777,0.15421445667743683,1.0645149946212769,-0.11608865112066269,0.8305493593215942,1.6036945581436157
swebench_verified_mini,sphinx-doc__sphinx-8548,2.3508713245391846,-0.06160889193415642,1.662992000579834,-0.5509722232818604,1.1113613843917847,1.1056034564971924
swebench_verified_mini,django__django-12713,2.343611001968384,0.02402389794588089,1.4376078844070435,-0.6993551254272461,0.8936257362365723,1.4622352123260498
swebench_verified_mini,django__django-12304,2.272860527038574,-0.005457183346152306,1.3329675197601318,-0.7398344278335571,1.1456125974655151,1.2366522550582886
swebench_verified_mini,sphinx-doc__sphinx-9461,2.270350694656372,-0.04862238094210625,1.549030065536499,-0.5285471677780151,1.1344406604766846,1.0902661085128784
swebench_verified_mini,django__django-12308,2.25868558883667,-0.04283871874213219,1.5272067785263062,-0.702958881855011,1.104086995124817,1.0276871919631958
swebench_verified_mini,sphinx-doc__sphinx-9230,2.2484512329101562,0.01044516172260046,1.4259803295135498,-0.677361011505127,1.0029278993606567,1.2479703426361084
swebench_verified_mini,django__django-12050,2.241661548614502,0.049604568630456924,1.374719262123108,-0.7526646256446838,0.7881730794906616,1.3955187797546387
swebench_verified_mini,sphinx-doc__sphinx-9367,2.2385799884796143,0.04758237302303314,1.2924095392227173,-0.7130883932113647,0.9415313005447388,1.3949699401855469
swebench_verified_mini,django__django-12209,2.23581600189209,0.03007134050130844,1.4496240615844727,-0.6573636531829834,0.8481770753860474,1.3213374614715576
swebench_verified_mini,sphinx-doc__sphinx-8265,2.212615489959717,-0.05053712800145149,1.563675880432129,-0.5147338509559631,1.0483664274215698,1.042382836341858
swebench_verified_mini,sphinx-doc__sphinx-9698,2.208658218383789,0.03547808527946472,1.3465148210525513,-0.815995454788208,0.8956362009048462,1.263746738433838
swebench_verified_mini,sphinx-doc__sphinx-10435,2.2067325115203857,-0.05727645009756088,1.416611909866333,-0.32871487736701965,1.0937620401382446,1.2484029531478882
swebench_verified_mini,django__django-12273,2.204636335372925,-0.05594443529844284,1.5381220579147339,-0.5046266317367554,1.1408277750015259,0.9687446355819702
swebench_verified_mini,sphinx-doc__sphinx-11510,2.203157663345337,-0.061850279569625854,1.5864278078079224,-0.44567298889160156,1.0873754024505615,0.9778245091438293
swebench_verified_mini,django__django-11885,2.198275327682495,-0.05495438724756241,1.539629578590393,-0.4028099775314331,1.1020389795303345,1.0417338609695435
swebench_verified_mini,django__django-12155,2.1981825828552246,0.05301437899470329,1.1948444843292236,-0.6404847502708435,0.9807271957397461,1.425589919090271
swebench_verified_mini,django__django-12708,2.196894407272339,0.029842117801308632,1.32418954372406,-0.5637580156326294,0.918293833732605,1.382671594619751
swebench_verified_mini,sphinx-doc__sphinx-8035,2.174114227294922,0.0033744655083864927,1.3741366863250732,-0.631549060344696,0.9840413331985474,1.21298348903656
swebench_verified_mini,sphinx-doc__sphinx-8551,2.168084144592285,-0.006449762731790543,1.3908114433288574,-0.535626232624054,1.0090922117233276,1.2087475061416626
swebench_verified_mini,django__django-9296,2.15710186958313,0.08715709298849106,1.1457602977752686,-0.9596244692802429,0.8060341477394104,1.3303202390670776
swebench_verified_mini,django__django-12406,2.1556365489959717,-0.050956420600414276,1.4306039810180664,-0.3140784502029419,1.2493114471435547,0.9699055552482605
swebench_verified_mini,django__django-12325,2.1541013717651367,-0.04514054208993912,1.4176744222640991,-0.5481442809104919,1.0617777109146118,1.0965938568115234
swebench_verified_mini,django__django-11964,2.153251886367798,-0.05380820855498314,1.051088571548462,-0.354777991771698,1.2876262664794922,1.322065830230713
swebench_verified_mini,sphinx-doc__sphinx-7748,2.149862289428711,-0.050394538789987564,1.4237802028656006,-0.30333957076072693,1.24322509765625,0.9783322811126709
swebench_verified_mini,sphinx-doc__sphinx-7590,2.1496028900146484,-0.04913158342242241,1.428794264793396,-0.2916703522205353,1.2349069118499756,0.9845163822174072
swebench_verified_mini,sphinx-doc__sphinx-10466,2.1482431888580322,-0.01933480054140091,1.2108312845230103,-0.6387045383453369,0.9795041084289551,1.3347153663635254
swebench_verified_mini,django__django-11951,2.147325038909912,0.10273908823728561,1.3389257192611694,-0.6451201438903809,0.766632616519928,1.3469882011413574
swebench_verified_mini,sphinx-doc__sphinx-10323,2.141544818878174,0.027561333030462265,1.3486080169677734,-0.4919266402721405,0.9585142731666565,1.2675679922103882
swebench_verified_mini,django__django-12774,2.1394412517547607,0.08672936260700226,1.3950884342193604,-0.6373529434204102,0.8633876442909241,1.2162564992904663
swebench_verified_mini,sphinx-doc__sphinx-9229,2.1350924968719482,-0.050424136221408844,1.4363532066345215,-0.28796452283859253,1.2051856517791748,0.9798541069030762
swebench_verified_mini,django__django-11999,2.1341075897216797,0.08272568881511688,1.3784252405166626,-0.6063458919525146,0.7657866477966309,1.303945541381836
swebench_verified_mini,sphinx-doc__sphinx-7985,2.133176565170288,-0.05091869458556175,1.4151430130004883,-0.2922585904598236,1.23502779006958,0.9680413603782654
swebench_verified_mini,sphinx-doc__sphinx-8056,2.1293158531188965,-0.04877272620797157,1.4242894649505615,-0.271962434053421,1.2158105373382568,0.9763330221176147
swebench_verified_mini,sphinx-doc__sphinx-9320,2.1243653297424316,0.06741037219762802,1.2482503652572632,-0.5811719298362732,0.90833979845047,1.3386402130126953
swebench_verified_mini,django__django-12143,2.123018503189087,0.020007101818919182,1.1550095081329346,-0.7967549562454224,0.9560090899467468,1.2745150327682495
swebench_verified_mini,sphinx-doc__sphinx-8475,2.1153337955474854,0.03301573172211647,1.246950387954712,-0.6358873844146729,0.9397647380828857,1.2775919437408447
swebench_verified_mini,django__django-11880,2.1085240840911865,0.058566316962242126,1.3713009357452393,-0.6278672814369202,0.5947994589805603,1.3481112718582153
swebench_verified_mini,django__django-12262,2.0943186283111572,0.08819163590669632,1.2604492902755737,-0.6219066977500916,0.8732836842536926,1.2837623357772827
swebench_verified_mini,sphinx-doc__sphinx-10673,2.082589626312256,0.017064569517970085,1.3941062688827515,-0.5533882975578308,0.914369523525238,1.1186316013336182
swebench_verified_mini,django__django-12193,2.0789735317230225,0.019505120813846588,1.3491204977035522,-0.5457451343536377,0.9644529223442078,1.1287150382995605
swebench_verified_mini,sphinx-doc__sphinx-8721,2.0646538734436035,0.04053036496043205,1.1298890113830566,-0.7449355125427246,0.9857210516929626,1.2081272602081299
swebench_verified_mini,django__django-12039,2.0616023540496826,0.0711602196097374,1.2959966659545898,-0.7792137861251831,0.9319760799407959,1.0463476181030273
swebench_verified_mini,sphinx-doc__sphinx-8638,2.050699234008789,-0.04922798275947571,1.113942265510559,-0.3581666946411133,1.1560113430023193,1.224685549736023
swebench_verified_mini,sphinx-doc__sphinx-7757,2.0441946983337402,0.018106991425156593,1.1752185821533203,-0.6402304768562317,1.0215017795562744,1.1594104766845703
swebench_verified_mini,django__django-11815,2.0395193099975586,0.07383152097463608,1.2867674827575684,-0.666253924369812,0.8641247749328613,1.1459767818450928
swebench_verified_mini,sphinx-doc__sphinx-9281,2.0387063026428223,0.045143257826566696,1.4190112352371216,-0.5956082344055176,0.7815834879875183,1.0849461555480957
swebench_verified_mini,sphinx-doc__sphinx-8269,2.0276107788085938,0.03786541521549225,1.2275923490524292,-0.587413489818573,0.8343708515167236,1.2501972913742065
swebench_verified_mini,django__django-11848,2.0038468837738037,-0.002157905139029026,1.1197218894958496,-0.39408010244369507,0.9971249103546143,1.2696725130081177
swebench_verified_mini,django__django-12276,1.996872067451477,0.10154708474874496,1.2790101766586304,-0.6966251134872437,0.6617401242256165,1.1951755285263062
swebench_verified_mini,django__django-11790,1.9382215738296509,0.0186040997505188,1.1557958126068115,-0.5870447158813477,0.9554609060287476,1.0785694122314453
taubench_airline,23,1.6332166194915771,0.01718750037252903,1.2733917236328125,-0.021513141691684723,0.42121440172195435,0.9316574335098267
taubench_airline,28,1.6165817975997925,-0.025661330670118332,1.1756258010864258,-0.0525001659989357,0.4360404312610626,1.018996000289917
taubench_airline,26,1.5930099487304688,0.03750819340348244,1.1077982187271118,0.041565507650375366,0.33789730072021484,1.092960000038147
taubench_airline,11,1.5889832973480225,-0.09885148704051971,1.0662575960159302,-0.10775750875473022,0.4182468354701996,1.0960931777954102
taubench_airline,6,1.581940770149231,0.07516924291849136,1.0046814680099487,0.07927978783845901,0.3035345673561096,1.1809883117675781
taubench_airline,44,1.5772075653076172,-0.09740724414587021,1.0397733449935913,-0.10388319194316864,0.4110919237136841,1.1075499057769775
taubench_airline,1,1.5771735906600952,0.025330642238259315,1.0671859979629517,-0.09826041758060455,0.266605943441391,1.1259913444519043
taubench_airline,39,1.5713282823562622,0.04436331242322922,0.9460113048553467,-0.036776356399059296,0.525079607963562,1.138891577720642
taubench_airline,12,1.5682926177978516,0.022330908104777336,1.0103613138198853,-0.1991538107395172,0.2665615677833557,1.1523864269256592
taubench_airline,10,1.552513837814331,-0.016910362988710403,1.0467438697814941,-0.1782626509666443,0.5627594590187073,0.9829297661781311
taubench_airline,38,1.5404174327850342,-0.11088830977678299,1.0216892957687378,-0.27977997064590454,0.2980618476867676,1.0779235363006592
taubench_airline,37,1.5299773216247559,0.0403386615216732,1.0527536869049072,0.015330590307712555,0.2014380842447281,1.091662883758545
taubench_airline,9,1.5285011529922485,-0.043352339416742325,1.1368680000305176,0.17391753196716309,0.6041501760482788,0.805358350276947
taubench_airline,30,1.5266298055648804,-0.09029730409383774,1.0123904943466187,-0.20412200689315796,0.48175692558288574,1.0158289670944214
taubench_airline,20,1.5264614820480347,-0.030056564137339592,1.0145736932754517,-0.10974103212356567,0.3794146478176117,1.0699188709259033
taubench_airline,4,1.5238412618637085,0.050473250448703766,1.0386927127838135,-0.02135159820318222,0.2647644281387329,1.0828912258148193
taubench_airline,14,1.521984338760376,0.0877295732498169,0.9935447573661804,-0.021133363246917725,0.32138317823410034,1.1070553064346313
taubench_airline,25,1.5145524740219116,-0.042342301458120346,1.125596046447754,0.1693442463874817,0.6048312187194824,0.795238733291626
taubench_airline,2,1.5025124549865723,-0.05034419521689415,1.0070277452468872,0.10628976672887802,0.5766623020172119,0.9484734535217285
taubench_airline,45,1.4970887899398804,-0.04209434613585472,1.0507549047470093,-0.0027846433222293854,0.45157390832901,0.9660549163818359
taubench_airline,36,1.4947259426116943,-0.13548563420772552,1.0240848064422607,-0.34005850553512573,0.36161428689956665,0.9690467119216919
taubench_airline,42,1.4932212829589844,0.038587477058172226,0.9861298203468323,-0.32300683856010437,0.17222000658512115,1.0598417520523071
taubench_airline,29,1.4923803806304932,-0.0036942888982594013,1.046566128730774,-0.18299636244773865,0.36385080218315125,0.9828648567199707
taubench_airline,7,1.4911946058273315,0.03170692175626755,0.852745771408081,-0.02140522003173828,0.39836812019348145,1.1564301252365112
taubench_airline,3,1.4872111082077026,-0.021110864356160164,1.0633394718170166,0.009027205407619476,0.334391713142395,0.984483003616333
taubench_airline,0,1.4747207164764404,0.015896335244178772,0.9434872269630432,0.027973748743534088,0.31248897314071655,1.0891286134719849
taubench_airline,31,1.46674644947052,0.06350665539503098,1.0265613794326782,-0.12299767881631851,0.41636085510253906,0.9534317255020142
taubench_airline,32,1.4582546949386597,0.09488867223262787,1.074595332145691,0.15016424655914307,0.23906606435775757,0.9444838762283325
taubench_airline,16,1.447633147239685,-0.10547956824302673,1.0230005979537964,-0.04901757463812828,0.32198771834373474,0.9710986614227295
taubench_airline,8,1.4380539655685425,-0.0876416489481926,0.8594273924827576,0.03938622772693634,0.5902165174484253,0.9896852970123291
taubench_airline,5,1.4367177486419678,0.10753388702869415,0.9414854645729065,-0.17359814047813416,0.4767012596130371,0.9593657851219177
taubench_airline,47,1.4355801343917847,0.04243893548846245,0.9658586382865906,-0.07192745804786682,0.40451857447624207,0.9793868064880371
taubench_airline,22,1.4307351112365723,-0.0024962378665804863,1.105812907218933,0.04867178201675415,0.2637178301811218,0.8673319220542908
taubench_airline,13,1.4292107820510864,0.03250926733016968,0.9530469179153442,-0.026074577122926712,0.28168708086013794,1.0267996788024902
taubench_airline,41,1.4262696504592896,0.01763218455016613,0.8839942812919617,-0.1329948455095291,0.39997434616088867,1.0368858575820923
taubench_airline,35,1.4261729717254639,0.012162089347839355,0.9050467014312744,-0.009414765983819962,0.2568468153476715,1.0718213319778442
taubench_airline,19,1.4252082109451294,-0.017462795600295067,0.8931447267532349,0.32676127552986145,0.5393475294113159,0.9142441749572754
taubench_airline,24,1.4209039211273193,0.0695909857749939,0.9916335344314575,-0.10108190029859543,0.27102962136268616,0.9756825566291809
taubench_airline,27,1.4189451932907104,-0.012638678774237633,0.9535282254219055,-0.05743470788002014,0.4203232526779175,0.9613631367683411
taubench_airline,18,1.4062633514404297,-0.053768206387758255,0.8509893417358398,-0.2528003752231598,0.40241461992263794,1.0136805772781372
taubench_airline,49,1.4015601873397827,-0.020610760897397995,0.956419825553894,-0.2584233283996582,0.27120596170425415,0.9535706043243408
taubench_airline,33,1.4006184339523315,0.035412099212408066,0.9535546898841858,0.046112604439258575,0.3578282594680786,0.9603635668754578
taubench_airline,21,1.3973164558410645,0.004367142915725708,0.9254360198974609,-0.04539630562067032,0.3327803909778595,0.9915935397148132
taubench_airline,15,1.3809804916381836,-0.03247596323490143,0.9671592712402344,-0.030399762094020844,0.3291396498680115,0.9286835193634033
taubench_airline,34,1.3795669078826904,-0.005602303892374039,0.9489849209785461,0.003960557281970978,0.3038812577724457,0.9540823101997375
taubench_airline,40,1.360275387763977,0.018428998067975044,0.8331001400947571,0.1559373438358307,0.24003145098686218,1.0365142822265625
taubench_airline,17,1.3505833148956299,-0.02720370888710022,0.856956422328949,-0.031997933983802795,0.44950953125953674,0.9416041374206543
taubench_airline,46,1.294143557548523,0.09981350600719452,0.7552406787872314,0.1301150918006897,0.4222466051578522,0.9535181522369385
taubench_airline,43,1.292604923248291,0.14328286051750183,0.8164433836936951,-0.04945690184831619,0.25491034984588623,0.9678959250450134
taubench_airline,48,1.2754722833633423,0.055197201669216156,0.9234676361083984,-0.17627325654029846,0.25449082255363464,0.823528528213501
usaco,1257_gold_bribing_friends,1.5177786350250244,-0.0003601005009841174,1.172020673751831,0.2703342139720917,0.456487774848938,0.8053309917449951
usaco,1085_bronze_just_stalling,1.5177315473556519,-0.00035426931572146714,1.1715748310089111,0.27007490396499634,0.4549601972103119,0.8068408966064453
usaco,808_bronze_hoofball,1.5176820755004883,-0.0003558009921107441,1.1714370250701904,0.27006420493125916,0.4543497562408447,0.8072953820228577
usaco,412_bronze_reordering_the_cows,1.5176477432250977,-0.00038697957643307745,1.1716095209121704,0.27067744731903076,0.4570970833301544,0.8052214980125427
usaco,1013_bronze_swapity_swap,1.5176448822021484,-0.0003612477448768914,1.1713645458221436,0.2700594961643219,0.4551614224910736,0.8068749308586121
usaco,941_bronze_cow_evolution,1.5176324844360352,-0.0003715745115187019,1.1716644763946533,0.27005064487457275,0.4552924335002899,0.8063449859619141
usaco,1299_bronze_hungry_cow,1.5176211595535278,-0.0003696444910019636,1.171868085861206,0.2703757584095001,0.4557349979877472,0.8056684732437134
usaco,786_silver_lifeguards,1.5176125764846802,-0.0003641930525191128,1.1713627576828003,0.2702946662902832,0.45578712224960327,0.8063846230506897
usaco,788_silver_mootube,1.517593502998352,-0.000362420454621315,1.1719586849212646,0.2702949643135071,0.45573073625564575,0.8055141568183899
usaco,641_bronze_field_reduction,1.5175881385803223,-0.00036616259603761137,1.171671986579895,0.2701611816883087,0.45577314496040344,0.8059419393539429
usaco,105_bronze_grazing_patterns,1.517587423324585,-0.00035549639142118394,1.1713321208953857,0.27016565203666687,0.45549339056015015,0.8065909743309021
usaco,1161_gold_paired_up,1.5175851583480835,-0.00036605700734071434,1.1720378398895264,0.27042311429977417,0.4562889039516449,0.8050242066383362
usaco,360_bronze_wormholes,1.5175727605819702,-0.00035284468322061,1.1714633703231812,0.2700159251689911,0.4553270936012268,0.8065168857574463
usaco,343_silver_farmer_john_has_no_large_brown_cow,1.5175530910491943,-0.0004083681560587138,1.1721431016921997,0.2704865038394928,0.45641934871673584,0.8047150373458862
usaco,969_gold_milk_pumping,1.5175518989562988,-0.00035233318340033293,1.171484112739563,0.27005213499069214,0.4563623368740082,0.8058499097824097
usaco,434_silver_dueling_gpss,1.5175487995147705,-0.00037523527862504125,1.1720412969589233,0.2703166902065277,0.456788569688797,0.8047026991844177
usaco,784_bronze_lifeguards,1.5175448656082153,-0.0003619520866777748,1.1714822053909302,0.27013230323791504,0.45532479882240295,0.8063991665840149
usaco,1188_platinum_minimizing_haybales,1.5175422430038452,-0.000367243163054809,1.1715893745422363,0.27014869451522827,0.45581671595573425,0.8059550523757935
usaco,1038_silver_social_distancing,1.517536997795105,-0.0003530204703565687,1.171511173248291,0.2699228823184967,0.4551909863948822,0.8064880967140198
usaco,1012_bronze_mad_scientist,1.5175340175628662,-0.0003608359256759286,1.1716545820236206,0.2700622081756592,0.45545679330825806,0.8060771226882935
usaco,1255_silver_circular_barn,1.5175297260284424,-0.00035180291160941124,1.1713672876358032,0.26997414231300354,0.45511946082115173,0.8067065477371216
usaco,98_silver_roadblock,1.517521619796753,-0.00034917984157800674,1.1715859174728394,0.27019333839416504,0.45563292503356934,0.8060101270675659
usaco,397_silver_auto-complete,1.5175209045410156,-0.00036556192208081484,1.172062873840332,0.2702086269855499,0.45564350485801697,0.8053041696548462
usaco,739_silver_bovine_genomics,1.5175132751464844,-0.0003659123904071748,1.1715151071548462,0.2700863778591156,0.45526042580604553,0.8063438534736633
usaco,1179_bronze_herdle,1.517509937286377,-0.00038284281617961824,1.1720401048660278,0.27028560638427734,0.45607873797416687,0.8050443530082703
usaco,361_silver_milk_scheduling,1.51749849319458,-0.00036256181192584336,1.1714147329330444,0.27012813091278076,0.45542144775390625,0.80635666847229
usaco,191_silver_distant_pastures,1.5174980163574219,-0.00035971018951386213,1.1719157695770264,0.2703002095222473,0.45602506399154663,0.8052282333374023
usaco,833_bronze_family_tree,1.5174927711486816,-0.0003648869169410318,1.1715354919433594,0.27019205689430237,0.4554102122783661,0.8061554431915283
usaco,761_bronze_milk_measurement,1.5174921751022339,-0.0003763437271118164,1.1719186305999756,0.27032697200775146,0.45566526055336,0.8054078221321106
usaco,247_gold_partitioning_the_farm,1.5174918174743652,-0.0003604321682360023,1.171582818031311,0.27011486887931824,0.4550798535346985,0.8062975406646729
usaco,789_gold_mootube,1.5174905061721802,-0.0003739573003258556,1.1716452836990356,0.27035993337631226,0.4555904269218445,0.8058335185050964
usaco,376_bronze_ski_course_design,1.5174899101257324,-0.00034681137185543776,1.1710976362228394,0.26996907591819763,0.45486918091773987,0.8071659207344055
usaco,840_platinum_out_of_sorts,1.5174891948699951,-0.00035712544922716916,1.171582579612732,0.27025189995765686,0.4553429186344147,0.8060983419418335
usaco,897_gold_cow_poetry,1.5174847841262817,-0.0003725950955413282,1.1717278957366943,0.27002978324890137,0.4554232656955719,0.8059079051017761
usaco,891_bronze_shell_game,1.5174843072891235,-0.0003503585758153349,1.1714503765106201,0.27019286155700684,0.45595782995224,0.8059533834457397
usaco,223_bronze_mirrors,1.517483115196228,-0.0003592733119148761,1.1713166236877441,0.27005526423454285,0.4549514949321747,0.8067600131034851
usaco,345_silver_pogo-cow,1.5174823999404907,-0.0003664856485556811,1.1716855764389038,0.27011293172836304,0.45553919672966003,0.8058713674545288
usaco,342_bronze_farmer_john_has_no_large_brown_cow,1.517476201057434,-0.0003722613619174808,1.1718074083328247,0.2700548470020294,0.45538991689682007,0.8057864904403687
usaco,246_silver_milk_scheduling,1.5174736976623535,-0.0003520271275192499,1.1713218688964844,0.26999616622924805,0.45482105016708374,0.806827962398529
usaco,832_bronze_milking_order,1.5174683332443237,-0.0003615611349232495,1.1722575426101685,0.27014416456222534,0.45634889602661133,0.8045434951782227
usaco,947_gold_balancing_inversions,1.5174634456634521,-0.0003781379200518131,1.1718732118606567,0.27019163966178894,0.4565049111843109,0.8049894571304321
usaco,92_gold_binary_sudoku,1.5174624919891357,-0.0003629126294981688,1.1717630624771118,0.2700237035751343,0.45533546805381775,0.8058663010597229
usaco,1328_silver_pareidolia,1.517460584640503,-0.00035364762879908085,1.1714304685592651,0.26995447278022766,0.4551161527633667,0.8064931035041809
usaco,831_bronze_team_tic_tac_toe,1.5174603462219238,-0.00034857698483392596,1.171139121055603,0.2699167728424072,0.4547262489795685,0.8071479797363281
usaco,1109_bronze_clockwise_fence,1.5174574851989746,-0.000346239423379302,1.171267032623291,0.26991185545921326,0.45499423146247864,0.8068075180053711
usaco,863_gold_teamwork,1.5174537897109985,-0.0003637483750935644,1.171593189239502,0.2700490355491638,0.45538535714149475,0.8060601949691772
usaco,1326_silver_milk_sum,1.5174524784088135,-0.0003436594852246344,1.171425461769104,0.26992088556289673,0.45522984862327576,0.8064321875572205
usaco,365_gold_optimal_milking,1.517451286315918,-0.0003624514502007514,1.1717244386672974,0.2701602280139923,0.45513513684272766,0.8059688806533813
usaco,762_silver_my_cow_ate_my_homework,1.5174481868743896,-0.00037277539377100766,1.171831727027893,0.2702917754650116,0.4559052586555481,0.805327296257019
usaco,228_silver_party_invitations,1.5174357891082764,-0.0003733805497176945,1.1714807748794556,0.2700712978839874,0.45563259720802307,0.8060424327850342
usaco,763_silver_milk_measurement,1.5174357891082764,-0.0003644595853984356,1.1714015007019043,0.27026641368865967,0.45593249797821045,0.8059226870536804
usaco,243_bronze_perimeter,1.517434000968933,-0.00035703807952813804,1.1715935468673706,0.2700689435005188,0.4552043676376343,0.8061180114746094
usaco,917_bronze_measuring_traffic,1.5174317359924316,-0.00033966542105190456,1.1713266372680664,0.26998525857925415,0.4550446569919586,0.8066195249557495
usaco,997_platinum_non-decreasing_subsequences,1.5174305438995361,-0.0003473545366432518,1.1713727712631226,0.26992061734199524,0.4550131559371948,0.8065899014472961
usaco,281_bronze_haywire,1.5174301862716675,-0.00034379135468043387,1.1711812019348145,0.26995059847831726,0.4553065299987793,0.8066918849945068
usaco,431_bronze_fair_photography,1.5174299478530884,-0.0003602203505579382,1.1712911128997803,0.27004849910736084,0.4550870954990387,0.8066228628158569
usaco,1018_gold_help_yourself,1.517425775527954,-0.00035151009797118604,1.1714520454406738,0.2700570225715637,0.45527926087379456,0.8062697649002075
usaco,857_bronze_back_and_forth,1.5174250602722168,-0.00035253295209258795,1.1714727878570557,0.26985234022140503,0.4552055597305298,0.8063486218452454
usaco,436_gold_fair_photography,1.5174174308776855,-0.000339577323757112,1.1714856624603271,0.2700291872024536,0.45545879006385803,0.8061130046844482
usaco,111_gold_bovine_alliance,1.5174148082733154,-0.0003525902866385877,1.171441674232483,0.26999643445014954,0.45537251234054565,0.8062319159507751
usaco,1138_gold_portals,1.5174142122268677,-0.00035272754030302167,1.1714318990707397,0.2698547840118408,0.45525214076042175,0.8063603639602661
usaco,433_silver_fair_photography,1.5174134969711304,-0.0003522438637446612,1.1715441942214966,0.2700453996658325,0.4554896652698517,0.8059979677200317
usaco,915_bronze_sleepy_cow_herding,1.5174134969711304,-0.00035563571145758033,1.17178475856781,0.27005669474601746,0.45559871196746826,0.8055826425552368
usaco,839_gold_talent_show,1.5174126625061035,-0.000342278421157971,1.1716700792312622,0.2699137330055237,0.45590439438819885,0.8056227564811707
usaco,1112_silver_just_green_enough,1.5174120664596558,-0.00036587039357982576,1.1716591119766235,0.2701440751552582,0.4559357464313507,0.8055426478385925
usaco,131_bronze_three_lines,1.5174099206924438,-0.0003586994716897607,1.1714943647384644,0.2699889540672302,0.45563381910324097,0.8060010671615601
usaco,121_bronze_times_17,1.5174084901809692,-0.0003530853718984872,1.1714951992034912,0.2700902223587036,0.4553869962692261,0.8061026334762573
usaco,922_gold_dishwashing,1.5174082517623901,-0.0003588611725717783,1.1714346408843994,0.2701805531978607,0.45555898547172546,0.8060628771781921
usaco,1059_bronze_do_you_know_your_abcs?,1.5174065828323364,-0.0003656124754343182,1.1716235876083374,0.26995205879211426,0.45551159977912903,0.8058884143829346
usaco,230_gold_island_travels,1.5174057483673096,-0.0003560769837349653,1.171547532081604,0.270055890083313,0.4550701379776001,0.8062119483947754
usaco,735_bronze_the_lost_cow,1.5174055099487305,-0.000362094899173826,1.1717091798782349,0.2702037990093231,0.4556082785129547,0.8056226372718811
usaco,106_silver_delivery_route,1.5174051523208618,-0.0003430513315834105,1.1715503931045532,0.27009686827659607,0.4553827941417694,0.8060162663459778
usaco,378_bronze_balanced_teams,1.5173982381820679,-0.000349018897395581,1.171470284461975,0.2698589861392975,0.4554276168346405,0.806174099445343
usaco,125_silver_flowerpot,1.5173981189727783,-0.00034109127591364086,1.1715046167373657,0.2699233591556549,0.45572221279144287,0.8059358596801758
usaco,783_bronze_blocked_billboard_ii,1.5173958539962769,-0.00034538801992312074,1.1714015007019043,0.2701357305049896,0.45527586340904236,0.8062625527381897
usaco,1259_gold_strongest_friendship_group,1.5173941850662231,-0.00034623025567270815,1.1713924407958984,0.26991379261016846,0.4555337727069855,0.8062013387680054
usaco,1302_silver_bakery,1.517393946647644,-0.00033510441426187754,1.1712088584899902,0.2698194682598114,0.45511651039123535,0.8067346215248108
usaco,359_bronze_cow_baseball,1.5173898935317993,-0.00033649179385975003,1.1712666749954224,0.2697666883468628,0.45502063632011414,0.806714653968811
usaco,99_silver_umbrellas_for_cows,1.5173895359039307,-0.00036414843634702265,1.1717299222946167,0.27005907893180847,0.45546525716781616,0.8056919574737549
usaco,1327_silver_field_day,1.5173884630203247,-0.00034932050039060414,1.171377420425415,0.2701069712638855,0.4555380642414093,0.8061453104019165
usaco,553_gold_palindromic_paths,1.5173863172531128,-0.0003494341217447072,1.171268105506897,0.2698865532875061,0.45482099056243896,0.8067783117294312
usaco,89_silver_cow_lineup,1.5173863172531128,-0.00035377839230932295,1.1714709997177124,0.27003997564315796,0.45535793900489807,0.806129515171051
usaco,1260_platinum_breakdown,1.5173859596252441,-0.00034852648968808353,1.1713281869888306,0.2700279653072357,0.45510587096214294,0.8064824342727661
usaco,898_gold_sleepy_cow_sorting,1.5173840522766113,-0.0003520793397910893,1.1711766719818115,0.26998957991600037,0.45453211665153503,0.8070352673530579
usaco,861_gold_fine_dining,1.5173808336257935,-0.0003361777635291219,1.1713460683822632,0.2698152959346771,0.45513686537742615,0.8065006136894226
usaco,194_gold_concurrently_balanced_strings,1.517379879951477,-0.00033159670419991016,1.1714553833007812,0.26991841197013855,0.45535409450531006,0.8061826825141907
usaco,642_silver_field_reduction,1.5173797607421875,-0.000372038601199165,1.1720337867736816,0.2701544165611267,0.4557556211948395,0.8050352334976196
usaco,639_bronze_diamond_collector,1.5173790454864502,-0.000347530614817515,1.1713920831680298,0.26994776725769043,0.45495685935020447,0.8064876198768616
usaco,1037_bronze_cowntact_tracing,1.5173752307891846,-0.0003374667721800506,1.1714823246002197,0.27000749111175537,0.4553534686565399,0.8061054944992065
usaco,939_bronze_bucket_brigade,1.5173743963241577,-0.00034240796230733395,1.1711900234222412,0.27002766728401184,0.4552498757839203,0.8065802454948425
usaco,101_gold_simplifying_the_farm,1.5173735618591309,-0.0003568729152902961,1.1714355945587158,0.2700437903404236,0.45523783564567566,0.8062231540679932
usaco,1039_silver_cereal,1.5173704624176025,-0.00034519858309067786,1.1714924573898315,0.26995038986206055,0.455018013715744,0.8062901496887207
usaco,1040_silver_the_moo_particle,1.517370343208313,-0.0003398566914256662,1.1714890003204346,0.26996612548828125,0.45540812611579895,0.8060694932937622
usaco,118_gold_cow_coupons,1.517369270324707,-0.0003478900180198252,1.1713166236877441,0.2700100243091583,0.4551805555820465,0.8064317107200623
usaco,103_bronze_gifts,1.5173687934875488,-0.0003392573562450707,1.1714895963668823,0.26997601985931396,0.455538272857666,0.8059887290000916
usaco,647_gold_248,1.5173685550689697,-0.00036860760883428156,1.1717957258224487,0.27013641595840454,0.4560009241104126,0.8052278161048889
usaco,791_gold_stamp_painting,1.5173680782318115,-0.000343435414833948,1.1713858842849731,0.26987776160240173,0.4553687870502472,0.8062667846679688
usaco,260_bronze_breed_proximity,1.5173652172088623,-0.00035276857670396566,1.1718182563781738,0.2699926495552063,0.4562044143676758,0.8051214814186096
usaco,1142_platinum_balanced_subsets,1.5173611640930176,-0.0003337667731102556,1.171243667602539,0.2697700560092926,0.4549339711666107,0.8067417144775391
usaco,1281_gold_find_and_replace,1.517361044883728,-0.000344721571309492,1.171355128288269,0.2699216604232788,0.455663800239563,0.8061169981956482
usaco,137_gold_tied_down,1.5173600912094116,-0.00034457817673683167,1.1711024045944214,0.26982009410858154,0.45500853657722473,0.8068859577178955
usaco,108_silver_mountain_climbing,1.5173563957214355,-0.0003474238037597388,1.1715651750564575,0.27002570033073425,0.4556874930858612,0.8057547211647034
usaco,766_gold_barn_painting,1.5173557996749878,-0.00035895852488465607,1.1713944673538208,0.27006155252456665,0.45521873235702515,0.806254506111145
usaco,818_platinum_cow_gymnasts,1.51735520362854,-0.00032194549567066133,1.1710988283157349,0.26978600025177,0.4554758369922638,0.8066297769546509
usaco,554_gold_trapped_in_the_haybales_(gold),1.5173529386520386,-0.00034599669743329287,1.1714398860931396,0.2699785828590393,0.4551636576652527,0.8062419891357422
usaco,963_bronze_cow_gymnastics,1.5173522233963013,-0.00033881000126712024,1.1710861921310425,0.26976653933525085,0.4546261429786682,0.8071283102035522
usaco,267_gold_necklace,1.517351508140564,-0.0003538549935910851,1.17133367061615,0.2699848711490631,0.45540523529052734,0.8062552809715271
usaco,225_bronze_liars_and_truth_tellers,1.5173485279083252,-0.0003433935053180903,1.1713354587554932,0.2699953615665436,0.45520564913749695,0.8063561916351318
usaco,950_platinum_valleys,1.5173473358154297,-0.0003460829029791057,1.1713671684265137,0.2699452042579651,0.4554542899131775,0.8061840534210205
usaco,432_bronze_decorating_the_pastures,1.517346739768982,-0.0003491273382678628,1.1715540885925293,0.2701004445552826,0.4550188481807709,0.8061052560806274
usaco,1160_silver_convoluted_intervals,1.5173457860946655,-0.0003533789131324738,1.1714869737625122,0.2700572907924652,0.45527002215385437,0.8060737252235413
usaco,248_gold_taxi,1.5173455476760864,-0.00034962178324349225,1.1713695526123047,0.26990434527397156,0.4549103081226349,0.8064980506896973
usaco,210_silver_milk_routing,1.517344355583191,-0.0003340774856042117,1.1713449954986572,0.2699163258075714,0.45526671409606934,0.8063262701034546
usaco,123_bronze_wrong_directions,1.5173442363739014,-0.0003458071150816977,1.171376347541809,0.269786536693573,0.45530250668525696,0.806303858757019
usaco,813_gold_snow_boots,1.5173430442810059,-0.00036493962397798896,1.1715327501296997,0.2700481712818146,0.45541566610336304,0.8059226870536804
usaco,940_bronze_milk_factory,1.517342448234558,-0.0003377997491043061,1.171384334564209,0.26981455087661743,0.45511582493782043,0.8063849210739136
usaco,1228_bronze_counting_liars,1.5173399448394775,-0.0003240593068767339,1.171118974685669,0.2697788178920746,0.4546745717525482,0.8070260882377625
usaco,1083_bronze_uddered_but_not_herd,1.5173395872116089,-0.00033230596454814076,1.1712726354599,0.2697004973888397,0.45504575967788696,0.8066195249557495
usaco,1131_bronze_acowdemia_i,1.5173395872116089,-0.00034873359254561365,1.1713155508041382,0.2699263393878937,0.4552551507949829,0.8063633441925049
usaco,547_bronze_trapped_in_the_haybales_(bronze),1.5173388719558716,-0.0003499130252748728,1.171437382698059,0.26980453729629517,0.45519912242889404,0.8062572479248047
usaco,862_gold_cowpatibility,1.517337679862976,-0.0003483940672595054,1.171424388885498,0.2698848843574524,0.45521974563598633,0.8062354922294617
usaco,347_gold_line_of_sight,1.5173375606536865,-0.00033688746043480933,1.1713923215866089,0.26999980211257935,0.4554024934768677,0.8061401844024658
usaco,242_bronze_cow_crossings,1.5173370838165283,-0.00034337397664785385,1.1713567972183228,0.2699044644832611,0.4550851881504059,0.8064019680023193
usaco,1231_silver_subset_equality,1.5173354148864746,-0.0003512175171636045,1.171305537223816,0.27011579275131226,0.45603805780410767,0.8058639764785767
usaco,916_bronze_the_great_revegetation,1.5173348188400269,-0.00035046011907979846,1.1713329553604126,0.27003493905067444,0.4552750289440155,0.8062814474105835
usaco,1205_bronze_blocks,1.5173336267471313,-0.0003408648772165179,1.171252965927124,0.26988038420677185,0.4549694359302521,0.8066195249557495
usaco,1139_gold_permutation,1.5173333883285522,-0.0003593809378799051,1.1715131998062134,0.2700430452823639,0.45578840374946594,0.8057239651679993
usaco,1137_gold_united_cows_of_farmer_john,1.5173331499099731,-0.0003415376413613558,1.1712414026260376,0.2698545753955841,0.454863965511322,0.8067038059234619
usaco,96_bronze_escaping_the_farm,1.5173330307006836,-0.00035219488199800253,1.1714812517166138,0.26996511220932007,0.45556432008743286,0.8059225082397461
usaco,117_silver_relocation,1.5173319578170776,-0.0003551619884092361,1.171521782875061,0.27006977796554565,0.4550292193889618,0.8061287999153137
usaco,1156_bronze_air_cownditioning,1.5173301696777344,-0.0003582249046303332,1.1719461679458618,0.27002638578414917,0.4557364881038666,0.8051230311393738
usaco,104_bronze_haybale_stacking,1.5173285007476807,-0.00033644065842963755,1.1712861061096191,0.2699120342731476,0.4554171860218048,0.8062983751296997
usaco,966_silver_moobuzz,1.5173243284225464,-0.00033630096004344523,1.171343445777893,0.26990020275115967,0.4551253914833069,0.8063760995864868
usaco,229_gold_cow_lineup,1.517323613166809,-0.00037382819573394954,1.1716939210891724,0.27016860246658325,0.45608311891555786,0.8052337765693665
usaco,206_bronze_scrambled_letters,1.5173215866088867,-0.0003435712424106896,1.1715457439422607,0.27000799775123596,0.45542067289352417,0.8058741092681885
usaco,1155_bronze_lonely_photo,1.5173202753067017,-0.0003538459714036435,1.1715376377105713,0.270049512386322,0.4555780589580536,0.8057805299758911
usaco,893_bronze_guess_the_animal,1.517320156097412,-0.0003380598209332675,1.17146897315979,0.2698473632335663,0.45539605617523193,0.806050717830658
usaco,866_platinum_the_cow_gathering,1.5173197984695435,-0.0003590407141018659,1.1714375019073486,0.27011439204216003,0.4552651047706604,0.806080162525177
usaco,993_gold_time_is_mooney,1.5173195600509644,-0.0003316044749226421,1.1711583137512207,0.26975512504577637,0.45484718680381775,0.8068414330482483
usaco,283_silver_fuel_economy,1.517318606376648,-0.0003635218017734587,1.1715353727340698,0.27007558941841125,0.4556402862071991,0.805736780166626
usaco,1212_platinum_paint_by_rectangles,1.5173181295394897,-0.00034221503301523626,1.1712605953216553,0.2698706388473511,0.45511582493782043,0.8065000772476196
usaco,379_silver_bessie_slows_down,1.5173176527023315,-0.0003475656849332154,1.1715307235717773,0.269888311624527,0.45546337962150574,0.8059044480323792
usaco,415_silver_watering_the_fields,1.5173174142837524,-0.00034994762972928584,1.1713645458221436,0.2699181139469147,0.4553649425506592,0.8061913251876831
usaco,1277_bronze_moo_operations,1.5173165798187256,-0.0003450229996815324,1.1713106632232666,0.26988521218299866,0.45523306727409363,0.8063533306121826
usaco,1014_silver_swapity_swapity_swap,1.517316460609436,-0.0003433040401432663,1.1713896989822388,0.26991012692451477,0.45496615767478943,0.8063806295394897
usaco,925_platinum_moorio_kart,1.5173163414001465,-0.0003463941684458405,1.171455979347229,0.2697831094264984,0.4552769660949707,0.8061510920524597
usaco,192_silver_balanced_cow_breeds,1.5173143148422241,-0.0003408273623790592,1.1713546514511108,0.26986008882522583,0.45515525341033936,0.8063375353813171
usaco,1278_silver_find_and_replace,1.5173137187957764,-0.00035151539486832917,1.1714597940444946,0.2700043320655823,0.45547568798065186,0.8059543967247009
usaco,640_bronze_bull_in_a_china_shop,1.5173133611679077,-0.000338597281370312,1.171586036682129,0.26976579427719116,0.45562466979026794,0.8057658076286316
usaco,1208_silver_email_filing,1.5173121690750122,-0.0003413954400457442,1.1712794303894043,0.269794762134552,0.4554579257965088,0.8062936663627625
usaco,1108_bronze_comfortable_cows,1.5173110961914062,-0.0003317678056191653,1.1712396144866943,0.2698487639427185,0.4555250108242035,0.8062935471534729
usaco,134_silver_unlocking_blocks_(silver),1.5173100233078003,-0.00033914484083652496,1.171254277229309,0.2698674499988556,0.4547160267829895,0.8067206144332886
usaco,395_bronze_auto-complete,1.5173094272613525,-0.0003508531954139471,1.171464443206787,0.26985371112823486,0.4551624655723572,0.80616694688797
usaco,132_bronze_islands,1.5173084735870361,-0.00035163629218004644,1.171546220779419,0.2701196074485779,0.4555402398109436,0.8057438135147095
usaco,413_bronze_the_lazy_cow,1.5173083543777466,-0.0003399697015993297,1.1715052127838135,0.2698816955089569,0.45587092638015747,0.8056957125663757
usaco,1115_gold_count_the_cows,1.5173081159591675,-0.0003383839502930641,1.1713833808898926,0.26985689997673035,0.45545005798339844,0.8061187863349915
usaco,261_bronze_breed_assignment,1.517307996749878,-0.0003456971899140626,1.1712337732315063,0.2698248326778412,0.45506367087364197,0.8065646886825562
usaco,120_gold_nearby_cows,1.5173065662384033,-0.00033955712569877505,1.1715558767318726,0.26992103457450867,0.4554601013660431,0.8058379888534546
usaco,759_bronze_blocked_billboard,1.5173035860061646,-0.0003306836588308215,1.1710424423217773,0.26980552077293396,0.45503363013267517,0.8068575263023376
usaco,1111_silver_year_of_the_cow,1.5173027515411377,-0.0003348002501297742,1.1713117361068726,0.2697916626930237,0.45511481165885925,0.8064239621162415
usaco,1279_silver_following_directions,1.5173025131225586,-0.000344173691701144,1.1713451147079468,0.2698505222797394,0.45536792278289795,0.806212306022644
usaco,346_gold_empty_stalls,1.5173019170761108,-0.0003254072507843375,1.171351671218872,0.2697599530220032,0.45547813177108765,0.8061696887016296
usaco,1206_silver_redistributing_gifts,1.5173017978668213,-0.00034834668622352183,1.1714060306549072,0.26992926001548767,0.45505207777023315,0.8062744736671448
usaco,548_bronze_palindromic_paths_(bronze),1.5173017978668213,-0.00032397761242464185,1.171057939529419,0.26976725459098816,0.45497772097587585,0.8068760633468628
usaco,1021_platinum_equilateral_triangles,1.517301082611084,-0.000322754931403324,1.1713420152664185,0.2697773277759552,0.45547372102737427,0.8061789274215698
usaco,1036_bronze_social_distancing_ii,1.517299771308899,-0.00034036801662296057,1.171190619468689,0.2698553204536438,0.45496639609336853,0.8066566586494446
usaco,896_silver_mountain_view,1.517299771308899,-0.00033558145514689386,1.1712406873703003,0.2698158621788025,0.4551246464252472,0.8065078854560852
usaco,894_silver_grass_planting,1.5172982215881348,-0.0003311167820356786,1.1712342500686646,0.26988688111305237,0.4552583694458008,0.8064149618148804
usaco,1064_silver_stuck_in_a_rut,1.5172979831695557,-0.0003447580093052238,1.1712989807128906,0.269880086183548,0.455270379781723,0.806316077709198
usaco,991_silver_loan_repayment,1.517296552658081,-0.0003348433237988502,1.1712925434112549,0.26989686489105225,0.4552791118621826,0.8063122034072876
usaco,1209_gold_redistributing_gifts,1.5172958374023438,-0.00033632040140219033,1.171018362045288,0.26976194977760315,0.45472827553749084,0.8070646524429321
usaco,794_platinum_sprinklers,1.5172951221466064,-0.00033002111013047397,1.1712721586227417,0.26978176832199097,0.45525315403938293,0.8063920736312866
usaco,278_bronze_bovine_ballet,1.5172916650772095,-0.000338122685207054,1.1713870763778687,0.26991599798202515,0.45535191893577576,0.8061181306838989
usaco,1276_bronze_air_cownditioning_ii,1.5172902345657349,-0.00033199446625076234,1.1710727214813232,0.2697523236274719,0.45481076836586,0.8069320917129517
usaco,1180_bronze_non-transitive_dice,1.5172899961471558,-0.00034565915120765567,1.1712673902511597,0.26993730664253235,0.45504072308540344,0.8064572215080261
usaco,810_silver_rest_stops,1.5172886848449707,-0.00034088146639987826,1.171349287033081,0.26998192071914673,0.45529428124427795,0.8061779141426086
usaco,280_bronze_photo,1.5172878503799438,-0.00034501278423704207,1.1714026927947998,0.2699383795261383,0.4554346203804016,0.8060339093208313
usaco,130_bronze_cows_in_a_row,1.5172876119613647,-0.0003400443238206208,1.171419382095337,0.26982593536376953,0.4552207291126251,0.806167721748352
usaco,93_gold_cow_steeplechase,1.5172876119613647,-0.000341668666806072,1.1713999509811401,0.2697874903678894,0.45538121461868286,0.8061182498931885
usaco,344_silver_crowded_cows,1.5172858238220215,-0.0003441870503593236,1.1713051795959473,0.2698768973350525,0.4550478160381317,0.8064109086990356
usaco,737_bronze_modern_art,1.5172854661941528,-0.00031917140586301684,1.1711653470993042,0.26969102025032043,0.4549870491027832,0.8067095875740051
usaco,87_bronze_cow_beauty_pageant_(bronze_level),1.5172837972640991,-0.0003332250635139644,1.1711909770965576,0.26979607343673706,0.45556554198265076,0.8063076734542847
usaco,1035_bronze_social_distancing_i,1.5172834396362305,-0.0003328467719256878,1.1712623834609985,0.26994678378105164,0.4552602469921112,0.8063251376152039
usaco,205_bronze_meet_and_greet,1.5172792673110962,-0.00033254470326937735,1.1712442636489868,0.2697118818759918,0.4549773633480072,0.8065818548202515
usaco,190_silver_clumsy_cows,1.517277717590332,-0.0003374969819560647,1.1711843013763428,0.26985806226730347,0.4551944434642792,0.8064945936203003
usaco,855_bronze_mixing_milk,1.5172756910324097,-0.00034739324473775923,1.1711764335632324,0.2699809670448303,0.4548872113227844,0.8066343665122986
usaco,787_silver_rental_service,1.5172755718231201,-0.000327229528920725,1.171280860900879,0.2697564661502838,0.45520392060279846,0.8063790202140808
usaco,94_bronze_hay_bales,1.517274260520935,-0.0003380328416824341,1.1712582111358643,0.26982808113098145,0.4552871584892273,0.8063385486602783
usaco,1017_gold_timeline,1.5172734260559082,-0.000337319856043905,1.1713825464248657,0.269918292760849,0.4546877443790436,0.8064644932746887
usaco,381_silver_recording_the_moolympics,1.5172734260559082,-0.0003462999011389911,1.1714179515838623,0.2700594365596771,0.4554889500141144,0.8059133887290955
usaco,1114_gold_modern_art_3,1.517271637916565,-0.00033304886892437935,1.17147696018219,0.27003365755081177,0.456274151802063,0.805388331413269
usaco,341_bronze_goldilocks_and_the_n_cows,1.5172715187072754,-0.0003495013515930623,1.1714318990707397,0.2699905037879944,0.4554780125617981,0.8059187531471252
usaco,1132_bronze_acowdemia_ii,1.5172712802886963,-0.0003299267846159637,1.1713083982467651,0.2698560655117035,0.4550238847732544,0.8063992261886597
usaco,91_gold_above_the_median,1.517270565032959,-0.0003311699547339231,1.1713223457336426,0.2698427736759186,0.4553305208683014,0.8062089681625366
usaco,809_bronze_taming_the_herd,1.517269492149353,-0.00034097826573997736,1.1712327003479004,0.2698909640312195,0.45546242594718933,0.8062465190887451
usaco,1067_gold_square_pasture,1.5172678232192993,-0.00033071404322981834,1.17123281955719,0.2698507010936737,0.4550568759441376,0.8064855933189392
usaco,835_silver_lemonade_line,1.5172678232192993,-0.0003421687870286405,1.171261191368103,0.2697543501853943,0.4551990330219269,0.8063964247703552
usaco,1230_silver_visits,1.5172672271728516,-0.0003375703527126461,1.1713237762451172,0.2697348892688751,0.45537760853767395,0.8062101602554321
usaco,1203_bronze_sleeping_in_class,1.517267107963562,-0.00033551111118867993,1.1712119579315186,0.26979729533195496,0.4550487995147705,0.8065370917320251
usaco,244_silver_perimeter,1.5172669887542725,-0.00033308667480014265,1.1712143421173096,0.26981332898139954,0.4549204111099243,0.8066003322601318
usaco,394_bronze_mirror_field,1.517265796661377,-0.0003581302589736879,1.1712441444396973,0.26997697353363037,0.45457807183265686,0.8066933155059814
usaco,1016_silver_clock_tree,1.5172629356384277,-0.00033687069662846625,1.1713693141937256,0.2697243392467499,0.45501378178596497,0.806344747543335
usaco,785_bronze_out_of_place,1.5172618627548218,-0.00035587980528362095,1.1711879968643188,0.270006388425827,0.45494821667671204,0.8065487742424011
usaco,112_bronze_rope_folding,1.5172616243362427,-0.0003346116282045841,1.171286702156067,0.26975274085998535,0.45517492294311523,0.8063620924949646
usaco,865_platinum_sort_it_out,1.5172616243362427,-0.0003510282840579748,1.171532392501831,0.2700432240962982,0.4555917978286743,0.8056719899177551
usaco,550_silver_trapped_in_the_haybales_(silver),1.5172615051269531,-0.0003348077880218625,1.1712524890899658,0.2697484791278839,0.45531803369522095,0.806331992149353
usaco,1015_silver_triangles,1.5172607898712158,-0.0003269909357186407,1.1712759733200073,0.26961827278137207,0.45489078760147095,0.8065812587738037
usaco,133_bronze_unlocking_blocks,1.5172606706619263,-0.0003221068764105439,1.1709954738616943,0.2696434259414673,0.45474544167518616,0.8070616722106934
usaco,259_bronze_cow_race,1.5172598361968994,-0.00032933324109762907,1.1713407039642334,0.2698219120502472,0.45519933104515076,0.8062431216239929
usaco,262_silver_poker_hands,1.5172595977783203,-0.00032376855961047113,1.1711190938949585,0.26970013976097107,0.45476970076560974,0.8068478107452393
usaco,1164_platinum_tickets,1.517259120941162,-0.0003490531526040286,1.1714998483657837,0.26987895369529724,0.4553706645965576,0.8058948516845703
usaco,1136_silver_acowdemia,1.517258644104004,-0.000338383368216455,1.1711781024932861,0.26980480551719666,0.45492294430732727,0.806638777256012
usaco,741_gold_bovine_genomics,1.5172568559646606,-0.00035003627999685705,1.1712902784347534,0.2699373662471771,0.45527762174606323,0.8062281012535095
usaco,1011_bronze_triangles,1.5172563791275024,-0.0003302242257632315,1.1713581085205078,0.2698136866092682,0.4558362662792206,0.8058542609214783
usaco,834_silver_out_of_sorts,1.5172561407089233,-0.0003370941849425435,1.171226143836975,0.2698614299297333,0.4553513824939728,0.8063036203384399
usaco,241_bronze_message_relay,1.5172555446624756,-0.0003284491249360144,1.1713356971740723,0.2697184383869171,0.4550923705101013,0.8063374161720276
usaco,126_silver_landscaping,1.5172545909881592,-0.00034427709761075675,1.1712045669555664,0.2699181139469147,0.45527470111846924,0.8063561916351318
usaco,1301_bronze_watching_mooloo,1.51725435256958,-0.0003353433858137578,1.1712355613708496,0.26977527141571045,0.45524439215660095,0.8063756227493286
usaco,1113_gold_stone_game,1.5172520875930786,-0.00033337678178213537,1.1712756156921387,0.2698083817958832,0.45505601167678833,0.8064085841178894
usaco,209_silver_wifi_setup,1.5172514915466309,-0.00033995177363976836,1.1713050603866577,0.2698837220668793,0.4548685550689697,0.8064453601837158
usaco,1227_bronze_photoshoot,1.5172474384307861,-0.00032969380845315754,1.1710906028747559,0.26988711953163147,0.4551038146018982,0.8066152930259705
usaco,417_silver_mooo_moo,1.5172474384307861,-0.00034690930624492466,1.1713008880615234,0.2699357867240906,0.4550573229789734,0.8063198328018188
usaco,1069_platinum_spaceship,1.517246961593628,-0.00033442387939430773,1.1711465120315552,0.26980409026145935,0.4551128149032593,0.8065558075904846
usaco,892_bronze_sleepy_cow_sorting,1.51724374294281,-0.0003336123190820217,1.1712461709976196,0.26975440979003906,0.4550941288471222,0.8064321279525757
usaco,944_silver_fence_planning,1.51724374294281,-0.00033286187681369483,1.171290636062622,0.2697971761226654,0.4553002119064331,0.8062368035316467
usaco,812_silver_teleportation,1.51724112033844,-0.00033581312163732946,1.1712181568145752,0.2698160409927368,0.45496514439582825,0.8065199255943298
usaco,945_gold_snakes,1.517240285873413,-0.0003283626865595579,1.1711909770965576,0.26980507373809814,0.45529434084892273,0.8063758015632629
usaco,648_platinum_262144,1.5172398090362549,-0.0003203061642125249,1.1711227893829346,0.26974135637283325,0.4553353190422058,0.8064721822738647
usaco,1303_silver_cow-libi,1.5172396898269653,-0.0003399607085157186,1.1713430881500244,0.2698097229003906,0.4551398754119873,0.8062394857406616
usaco,811_silver_snow_boots,1.5172384977340698,-0.0003216227632947266,1.171149492263794,0.2696957588195801,0.4549580514431,0.8066592216491699
usaco,1063_silver_rectangular_pasture,1.517237663269043,-0.00034406522172503173,1.171189546585083,0.26988959312438965,0.4547664225101471,0.8066427707672119
usaco,136_silver_running_laps,1.517237663269043,-0.0003512732801027596,1.1714396476745605,0.2699974775314331,0.45543763041496277,0.8058643937110901
usaco,919_silver_painting_the_barn,1.5172333717346191,-0.0003330513136461377,1.171164870262146,0.2697564959526062,0.4551444351673126,0.8065016865730286
usaco,644_silver_closing_the_farm,1.517232894897461,-0.00034491406404413283,1.1714304685592651,0.26992836594581604,0.45543625950813293,0.8058924674987793
usaco,1060_bronze_daisy_chains,1.5172319412231445,-0.00034728742321021855,1.1713838577270508,0.2697453200817108,0.4552956521511078,0.8060991764068604
usaco,987_bronze_word_processor,1.5172302722930908,-0.00032099831150844693,1.1710209846496582,0.2696143686771393,0.45472562313079834,0.8069883584976196
usaco,545_bronze_moocryption,1.5172284841537476,-0.0003339419490657747,1.1711761951446533,0.26983919739723206,0.45520296692848206,0.8064154982566833
usaco,340_bronze_combination_lock,1.5172282457351685,-0.0003480988962110132,1.1710796356201172,0.2700039744377136,0.455010324716568,0.8066086769104004
usaco,1087_silver_no_time_to_paint,1.517227292060852,-0.0003106557414866984,1.1711859703063965,0.26972681283950806,0.4550337493419647,0.8065321445465088
usaco,1204_bronze_photoshoot_2,1.517227053642273,-0.0003411988145671785,1.1711851358413696,0.2698604464530945,0.454921692609787,0.8065512180328369
usaco,1090_gold_telephone,1.5172266960144043,-0.0003240432124584913,1.171175241470337,0.2697288990020752,0.45505526661872864,0.8065335154533386
usaco,86_bronze_moo_sick,1.5172264575958252,-0.00033394258935004473,1.1712746620178223,0.2697119116783142,0.4550671875476837,0.8063876628875732
usaco,1229_bronze_alchemy,1.5172263383865356,-0.00032842688960954547,1.1711273193359375,0.2696717381477356,0.4549512565135956,0.8066802620887756
usaco,990_silver_berry_picking,1.517225742340088,-0.00033126940252259374,1.1711509227752686,0.2697371244430542,0.4548807144165039,0.8066627979278564
usaco,989_bronze_race,1.5172247886657715,-0.0003406970645301044,1.1713459491729736,0.2698098123073578,0.4553321301937103,0.8060985803604126
usaco,738_silver_paired_up,1.5172228813171387,-0.00032422872027382255,1.1711809635162354,0.2697243094444275,0.45521995425224304,0.8064267039299011
usaco,90_silver_tile_exchanging,1.5172218084335327,-0.0003283814003225416,1.1711022853851318,0.2697793245315552,0.4550168514251709,0.8066352009773254
usaco,127_gold_large_banner,1.5172185897827148,-0.0003446231421548873,1.171223521232605,0.269779235124588,0.4550411105155945,0.8064393401145935
usaco,918_silver_sleepy_cow_herding,1.517217755317688,-0.0003335480869282037,1.1712063550949097,0.26984700560569763,0.45503512024879456,0.8064433932304382
usaco,1251_bronze_cow_college,1.5172176361083984,-0.00036698763142339885,1.1719306707382202,0.2700512111186981,0.45612284541130066,0.8047062158584595
usaco,1333_platinum_good_bitstrings,1.5172144174575806,-0.00032447720877826214,1.1710433959960938,0.26971232891082764,0.45482951402664185,0.8068348169326782
usaco,856_bronze_the_bucket_list,1.5172115564346313,-0.0003356058441568166,1.1714075803756714,0.26982972025871277,0.45521700382232666,0.8060425519943237
usaco,249_gold_route_design,1.5172103643417358,-0.0003645841497927904,1.1716055870056152,0.2701389491558075,0.45582976937294006,0.8053023219108582
usaco,764_silver_the_bovine_shuffle,1.517209529876709,-0.0003332020714879036,1.1713286638259888,0.2698105275630951,0.45542454719543457,0.806042492389679
usaco,1330_gold_pareidolia,1.517208218574524,-0.00032284861663356423,1.1713433265686035,0.2697271704673767,0.45534980297088623,0.8060888648033142
usaco,1062_silver_cowntagion,1.5172079801559448,-0.00033758734934963286,1.1712329387664795,0.26980099081993103,0.45508480072021484,0.8063737154006958
usaco,837_gold_out_of_sorts,1.5172079801559448,-0.0003237939963582903,1.17113196849823,0.26967063546180725,0.4549395740032196,0.8066458702087402
usaco,263_silver_farm_painting,1.517207384109497,-0.00031755666714161634,1.1711525917053223,0.2696649134159088,0.45476555824279785,0.8067150115966797
usaco,964_bronze_where_am_i?,1.5172072649002075,-0.00032642221776768565,1.1711442470550537,0.2697650194168091,0.45500892400741577,0.8065561652183533
usaco,1157_bronze_walking_home,1.5172053575515747,-0.0003112261474598199,1.1711220741271973,0.269663542509079,0.455022931098938,0.8066107034683228
usaco,430_bronze_odometer,1.5172028541564941,-0.0003289864107500762,1.1710362434387207,0.26977238059043884,0.4548484981060028,0.806792676448822
usaco,84_bronze_contest_timing,1.5172019004821777,-0.00031253189081326127,1.171154499053955,0.269649863243103,0.45522719621658325,0.8064464926719666
usaco,864_platinum_balance_beam,1.5172010660171509,-0.0003591831773519516,1.1715471744537354,0.269669771194458,0.45579707622528076,0.805545449256897
usaco,398_silver_roadblock,1.5171992778778076,-0.000326013017911464,1.17106294631958,0.26977449655532837,0.45475825667381287,0.806797206401825
usaco,549_silver_bessie_goes_moo,1.5171992778778076,-0.0003234961477573961,1.1709524393081665,0.2696640193462372,0.45488086342811584,0.8069254755973816
usaco,1262_platinum_palindromes,1.5171985626220703,-0.00032080805976875126,1.1711132526397705,0.26962366700172424,0.4549623131752014,0.806658148765564
usaco,128_gold_haybale_restacking,1.5171982049942017,-0.00033897801768034697,1.1712414026260376,0.26994144916534424,0.4552775025367737,0.8061872124671936
usaco,760_bronze_the_bovine_shuffle,1.5171971321105957,-0.0003382085415069014,1.171324610710144,0.2697444558143616,0.4550340473651886,0.8062679171562195
usaco,1325_bronze_rotate_and_shift,1.5171970129013062,-0.0003373253857716918,1.1712712049484253,0.2697664201259613,0.4549502730369568,0.8063850402832031
usaco,1068_platinum_sleeping_cows,1.5171966552734375,-0.0003259647055529058,1.1711177825927734,0.2697204649448395,0.45497697591781616,0.8066076040267944
usaco,88_silver_cow_beauty_pageant_(silver_level),1.5171953439712524,-0.0003284272097516805,1.1712682247161865,0.2695906162261963,0.4548749625682831,0.8064875602722168
usaco,380_silver_cross_country_skiing,1.5171929597854614,-0.0003322845441289246,1.1714119911193848,0.2696673274040222,0.45525965094566345,0.8060314655303955
usaco,115_silver_overplanting_(silver),1.5171912908554077,-0.00032113780616782606,1.171062707901001,0.2696664035320282,0.4547242522239685,0.8068378567695618
usaco,226_silver_painting_the_fence,1.5171878337860107,-0.0003353081119712442,1.1711598634719849,0.2698000967502594,0.45530012249946594,0.8063207864761353
usaco,643_silver_diamond_collector,1.5171840190887451,-0.00033009963226504624,1.1712530851364136,0.26973021030426025,0.45498669147491455,0.8063785433769226
usaco,114_bronze_moo,1.5171817541122437,-0.0003378598194103688,1.171190857887268,0.2698444724082947,0.4547222852706909,0.8065754175186157
usaco,401_gold_cow_decathlon,1.5171812772750854,-0.00032572378404438496,1.171207070350647,0.26970216631889343,0.4554787874221802,0.8061715960502625
usaco,942_silver_left_out,1.5171796083450317,-0.00031881278846412897,1.170968770980835,0.2695237398147583,0.45496562123298645,0.8068639636039734
usaco,107_silver_bale_share,1.5171794891357422,-0.00033892245846800506,1.1712349653244019,0.26984232664108276,0.4555319547653198,0.8060508370399475
usaco,546_bronze_bessie_gets_even,1.5171788930892944,-0.0003177178150508553,1.1710785627365112,0.2696212828159332,0.45501887798309326,0.8066403865814209
usaco,967_silver_meetings,1.517177939414978,-0.00032953560003079474,1.1711993217468262,0.2698025107383728,0.4549046456813812,0.8064672350883484
usaco,396_bronze_secret_code,1.5171762704849243,-0.00034732528729364276,1.171386480331421,0.26991480588912964,0.45524004101753235,0.8059653043746948
usaco,646_gold_closing_the_farm,1.5171759128570557,-0.00033439623075537384,1.1711784601211548,0.26980602741241455,0.45508861541748047,0.8063886761665344
usaco,189_bronze_horseshoes,1.5171743631362915,-0.00033138261642307043,1.171244502067566,0.2697705626487732,0.45542111992836,0.8061140775680542
usaco,377_bronze_bessie_slows_down,1.5171743631362915,-0.00033368178992532194,1.171330451965332,0.26980674266815186,0.45528939366340637,0.8060513138771057
usaco,1232_silver_cow_operations,1.5171698331832886,-0.00032379513140767813,1.17105233669281,0.2695954442024231,0.45493283867836,0.8067187666893005
usaco,362_silver_vacation_planning,1.5171689987182617,-0.00032655440736562014,1.1710551977157593,0.2696753740310669,0.45488327741622925,0.8067141771316528
usaco,1183_silver_cow_frisbee,1.5171681642532349,-0.00033241085475310683,1.171162724494934,0.2697829008102417,0.45493045449256897,0.8064939975738525
usaco,1086_silver_dance_mooves,1.5171595811843872,-0.0003324274148326367,1.1710753440856934,0.26969611644744873,0.45476609468460083,0.8067263960838318
usaco,1275_bronze_leaders,1.5171568393707275,-0.00032289992668665946,1.171238899230957,0.26948538422584534,0.45527899265289307,0.8062648177146912
usaco,1181_bronze_drought,1.517152190208435,-0.00034611945739015937,1.1709480285644531,0.26987025141716003,0.4543329179286957,0.807083010673523
usaco,193_gold_balanced_cow_breeds,1.5171504020690918,-0.0003276130591984838,1.1710981130599976,0.2696591913700104,0.4551321566104889,0.8064820766448975
usaco,815_gold_taming_the_herd,1.517148494720459,-0.0003387895121704787,1.1714130640029907,0.26988694071769714,0.45558395981788635,0.8056894540786743
usaco,400_gold_roadblock,1.5171452760696411,-0.00032845043460838497,1.1712366342544556,0.26959332823753357,0.45494726300239563,0.8063973188400269
usaco,988_bronze_photoshoot,1.517141580581665,-0.0003131068660877645,1.1709158420562744,0.2696068286895752,0.45464643836021423,0.80702143907547
usaco,1088_silver_spaced_out,1.5171324014663696,-0.00031355771352536976,1.1710054874420166,0.2695590853691101,0.45455217361450195,0.8069429397583008
usaco,188_bronze_typo,1.5171308517456055,-0.0003162920766044408,1.1710305213928223,0.2695416808128357,0.4548034071922302,0.8067680597305298
usaco,1182_silver_searching_for_soulmates,1.517116665840149,-0.00036429319879971445,1.171829104423523,0.2699800133705139,0.4559010863304138,0.8048133254051208
usaco,1133_bronze_acowdemia_iii,1.517106056213379,-0.00033199856989085674,1.1713476181030273,0.2697223424911499,0.4553484618663788,0.805892825126648
usaco,358_bronze_record_keeping,1.517087459564209,-0.0003236684715375304,1.17091703414917,0.26964664459228516,0.45450952649116516,0.80698162317276
usaco,860_silver_mooyo_mooyo,1.5170855522155762,-0.000326736131682992,1.1711524724960327,0.2696027457714081,0.45512452721595764,0.8063040971755981
usaco,924_platinum_cow_dating,1.5170742273330688,-0.00032983990968205035,1.1711108684539795,0.2697492241859436,0.455121248960495,0.8062962889671326
usaco,1300_bronze_stamp_grid,1.517069697380066,-0.00033948704367503524,1.1711865663528442,0.2698776423931122,0.45510244369506836,0.806145191192627
usaco,187_bronze_find_the_cow!,1.517069697380066,-0.0003279487427789718,1.1711353063583374,0.26963090896606445,0.4548276662826538,0.8064572215080261
usaco,965_bronze_livestock_lineup,1.5170669555664062,-0.0003609115374274552,1.1715583801269531,0.2697834372520447,0.45586350560188293,0.8052009344100952
usaco,767_gold_haybale_feast,1.5170588493347168,-0.0003532833943609148,1.1714950799942017,0.2698962092399597,0.45584526658058167,0.8052502274513245
usaco,736_bronze_bovine_genomics,1.51703941822052,-0.0003228094719815999,1.170898199081421,0.26962319016456604,0.45477673411369324,0.8067760467529297
