benchmark,task_id,f_task,bench_domain,bench_task_type,bench_requires_code,bench_requires_web,bench_requires_reasoning
assistantbench,0ec4371851b96837b0a81b3dd3df401415061bb532fbafeb4609f3337c358508,-0.28157272934913635,general,web_task,False,True,False
assistantbench,291b53e665b4dd4365cde995042db4a6f6fecef3fe3a6f4482f23d61bd673918,-0.28157272934913635,general,web_task,False,True,False
assistantbench,2aa5dd83fbcd0dce9a3dd4592106e5b5edf738008d932e357d477bba80e59ccf,-0.28157272934913635,general,web_task,False,True,False
assistantbench,2ddae3b7a208e3c25f14d82d7a1faaaa1832fbf950b4dac345e755c4c361f294,-0.28157272934913635,general,web_task,False,True,False
assistantbench,3af8028c2a59e28ca88baff0e6d91f2a9f170c5ef91003f1c8406755a2760ad4,-0.28157272934913635,general,web_task,False,True,False
assistantbench,4dbedc5e1a0205e14b7ff3ba89bce3060dab15d0ada3b7e1351a6f2aa8287aec,-0.28157272934913635,general,web_task,False,True,False
assistantbench,4e615af6f0348597b4133cc1ec5418bb3f35328e3d95e23a275027cee97b5e09,-0.28157272934913635,general,web_task,False,True,False
assistantbench,52f7224e9c79431e7926afe317782711a0028750693e7456cde22ef6f4bd8bd5,-0.28157272934913635,general,web_task,False,True,False
assistantbench,557e78eceec08ca8b0da5f9fdaca6e1c7ec6140a8ce600983ee716327dab005e,-0.28157272934913635,general,web_task,False,True,False
assistantbench,55f4258484c5b398956133128a50462a767da211f8f72aa5ac5bbffb9bcbba1a,-0.28157272934913635,general,web_task,False,True,False
assistantbench,57d9dc6935e8a40b02e7f8ec81768fe70e68a0c05f6866927c9fda38db38a486,-0.28157272934913635,general,web_task,False,True,False
assistantbench,6b06d186921b8b390c65aebd0d16f09f60a47d2f1288ebe36953f734e84c0a3c,-0.28157272934913635,general,web_task,False,True,False
assistantbench,6e3be83d1949fa52cba03fb1ce4b5b3bf7e37a83fd7d67694b10b2e439d90cf8,-0.28157272934913635,general,web_task,False,True,False
assistantbench,6f224e7730ed027cbac73aebb1aea7f954053082041b02b19f4ff126a0a8a208,-0.28157272934913635,general,web_task,False,True,False
assistantbench,748899d9d70c09beb3bd48ac8a3658bdcfd2f9114fe6dc4c4b8d2f9541ef4607,-0.28157272934913635,general,web_task,False,True,False
assistantbench,797f7a5b65ca28b7e7156e7db1e9f117bd4a021de0cd512bfdbb0be897d89eab,-0.28157272934913635,general,web_task,False,True,False
assistantbench,8ad84bd6fe38481ba49e7ad1f6fbd43219a999074e5c6fc940003281f55ec65b,-0.28157272934913635,general,web_task,False,True,False
assistantbench,8fa42360185068216f2919935148d4e1ad28ddc18da0abd0f4bb0b6b6f84b127,-0.28157272934913635,general,web_task,False,True,False
assistantbench,929b45f34805280d77c61d1e093e3d4e551d77ddb6ecd73552b12b1af286388d,-0.28157272934913635,general,web_task,False,True,False
assistantbench,99da66d8af02491f98b98c56b26c709e773b5a2ad945fb280375951ba600de09,-0.28157272934913635,general,web_task,False,True,False
assistantbench,9baaa267c95f9d8b75741ee9169c50563d297cfa592c20deaffd30dbc5984c74,-0.28157272934913635,general,web_task,False,True,False
assistantbench,9bdca8677af1e25cb7b0c7992dc62670c3e58e4afcd5ae60bcaa2483556bba00,-0.28157272934913635,general,web_task,False,True,False
assistantbench,9e31099fffa6a3891c94934fd4fc2f3f522d51c1904ff3561f3a10e4bf245821,-0.28157272934913635,general,web_task,False,True,False
assistantbench,a9074997e698f912b9e751779ea19c1e92fa148404e90e0ae997acea3f9559b0,-0.28157272934913635,general,web_task,False,True,False
assistantbench,b36ef2d8f2643b80e74a44ce3403f674ecb2aed7fd36afeaa289061a59feef92,-0.28157272934913635,general,web_task,False,True,False
assistantbench,c7afe00869f98cf363fd83677ac41757ed5e57f03eacc3d1304feb0a92084bd1,-0.28157272934913635,general,web_task,False,True,False
assistantbench,cca4776df3c73e7f9430a2e624aafad056b14322a0b7ca6c0c22b7e7f3f0890a,-0.28157272934913635,general,web_task,False,True,False
assistantbench,ccec2229ced20a4b0cb4897e3a99120a3017ea030903e01c9bda6b13d40b0b14,-0.28157272934913635,general,web_task,False,True,False
assistantbench,e2dc3a6b10b762e8aba7fa4d4e70f757f6d04dcbc8b56c48fc53fd9928d31d07,-0.28157272934913635,general,web_task,False,True,False
assistantbench,e6bc98089608217e45b6956a46518fe3cce64a799b3ac43c6974c449ae14c408,-0.28157272934913635,general,web_task,False,True,False
assistantbench,efc0f3a47e9ed2ecdbcc037c2093865fe6e39f4d413a5d1ccdc7357160a4606b,-0.28157272934913635,general,web_task,False,True,False
assistantbench,f88066d274e265edd6cd9d61cd80a41accb3a14baf2297652fdd05cdf716d455,-0.28157272934913635,general,web_task,False,True,False
assistantbench,fb9ba3ab6a13d0adc677f993e90d54914a5cdf211305a1bba6bf16ec4ccb9b7c,-0.28157272934913635,general,web_task,False,True,False
colbench_backend_programming,0,-0.04126991331577301,software_engineering,code_generation,True,False,True
colbench_backend_programming,1,-0.04126991331577301,software_engineering,code_generation,True,False,True
colbench_backend_programming,10,-0.04126991331577301,software_engineering,code_generation,True,False,True
colbench_backend_programming,100,-0.04126991331577301,software_engineering,code_generation,True,False,True
colbench_backend_programming,101,-0.04126991331577301,software_engineering,code_generation,True,False,True
colbench_backend_programming,102,-0.04126991331577301,software_engineering,code_generation,True,False,True
colbench_backend_programming,103,-0.04126991331577301,software_engineering,code_generation,True,False,True
colbench_backend_programming,104,-0.04126991331577301,software_engineering,code_generation,True,False,True
colbench_backend_programming,105,-0.04126991331577301,software_engineering,code_generation,True,False,True
colbench_backend_programming,106,-0.04126991331577301,software_engineering,code_generation,True,False,True
colbench_backend_programming,107,-0.04126991331577301,software_engineering,code_generation,True,False,True
colbench_backend_programming,108,-0.04126991331577301,software_engineering,code_generation,True,False,True
colbench_backend_programming,109,-0.04126991331577301,software_engineering,code_generation,True,False,True
colbench_backend_programming,11,-0.04126991331577301,software_engineering,code_generation,True,False,True
colbench_backend_programming,110,-0.04126991331577301,software_engineering,code_generation,True,False,True
colbench_backend_programming,111,-0.04126991331577301,software_engineering,code_generation,True,False,True
colbench_backend_programming,112,-0.04126991331577301,software_engineering,code_generation,True,False,True
colbench_backend_programming,113,-0.04126991331577301,software_engineering,code_generation,True,False,True
colbench_backend_programming,114,-0.04126991331577301,software_engineering,code_generation,True,False,True
colbench_backend_programming,115,-0.04126991331577301,software_engineering,code_generation,True,False,True
colbench_backend_programming,116,-0.04126991331577301,software_engineering,code_generation,True,False,True
colbench_backend_programming,117,-0.04126991331577301,software_engineering,code_generation,True,False,True
colbench_backend_programming,118,-0.04126991331577301,software_engineering,code_generation,True,False,True
colbench_backend_programming,119,-0.04126991331577301,software_engineering,code_generation,True,False,True
colbench_backend_programming,12,-0.04126991331577301,software_engineering,code_generation,True,False,True
colbench_backend_programming,120,-0.04126991331577301,software_engineering,code_generation,True,False,True
colbench_backend_programming,121,-0.04126991331577301,software_engineering,code_generation,True,False,True
colbench_backend_programming,122,-0.04126991331577301,software_engineering,code_generation,True,False,True
colbench_backend_programming,123,-0.04126991331577301,software_engineering,code_generation,True,False,True
colbench_backend_programming,124,-0.04126991331577301,software_engineering,code_generation,True,False,True
colbench_backend_programming,125,-0.04126991331577301,software_engineering,code_generation,True,False,True
colbench_backend_programming,126,-0.04126991331577301,software_engineering,code_generation,True,False,True
colbench_backend_programming,127,-0.04126991331577301,software_engineering,code_generation,True,False,True
colbench_backend_programming,128,-0.04126991331577301,software_engineering,code_generation,True,False,True
colbench_backend_programming,129,-0.04126991331577301,software_engineering,code_generation,True,False,True
colbench_backend_programming,13,-0.04126991331577301,software_engineering,code_generation,True,False,True
colbench_backend_programming,130,-0.04126991331577301,software_engineering,code_generation,True,False,True
colbench_backend_programming,131,-0.04126991331577301,software_engineering,code_generation,True,False,True
colbench_backend_programming,132,-0.04126991331577301,software_engineering,code_generation,True,False,True
colbench_backend_programming,133,-0.04126991331577301,software_engineering,code_generation,True,False,True
colbench_backend_programming,134,-0.04126991331577301,software_engineering,code_generation,True,False,True
colbench_backend_programming,135,-0.04126991331577301,software_engineering,code_generation,True,False,True
colbench_backend_programming,136,-0.04126991331577301,software_engineering,code_generation,True,False,True
colbench_backend_programming,137,-0.04126991331577301,software_engineering,code_generation,True,False,True
colbench_backend_programming,138,-0.04126991331577301,software_engineering,code_generation,True,False,True
colbench_backend_programming,139,-0.04126991331577301,software_engineering,code_generation,True,False,True
colbench_backend_programming,14,-0.04126991331577301,software_engineering,code_generation,True,False,True
colbench_backend_programming,140,-0.04126991331577301,software_engineering,code_generation,True,False,True
colbench_backend_programming,141,-0.04126991331577301,software_engineering,code_generation,True,False,True
colbench_backend_programming,142,-0.04126991331577301,software_engineering,code_generation,True,False,True
colbench_backend_programming,143,-0.04126991331577301,software_engineering,code_generation,True,False,True
colbench_backend_programming,144,-0.04126991331577301,software_engineering,code_generation,True,False,True
colbench_backend_programming,145,-0.04126991331577301,software_engineering,code_generation,True,False,True
colbench_backend_programming,146,-0.04126991331577301,software_engineering,code_generation,True,False,True
colbench_backend_programming,147,-0.04126991331577301,software_engineering,code_generation,True,False,True
colbench_backend_programming,148,-0.04126991331577301,software_engineering,code_generation,True,False,True
colbench_backend_programming,149,-0.04126991331577301,software_engineering,code_generation,True,False,True
colbench_backend_programming,15,-0.04126991331577301,software_engineering,code_generation,True,False,True
colbench_backend_programming,150,-0.04126991331577301,software_engineering,code_generation,True,False,True
colbench_backend_programming,151,-0.04126991331577301,software_engineering,code_generation,True,False,True
colbench_backend_programming,152,-0.04126991331577301,software_engineering,code_generation,True,False,True
colbench_backend_programming,153,-0.04126991331577301,software_engineering,code_generation,True,False,True
colbench_backend_programming,154,-0.04126991331577301,software_engineering,code_generation,True,False,True
colbench_backend_programming,155,-0.04126991331577301,software_engineering,code_generation,True,False,True
colbench_backend_programming,156,-0.04126991331577301,software_engineering,code_generation,True,False,True
colbench_backend_programming,157,-0.04126991331577301,software_engineering,code_generation,True,False,True
colbench_backend_programming,158,-0.04126991331577301,software_engineering,code_generation,True,False,True
colbench_backend_programming,159,-0.04126991331577301,software_engineering,code_generation,True,False,True
colbench_backend_programming,16,-0.04126991331577301,software_engineering,code_generation,True,False,True
colbench_backend_programming,160,-0.04126991331577301,software_engineering,code_generation,True,False,True
colbench_backend_programming,161,-0.04126991331577301,software_engineering,code_generation,True,False,True
colbench_backend_programming,162,-0.04126991331577301,software_engineering,code_generation,True,False,True
colbench_backend_programming,163,-0.04126991331577301,software_engineering,code_generation,True,False,True
colbench_backend_programming,164,-0.04126991331577301,software_engineering,code_generation,True,False,True
colbench_backend_programming,165,-0.04126991331577301,software_engineering,code_generation,True,False,True
colbench_backend_programming,166,-0.04126991331577301,software_engineering,code_generation,True,False,True
colbench_backend_programming,167,-0.04126991331577301,software_engineering,code_generation,True,False,True
colbench_backend_programming,168,-0.04126991331577301,software_engineering,code_generation,True,False,True
colbench_backend_programming,169,-0.04126991331577301,software_engineering,code_generation,True,False,True
colbench_backend_programming,17,-0.04126991331577301,software_engineering,code_generation,True,False,True
colbench_backend_programming,170,-0.04126991331577301,software_engineering,code_generation,True,False,True
colbench_backend_programming,171,-0.04126991331577301,software_engineering,code_generation,True,False,True
colbench_backend_programming,172,-0.04126991331577301,software_engineering,code_generation,True,False,True
colbench_backend_programming,173,-0.04126991331577301,software_engineering,code_generation,True,False,True
colbench_backend_programming,174,-0.04126991331577301,software_engineering,code_generation,True,False,True
colbench_backend_programming,175,-0.04126991331577301,software_engineering,code_generation,True,False,True
colbench_backend_programming,176,-0.04126991331577301,software_engineering,code_generation,True,False,True
colbench_backend_programming,177,-0.04126991331577301,software_engineering,code_generation,True,False,True
colbench_backend_programming,178,-0.04126991331577301,software_engineering,code_generation,True,False,True
colbench_backend_programming,179,-0.04126991331577301,software_engineering,code_generation,True,False,True
colbench_backend_programming,18,-0.04126991331577301,software_engineering,code_generation,True,False,True
colbench_backend_programming,180,-0.04126991331577301,software_engineering,code_generation,True,False,True
colbench_backend_programming,181,-0.04126991331577301,software_engineering,code_generation,True,False,True
colbench_backend_programming,182,-0.04126991331577301,software_engineering,code_generation,True,False,True
colbench_backend_programming,183,-0.04126991331577301,software_engineering,code_generation,True,False,True
colbench_backend_programming,184,-0.04126991331577301,software_engineering,code_generation,True,False,True
colbench_backend_programming,185,-0.04126991331577301,software_engineering,code_generation,True,False,True
colbench_backend_programming,186,-0.04126991331577301,software_engineering,code_generation,True,False,True
colbench_backend_programming,187,-0.04126991331577301,software_engineering,code_generation,True,False,True
colbench_backend_programming,188,-0.04126991331577301,software_engineering,code_generation,True,False,True
colbench_backend_programming,189,-0.04126991331577301,software_engineering,code_generation,True,False,True
colbench_backend_programming,19,-0.04126991331577301,software_engineering,code_generation,True,False,True
colbench_backend_programming,190,-0.04126991331577301,software_engineering,code_generation,True,False,True
colbench_backend_programming,191,-0.04126991331577301,software_engineering,code_generation,True,False,True
colbench_backend_programming,192,-0.04126991331577301,software_engineering,code_generation,True,False,True
colbench_backend_programming,193,-0.04126991331577301,software_engineering,code_generation,True,False,True
colbench_backend_programming,194,-0.04126991331577301,software_engineering,code_generation,True,False,True
colbench_backend_programming,195,-0.04126991331577301,software_engineering,code_generation,True,False,True
colbench_backend_programming,196,-0.04126991331577301,software_engineering,code_generation,True,False,True
colbench_backend_programming,197,-0.04126991331577301,software_engineering,code_generation,True,False,True
colbench_backend_programming,198,-0.04126991331577301,software_engineering,code_generation,True,False,True
colbench_backend_programming,199,-0.04126991331577301,software_engineering,code_generation,True,False,True
colbench_backend_programming,2,-0.04126991331577301,software_engineering,code_generation,True,False,True
colbench_backend_programming,20,-0.04126991331577301,software_engineering,code_generation,True,False,True
colbench_backend_programming,200,-0.04126991331577301,software_engineering,code_generation,True,False,True
colbench_backend_programming,201,-0.04126991331577301,software_engineering,code_generation,True,False,True
colbench_backend_programming,202,-0.04126991331577301,software_engineering,code_generation,True,False,True
colbench_backend_programming,203,-0.04126991331577301,software_engineering,code_generation,True,False,True
colbench_backend_programming,204,-0.04126991331577301,software_engineering,code_generation,True,False,True
colbench_backend_programming,205,-0.04126991331577301,software_engineering,code_generation,True,False,True
colbench_backend_programming,206,-0.04126991331577301,software_engineering,code_generation,True,False,True
colbench_backend_programming,207,-0.04126991331577301,software_engineering,code_generation,True,False,True
colbench_backend_programming,208,-0.04126991331577301,software_engineering,code_generation,True,False,True
colbench_backend_programming,209,-0.04126991331577301,software_engineering,code_generation,True,False,True
colbench_backend_programming,21,-0.04126991331577301,software_engineering,code_generation,True,False,True
colbench_backend_programming,210,-0.04126991331577301,software_engineering,code_generation,True,False,True
colbench_backend_programming,211,-0.04126991331577301,software_engineering,code_generation,True,False,True
colbench_backend_programming,212,-0.04126991331577301,software_engineering,code_generation,True,False,True
colbench_backend_programming,213,-0.04126991331577301,software_engineering,code_generation,True,False,True
colbench_backend_programming,214,-0.04126991331577301,software_engineering,code_generation,True,False,True
colbench_backend_programming,215,-0.04126991331577301,software_engineering,code_generation,True,False,True
colbench_backend_programming,216,-0.04126991331577301,software_engineering,code_generation,True,False,True
colbench_backend_programming,217,-0.04126991331577301,software_engineering,code_generation,True,False,True
colbench_backend_programming,218,-0.04126991331577301,software_engineering,code_generation,True,False,True
colbench_backend_programming,219,-0.04126991331577301,software_engineering,code_generation,True,False,True
colbench_backend_programming,22,-0.04126991331577301,software_engineering,code_generation,True,False,True
colbench_backend_programming,220,-0.04126991331577301,software_engineering,code_generation,True,False,True
colbench_backend_programming,221,-0.04126991331577301,software_engineering,code_generation,True,False,True
colbench_backend_programming,222,-0.04126991331577301,software_engineering,code_generation,True,False,True
colbench_backend_programming,223,-0.04126991331577301,software_engineering,code_generation,True,False,True
colbench_backend_programming,224,-0.04126991331577301,software_engineering,code_generation,True,False,True
colbench_backend_programming,225,-0.04126991331577301,software_engineering,code_generation,True,False,True
colbench_backend_programming,226,-0.04126991331577301,software_engineering,code_generation,True,False,True
colbench_backend_programming,227,-0.04126991331577301,software_engineering,code_generation,True,False,True
colbench_backend_programming,228,-0.04126991331577301,software_engineering,code_generation,True,False,True
colbench_backend_programming,229,-0.04126991331577301,software_engineering,code_generation,True,False,True
colbench_backend_programming,23,-0.04126991331577301,software_engineering,code_generation,True,False,True
colbench_backend_programming,230,-0.04126991331577301,software_engineering,code_generation,True,False,True
colbench_backend_programming,231,-0.04126991331577301,software_engineering,code_generation,True,False,True
colbench_backend_programming,232,-0.04126991331577301,software_engineering,code_generation,True,False,True
colbench_backend_programming,233,-0.04126991331577301,software_engineering,code_generation,True,False,True
colbench_backend_programming,234,-0.04126991331577301,software_engineering,code_generation,True,False,True
colbench_backend_programming,235,-0.04126991331577301,software_engineering,code_generation,True,False,True
colbench_backend_programming,236,-0.04126991331577301,software_engineering,code_generation,True,False,True
colbench_backend_programming,237,-0.04126991331577301,software_engineering,code_generation,True,False,True
colbench_backend_programming,238,-0.04126991331577301,software_engineering,code_generation,True,False,True
colbench_backend_programming,239,-0.04126991331577301,software_engineering,code_generation,True,False,True
colbench_backend_programming,24,-0.04126991331577301,software_engineering,code_generation,True,False,True
colbench_backend_programming,240,-0.04126991331577301,software_engineering,code_generation,True,False,True
colbench_backend_programming,241,-0.04126991331577301,software_engineering,code_generation,True,False,True
colbench_backend_programming,242,-0.04126991331577301,software_engineering,code_generation,True,False,True
colbench_backend_programming,243,-0.04126991331577301,software_engineering,code_generation,True,False,True
colbench_backend_programming,244,-0.04126991331577301,software_engineering,code_generation,True,False,True
colbench_backend_programming,245,-0.04126991331577301,software_engineering,code_generation,True,False,True
colbench_backend_programming,246,-0.04126991331577301,software_engineering,code_generation,True,False,True
colbench_backend_programming,247,-0.04126991331577301,software_engineering,code_generation,True,False,True
colbench_backend_programming,248,-0.04126991331577301,software_engineering,code_generation,True,False,True
colbench_backend_programming,249,-0.04126991331577301,software_engineering,code_generation,True,False,True
colbench_backend_programming,25,-0.04126991331577301,software_engineering,code_generation,True,False,True
colbench_backend_programming,250,-0.04126991331577301,software_engineering,code_generation,True,False,True
colbench_backend_programming,251,-0.04126991331577301,software_engineering,code_generation,True,False,True
colbench_backend_programming,252,-0.04126991331577301,software_engineering,code_generation,True,False,True
colbench_backend_programming,253,-0.04126991331577301,software_engineering,code_generation,True,False,True
colbench_backend_programming,254,-0.04126991331577301,software_engineering,code_generation,True,False,True
colbench_backend_programming,255,-0.04126991331577301,software_engineering,code_generation,True,False,True
colbench_backend_programming,256,-0.04126991331577301,software_engineering,code_generation,True,False,True
colbench_backend_programming,257,-0.04126991331577301,software_engineering,code_generation,True,False,True
colbench_backend_programming,258,-0.04126991331577301,software_engineering,code_generation,True,False,True
colbench_backend_programming,259,-0.04126991331577301,software_engineering,code_generation,True,False,True
colbench_backend_programming,26,-0.04126991331577301,software_engineering,code_generation,True,False,True
colbench_backend_programming,260,-0.04126991331577301,software_engineering,code_generation,True,False,True
colbench_backend_programming,261,-0.04126991331577301,software_engineering,code_generation,True,False,True
colbench_backend_programming,262,-0.04126991331577301,software_engineering,code_generation,True,False,True
colbench_backend_programming,263,-0.04126991331577301,software_engineering,code_generation,True,False,True
colbench_backend_programming,264,-0.04126991331577301,software_engineering,code_generation,True,False,True
colbench_backend_programming,265,-0.04126991331577301,software_engineering,code_generation,True,False,True
colbench_backend_programming,266,-0.04126991331577301,software_engineering,code_generation,True,False,True
colbench_backend_programming,267,-0.04126991331577301,software_engineering,code_generation,True,False,True
colbench_backend_programming,268,-0.04126991331577301,software_engineering,code_generation,True,False,True
colbench_backend_programming,269,-0.04126991331577301,software_engineering,code_generation,True,False,True
colbench_backend_programming,27,-0.04126991331577301,software_engineering,code_generation,True,False,True
colbench_backend_programming,270,-0.04126991331577301,software_engineering,code_generation,True,False,True
colbench_backend_programming,271,-0.04126991331577301,software_engineering,code_generation,True,False,True
colbench_backend_programming,272,-0.04126991331577301,software_engineering,code_generation,True,False,True
colbench_backend_programming,273,-0.04126991331577301,software_engineering,code_generation,True,False,True
colbench_backend_programming,274,-0.04126991331577301,software_engineering,code_generation,True,False,True
colbench_backend_programming,275,-0.04126991331577301,software_engineering,code_generation,True,False,True
colbench_backend_programming,276,-0.04126991331577301,software_engineering,code_generation,True,False,True
colbench_backend_programming,277,-0.04126991331577301,software_engineering,code_generation,True,False,True
colbench_backend_programming,278,-0.04126991331577301,software_engineering,code_generation,True,False,True
colbench_backend_programming,279,-0.04126991331577301,software_engineering,code_generation,True,False,True
colbench_backend_programming,28,-0.04126991331577301,software_engineering,code_generation,True,False,True
colbench_backend_programming,280,-0.04126991331577301,software_engineering,code_generation,True,False,True
colbench_backend_programming,281,-0.04126991331577301,software_engineering,code_generation,True,False,True
colbench_backend_programming,282,-0.04126991331577301,software_engineering,code_generation,True,False,True
colbench_backend_programming,283,-0.04126991331577301,software_engineering,code_generation,True,False,True
colbench_backend_programming,284,-0.04126991331577301,software_engineering,code_generation,True,False,True
colbench_backend_programming,285,-0.04126991331577301,software_engineering,code_generation,True,False,True
colbench_backend_programming,286,-0.04126991331577301,software_engineering,code_generation,True,False,True
colbench_backend_programming,287,-0.04126991331577301,software_engineering,code_generation,True,False,True
colbench_backend_programming,288,-0.04126991331577301,software_engineering,code_generation,True,False,True
colbench_backend_programming,289,-0.04126991331577301,software_engineering,code_generation,True,False,True
colbench_backend_programming,29,-0.04126991331577301,software_engineering,code_generation,True,False,True
colbench_backend_programming,290,-0.04126991331577301,software_engineering,code_generation,True,False,True
colbench_backend_programming,291,-0.04126991331577301,software_engineering,code_generation,True,False,True
colbench_backend_programming,292,-0.04126991331577301,software_engineering,code_generation,True,False,True
colbench_backend_programming,293,-0.04126991331577301,software_engineering,code_generation,True,False,True
colbench_backend_programming,294,-0.04126991331577301,software_engineering,code_generation,True,False,True
colbench_backend_programming,295,-0.04126991331577301,software_engineering,code_generation,True,False,True
colbench_backend_programming,296,-0.04126991331577301,software_engineering,code_generation,True,False,True
colbench_backend_programming,297,-0.04126991331577301,software_engineering,code_generation,True,False,True
colbench_backend_programming,298,-0.04126991331577301,software_engineering,code_generation,True,False,True
colbench_backend_programming,299,-0.04126991331577301,software_engineering,code_generation,True,False,True
colbench_backend_programming,3,-0.04126991331577301,software_engineering,code_generation,True,False,True
colbench_backend_programming,30,-0.04126991331577301,software_engineering,code_generation,True,False,True
colbench_backend_programming,300,-0.04126991331577301,software_engineering,code_generation,True,False,True
colbench_backend_programming,301,-0.04126991331577301,software_engineering,code_generation,True,False,True
colbench_backend_programming,302,-0.04126991331577301,software_engineering,code_generation,True,False,True
colbench_backend_programming,303,-0.04126991331577301,software_engineering,code_generation,True,False,True
colbench_backend_programming,304,-0.04126991331577301,software_engineering,code_generation,True,False,True
colbench_backend_programming,305,-0.04126991331577301,software_engineering,code_generation,True,False,True
colbench_backend_programming,306,-0.04126991331577301,software_engineering,code_generation,True,False,True
colbench_backend_programming,307,-0.04126991331577301,software_engineering,code_generation,True,False,True
colbench_backend_programming,308,-0.04126991331577301,software_engineering,code_generation,True,False,True
colbench_backend_programming,309,-0.04126991331577301,software_engineering,code_generation,True,False,True
colbench_backend_programming,31,-0.04126991331577301,software_engineering,code_generation,True,False,True
colbench_backend_programming,310,-0.04126991331577301,software_engineering,code_generation,True,False,True
colbench_backend_programming,311,-0.04126991331577301,software_engineering,code_generation,True,False,True
colbench_backend_programming,312,-0.04126991331577301,software_engineering,code_generation,True,False,True
colbench_backend_programming,313,-0.04126991331577301,software_engineering,code_generation,True,False,True
colbench_backend_programming,314,-0.04126991331577301,software_engineering,code_generation,True,False,True
colbench_backend_programming,315,-0.04126991331577301,software_engineering,code_generation,True,False,True
colbench_backend_programming,316,-0.04126991331577301,software_engineering,code_generation,True,False,True
colbench_backend_programming,317,-0.04126991331577301,software_engineering,code_generation,True,False,True
colbench_backend_programming,318,-0.04126991331577301,software_engineering,code_generation,True,False,True
colbench_backend_programming,319,-0.04126991331577301,software_engineering,code_generation,True,False,True
colbench_backend_programming,32,-0.04126991331577301,software_engineering,code_generation,True,False,True
colbench_backend_programming,320,-0.04126991331577301,software_engineering,code_generation,True,False,True
colbench_backend_programming,321,-0.04126991331577301,software_engineering,code_generation,True,False,True
colbench_backend_programming,322,-0.04126991331577301,software_engineering,code_generation,True,False,True
colbench_backend_programming,323,-0.04126991331577301,software_engineering,code_generation,True,False,True
colbench_backend_programming,324,-0.04126991331577301,software_engineering,code_generation,True,False,True
colbench_backend_programming,325,-0.04126991331577301,software_engineering,code_generation,True,False,True
colbench_backend_programming,326,-0.04126991331577301,software_engineering,code_generation,True,False,True
colbench_backend_programming,327,-0.04126991331577301,software_engineering,code_generation,True,False,True
colbench_backend_programming,328,-0.04126991331577301,software_engineering,code_generation,True,False,True
colbench_backend_programming,329,-0.04126991331577301,software_engineering,code_generation,True,False,True
colbench_backend_programming,33,-0.04126991331577301,software_engineering,code_generation,True,False,True
colbench_backend_programming,330,-0.04126991331577301,software_engineering,code_generation,True,False,True
colbench_backend_programming,331,-0.04126991331577301,software_engineering,code_generation,True,False,True
colbench_backend_programming,332,-0.04126991331577301,software_engineering,code_generation,True,False,True
colbench_backend_programming,333,-0.04126991331577301,software_engineering,code_generation,True,False,True
colbench_backend_programming,334,-0.04126991331577301,software_engineering,code_generation,True,False,True
colbench_backend_programming,335,-0.04126991331577301,software_engineering,code_generation,True,False,True
colbench_backend_programming,336,-0.04126991331577301,software_engineering,code_generation,True,False,True
colbench_backend_programming,337,-0.04126991331577301,software_engineering,code_generation,True,False,True
colbench_backend_programming,338,-0.04126991331577301,software_engineering,code_generation,True,False,True
colbench_backend_programming,339,-0.04126991331577301,software_engineering,code_generation,True,False,True
colbench_backend_programming,34,-0.04126991331577301,software_engineering,code_generation,True,False,True
colbench_backend_programming,340,-0.04126991331577301,software_engineering,code_generation,True,False,True
colbench_backend_programming,341,-0.04126991331577301,software_engineering,code_generation,True,False,True
colbench_backend_programming,342,-0.04126991331577301,software_engineering,code_generation,True,False,True
colbench_backend_programming,343,-0.04126991331577301,software_engineering,code_generation,True,False,True
colbench_backend_programming,344,-0.04126991331577301,software_engineering,code_generation,True,False,True
colbench_backend_programming,345,-0.04126991331577301,software_engineering,code_generation,True,False,True
colbench_backend_programming,346,-0.04126991331577301,software_engineering,code_generation,True,False,True
colbench_backend_programming,347,-0.04126991331577301,software_engineering,code_generation,True,False,True
colbench_backend_programming,348,-0.04126991331577301,software_engineering,code_generation,True,False,True
colbench_backend_programming,349,-0.04126991331577301,software_engineering,code_generation,True,False,True
colbench_backend_programming,35,-0.04126991331577301,software_engineering,code_generation,True,False,True
colbench_backend_programming,350,-0.04126991331577301,software_engineering,code_generation,True,False,True
colbench_backend_programming,351,-0.04126991331577301,software_engineering,code_generation,True,False,True
colbench_backend_programming,352,-0.04126991331577301,software_engineering,code_generation,True,False,True
colbench_backend_programming,353,-0.04126991331577301,software_engineering,code_generation,True,False,True
colbench_backend_programming,354,-0.04126991331577301,software_engineering,code_generation,True,False,True
colbench_backend_programming,355,-0.04126991331577301,software_engineering,code_generation,True,False,True
colbench_backend_programming,356,-0.04126991331577301,software_engineering,code_generation,True,False,True
colbench_backend_programming,357,-0.04126991331577301,software_engineering,code_generation,True,False,True
colbench_backend_programming,358,-0.04126991331577301,software_engineering,code_generation,True,False,True
colbench_backend_programming,359,-0.04126991331577301,software_engineering,code_generation,True,False,True
colbench_backend_programming,36,-0.04126991331577301,software_engineering,code_generation,True,False,True
colbench_backend_programming,360,-0.04126991331577301,software_engineering,code_generation,True,False,True
colbench_backend_programming,361,-0.04126991331577301,software_engineering,code_generation,True,False,True
colbench_backend_programming,362,-0.04126991331577301,software_engineering,code_generation,True,False,True
colbench_backend_programming,363,-0.04126991331577301,software_engineering,code_generation,True,False,True
colbench_backend_programming,364,-0.04126991331577301,software_engineering,code_generation,True,False,True
colbench_backend_programming,365,-0.04126991331577301,software_engineering,code_generation,True,False,True
colbench_backend_programming,366,-0.04126991331577301,software_engineering,code_generation,True,False,True
colbench_backend_programming,367,-0.04126991331577301,software_engineering,code_generation,True,False,True
colbench_backend_programming,368,-0.04126991331577301,software_engineering,code_generation,True,False,True
colbench_backend_programming,369,-0.04126991331577301,software_engineering,code_generation,True,False,True
colbench_backend_programming,37,-0.04126991331577301,software_engineering,code_generation,True,False,True
colbench_backend_programming,370,-0.04126991331577301,software_engineering,code_generation,True,False,True
colbench_backend_programming,371,-0.04126991331577301,software_engineering,code_generation,True,False,True
colbench_backend_programming,372,-0.04126991331577301,software_engineering,code_generation,True,False,True
colbench_backend_programming,373,-0.04126991331577301,software_engineering,code_generation,True,False,True
colbench_backend_programming,374,-0.04126991331577301,software_engineering,code_generation,True,False,True
colbench_backend_programming,375,-0.04126991331577301,software_engineering,code_generation,True,False,True
colbench_backend_programming,376,-0.04126991331577301,software_engineering,code_generation,True,False,True
colbench_backend_programming,377,-0.04126991331577301,software_engineering,code_generation,True,False,True
colbench_backend_programming,378,-0.04126991331577301,software_engineering,code_generation,True,False,True
colbench_backend_programming,379,-0.04126991331577301,software_engineering,code_generation,True,False,True
colbench_backend_programming,38,-0.04126991331577301,software_engineering,code_generation,True,False,True
colbench_backend_programming,380,-0.04126991331577301,software_engineering,code_generation,True,False,True
colbench_backend_programming,381,-0.04126991331577301,software_engineering,code_generation,True,False,True
colbench_backend_programming,382,-0.04126991331577301,software_engineering,code_generation,True,False,True
colbench_backend_programming,383,-0.04126991331577301,software_engineering,code_generation,True,False,True
colbench_backend_programming,384,-0.04126991331577301,software_engineering,code_generation,True,False,True
colbench_backend_programming,385,-0.04126991331577301,software_engineering,code_generation,True,False,True
colbench_backend_programming,386,-0.04126991331577301,software_engineering,code_generation,True,False,True
colbench_backend_programming,387,-0.04126991331577301,software_engineering,code_generation,True,False,True
colbench_backend_programming,388,-0.04126991331577301,software_engineering,code_generation,True,False,True
colbench_backend_programming,389,-0.04126991331577301,software_engineering,code_generation,True,False,True
colbench_backend_programming,39,-0.04126991331577301,software_engineering,code_generation,True,False,True
colbench_backend_programming,390,-0.04126991331577301,software_engineering,code_generation,True,False,True
colbench_backend_programming,391,-0.04126991331577301,software_engineering,code_generation,True,False,True
colbench_backend_programming,392,-0.04126991331577301,software_engineering,code_generation,True,False,True
colbench_backend_programming,393,-0.04126991331577301,software_engineering,code_generation,True,False,True
colbench_backend_programming,394,-0.04126991331577301,software_engineering,code_generation,True,False,True
colbench_backend_programming,395,-0.04126991331577301,software_engineering,code_generation,True,False,True
colbench_backend_programming,396,-0.04126991331577301,software_engineering,code_generation,True,False,True
colbench_backend_programming,397,-0.04126991331577301,software_engineering,code_generation,True,False,True
colbench_backend_programming,398,-0.04126991331577301,software_engineering,code_generation,True,False,True
colbench_backend_programming,399,-0.04126991331577301,software_engineering,code_generation,True,False,True
colbench_backend_programming,4,-0.04126991331577301,software_engineering,code_generation,True,False,True
colbench_backend_programming,40,-0.04126991331577301,software_engineering,code_generation,True,False,True
colbench_backend_programming,400,-0.04126991331577301,software_engineering,code_generation,True,False,True
colbench_backend_programming,401,-0.04126991331577301,software_engineering,code_generation,True,False,True
colbench_backend_programming,402,-0.04126991331577301,software_engineering,code_generation,True,False,True
colbench_backend_programming,403,-0.04126991331577301,software_engineering,code_generation,True,False,True
colbench_backend_programming,404,-0.04126991331577301,software_engineering,code_generation,True,False,True
colbench_backend_programming,405,-0.04126991331577301,software_engineering,code_generation,True,False,True
colbench_backend_programming,406,-0.04126991331577301,software_engineering,code_generation,True,False,True
colbench_backend_programming,407,-0.04126991331577301,software_engineering,code_generation,True,False,True
colbench_backend_programming,408,-0.04126991331577301,software_engineering,code_generation,True,False,True
colbench_backend_programming,409,-0.04126991331577301,software_engineering,code_generation,True,False,True
colbench_backend_programming,41,-0.04126991331577301,software_engineering,code_generation,True,False,True
colbench_backend_programming,410,-0.04126991331577301,software_engineering,code_generation,True,False,True
colbench_backend_programming,411,-0.04126991331577301,software_engineering,code_generation,True,False,True
colbench_backend_programming,412,-0.04126991331577301,software_engineering,code_generation,True,False,True
colbench_backend_programming,413,-0.04126991331577301,software_engineering,code_generation,True,False,True
colbench_backend_programming,414,-0.04126991331577301,software_engineering,code_generation,True,False,True
colbench_backend_programming,415,-0.04126991331577301,software_engineering,code_generation,True,False,True
colbench_backend_programming,416,-0.04126991331577301,software_engineering,code_generation,True,False,True
colbench_backend_programming,417,-0.04126991331577301,software_engineering,code_generation,True,False,True
colbench_backend_programming,418,-0.04126991331577301,software_engineering,code_generation,True,False,True
colbench_backend_programming,419,-0.04126991331577301,software_engineering,code_generation,True,False,True
colbench_backend_programming,42,-0.04126991331577301,software_engineering,code_generation,True,False,True
colbench_backend_programming,420,-0.04126991331577301,software_engineering,code_generation,True,False,True
colbench_backend_programming,421,-0.04126991331577301,software_engineering,code_generation,True,False,True
colbench_backend_programming,422,-0.04126991331577301,software_engineering,code_generation,True,False,True
colbench_backend_programming,423,-0.04126991331577301,software_engineering,code_generation,True,False,True
colbench_backend_programming,424,-0.04126991331577301,software_engineering,code_generation,True,False,True
colbench_backend_programming,425,-0.04126991331577301,software_engineering,code_generation,True,False,True
colbench_backend_programming,426,-0.04126991331577301,software_engineering,code_generation,True,False,True
colbench_backend_programming,427,-0.04126991331577301,software_engineering,code_generation,True,False,True
colbench_backend_programming,428,-0.04126991331577301,software_engineering,code_generation,True,False,True
colbench_backend_programming,429,-0.04126991331577301,software_engineering,code_generation,True,False,True
colbench_backend_programming,43,-0.04126991331577301,software_engineering,code_generation,True,False,True
colbench_backend_programming,430,-0.04126991331577301,software_engineering,code_generation,True,False,True
colbench_backend_programming,431,-0.04126991331577301,software_engineering,code_generation,True,False,True
colbench_backend_programming,432,-0.04126991331577301,software_engineering,code_generation,True,False,True
colbench_backend_programming,433,-0.04126991331577301,software_engineering,code_generation,True,False,True
colbench_backend_programming,434,-0.04126991331577301,software_engineering,code_generation,True,False,True
colbench_backend_programming,435,-0.04126991331577301,software_engineering,code_generation,True,False,True
colbench_backend_programming,436,-0.04126991331577301,software_engineering,code_generation,True,False,True
colbench_backend_programming,437,-0.04126991331577301,software_engineering,code_generation,True,False,True
colbench_backend_programming,438,-0.04126991331577301,software_engineering,code_generation,True,False,True
colbench_backend_programming,439,-0.04126991331577301,software_engineering,code_generation,True,False,True
colbench_backend_programming,44,-0.04126991331577301,software_engineering,code_generation,True,False,True
colbench_backend_programming,440,-0.04126991331577301,software_engineering,code_generation,True,False,True
colbench_backend_programming,441,-0.04126991331577301,software_engineering,code_generation,True,False,True
colbench_backend_programming,442,-0.04126991331577301,software_engineering,code_generation,True,False,True
colbench_backend_programming,443,-0.04126991331577301,software_engineering,code_generation,True,False,True
colbench_backend_programming,444,-0.04126991331577301,software_engineering,code_generation,True,False,True
colbench_backend_programming,445,-0.04126991331577301,software_engineering,code_generation,True,False,True
colbench_backend_programming,446,-0.04126991331577301,software_engineering,code_generation,True,False,True
colbench_backend_programming,447,-0.04126991331577301,software_engineering,code_generation,True,False,True
colbench_backend_programming,448,-0.04126991331577301,software_engineering,code_generation,True,False,True
colbench_backend_programming,449,-0.04126991331577301,software_engineering,code_generation,True,False,True
colbench_backend_programming,45,-0.04126991331577301,software_engineering,code_generation,True,False,True
colbench_backend_programming,450,-0.04126991331577301,software_engineering,code_generation,True,False,True
colbench_backend_programming,451,-0.04126991331577301,software_engineering,code_generation,True,False,True
colbench_backend_programming,452,-0.04126991331577301,software_engineering,code_generation,True,False,True
colbench_backend_programming,453,-0.04126991331577301,software_engineering,code_generation,True,False,True
colbench_backend_programming,454,-0.04126991331577301,software_engineering,code_generation,True,False,True
colbench_backend_programming,455,-0.04126991331577301,software_engineering,code_generation,True,False,True
colbench_backend_programming,456,-0.04126991331577301,software_engineering,code_generation,True,False,True
colbench_backend_programming,457,-0.04126991331577301,software_engineering,code_generation,True,False,True
colbench_backend_programming,458,-0.04126991331577301,software_engineering,code_generation,True,False,True
colbench_backend_programming,459,-0.04126991331577301,software_engineering,code_generation,True,False,True
colbench_backend_programming,46,-0.04126991331577301,software_engineering,code_generation,True,False,True
colbench_backend_programming,460,-0.04126991331577301,software_engineering,code_generation,True,False,True
colbench_backend_programming,461,-0.04126991331577301,software_engineering,code_generation,True,False,True
colbench_backend_programming,462,-0.04126991331577301,software_engineering,code_generation,True,False,True
colbench_backend_programming,463,-0.04126991331577301,software_engineering,code_generation,True,False,True
colbench_backend_programming,464,-0.04126991331577301,software_engineering,code_generation,True,False,True
colbench_backend_programming,465,-0.04126991331577301,software_engineering,code_generation,True,False,True
colbench_backend_programming,466,-0.04126991331577301,software_engineering,code_generation,True,False,True
colbench_backend_programming,467,-0.04126991331577301,software_engineering,code_generation,True,False,True
colbench_backend_programming,468,-0.04126991331577301,software_engineering,code_generation,True,False,True
colbench_backend_programming,469,-0.04126991331577301,software_engineering,code_generation,True,False,True
colbench_backend_programming,47,-0.04126991331577301,software_engineering,code_generation,True,False,True
colbench_backend_programming,470,-0.04126991331577301,software_engineering,code_generation,True,False,True
colbench_backend_programming,471,-0.04126991331577301,software_engineering,code_generation,True,False,True
colbench_backend_programming,472,-0.04126991331577301,software_engineering,code_generation,True,False,True
colbench_backend_programming,473,-0.04126991331577301,software_engineering,code_generation,True,False,True
colbench_backend_programming,474,-0.04126991331577301,software_engineering,code_generation,True,False,True
colbench_backend_programming,475,-0.04126991331577301,software_engineering,code_generation,True,False,True
colbench_backend_programming,476,-0.04126991331577301,software_engineering,code_generation,True,False,True
colbench_backend_programming,477,-0.04126991331577301,software_engineering,code_generation,True,False,True
colbench_backend_programming,478,-0.04126991331577301,software_engineering,code_generation,True,False,True
colbench_backend_programming,479,-0.04126991331577301,software_engineering,code_generation,True,False,True
colbench_backend_programming,48,-0.04126991331577301,software_engineering,code_generation,True,False,True
colbench_backend_programming,480,-0.04126991331577301,software_engineering,code_generation,True,False,True
colbench_backend_programming,481,-0.04126991331577301,software_engineering,code_generation,True,False,True
colbench_backend_programming,482,-0.04126991331577301,software_engineering,code_generation,True,False,True
colbench_backend_programming,483,-0.04126991331577301,software_engineering,code_generation,True,False,True
colbench_backend_programming,484,-0.04126991331577301,software_engineering,code_generation,True,False,True
colbench_backend_programming,485,-0.04126991331577301,software_engineering,code_generation,True,False,True
colbench_backend_programming,486,-0.04126991331577301,software_engineering,code_generation,True,False,True
colbench_backend_programming,487,-0.04126991331577301,software_engineering,code_generation,True,False,True
colbench_backend_programming,488,-0.04126991331577301,software_engineering,code_generation,True,False,True
colbench_backend_programming,489,-0.04126991331577301,software_engineering,code_generation,True,False,True
colbench_backend_programming,49,-0.04126991331577301,software_engineering,code_generation,True,False,True
colbench_backend_programming,490,-0.04126991331577301,software_engineering,code_generation,True,False,True
colbench_backend_programming,491,-0.04126991331577301,software_engineering,code_generation,True,False,True
colbench_backend_programming,492,-0.04126991331577301,software_engineering,code_generation,True,False,True
colbench_backend_programming,493,-0.04126991331577301,software_engineering,code_generation,True,False,True
colbench_backend_programming,494,-0.04126991331577301,software_engineering,code_generation,True,False,True
colbench_backend_programming,495,-0.04126991331577301,software_engineering,code_generation,True,False,True
colbench_backend_programming,496,-0.04126991331577301,software_engineering,code_generation,True,False,True
colbench_backend_programming,497,-0.04126991331577301,software_engineering,code_generation,True,False,True
colbench_backend_programming,498,-0.04126991331577301,software_engineering,code_generation,True,False,True
colbench_backend_programming,499,-0.04126991331577301,software_engineering,code_generation,True,False,True
colbench_backend_programming,5,-0.04126991331577301,software_engineering,code_generation,True,False,True
colbench_backend_programming,50,-0.04126991331577301,software_engineering,code_generation,True,False,True
colbench_backend_programming,500,-0.04126991331577301,software_engineering,code_generation,True,False,True
colbench_backend_programming,501,-0.04126991331577301,software_engineering,code_generation,True,False,True
colbench_backend_programming,502,-0.04126991331577301,software_engineering,code_generation,True,False,True
colbench_backend_programming,503,-0.04126991331577301,software_engineering,code_generation,True,False,True
colbench_backend_programming,504,-0.04126991331577301,software_engineering,code_generation,True,False,True
colbench_backend_programming,505,-0.04126991331577301,software_engineering,code_generation,True,False,True
colbench_backend_programming,506,-0.04126991331577301,software_engineering,code_generation,True,False,True
colbench_backend_programming,507,-0.04126991331577301,software_engineering,code_generation,True,False,True
colbench_backend_programming,508,-0.04126991331577301,software_engineering,code_generation,True,False,True
colbench_backend_programming,509,-0.04126991331577301,software_engineering,code_generation,True,False,True
colbench_backend_programming,51,-0.04126991331577301,software_engineering,code_generation,True,False,True
colbench_backend_programming,510,-0.04126991331577301,software_engineering,code_generation,True,False,True
colbench_backend_programming,511,-0.04126991331577301,software_engineering,code_generation,True,False,True
colbench_backend_programming,512,-0.04126991331577301,software_engineering,code_generation,True,False,True
colbench_backend_programming,513,-0.04126991331577301,software_engineering,code_generation,True,False,True
colbench_backend_programming,514,-0.04126991331577301,software_engineering,code_generation,True,False,True
colbench_backend_programming,515,-0.04126991331577301,software_engineering,code_generation,True,False,True
colbench_backend_programming,516,-0.04126991331577301,software_engineering,code_generation,True,False,True
colbench_backend_programming,517,-0.04126991331577301,software_engineering,code_generation,True,False,True
colbench_backend_programming,518,-0.04126991331577301,software_engineering,code_generation,True,False,True
colbench_backend_programming,519,-0.04126991331577301,software_engineering,code_generation,True,False,True
colbench_backend_programming,52,-0.04126991331577301,software_engineering,code_generation,True,False,True
colbench_backend_programming,520,-0.04126991331577301,software_engineering,code_generation,True,False,True
colbench_backend_programming,521,-0.04126991331577301,software_engineering,code_generation,True,False,True
colbench_backend_programming,522,-0.04126991331577301,software_engineering,code_generation,True,False,True
colbench_backend_programming,523,-0.04126991331577301,software_engineering,code_generation,True,False,True
colbench_backend_programming,524,-0.04126991331577301,software_engineering,code_generation,True,False,True
colbench_backend_programming,525,-0.04126991331577301,software_engineering,code_generation,True,False,True
colbench_backend_programming,526,-0.04126991331577301,software_engineering,code_generation,True,False,True
colbench_backend_programming,527,-0.04126991331577301,software_engineering,code_generation,True,False,True
colbench_backend_programming,528,-0.04126991331577301,software_engineering,code_generation,True,False,True
colbench_backend_programming,529,-0.04126991331577301,software_engineering,code_generation,True,False,True
colbench_backend_programming,53,-0.04126991331577301,software_engineering,code_generation,True,False,True
colbench_backend_programming,530,-0.04126991331577301,software_engineering,code_generation,True,False,True
colbench_backend_programming,531,-0.04126991331577301,software_engineering,code_generation,True,False,True
colbench_backend_programming,532,-0.04126991331577301,software_engineering,code_generation,True,False,True
colbench_backend_programming,533,-0.04126991331577301,software_engineering,code_generation,True,False,True
colbench_backend_programming,534,-0.04126991331577301,software_engineering,code_generation,True,False,True
colbench_backend_programming,535,-0.04126991331577301,software_engineering,code_generation,True,False,True
colbench_backend_programming,536,-0.04126991331577301,software_engineering,code_generation,True,False,True
colbench_backend_programming,537,-0.04126991331577301,software_engineering,code_generation,True,False,True
colbench_backend_programming,538,-0.04126991331577301,software_engineering,code_generation,True,False,True
colbench_backend_programming,539,-0.04126991331577301,software_engineering,code_generation,True,False,True
colbench_backend_programming,54,-0.04126991331577301,software_engineering,code_generation,True,False,True
colbench_backend_programming,540,-0.04126991331577301,software_engineering,code_generation,True,False,True
colbench_backend_programming,541,-0.04126991331577301,software_engineering,code_generation,True,False,True
colbench_backend_programming,542,-0.04126991331577301,software_engineering,code_generation,True,False,True
colbench_backend_programming,543,-0.04126991331577301,software_engineering,code_generation,True,False,True
colbench_backend_programming,544,-0.04126991331577301,software_engineering,code_generation,True,False,True
colbench_backend_programming,545,-0.04126991331577301,software_engineering,code_generation,True,False,True
colbench_backend_programming,546,-0.04126991331577301,software_engineering,code_generation,True,False,True
colbench_backend_programming,547,-0.04126991331577301,software_engineering,code_generation,True,False,True
colbench_backend_programming,548,-0.04126991331577301,software_engineering,code_generation,True,False,True
colbench_backend_programming,549,-0.04126991331577301,software_engineering,code_generation,True,False,True
colbench_backend_programming,55,-0.04126991331577301,software_engineering,code_generation,True,False,True
colbench_backend_programming,550,-0.04126991331577301,software_engineering,code_generation,True,False,True
colbench_backend_programming,551,-0.04126991331577301,software_engineering,code_generation,True,False,True
colbench_backend_programming,552,-0.04126991331577301,software_engineering,code_generation,True,False,True
colbench_backend_programming,553,-0.04126991331577301,software_engineering,code_generation,True,False,True
colbench_backend_programming,554,-0.04126991331577301,software_engineering,code_generation,True,False,True
colbench_backend_programming,555,-0.04126991331577301,software_engineering,code_generation,True,False,True
colbench_backend_programming,556,-0.04126991331577301,software_engineering,code_generation,True,False,True
colbench_backend_programming,557,-0.04126991331577301,software_engineering,code_generation,True,False,True
colbench_backend_programming,558,-0.04126991331577301,software_engineering,code_generation,True,False,True
colbench_backend_programming,559,-0.04126991331577301,software_engineering,code_generation,True,False,True
colbench_backend_programming,56,-0.04126991331577301,software_engineering,code_generation,True,False,True
colbench_backend_programming,560,-0.04126991331577301,software_engineering,code_generation,True,False,True
colbench_backend_programming,561,-0.04126991331577301,software_engineering,code_generation,True,False,True
colbench_backend_programming,562,-0.04126991331577301,software_engineering,code_generation,True,False,True
colbench_backend_programming,563,-0.04126991331577301,software_engineering,code_generation,True,False,True
colbench_backend_programming,564,-0.04126991331577301,software_engineering,code_generation,True,False,True
colbench_backend_programming,565,-0.04126991331577301,software_engineering,code_generation,True,False,True
colbench_backend_programming,566,-0.04126991331577301,software_engineering,code_generation,True,False,True
colbench_backend_programming,567,-0.04126991331577301,software_engineering,code_generation,True,False,True
colbench_backend_programming,568,-0.04126991331577301,software_engineering,code_generation,True,False,True
colbench_backend_programming,569,-0.04126991331577301,software_engineering,code_generation,True,False,True
colbench_backend_programming,57,-0.04126991331577301,software_engineering,code_generation,True,False,True
colbench_backend_programming,570,-0.04126991331577301,software_engineering,code_generation,True,False,True
colbench_backend_programming,571,-0.04126991331577301,software_engineering,code_generation,True,False,True
colbench_backend_programming,572,-0.04126991331577301,software_engineering,code_generation,True,False,True
colbench_backend_programming,573,-0.04126991331577301,software_engineering,code_generation,True,False,True
colbench_backend_programming,574,-0.04126991331577301,software_engineering,code_generation,True,False,True
colbench_backend_programming,575,-0.04126991331577301,software_engineering,code_generation,True,False,True
colbench_backend_programming,576,-0.04126991331577301,software_engineering,code_generation,True,False,True
colbench_backend_programming,577,-0.04126991331577301,software_engineering,code_generation,True,False,True
colbench_backend_programming,578,-0.04126991331577301,software_engineering,code_generation,True,False,True
colbench_backend_programming,579,-0.04126991331577301,software_engineering,code_generation,True,False,True
colbench_backend_programming,58,-0.04126991331577301,software_engineering,code_generation,True,False,True
colbench_backend_programming,580,-0.04126991331577301,software_engineering,code_generation,True,False,True
colbench_backend_programming,581,-0.04126991331577301,software_engineering,code_generation,True,False,True
colbench_backend_programming,582,-0.04126991331577301,software_engineering,code_generation,True,False,True
colbench_backend_programming,583,-0.04126991331577301,software_engineering,code_generation,True,False,True
colbench_backend_programming,584,-0.04126991331577301,software_engineering,code_generation,True,False,True
colbench_backend_programming,585,-0.04126991331577301,software_engineering,code_generation,True,False,True
colbench_backend_programming,586,-0.04126991331577301,software_engineering,code_generation,True,False,True
colbench_backend_programming,587,-0.04126991331577301,software_engineering,code_generation,True,False,True
colbench_backend_programming,588,-0.04126991331577301,software_engineering,code_generation,True,False,True
colbench_backend_programming,589,-0.04126991331577301,software_engineering,code_generation,True,False,True
colbench_backend_programming,59,-0.04126991331577301,software_engineering,code_generation,True,False,True
colbench_backend_programming,590,-0.04126991331577301,software_engineering,code_generation,True,False,True
colbench_backend_programming,591,-0.04126991331577301,software_engineering,code_generation,True,False,True
colbench_backend_programming,592,-0.04126991331577301,software_engineering,code_generation,True,False,True
colbench_backend_programming,593,-0.04126991331577301,software_engineering,code_generation,True,False,True
colbench_backend_programming,594,-0.04126991331577301,software_engineering,code_generation,True,False,True
colbench_backend_programming,595,-0.04126991331577301,software_engineering,code_generation,True,False,True
colbench_backend_programming,596,-0.04126991331577301,software_engineering,code_generation,True,False,True
colbench_backend_programming,597,-0.04126991331577301,software_engineering,code_generation,True,False,True
colbench_backend_programming,598,-0.04126991331577301,software_engineering,code_generation,True,False,True
colbench_backend_programming,599,-0.04126991331577301,software_engineering,code_generation,True,False,True
colbench_backend_programming,6,-0.04126991331577301,software_engineering,code_generation,True,False,True
colbench_backend_programming,60,-0.04126991331577301,software_engineering,code_generation,True,False,True
colbench_backend_programming,600,-0.04126991331577301,software_engineering,code_generation,True,False,True
colbench_backend_programming,601,-0.04126991331577301,software_engineering,code_generation,True,False,True
colbench_backend_programming,602,-0.04126991331577301,software_engineering,code_generation,True,False,True
colbench_backend_programming,603,-0.04126991331577301,software_engineering,code_generation,True,False,True
colbench_backend_programming,604,-0.04126991331577301,software_engineering,code_generation,True,False,True
colbench_backend_programming,605,-0.04126991331577301,software_engineering,code_generation,True,False,True
colbench_backend_programming,606,-0.04126991331577301,software_engineering,code_generation,True,False,True
colbench_backend_programming,607,-0.04126991331577301,software_engineering,code_generation,True,False,True
colbench_backend_programming,608,-0.04126991331577301,software_engineering,code_generation,True,False,True
colbench_backend_programming,609,-0.04126991331577301,software_engineering,code_generation,True,False,True
colbench_backend_programming,61,-0.04126991331577301,software_engineering,code_generation,True,False,True
colbench_backend_programming,610,-0.04126991331577301,software_engineering,code_generation,True,False,True
colbench_backend_programming,611,-0.04126991331577301,software_engineering,code_generation,True,False,True
colbench_backend_programming,612,-0.04126991331577301,software_engineering,code_generation,True,False,True
colbench_backend_programming,613,-0.04126991331577301,software_engineering,code_generation,True,False,True
colbench_backend_programming,614,-0.04126991331577301,software_engineering,code_generation,True,False,True
colbench_backend_programming,615,-0.04126991331577301,software_engineering,code_generation,True,False,True
colbench_backend_programming,616,-0.04126991331577301,software_engineering,code_generation,True,False,True
colbench_backend_programming,617,-0.04126991331577301,software_engineering,code_generation,True,False,True
colbench_backend_programming,618,-0.04126991331577301,software_engineering,code_generation,True,False,True
colbench_backend_programming,619,-0.04126991331577301,software_engineering,code_generation,True,False,True
colbench_backend_programming,62,-0.04126991331577301,software_engineering,code_generation,True,False,True
colbench_backend_programming,620,-0.04126991331577301,software_engineering,code_generation,True,False,True
colbench_backend_programming,621,-0.04126991331577301,software_engineering,code_generation,True,False,True
colbench_backend_programming,622,-0.04126991331577301,software_engineering,code_generation,True,False,True
colbench_backend_programming,623,-0.04126991331577301,software_engineering,code_generation,True,False,True
colbench_backend_programming,624,-0.04126991331577301,software_engineering,code_generation,True,False,True
colbench_backend_programming,625,-0.04126991331577301,software_engineering,code_generation,True,False,True
colbench_backend_programming,626,-0.04126991331577301,software_engineering,code_generation,True,False,True
colbench_backend_programming,627,-0.04126991331577301,software_engineering,code_generation,True,False,True
colbench_backend_programming,628,-0.04126991331577301,software_engineering,code_generation,True,False,True
colbench_backend_programming,629,-0.04126991331577301,software_engineering,code_generation,True,False,True
colbench_backend_programming,63,-0.04126991331577301,software_engineering,code_generation,True,False,True
colbench_backend_programming,630,-0.04126991331577301,software_engineering,code_generation,True,False,True
colbench_backend_programming,631,-0.04126991331577301,software_engineering,code_generation,True,False,True
colbench_backend_programming,632,-0.04126991331577301,software_engineering,code_generation,True,False,True
colbench_backend_programming,633,-0.04126991331577301,software_engineering,code_generation,True,False,True
colbench_backend_programming,634,-0.04126991331577301,software_engineering,code_generation,True,False,True
colbench_backend_programming,635,-0.04126991331577301,software_engineering,code_generation,True,False,True
colbench_backend_programming,636,-0.04126991331577301,software_engineering,code_generation,True,False,True
colbench_backend_programming,637,-0.04126991331577301,software_engineering,code_generation,True,False,True
colbench_backend_programming,638,-0.04126991331577301,software_engineering,code_generation,True,False,True
colbench_backend_programming,639,-0.04126991331577301,software_engineering,code_generation,True,False,True
colbench_backend_programming,64,-0.04126991331577301,software_engineering,code_generation,True,False,True
colbench_backend_programming,640,-0.04126991331577301,software_engineering,code_generation,True,False,True
colbench_backend_programming,641,-0.04126991331577301,software_engineering,code_generation,True,False,True
colbench_backend_programming,642,-0.04126991331577301,software_engineering,code_generation,True,False,True
colbench_backend_programming,643,-0.04126991331577301,software_engineering,code_generation,True,False,True
colbench_backend_programming,644,-0.04126991331577301,software_engineering,code_generation,True,False,True
colbench_backend_programming,645,-0.04126991331577301,software_engineering,code_generation,True,False,True
colbench_backend_programming,646,-0.04126991331577301,software_engineering,code_generation,True,False,True
colbench_backend_programming,647,-0.04126991331577301,software_engineering,code_generation,True,False,True
colbench_backend_programming,648,-0.04126991331577301,software_engineering,code_generation,True,False,True
colbench_backend_programming,649,-0.04126991331577301,software_engineering,code_generation,True,False,True
colbench_backend_programming,65,-0.04126991331577301,software_engineering,code_generation,True,False,True
colbench_backend_programming,650,-0.04126991331577301,software_engineering,code_generation,True,False,True
colbench_backend_programming,651,-0.04126991331577301,software_engineering,code_generation,True,False,True
colbench_backend_programming,652,-0.04126991331577301,software_engineering,code_generation,True,False,True
colbench_backend_programming,653,-0.04126991331577301,software_engineering,code_generation,True,False,True
colbench_backend_programming,654,-0.04126991331577301,software_engineering,code_generation,True,False,True
colbench_backend_programming,655,-0.04126991331577301,software_engineering,code_generation,True,False,True
colbench_backend_programming,656,-0.04126991331577301,software_engineering,code_generation,True,False,True
colbench_backend_programming,657,-0.04126991331577301,software_engineering,code_generation,True,False,True
colbench_backend_programming,658,-0.04126991331577301,software_engineering,code_generation,True,False,True
colbench_backend_programming,659,-0.04126991331577301,software_engineering,code_generation,True,False,True
colbench_backend_programming,66,-0.04126991331577301,software_engineering,code_generation,True,False,True
colbench_backend_programming,660,-0.04126991331577301,software_engineering,code_generation,True,False,True
colbench_backend_programming,661,-0.04126991331577301,software_engineering,code_generation,True,False,True
colbench_backend_programming,662,-0.04126991331577301,software_engineering,code_generation,True,False,True
colbench_backend_programming,663,-0.04126991331577301,software_engineering,code_generation,True,False,True
colbench_backend_programming,664,-0.04126991331577301,software_engineering,code_generation,True,False,True
colbench_backend_programming,665,-0.04126991331577301,software_engineering,code_generation,True,False,True
colbench_backend_programming,666,-0.04126991331577301,software_engineering,code_generation,True,False,True
colbench_backend_programming,667,-0.04126991331577301,software_engineering,code_generation,True,False,True
colbench_backend_programming,668,-0.04126991331577301,software_engineering,code_generation,True,False,True
colbench_backend_programming,669,-0.04126991331577301,software_engineering,code_generation,True,False,True
colbench_backend_programming,67,-0.04126991331577301,software_engineering,code_generation,True,False,True
colbench_backend_programming,670,-0.04126991331577301,software_engineering,code_generation,True,False,True
colbench_backend_programming,671,-0.04126991331577301,software_engineering,code_generation,True,False,True
colbench_backend_programming,672,-0.04126991331577301,software_engineering,code_generation,True,False,True
colbench_backend_programming,673,-0.04126991331577301,software_engineering,code_generation,True,False,True
colbench_backend_programming,674,-0.04126991331577301,software_engineering,code_generation,True,False,True
colbench_backend_programming,675,-0.04126991331577301,software_engineering,code_generation,True,False,True
colbench_backend_programming,676,-0.04126991331577301,software_engineering,code_generation,True,False,True
colbench_backend_programming,677,-0.04126991331577301,software_engineering,code_generation,True,False,True
colbench_backend_programming,678,-0.04126991331577301,software_engineering,code_generation,True,False,True
colbench_backend_programming,679,-0.04126991331577301,software_engineering,code_generation,True,False,True
colbench_backend_programming,68,-0.04126991331577301,software_engineering,code_generation,True,False,True
colbench_backend_programming,680,-0.04126991331577301,software_engineering,code_generation,True,False,True
colbench_backend_programming,681,-0.04126991331577301,software_engineering,code_generation,True,False,True
colbench_backend_programming,682,-0.04126991331577301,software_engineering,code_generation,True,False,True
colbench_backend_programming,683,-0.04126991331577301,software_engineering,code_generation,True,False,True
colbench_backend_programming,684,-0.04126991331577301,software_engineering,code_generation,True,False,True
colbench_backend_programming,685,-0.04126991331577301,software_engineering,code_generation,True,False,True
colbench_backend_programming,686,-0.04126991331577301,software_engineering,code_generation,True,False,True
colbench_backend_programming,687,-0.04126991331577301,software_engineering,code_generation,True,False,True
colbench_backend_programming,688,-0.04126991331577301,software_engineering,code_generation,True,False,True
colbench_backend_programming,689,-0.04126991331577301,software_engineering,code_generation,True,False,True
colbench_backend_programming,69,-0.04126991331577301,software_engineering,code_generation,True,False,True
colbench_backend_programming,690,-0.04126991331577301,software_engineering,code_generation,True,False,True
colbench_backend_programming,691,-0.04126991331577301,software_engineering,code_generation,True,False,True
colbench_backend_programming,692,-0.04126991331577301,software_engineering,code_generation,True,False,True
colbench_backend_programming,693,-0.04126991331577301,software_engineering,code_generation,True,False,True
colbench_backend_programming,694,-0.04126991331577301,software_engineering,code_generation,True,False,True
colbench_backend_programming,695,-0.04126991331577301,software_engineering,code_generation,True,False,True
colbench_backend_programming,696,-0.04126991331577301,software_engineering,code_generation,True,False,True
colbench_backend_programming,697,-0.04126991331577301,software_engineering,code_generation,True,False,True
colbench_backend_programming,698,-0.04126991331577301,software_engineering,code_generation,True,False,True
colbench_backend_programming,699,-0.04126991331577301,software_engineering,code_generation,True,False,True
colbench_backend_programming,7,-0.04126991331577301,software_engineering,code_generation,True,False,True
colbench_backend_programming,70,-0.04126991331577301,software_engineering,code_generation,True,False,True
colbench_backend_programming,700,-0.04126991331577301,software_engineering,code_generation,True,False,True
colbench_backend_programming,701,-0.04126991331577301,software_engineering,code_generation,True,False,True
colbench_backend_programming,702,-0.04126991331577301,software_engineering,code_generation,True,False,True
colbench_backend_programming,703,-0.04126991331577301,software_engineering,code_generation,True,False,True
colbench_backend_programming,704,-0.04126991331577301,software_engineering,code_generation,True,False,True
colbench_backend_programming,705,-0.04126991331577301,software_engineering,code_generation,True,False,True
colbench_backend_programming,706,-0.04126991331577301,software_engineering,code_generation,True,False,True
colbench_backend_programming,707,-0.04126991331577301,software_engineering,code_generation,True,False,True
colbench_backend_programming,708,-0.04126991331577301,software_engineering,code_generation,True,False,True
colbench_backend_programming,709,-0.04126991331577301,software_engineering,code_generation,True,False,True
colbench_backend_programming,71,-0.04126991331577301,software_engineering,code_generation,True,False,True
colbench_backend_programming,710,-0.04126991331577301,software_engineering,code_generation,True,False,True
colbench_backend_programming,711,-0.04126991331577301,software_engineering,code_generation,True,False,True
colbench_backend_programming,712,-0.04126991331577301,software_engineering,code_generation,True,False,True
colbench_backend_programming,713,-0.04126991331577301,software_engineering,code_generation,True,False,True
colbench_backend_programming,714,-0.04126991331577301,software_engineering,code_generation,True,False,True
colbench_backend_programming,715,-0.04126991331577301,software_engineering,code_generation,True,False,True
colbench_backend_programming,716,-0.04126991331577301,software_engineering,code_generation,True,False,True
colbench_backend_programming,717,-0.04126991331577301,software_engineering,code_generation,True,False,True
colbench_backend_programming,718,-0.04126991331577301,software_engineering,code_generation,True,False,True
colbench_backend_programming,719,-0.04126991331577301,software_engineering,code_generation,True,False,True
colbench_backend_programming,72,-0.04126991331577301,software_engineering,code_generation,True,False,True
colbench_backend_programming,720,-0.04126991331577301,software_engineering,code_generation,True,False,True
colbench_backend_programming,721,-0.04126991331577301,software_engineering,code_generation,True,False,True
colbench_backend_programming,722,-0.04126991331577301,software_engineering,code_generation,True,False,True
colbench_backend_programming,723,-0.04126991331577301,software_engineering,code_generation,True,False,True
colbench_backend_programming,724,-0.04126991331577301,software_engineering,code_generation,True,False,True
colbench_backend_programming,725,-0.04126991331577301,software_engineering,code_generation,True,False,True
colbench_backend_programming,726,-0.04126991331577301,software_engineering,code_generation,True,False,True
colbench_backend_programming,727,-0.04126991331577301,software_engineering,code_generation,True,False,True
colbench_backend_programming,728,-0.04126991331577301,software_engineering,code_generation,True,False,True
colbench_backend_programming,729,-0.04126991331577301,software_engineering,code_generation,True,False,True
colbench_backend_programming,73,-0.04126991331577301,software_engineering,code_generation,True,False,True
colbench_backend_programming,730,-0.04126991331577301,software_engineering,code_generation,True,False,True
colbench_backend_programming,731,-0.04126991331577301,software_engineering,code_generation,True,False,True
colbench_backend_programming,732,-0.04126991331577301,software_engineering,code_generation,True,False,True
colbench_backend_programming,733,-0.04126991331577301,software_engineering,code_generation,True,False,True
colbench_backend_programming,734,-0.04126991331577301,software_engineering,code_generation,True,False,True
colbench_backend_programming,735,-0.04126991331577301,software_engineering,code_generation,True,False,True
colbench_backend_programming,736,-0.04126991331577301,software_engineering,code_generation,True,False,True
colbench_backend_programming,737,-0.04126991331577301,software_engineering,code_generation,True,False,True
colbench_backend_programming,738,-0.04126991331577301,software_engineering,code_generation,True,False,True
colbench_backend_programming,739,-0.04126991331577301,software_engineering,code_generation,True,False,True
colbench_backend_programming,74,-0.04126991331577301,software_engineering,code_generation,True,False,True
colbench_backend_programming,740,-0.04126991331577301,software_engineering,code_generation,True,False,True
colbench_backend_programming,741,-0.04126991331577301,software_engineering,code_generation,True,False,True
colbench_backend_programming,742,-0.04126991331577301,software_engineering,code_generation,True,False,True
colbench_backend_programming,743,-0.04126991331577301,software_engineering,code_generation,True,False,True
colbench_backend_programming,744,-0.04126991331577301,software_engineering,code_generation,True,False,True
colbench_backend_programming,745,-0.04126991331577301,software_engineering,code_generation,True,False,True
colbench_backend_programming,746,-0.04126991331577301,software_engineering,code_generation,True,False,True
colbench_backend_programming,747,-0.04126991331577301,software_engineering,code_generation,True,False,True
colbench_backend_programming,748,-0.04126991331577301,software_engineering,code_generation,True,False,True
colbench_backend_programming,749,-0.04126991331577301,software_engineering,code_generation,True,False,True
colbench_backend_programming,75,-0.04126991331577301,software_engineering,code_generation,True,False,True
colbench_backend_programming,750,-0.04126991331577301,software_engineering,code_generation,True,False,True
colbench_backend_programming,751,-0.04126991331577301,software_engineering,code_generation,True,False,True
colbench_backend_programming,752,-0.04126991331577301,software_engineering,code_generation,True,False,True
colbench_backend_programming,753,-0.04126991331577301,software_engineering,code_generation,True,False,True
colbench_backend_programming,754,-0.04126991331577301,software_engineering,code_generation,True,False,True
colbench_backend_programming,755,-0.04126991331577301,software_engineering,code_generation,True,False,True
colbench_backend_programming,756,-0.04126991331577301,software_engineering,code_generation,True,False,True
colbench_backend_programming,757,-0.04126991331577301,software_engineering,code_generation,True,False,True
colbench_backend_programming,758,-0.04126991331577301,software_engineering,code_generation,True,False,True
colbench_backend_programming,759,-0.04126991331577301,software_engineering,code_generation,True,False,True
colbench_backend_programming,76,-0.04126991331577301,software_engineering,code_generation,True,False,True
colbench_backend_programming,760,-0.04126991331577301,software_engineering,code_generation,True,False,True
colbench_backend_programming,761,-0.04126991331577301,software_engineering,code_generation,True,False,True
colbench_backend_programming,762,-0.04126991331577301,software_engineering,code_generation,True,False,True
colbench_backend_programming,763,-0.04126991331577301,software_engineering,code_generation,True,False,True
colbench_backend_programming,764,-0.04126991331577301,software_engineering,code_generation,True,False,True
colbench_backend_programming,765,-0.04126991331577301,software_engineering,code_generation,True,False,True
colbench_backend_programming,766,-0.04126991331577301,software_engineering,code_generation,True,False,True
colbench_backend_programming,767,-0.04126991331577301,software_engineering,code_generation,True,False,True
colbench_backend_programming,768,-0.04126991331577301,software_engineering,code_generation,True,False,True
colbench_backend_programming,769,-0.04126991331577301,software_engineering,code_generation,True,False,True
colbench_backend_programming,77,-0.04126991331577301,software_engineering,code_generation,True,False,True
colbench_backend_programming,770,-0.04126991331577301,software_engineering,code_generation,True,False,True
colbench_backend_programming,771,-0.04126991331577301,software_engineering,code_generation,True,False,True
colbench_backend_programming,772,-0.04126991331577301,software_engineering,code_generation,True,False,True
colbench_backend_programming,773,-0.04126991331577301,software_engineering,code_generation,True,False,True
colbench_backend_programming,774,-0.04126991331577301,software_engineering,code_generation,True,False,True
colbench_backend_programming,775,-0.04126991331577301,software_engineering,code_generation,True,False,True
colbench_backend_programming,776,-0.04126991331577301,software_engineering,code_generation,True,False,True
colbench_backend_programming,777,-0.04126991331577301,software_engineering,code_generation,True,False,True
colbench_backend_programming,778,-0.04126991331577301,software_engineering,code_generation,True,False,True
colbench_backend_programming,779,-0.04126991331577301,software_engineering,code_generation,True,False,True
colbench_backend_programming,78,-0.04126991331577301,software_engineering,code_generation,True,False,True
colbench_backend_programming,780,-0.04126991331577301,software_engineering,code_generation,True,False,True
colbench_backend_programming,781,-0.04126991331577301,software_engineering,code_generation,True,False,True
colbench_backend_programming,782,-0.04126991331577301,software_engineering,code_generation,True,False,True
colbench_backend_programming,783,-0.04126991331577301,software_engineering,code_generation,True,False,True
colbench_backend_programming,784,-0.04126991331577301,software_engineering,code_generation,True,False,True
colbench_backend_programming,785,-0.04126991331577301,software_engineering,code_generation,True,False,True
colbench_backend_programming,786,-0.04126991331577301,software_engineering,code_generation,True,False,True
colbench_backend_programming,787,-0.04126991331577301,software_engineering,code_generation,True,False,True
colbench_backend_programming,788,-0.04126991331577301,software_engineering,code_generation,True,False,True
colbench_backend_programming,789,-0.04126991331577301,software_engineering,code_generation,True,False,True
colbench_backend_programming,79,-0.04126991331577301,software_engineering,code_generation,True,False,True
colbench_backend_programming,790,-0.04126991331577301,software_engineering,code_generation,True,False,True
colbench_backend_programming,791,-0.04126991331577301,software_engineering,code_generation,True,False,True
colbench_backend_programming,792,-0.04126991331577301,software_engineering,code_generation,True,False,True
colbench_backend_programming,793,-0.04126991331577301,software_engineering,code_generation,True,False,True
colbench_backend_programming,794,-0.04126991331577301,software_engineering,code_generation,True,False,True
colbench_backend_programming,795,-0.04126991331577301,software_engineering,code_generation,True,False,True
colbench_backend_programming,796,-0.04126991331577301,software_engineering,code_generation,True,False,True
colbench_backend_programming,797,-0.04126991331577301,software_engineering,code_generation,True,False,True
colbench_backend_programming,798,-0.04126991331577301,software_engineering,code_generation,True,False,True
colbench_backend_programming,799,-0.04126991331577301,software_engineering,code_generation,True,False,True
colbench_backend_programming,8,-0.04126991331577301,software_engineering,code_generation,True,False,True
colbench_backend_programming,80,-0.04126991331577301,software_engineering,code_generation,True,False,True
colbench_backend_programming,800,-0.04126991331577301,software_engineering,code_generation,True,False,True
colbench_backend_programming,801,-0.04126991331577301,software_engineering,code_generation,True,False,True
colbench_backend_programming,802,-0.04126991331577301,software_engineering,code_generation,True,False,True
colbench_backend_programming,803,-0.04126991331577301,software_engineering,code_generation,True,False,True
colbench_backend_programming,804,-0.04126991331577301,software_engineering,code_generation,True,False,True
colbench_backend_programming,805,-0.04126991331577301,software_engineering,code_generation,True,False,True
colbench_backend_programming,806,-0.04126991331577301,software_engineering,code_generation,True,False,True
colbench_backend_programming,807,-0.04126991331577301,software_engineering,code_generation,True,False,True
colbench_backend_programming,808,-0.04126991331577301,software_engineering,code_generation,True,False,True
colbench_backend_programming,809,-0.04126991331577301,software_engineering,code_generation,True,False,True
colbench_backend_programming,81,-0.04126991331577301,software_engineering,code_generation,True,False,True
colbench_backend_programming,810,-0.04126991331577301,software_engineering,code_generation,True,False,True
colbench_backend_programming,811,-0.04126991331577301,software_engineering,code_generation,True,False,True
colbench_backend_programming,812,-0.04126991331577301,software_engineering,code_generation,True,False,True
colbench_backend_programming,813,-0.04126991331577301,software_engineering,code_generation,True,False,True
colbench_backend_programming,814,-0.04126991331577301,software_engineering,code_generation,True,False,True
colbench_backend_programming,815,-0.04126991331577301,software_engineering,code_generation,True,False,True
colbench_backend_programming,816,-0.04126991331577301,software_engineering,code_generation,True,False,True
colbench_backend_programming,817,-0.04126991331577301,software_engineering,code_generation,True,False,True
colbench_backend_programming,818,-0.04126991331577301,software_engineering,code_generation,True,False,True
colbench_backend_programming,819,-0.04126991331577301,software_engineering,code_generation,True,False,True
colbench_backend_programming,82,-0.04126991331577301,software_engineering,code_generation,True,False,True
colbench_backend_programming,820,-0.04126991331577301,software_engineering,code_generation,True,False,True
colbench_backend_programming,821,-0.04126991331577301,software_engineering,code_generation,True,False,True
colbench_backend_programming,822,-0.04126991331577301,software_engineering,code_generation,True,False,True
colbench_backend_programming,823,-0.04126991331577301,software_engineering,code_generation,True,False,True
colbench_backend_programming,824,-0.04126991331577301,software_engineering,code_generation,True,False,True
colbench_backend_programming,825,-0.04126991331577301,software_engineering,code_generation,True,False,True
colbench_backend_programming,826,-0.04126991331577301,software_engineering,code_generation,True,False,True
colbench_backend_programming,827,-0.04126991331577301,software_engineering,code_generation,True,False,True
colbench_backend_programming,828,-0.04126991331577301,software_engineering,code_generation,True,False,True
colbench_backend_programming,829,-0.04126991331577301,software_engineering,code_generation,True,False,True
colbench_backend_programming,83,-0.04126991331577301,software_engineering,code_generation,True,False,True
colbench_backend_programming,830,-0.04126991331577301,software_engineering,code_generation,True,False,True
colbench_backend_programming,831,-0.04126991331577301,software_engineering,code_generation,True,False,True
colbench_backend_programming,832,-0.04126991331577301,software_engineering,code_generation,True,False,True
colbench_backend_programming,833,-0.04126991331577301,software_engineering,code_generation,True,False,True
colbench_backend_programming,834,-0.04126991331577301,software_engineering,code_generation,True,False,True
colbench_backend_programming,835,-0.04126991331577301,software_engineering,code_generation,True,False,True
colbench_backend_programming,836,-0.04126991331577301,software_engineering,code_generation,True,False,True
colbench_backend_programming,837,-0.04126991331577301,software_engineering,code_generation,True,False,True
colbench_backend_programming,838,-0.04126991331577301,software_engineering,code_generation,True,False,True
colbench_backend_programming,839,-0.04126991331577301,software_engineering,code_generation,True,False,True
colbench_backend_programming,84,-0.04126991331577301,software_engineering,code_generation,True,False,True
colbench_backend_programming,840,-0.04126991331577301,software_engineering,code_generation,True,False,True
colbench_backend_programming,841,-0.04126991331577301,software_engineering,code_generation,True,False,True
colbench_backend_programming,842,-0.04126991331577301,software_engineering,code_generation,True,False,True
colbench_backend_programming,843,-0.04126991331577301,software_engineering,code_generation,True,False,True
colbench_backend_programming,844,-0.04126991331577301,software_engineering,code_generation,True,False,True
colbench_backend_programming,845,-0.04126991331577301,software_engineering,code_generation,True,False,True
colbench_backend_programming,846,-0.04126991331577301,software_engineering,code_generation,True,False,True
colbench_backend_programming,847,-0.04126991331577301,software_engineering,code_generation,True,False,True
colbench_backend_programming,848,-0.04126991331577301,software_engineering,code_generation,True,False,True
colbench_backend_programming,849,-0.04126991331577301,software_engineering,code_generation,True,False,True
colbench_backend_programming,85,-0.04126991331577301,software_engineering,code_generation,True,False,True
colbench_backend_programming,850,-0.04126991331577301,software_engineering,code_generation,True,False,True
colbench_backend_programming,851,-0.04126991331577301,software_engineering,code_generation,True,False,True
colbench_backend_programming,852,-0.04126991331577301,software_engineering,code_generation,True,False,True
colbench_backend_programming,853,-0.04126991331577301,software_engineering,code_generation,True,False,True
colbench_backend_programming,854,-0.04126991331577301,software_engineering,code_generation,True,False,True
colbench_backend_programming,855,-0.04126991331577301,software_engineering,code_generation,True,False,True
colbench_backend_programming,856,-0.04126991331577301,software_engineering,code_generation,True,False,True
colbench_backend_programming,857,-0.04126991331577301,software_engineering,code_generation,True,False,True
colbench_backend_programming,858,-0.04126991331577301,software_engineering,code_generation,True,False,True
colbench_backend_programming,859,-0.04126991331577301,software_engineering,code_generation,True,False,True
colbench_backend_programming,86,-0.04126991331577301,software_engineering,code_generation,True,False,True
colbench_backend_programming,860,-0.04126991331577301,software_engineering,code_generation,True,False,True
colbench_backend_programming,861,-0.04126991331577301,software_engineering,code_generation,True,False,True
colbench_backend_programming,862,-0.04126991331577301,software_engineering,code_generation,True,False,True
colbench_backend_programming,863,-0.04126991331577301,software_engineering,code_generation,True,False,True
colbench_backend_programming,864,-0.04126991331577301,software_engineering,code_generation,True,False,True
colbench_backend_programming,865,-0.04126991331577301,software_engineering,code_generation,True,False,True
colbench_backend_programming,866,-0.04126991331577301,software_engineering,code_generation,True,False,True
colbench_backend_programming,867,-0.04126991331577301,software_engineering,code_generation,True,False,True
colbench_backend_programming,868,-0.04126991331577301,software_engineering,code_generation,True,False,True
colbench_backend_programming,869,-0.04126991331577301,software_engineering,code_generation,True,False,True
colbench_backend_programming,87,-0.04126991331577301,software_engineering,code_generation,True,False,True
colbench_backend_programming,870,-0.04126991331577301,software_engineering,code_generation,True,False,True
colbench_backend_programming,871,-0.04126991331577301,software_engineering,code_generation,True,False,True
colbench_backend_programming,872,-0.04126991331577301,software_engineering,code_generation,True,False,True
colbench_backend_programming,873,-0.04126991331577301,software_engineering,code_generation,True,False,True
colbench_backend_programming,874,-0.04126991331577301,software_engineering,code_generation,True,False,True
colbench_backend_programming,875,-0.04126991331577301,software_engineering,code_generation,True,False,True
colbench_backend_programming,876,-0.04126991331577301,software_engineering,code_generation,True,False,True
colbench_backend_programming,877,-0.04126991331577301,software_engineering,code_generation,True,False,True
colbench_backend_programming,878,-0.04126991331577301,software_engineering,code_generation,True,False,True
colbench_backend_programming,879,-0.04126991331577301,software_engineering,code_generation,True,False,True
colbench_backend_programming,88,-0.04126991331577301,software_engineering,code_generation,True,False,True
colbench_backend_programming,880,-0.04126991331577301,software_engineering,code_generation,True,False,True
colbench_backend_programming,881,-0.04126991331577301,software_engineering,code_generation,True,False,True
colbench_backend_programming,882,-0.04126991331577301,software_engineering,code_generation,True,False,True
colbench_backend_programming,883,-0.04126991331577301,software_engineering,code_generation,True,False,True
colbench_backend_programming,884,-0.04126991331577301,software_engineering,code_generation,True,False,True
colbench_backend_programming,885,-0.04126991331577301,software_engineering,code_generation,True,False,True
colbench_backend_programming,886,-0.04126991331577301,software_engineering,code_generation,True,False,True
colbench_backend_programming,887,-0.04126991331577301,software_engineering,code_generation,True,False,True
colbench_backend_programming,888,-0.04126991331577301,software_engineering,code_generation,True,False,True
colbench_backend_programming,889,-0.04126991331577301,software_engineering,code_generation,True,False,True
colbench_backend_programming,89,-0.04126991331577301,software_engineering,code_generation,True,False,True
colbench_backend_programming,890,-0.04126991331577301,software_engineering,code_generation,True,False,True
colbench_backend_programming,891,-0.04126991331577301,software_engineering,code_generation,True,False,True
colbench_backend_programming,892,-0.04126991331577301,software_engineering,code_generation,True,False,True
colbench_backend_programming,893,-0.04126991331577301,software_engineering,code_generation,True,False,True
colbench_backend_programming,894,-0.04126991331577301,software_engineering,code_generation,True,False,True
colbench_backend_programming,895,-0.04126991331577301,software_engineering,code_generation,True,False,True
colbench_backend_programming,896,-0.04126991331577301,software_engineering,code_generation,True,False,True
colbench_backend_programming,897,-0.04126991331577301,software_engineering,code_generation,True,False,True
colbench_backend_programming,898,-0.04126991331577301,software_engineering,code_generation,True,False,True
colbench_backend_programming,899,-0.04126991331577301,software_engineering,code_generation,True,False,True
colbench_backend_programming,9,-0.04126991331577301,software_engineering,code_generation,True,False,True
colbench_backend_programming,90,-0.04126991331577301,software_engineering,code_generation,True,False,True
colbench_backend_programming,900,-0.04126991331577301,software_engineering,code_generation,True,False,True
colbench_backend_programming,901,-0.04126991331577301,software_engineering,code_generation,True,False,True
colbench_backend_programming,902,-0.04126991331577301,software_engineering,code_generation,True,False,True
colbench_backend_programming,903,-0.04126991331577301,software_engineering,code_generation,True,False,True
colbench_backend_programming,904,-0.04126991331577301,software_engineering,code_generation,True,False,True
colbench_backend_programming,905,-0.04126991331577301,software_engineering,code_generation,True,False,True
colbench_backend_programming,906,-0.04126991331577301,software_engineering,code_generation,True,False,True
colbench_backend_programming,907,-0.04126991331577301,software_engineering,code_generation,True,False,True
colbench_backend_programming,908,-0.04126991331577301,software_engineering,code_generation,True,False,True
colbench_backend_programming,909,-0.04126991331577301,software_engineering,code_generation,True,False,True
colbench_backend_programming,91,-0.04126991331577301,software_engineering,code_generation,True,False,True
colbench_backend_programming,910,-0.04126991331577301,software_engineering,code_generation,True,False,True
colbench_backend_programming,911,-0.04126991331577301,software_engineering,code_generation,True,False,True
colbench_backend_programming,912,-0.04126991331577301,software_engineering,code_generation,True,False,True
colbench_backend_programming,913,-0.04126991331577301,software_engineering,code_generation,True,False,True
colbench_backend_programming,914,-0.04126991331577301,software_engineering,code_generation,True,False,True
colbench_backend_programming,915,-0.04126991331577301,software_engineering,code_generation,True,False,True
colbench_backend_programming,916,-0.04126991331577301,software_engineering,code_generation,True,False,True
colbench_backend_programming,917,-0.04126991331577301,software_engineering,code_generation,True,False,True
colbench_backend_programming,918,-0.04126991331577301,software_engineering,code_generation,True,False,True
colbench_backend_programming,919,-0.04126991331577301,software_engineering,code_generation,True,False,True
colbench_backend_programming,92,-0.04126991331577301,software_engineering,code_generation,True,False,True
colbench_backend_programming,920,-0.04126991331577301,software_engineering,code_generation,True,False,True
colbench_backend_programming,921,-0.04126991331577301,software_engineering,code_generation,True,False,True
colbench_backend_programming,922,-0.04126991331577301,software_engineering,code_generation,True,False,True
colbench_backend_programming,923,-0.04126991331577301,software_engineering,code_generation,True,False,True
colbench_backend_programming,924,-0.04126991331577301,software_engineering,code_generation,True,False,True
colbench_backend_programming,925,-0.04126991331577301,software_engineering,code_generation,True,False,True
colbench_backend_programming,926,-0.04126991331577301,software_engineering,code_generation,True,False,True
colbench_backend_programming,927,-0.04126991331577301,software_engineering,code_generation,True,False,True
colbench_backend_programming,928,-0.04126991331577301,software_engineering,code_generation,True,False,True
colbench_backend_programming,929,-0.04126991331577301,software_engineering,code_generation,True,False,True
colbench_backend_programming,93,-0.04126991331577301,software_engineering,code_generation,True,False,True
colbench_backend_programming,930,-0.04126991331577301,software_engineering,code_generation,True,False,True
colbench_backend_programming,931,-0.04126991331577301,software_engineering,code_generation,True,False,True
colbench_backend_programming,932,-0.04126991331577301,software_engineering,code_generation,True,False,True
colbench_backend_programming,933,-0.04126991331577301,software_engineering,code_generation,True,False,True
colbench_backend_programming,934,-0.04126991331577301,software_engineering,code_generation,True,False,True
colbench_backend_programming,935,-0.04126991331577301,software_engineering,code_generation,True,False,True
colbench_backend_programming,936,-0.04126991331577301,software_engineering,code_generation,True,False,True
colbench_backend_programming,937,-0.04126991331577301,software_engineering,code_generation,True,False,True
colbench_backend_programming,938,-0.04126991331577301,software_engineering,code_generation,True,False,True
colbench_backend_programming,939,-0.04126991331577301,software_engineering,code_generation,True,False,True
colbench_backend_programming,94,-0.04126991331577301,software_engineering,code_generation,True,False,True
colbench_backend_programming,940,-0.04126991331577301,software_engineering,code_generation,True,False,True
colbench_backend_programming,941,-0.04126991331577301,software_engineering,code_generation,True,False,True
colbench_backend_programming,942,-0.04126991331577301,software_engineering,code_generation,True,False,True
colbench_backend_programming,943,-0.04126991331577301,software_engineering,code_generation,True,False,True
colbench_backend_programming,944,-0.04126991331577301,software_engineering,code_generation,True,False,True
colbench_backend_programming,945,-0.04126991331577301,software_engineering,code_generation,True,False,True
colbench_backend_programming,946,-0.04126991331577301,software_engineering,code_generation,True,False,True
colbench_backend_programming,947,-0.04126991331577301,software_engineering,code_generation,True,False,True
colbench_backend_programming,948,-0.04126991331577301,software_engineering,code_generation,True,False,True
colbench_backend_programming,949,-0.04126991331577301,software_engineering,code_generation,True,False,True
colbench_backend_programming,95,-0.04126991331577301,software_engineering,code_generation,True,False,True
colbench_backend_programming,950,-0.04126991331577301,software_engineering,code_generation,True,False,True
colbench_backend_programming,951,-0.04126991331577301,software_engineering,code_generation,True,False,True
colbench_backend_programming,952,-0.04126991331577301,software_engineering,code_generation,True,False,True
colbench_backend_programming,953,-0.04126991331577301,software_engineering,code_generation,True,False,True
colbench_backend_programming,954,-0.04126991331577301,software_engineering,code_generation,True,False,True
colbench_backend_programming,955,-0.04126991331577301,software_engineering,code_generation,True,False,True
colbench_backend_programming,956,-0.04126991331577301,software_engineering,code_generation,True,False,True
colbench_backend_programming,957,-0.04126991331577301,software_engineering,code_generation,True,False,True
colbench_backend_programming,958,-0.04126991331577301,software_engineering,code_generation,True,False,True
colbench_backend_programming,959,-0.04126991331577301,software_engineering,code_generation,True,False,True
colbench_backend_programming,96,-0.04126991331577301,software_engineering,code_generation,True,False,True
colbench_backend_programming,960,-0.04126991331577301,software_engineering,code_generation,True,False,True
colbench_backend_programming,961,-0.04126991331577301,software_engineering,code_generation,True,False,True
colbench_backend_programming,962,-0.04126991331577301,software_engineering,code_generation,True,False,True
colbench_backend_programming,963,-0.04126991331577301,software_engineering,code_generation,True,False,True
colbench_backend_programming,964,-0.04126991331577301,software_engineering,code_generation,True,False,True
colbench_backend_programming,965,-0.04126991331577301,software_engineering,code_generation,True,False,True
colbench_backend_programming,966,-0.04126991331577301,software_engineering,code_generation,True,False,True
colbench_backend_programming,967,-0.04126991331577301,software_engineering,code_generation,True,False,True
colbench_backend_programming,968,-0.04126991331577301,software_engineering,code_generation,True,False,True
colbench_backend_programming,969,-0.04126991331577301,software_engineering,code_generation,True,False,True
colbench_backend_programming,97,-0.04126991331577301,software_engineering,code_generation,True,False,True
colbench_backend_programming,970,-0.04126991331577301,software_engineering,code_generation,True,False,True
colbench_backend_programming,971,-0.04126991331577301,software_engineering,code_generation,True,False,True
colbench_backend_programming,972,-0.04126991331577301,software_engineering,code_generation,True,False,True
colbench_backend_programming,973,-0.04126991331577301,software_engineering,code_generation,True,False,True
colbench_backend_programming,974,-0.04126991331577301,software_engineering,code_generation,True,False,True
colbench_backend_programming,975,-0.04126991331577301,software_engineering,code_generation,True,False,True
colbench_backend_programming,976,-0.04126991331577301,software_engineering,code_generation,True,False,True
colbench_backend_programming,977,-0.04126991331577301,software_engineering,code_generation,True,False,True
colbench_backend_programming,978,-0.04126991331577301,software_engineering,code_generation,True,False,True
colbench_backend_programming,979,-0.04126991331577301,software_engineering,code_generation,True,False,True
colbench_backend_programming,98,-0.04126991331577301,software_engineering,code_generation,True,False,True
colbench_backend_programming,980,-0.04126991331577301,software_engineering,code_generation,True,False,True
colbench_backend_programming,981,-0.04126991331577301,software_engineering,code_generation,True,False,True
colbench_backend_programming,982,-0.04126991331577301,software_engineering,code_generation,True,False,True
colbench_backend_programming,983,-0.04126991331577301,software_engineering,code_generation,True,False,True
colbench_backend_programming,984,-0.04126991331577301,software_engineering,code_generation,True,False,True
colbench_backend_programming,985,-0.04126991331577301,software_engineering,code_generation,True,False,True
colbench_backend_programming,986,-0.04126991331577301,software_engineering,code_generation,True,False,True
colbench_backend_programming,987,-0.04126991331577301,software_engineering,code_generation,True,False,True
colbench_backend_programming,988,-0.04126991331577301,software_engineering,code_generation,True,False,True
colbench_backend_programming,989,-0.04126991331577301,software_engineering,code_generation,True,False,True
colbench_backend_programming,99,-0.04126991331577301,software_engineering,code_generation,True,False,True
colbench_backend_programming,990,-0.04126991331577301,software_engineering,code_generation,True,False,True
colbench_backend_programming,991,-0.04126991331577301,software_engineering,code_generation,True,False,True
colbench_backend_programming,992,-0.04126991331577301,software_engineering,code_generation,True,False,True
colbench_backend_programming,993,-0.04126991331577301,software_engineering,code_generation,True,False,True
colbench_backend_programming,994,-0.04126991331577301,software_engineering,code_generation,True,False,True
colbench_backend_programming,995,-0.04126991331577301,software_engineering,code_generation,True,False,True
colbench_backend_programming,996,-0.04126991331577301,software_engineering,code_generation,True,False,True
colbench_backend_programming,997,-0.04126991331577301,software_engineering,code_generation,True,False,True
colbench_backend_programming,998,-0.04126991331577301,software_engineering,code_generation,True,False,True
colbench_backend_programming,999,-0.04126991331577301,software_engineering,code_generation,True,False,True
corebench_hard,capsule-0504157,-0.23609697818756104,science,reproducibility,True,False,True
corebench_hard,capsule-0851068,-0.23609697818756104,science,reproducibility,True,False,True
corebench_hard,capsule-0921079,-0.23609697818756104,science,reproducibility,True,False,True
corebench_hard,capsule-1175539,-0.23609697818756104,science,reproducibility,True,False,True
corebench_hard,capsule-1394704,-0.23609697818756104,science,reproducibility,True,False,True
corebench_hard,capsule-1624349,-0.23609697818756104,science,reproducibility,True,False,True
corebench_hard,capsule-1724988,-0.23609697818756104,science,reproducibility,True,False,True
corebench_hard,capsule-1900704,-0.23609697818756104,science,reproducibility,True,False,True
corebench_hard,capsule-2345790,-0.23609697818756104,science,reproducibility,True,False,True
corebench_hard,capsule-2414499,-0.23609697818756104,science,reproducibility,True,False,True
corebench_hard,capsule-2708693,-0.23609697818756104,science,reproducibility,True,False,True
corebench_hard,capsule-2804717,-0.23609697818756104,science,reproducibility,True,False,True
corebench_hard,capsule-2816027,-0.23609697818756104,science,reproducibility,True,False,True
corebench_hard,capsule-3262218,-0.23609697818756104,science,reproducibility,True,False,True
corebench_hard,capsule-3301293,-0.23609697818756104,science,reproducibility,True,False,True
corebench_hard,capsule-3418007,-0.23609697818756104,science,reproducibility,True,False,True
corebench_hard,capsule-3449234,-0.23609697818756104,science,reproducibility,True,False,True
corebench_hard,capsule-3593259,-0.23609697818756104,science,reproducibility,True,False,True
corebench_hard,capsule-3639589,-0.23609697818756104,science,reproducibility,True,False,True
corebench_hard,capsule-3821950,-0.23609697818756104,science,reproducibility,True,False,True
corebench_hard,capsule-3849634,-0.23609697818756104,science,reproducibility,True,False,True
corebench_hard,capsule-4180912,-0.23609697818756104,science,reproducibility,True,False,True
corebench_hard,capsule-4252248,-0.23609697818756104,science,reproducibility,True,False,True
corebench_hard,capsule-4299879,-0.23609697818756104,science,reproducibility,True,False,True
corebench_hard,capsule-4671827,-0.23609697818756104,science,reproducibility,True,False,True
corebench_hard,capsule-4728591,-0.23609697818756104,science,reproducibility,True,False,True
corebench_hard,capsule-4933686,-0.23609697818756104,science,reproducibility,True,False,True
corebench_hard,capsule-5136217,-0.23609697818756104,science,reproducibility,True,False,True
corebench_hard,capsule-5507257,-0.23609697818756104,science,reproducibility,True,False,True
corebench_hard,capsule-6003668,-0.23609697818756104,science,reproducibility,True,False,True
corebench_hard,capsule-6049678,-0.23609697818756104,science,reproducibility,True,False,True
corebench_hard,capsule-7186268,-0.23609697818756104,science,reproducibility,True,False,True
corebench_hard,capsule-7716865,-0.23609697818756104,science,reproducibility,True,False,True
corebench_hard,capsule-8234136,-0.23609697818756104,science,reproducibility,True,False,True
corebench_hard,capsule-8536428,-0.23609697818756104,science,reproducibility,True,False,True
corebench_hard,capsule-8807709,-0.23609697818756104,science,reproducibility,True,False,True
corebench_hard,capsule-9052293,-0.23609697818756104,science,reproducibility,True,False,True
corebench_hard,capsule-9054015,-0.23609697818756104,science,reproducibility,True,False,True
corebench_hard,capsule-9137200,-0.23609697818756104,science,reproducibility,True,False,True
corebench_hard,capsule-9240688,-0.23609697818756104,science,reproducibility,True,False,True
corebench_hard,capsule-9641396,-0.23609697818756104,science,reproducibility,True,False,True
corebench_hard,capsule-9660931,-0.23609697818756104,science,reproducibility,True,False,True
corebench_hard,capsule-9670283,-0.23609697818756104,science,reproducibility,True,False,True
corebench_hard,capsule-9832712,-0.23609697818756104,science,reproducibility,True,False,True
corebench_hard,capsule-9911222,-0.23609697818756104,science,reproducibility,True,False,True
gaia,00d579ea-0889-4fd9-a771-2c8d79835c8d,-0.04765608161687851,general,qa,False,True,True
gaia,023e9d44-96ae-4eed-b912-244ee8c3b994,-0.04765608161687851,general,qa,False,True,True
gaia,0383a3ee-47a7-41a4-b493-519bdefe0488,-0.04765608161687851,general,qa,False,True,True
gaia,04a04a9b-226c-43fd-b319-d5e89743676f,-0.04765608161687851,general,qa,False,True,True
gaia,0512426f-4d28-49f0-be77-06d05daec096,-0.04765608161687851,general,qa,False,True,True
gaia,05407167-39ec-4d3a-a234-73a9120c325d,-0.04765608161687851,general,qa,False,True,True
gaia,076c8171-9b3b-49b9-a477-244d2a532826,-0.04765608161687851,general,qa,False,True,True
gaia,08c0b6e9-1b43-4c2e-ae55-4e3fce2c2715,-0.04765608161687851,general,qa,False,True,True
gaia,08cae58d-4084-4616-b6dd-dd6534e4825b,-0.04765608161687851,general,qa,False,True,True
gaia,08f3a05f-5947-4089-a4c4-d4bcfaa6b7a0,-0.04765608161687851,general,qa,False,True,True
gaia,0a3cd321-3e76-4622-911b-0fda2e5d6b1a,-0.04765608161687851,general,qa,False,True,True
gaia,0a65cb96-cb6e-4a6a-8aae-c1084f613456,-0.04765608161687851,general,qa,False,True,True
gaia,0b260a57-3f3a-4405-9f29-6d7a1012dbfb,-0.04765608161687851,general,qa,False,True,True
gaia,0bb3b44a-ede5-4db5-a520-4e844b0079c5,-0.04765608161687851,general,qa,False,True,True
gaia,0bdb7c40-671d-4ad1-9ce3-986b159c0ddc,-0.04765608161687851,general,qa,False,True,True
gaia,0e9e85b8-52b9-4de4-b402-5f635ab9631f,-0.04765608161687851,general,qa,False,True,True
gaia,0ff53813-3367-4f43-bcbd-3fd725c1bf4b,-0.04765608161687851,general,qa,False,True,True
gaia,114d5fd0-e2ae-4b6d-a65a-870da2d19c08,-0.04765608161687851,general,qa,False,True,True
gaia,11af4e1a-5f45-467d-9aeb-46f4bb0bf034,-0.04765608161687851,general,qa,False,True,True
gaia,14569e28-c88c-43e4-8c32-097d35b9a67d,-0.04765608161687851,general,qa,False,True,True
gaia,16d825ff-1623-4176-a5b5-42e0f5c2b0ac,-0.04765608161687851,general,qa,False,True,True
gaia,17b5a6a3-bc87-42e8-b0fb-6ab0781ef2cc,-0.04765608161687851,general,qa,False,True,True
gaia,1dcc160f-c187-48c2-b68e-319bd4354f3d,-0.04765608161687851,general,qa,False,True,True
gaia,1f975693-876d-457b-a649-393859e79bf3,-0.04765608161687851,general,qa,False,True,True
gaia,20194330-9976-4043-8632-f8485c6c71b2,-0.04765608161687851,general,qa,False,True,True
gaia,23dd907f-1261-4488-b21c-e9185af91d5e,-0.04765608161687851,general,qa,False,True,True
gaia,27d5d136-8563-469e-92bf-fd103c28b57c,-0.04765608161687851,general,qa,False,True,True
gaia,2a649bb1-795f-4a01-b3be-9a01868dae73,-0.04765608161687851,general,qa,False,True,True
gaia,2b3ef98c-cc05-450b-a719-711aee40ac65,-0.04765608161687851,general,qa,False,True,True
gaia,2d83110e-a098-4ebb-9987-066c06fa42d0,-0.04765608161687851,general,qa,False,True,True
gaia,2dfc4c37-fec1-4518-84a7-10095d30ad75,-0.04765608161687851,general,qa,False,True,True
gaia,305ac316-eef6-4446-960a-92d80d542f82,-0.04765608161687851,general,qa,False,True,True
gaia,32102e3e-d12a-4209-9163-7b3a104efe5d,-0.04765608161687851,general,qa,False,True,True
gaia,33d8ea3b-6c6b-4ff1-803d-7e270dea8a57,-0.04765608161687851,general,qa,False,True,True
gaia,3627a8be-a77f-41bb-b807-7e1bd4c0ebdf,-0.04765608161687851,general,qa,False,True,True
gaia,366e2f2b-8632-4ef2-81eb-bc3877489217,-0.04765608161687851,general,qa,False,True,True
gaia,384d0dd8-e8a4-4cfe-963c-d37f256e7662,-0.04765608161687851,general,qa,False,True,True
gaia,389793a7-ca17-4e82-81cb-2b3a2391b4b9,-0.04765608161687851,general,qa,False,True,True
gaia,3cef3a44-215e-4aed-8e3b-b1e3f08063b7,-0.04765608161687851,general,qa,False,True,True
gaia,3da89939-209c-4086-8520-7eb734e6b4ef,-0.04765608161687851,general,qa,False,True,True
gaia,3f57289b-8c60-48be-bd80-01f8099ca449,-0.04765608161687851,general,qa,False,True,True
gaia,3ff6b7a9-a5bd-4412-ad92-0cd0d45c0fee,-0.04765608161687851,general,qa,False,True,True
gaia,42576abe-0deb-4869-8c63-225c2d75a95a,-0.04765608161687851,general,qa,False,True,True
gaia,42d4198c-5895-4f0a-b0c0-424a66465d83,-0.04765608161687851,general,qa,False,True,True
gaia,46719c30-f4c3-4cad-be07-d5cb21eee6bb,-0.04765608161687851,general,qa,False,True,True
gaia,48eb8242-1099-4c26-95d4-ef22b002457a,-0.04765608161687851,general,qa,False,True,True
gaia,4b650a35-8529-4695-89ed-8dc7a500a498,-0.04765608161687851,general,qa,False,True,True
gaia,4b6bb5f7-f634-410e-815d-e673ab7f8632,-0.04765608161687851,general,qa,False,True,True
gaia,4d0aa727-86b1-406b-9b33-f870dd14a4a5,-0.04765608161687851,general,qa,False,True,True
gaia,4d51c4bf-4b0e-4f3d-897b-3f6687a7d9f2,-0.04765608161687851,general,qa,False,True,True
gaia,4fc2f1ae-8625-45b5-ab34-ad4433bc21f8,-0.04765608161687851,general,qa,False,True,True
gaia,50ad0280-0819-4bd9-b275-5de32d3b5bcb,-0.04765608161687851,general,qa,False,True,True
gaia,50ec8903-b81f-4257-9450-1085afd2c319,-0.04765608161687851,general,qa,False,True,True
gaia,50f58759-7bd6-406f-9b0d-5692beb2a926,-0.04765608161687851,general,qa,False,True,True
gaia,5188369a-3bbe-43d8-8b94-11558f909a08,-0.04765608161687851,general,qa,False,True,True
gaia,544b7f0c-173a-4377-8d56-57b36eb26ddf,-0.04765608161687851,general,qa,False,True,True
gaia,54612da3-fd56-4941-80f4-5eb82330de25,-0.04765608161687851,general,qa,False,True,True
gaia,56137764-b4e0-45b8-9c52-1866420c3df5,-0.04765608161687851,general,qa,False,True,True
gaia,56db2318-640f-477a-a82f-bc93ad13e882,-0.04765608161687851,general,qa,False,True,True
gaia,5a0c1adf-205e-4841-a666-7c3ef95def9d,-0.04765608161687851,general,qa,False,True,True
gaia,5b2a14e8-6e59-479c-80e3-4696e8980152,-0.04765608161687851,general,qa,False,True,True
gaia,5cfb274c-0207-4aa7-9575-6ac0bd95d9b2,-0.04765608161687851,general,qa,False,True,True
gaia,5d0080cb-90d7-4712-bc33-848150e917d3,-0.04765608161687851,general,qa,False,True,True
gaia,5f982798-16b9-4051-ab57-cfc7ebdb2a91,-0.04765608161687851,general,qa,False,True,True
gaia,624cbf11-6a41-4692-af9c-36b3e5ca3130,-0.04765608161687851,general,qa,False,True,True
gaia,6359a0b1-8f7b-499b-9336-840f9ab90688,-0.04765608161687851,general,qa,False,True,True
gaia,65638e28-7f37-4fa7-b7b9-8c19bb609879,-0.04765608161687851,general,qa,False,True,True
gaia,65afbc8a-89ca-4ad5-8d62-355bb401f61d,-0.04765608161687851,general,qa,False,True,True
gaia,65da0822-a48a-4a68-bbad-8ed1b835a834,-0.04765608161687851,general,qa,False,True,True
gaia,676e5e31-a554-4acc-9286-b60d90a92d26,-0.04765608161687851,general,qa,False,True,True
gaia,67e8878b-5cef-4375-804e-e6291fdbe78a,-0.04765608161687851,general,qa,False,True,True
gaia,6b078778-0b90-464d-83f6-59511c811b01,-0.04765608161687851,general,qa,False,True,True
gaia,6f37996b-2ac7-44b0-8e68-6d28256631b4,-0.04765608161687851,general,qa,False,True,True
gaia,708b99c5-e4a7-49cb-a5cf-933c8d46470d,-0.04765608161687851,general,qa,False,True,True
gaia,71345b0a-9c7d-4b50-b2bf-937ec5879845,-0.04765608161687851,general,qa,False,True,True
gaia,72c06643-a2fa-4186-aa5c-9ec33ae9b445,-0.04765608161687851,general,qa,False,True,True
gaia,72e110e7-464c-453c-a309-90a95aed6538,-0.04765608161687851,general,qa,False,True,True
gaia,73c1b9fe-ee1d-4cf4-96ca-35c08f97b054,-0.04765608161687851,general,qa,False,True,True
gaia,7619a514-5fa8-43ef-9143-83b66a43d7a4,-0.04765608161687851,general,qa,False,True,True
gaia,7673d772-ef80-4f0f-a602-1bf4485c9b43,-0.04765608161687851,general,qa,False,True,True
gaia,7a4a336d-dcfa-45a0-b014-824c7619e8de,-0.04765608161687851,general,qa,False,True,True
gaia,7b5377b0-3f38-4103-8ad2-90fe89864c04,-0.04765608161687851,general,qa,False,True,True
gaia,7bd855d8-463d-4ed5-93ca-5fe35145f733,-0.04765608161687851,general,qa,False,True,True
gaia,7cc4acfa-63fd-4acc-a1a1-e8e529e0a97f,-0.04765608161687851,general,qa,False,True,True
gaia,7d4a7d1d-cac6-44a8-96e8-ea9584a70825,-0.04765608161687851,general,qa,False,True,True
gaia,7dd30055-0198-452e-8c25-f73dbe27dcb8,-0.04765608161687851,general,qa,False,True,True
gaia,8131e2c0-0083-4265-9ce7-78c2d568425d,-0.04765608161687851,general,qa,False,True,True
gaia,840bfca7-4f7b-481a-8794-c560c340185d,-0.04765608161687851,general,qa,False,True,True
gaia,851e570a-e3de-4d84-bcfa-cc85578baa59,-0.04765608161687851,general,qa,False,True,True
gaia,853c8244-429e-46ca-89f2-addf40dfb2bd,-0.04765608161687851,general,qa,False,True,True
gaia,872bfbb1-9ccf-49f6-8c5f-aa22818ccd66,-0.04765608161687851,general,qa,False,True,True
gaia,87c610df-bef7-4932-b950-1d83ef4e282b,-0.04765608161687851,general,qa,False,True,True
gaia,8b3379c0-0981-4f5b-8407-6444610cb212,-0.04765608161687851,general,qa,False,True,True
gaia,8d46b8d6-b38a-47ff-ac74-cda14cf2d19b,-0.04765608161687851,general,qa,False,True,True
gaia,8e867cd7-cff9-4e6c-867a-ff5ddc2550be,-0.04765608161687851,general,qa,False,True,True
gaia,8f80e01c-1296-4371-9486-bb3d68651a60,-0.04765608161687851,general,qa,False,True,True
gaia,9318445f-fe6a-4e1b-acbf-c68228c9906a,-0.04765608161687851,general,qa,False,True,True
gaia,935e2cff-ae78-4218-b3f5-115589b19dae,-0.04765608161687851,general,qa,False,True,True
gaia,983bba7c-c092-455f-b6c9-7857003d48fc,-0.04765608161687851,general,qa,False,True,True
gaia,99c9cc74-fdc8-46c6-8f8d-3ce2d3bfeea3,-0.04765608161687851,general,qa,False,True,True
gaia,9b54f9d9-35ee-4a14-b62f-d130ea00317f,-0.04765608161687851,general,qa,False,True,True
gaia,9d191bce-651d-4746-be2d-7ef8ecadb9c2,-0.04765608161687851,general,qa,False,True,True
gaia,9e1fc53b-46ff-49a1-9d05-9e6faac34cc5,-0.04765608161687851,general,qa,False,True,True
gaia,9f41b083-683e-4dcf-9185-ccfeaa88fa45,-0.04765608161687851,general,qa,False,True,True
gaia,a0068077-79f4-461a-adfe-75c1a4148545,-0.04765608161687851,general,qa,False,True,True
gaia,a0c07678-e491-4bbc-8f0b-07405144218f,-0.04765608161687851,general,qa,False,True,True
gaia,a1e91b78-d3d8-4675-bb8d-62741b4b68a6,-0.04765608161687851,general,qa,False,True,True
gaia,a26649c6-1cb2-470a-871e-6910c64c3e53,-0.04765608161687851,general,qa,False,True,True
gaia,a3fbeb63-0e8c-4a11-bff6-0e3b484c3e9c,-0.04765608161687851,general,qa,False,True,True
gaia,a56f1527-3abf-41d6-91f8-7296d6336c3f,-0.04765608161687851,general,qa,False,True,True
gaia,a7feb290-76bb-4cb7-8800-7edaf7954f2f,-0.04765608161687851,general,qa,False,True,True
gaia,ad2b4d70-9314-4fe6-bfbe-894a45f6055f,-0.04765608161687851,general,qa,False,True,True
gaia,ad37a656-079a-49f9-a493-7b739c9167d1,-0.04765608161687851,general,qa,False,True,True
gaia,b2c257e0-3ad7-4f05-b8e3-d9da973be36e,-0.04765608161687851,general,qa,False,True,True
gaia,b415aba4-4b68-4fc6-9b89-2c812e55a3e1,-0.04765608161687851,general,qa,False,True,True
gaia,b4cc024b-3f5e-480e-b96a-6656493255b5,-0.04765608161687851,general,qa,False,True,True
gaia,b7f857e4-d8aa-4387-af2a-0e844df5b9d8,-0.04765608161687851,general,qa,False,True,True
gaia,b816bfce-3d80-4913-a07d-69b752ce6377,-0.04765608161687851,general,qa,False,True,True
gaia,b9763138-c053-4832-9f55-86200cb1f99c,-0.04765608161687851,general,qa,False,True,True
gaia,bda648d7-d618-4883-88f4-3466eabd860e,-0.04765608161687851,general,qa,False,True,True
gaia,bec74516-02fc-48dc-b202-55e78d0e17cf,-0.04765608161687851,general,qa,False,True,True
gaia,bfcd99e1-0690-4b53-a85c-0174a8629083,-0.04765608161687851,general,qa,False,True,True
gaia,c365c1c7-a3db-4d5e-a9a1-66f56eae7865,-0.04765608161687851,general,qa,False,True,True
gaia,c3a79cfe-8206-451f-aca8-3fec8ebe51d3,-0.04765608161687851,general,qa,False,True,True
gaia,c526d8d6-5987-4da9-b24c-83466fa172f3,-0.04765608161687851,general,qa,False,True,True
gaia,c61d22de-5f6c-4958-a7f6-5e9707bd3466,-0.04765608161687851,general,qa,False,True,True
gaia,c714ab3a-da30-4603-bacd-d008800188b9,-0.04765608161687851,general,qa,False,True,True
gaia,c8b7e059-c60d-472e-ad64-3b04ae1166dc,-0.04765608161687851,general,qa,False,True,True
gaia,cabe07ed-9eca-40ea-8ead-410ef5e83f91,-0.04765608161687851,general,qa,False,True,True
gaia,cca530fc-4052-43b2-b130-b30968d8aa44,-0.04765608161687851,general,qa,False,True,True
gaia,cca70ce6-1952-45d2-acd4-80c903b0bc49,-0.04765608161687851,general,qa,False,True,True
gaia,cf106601-ab4f-4af9-b045-5295fe67b37d,-0.04765608161687851,general,qa,False,True,True
gaia,cffe0e32-c9a6-4c52-9877-78ceb4aaa9fb,-0.04765608161687851,general,qa,False,True,True
gaia,d0633230-7067-47a9-9dbf-ee11e0a2cdd6,-0.04765608161687851,general,qa,False,True,True
gaia,d1af70ea-a9a4-421a-b9cc-94b5e02f1788,-0.04765608161687851,general,qa,False,True,True
gaia,d5141ca5-e7a0-469f-bf3e-e773507c86e2,-0.04765608161687851,general,qa,False,True,True
gaia,d700d50d-c707-4dca-90dc-4528cddd0c80,-0.04765608161687851,general,qa,False,True,True
gaia,d8152ad6-e4d5-4c12-8bb7-8d57dc10c6de,-0.04765608161687851,general,qa,False,True,True
gaia,da52d699-e8d2-4dc5-9191-a2199e0b6a9b,-0.04765608161687851,general,qa,False,True,True
gaia,db4fd70a-2d37-40ea-873f-9433dc5e301f,-0.04765608161687851,general,qa,False,True,True
gaia,dc22a632-937f-4e6a-b72f-ba0ff3f5ff97,-0.04765608161687851,general,qa,False,True,True
gaia,dc28cf18-6431-458b-83ef-64b3ce566c10,-0.04765608161687851,general,qa,False,True,True
gaia,dd3c7503-f62a-4bd0-9f67-1b63b94194cc,-0.04765608161687851,general,qa,False,True,True
gaia,de9887f5-ead8-4727-876f-5a4078f8598c,-0.04765608161687851,general,qa,False,True,True
gaia,ded28325-3447-4c56-860f-e497d6fb3577,-0.04765608161687851,general,qa,False,True,True
gaia,df6561b2-7ee5-4540-baab-5095f742716a,-0.04765608161687851,general,qa,False,True,True
gaia,e0c10771-d627-4fd7-9694-05348e54ee36,-0.04765608161687851,general,qa,False,True,True
gaia,e142056d-56ab-4352-b091-b56054bd1359,-0.04765608161687851,general,qa,False,True,True
gaia,e1fc63a2-da7a-432f-be78-7c4a95598703,-0.04765608161687851,general,qa,False,True,True
gaia,e29834fd-413a-455c-a33e-c3915b07401c,-0.04765608161687851,general,qa,False,True,True
gaia,e2d69698-bc99-4e85-9880-67eaccd66e6c,-0.04765608161687851,general,qa,False,True,True
gaia,e4e91f1c-1dcd-439e-9fdd-cb976f5293fd,-0.04765608161687851,general,qa,False,True,True
gaia,e8cb5b03-41e0-4086-99e5-f6806cd97211,-0.04765608161687851,general,qa,False,True,True
gaia,e961a717-6b25-4175-8a68-874d28190ee4,-0.04765608161687851,general,qa,False,True,True
gaia,e9a2c537-8232-4c3f-85b0-b52de6bcba99,-0.04765608161687851,general,qa,False,True,True
gaia,ebbc1f13-d24d-40df-9068-adcf735b4240,-0.04765608161687851,general,qa,False,True,True
gaia,ec09fa32-d03f-4bf8-84b0-1f16922c3ae4,-0.04765608161687851,general,qa,False,True,True
gaia,ecbc4f94-95a3-4cc7-b255-6741a458a625,-0.04765608161687851,general,qa,False,True,True
gaia,ed58682d-bc52-4baa-9eb0-4eb81e1edacc,-0.04765608161687851,general,qa,False,True,True
gaia,edd4d4f2-1a58-45c4-b038-67337af4e029,-0.04765608161687851,general,qa,False,True,True
gaia,f0f46385-fc03-4599-b5d3-f56496c3e69f,-0.04765608161687851,general,qa,False,True,True
gaia,f2feb6a4-363c-4c09-a804-0db564eafd68,-0.04765608161687851,general,qa,False,True,True
gaia,f3917a3d-1d17-4ee2-90c5-683b072218fe,-0.04765608161687851,general,qa,False,True,True
gaia,f46b4380-207e-4434-820b-f32ce04ae2a4,-0.04765608161687851,general,qa,False,True,True
gaia,f918266a-b3e0-4914-865d-4faa564f1aef,-0.04765608161687851,general,qa,False,True,True
online_mind2web,0059adc6b12a3822305deb68929b2de8,-0.057807646691799164,web,web_navigation,False,True,False
online_mind2web,005be9dd91c95669d6ddde9ae667125c,-0.057807646691799164,web,web_navigation,False,True,False
online_mind2web,0170ca95038b05fa58d463fe627ac605,-0.057807646691799164,web,web_navigation,False,True,False
online_mind2web,01abae9608f2d8752a83e08f136f720c,-0.057807646691799164,web,web_navigation,False,True,False
online_mind2web,046138801a05ddf56ad94e8672942496,-0.057807646691799164,web,web_navigation,False,True,False
online_mind2web,05483c50cc9b04c8ac44c574758fb2bd,-0.057807646691799164,web,web_navigation,False,True,False
online_mind2web,0632e496d37badee0350dad358f047c5,-0.057807646691799164,web,web_navigation,False,True,False
online_mind2web,070c907d34a4ce71dfdbea38f9c5d4d8,-0.057807646691799164,web,web_navigation,False,True,False
online_mind2web,07bdc595306729a028ba06cc7451a80a,-0.057807646691799164,web,web_navigation,False,True,False
online_mind2web,07ec4a12cba8090e2dc524d558ac7675,-0.057807646691799164,web,web_navigation,False,True,False
online_mind2web,0a0fa834ce41b5297c6474293383759d,-0.057807646691799164,web,web_navigation,False,True,False
online_mind2web,0a0fa834ce41b5297c6474293383759d_110325,-0.057807646691799164,web,web_navigation,False,True,False
online_mind2web,0a54069a0ef542e571d1fee7f39c93d5,-0.057807646691799164,web,web_navigation,False,True,False
online_mind2web,0b2623e9fa5cea997f76490bcbc5220f,-0.057807646691799164,web,web_navigation,False,True,False
online_mind2web,0b51b4fa0295ae80ccd176ebdad6fff6,-0.057807646691799164,web,web_navigation,False,True,False
online_mind2web,0b838cd54f826c59c71f600c56b89a11,-0.057807646691799164,web,web_navigation,False,True,False
online_mind2web,0e42c3a73f2aece1f854e0ba55b7c8b0,-0.057807646691799164,web,web_navigation,False,True,False
online_mind2web,0e5536aaad9d3462b06cf725e6ed535a,-0.057807646691799164,web,web_navigation,False,True,False
online_mind2web,11857213ca01510f12813740afd59918,-0.057807646691799164,web,web_navigation,False,True,False
online_mind2web,11857213ca01510f12813740afd59918_110325,-0.057807646691799164,web,web_navigation,False,True,False
online_mind2web,11abb668c751dd56bb41f296a8bb3a13,-0.057807646691799164,web,web_navigation,False,True,False
online_mind2web,1223b07536a87e0170ff87cbbebd1d3c,-0.057807646691799164,web,web_navigation,False,True,False
online_mind2web,123e8c2fc453f55fadd1d0b9aaf94df4,-0.057807646691799164,web,web_navigation,False,True,False
online_mind2web,157f4a79d55e8fa3fd55ba772ba40fbc,-0.057807646691799164,web,web_navigation,False,True,False
online_mind2web,15be05973fba714e490cd9c884e4f072,-0.057807646691799164,web,web_navigation,False,True,False
online_mind2web,16200f51d63f0a47a58fa17acd49e368,-0.057807646691799164,web,web_navigation,False,True,False
online_mind2web,180ed2ec377ef3a4af9035a21522091a,-0.057807646691799164,web,web_navigation,False,True,False
online_mind2web,199be0b54a436daee74247971fc684ee,-0.057807646691799164,web,web_navigation,False,True,False
online_mind2web,199be0b54a436daee74247971fc684ee_110325,-0.057807646691799164,web,web_navigation,False,True,False
online_mind2web,1ab384fb3a791edfb410213cc6b82151,-0.057807646691799164,web,web_navigation,False,True,False
online_mind2web,1ab384fb3a791edfb410213cc6b82151_110325,-0.057807646691799164,web,web_navigation,False,True,False
online_mind2web,1aeca99e6a60b0e3aefb3ef212bdce79,-0.057807646691799164,web,web_navigation,False,True,False
online_mind2web,1b867afecf072cb877ebfa4069263746,-0.057807646691799164,web,web_navigation,False,True,False
online_mind2web,1bc154377120ec15b18dbabdba49c741,-0.057807646691799164,web,web_navigation,False,True,False
online_mind2web,1c3b747ae12ccee895745f82e3f2ef8a,-0.057807646691799164,web,web_navigation,False,True,False
online_mind2web,1df24ec81137386d6476bcf343a79012,-0.057807646691799164,web,web_navigation,False,True,False
online_mind2web,1fc28d91d25ccd1c6ba268101326a654,-0.057807646691799164,web,web_navigation,False,True,False
online_mind2web,207e933d1bba815bcb58664b5d82c085,-0.057807646691799164,web,web_navigation,False,True,False
online_mind2web,20a460a8fe1971b84411c5b1e6ac4186,-0.057807646691799164,web,web_navigation,False,True,False
online_mind2web,2207bb4f21786690cfed20b37253fb8b,-0.057807646691799164,web,web_navigation,False,True,False
online_mind2web,2218042362d8fae73756eb309848c2b2,-0.057807646691799164,web,web_navigation,False,True,False
online_mind2web,23204728192da9f73197a613d9681c18,-0.057807646691799164,web,web_navigation,False,True,False
online_mind2web,239a29bde438fe44fe17fe1390ef1634,-0.057807646691799164,web,web_navigation,False,True,False
online_mind2web,246d654fab7c31d9651007e39e75f74f,-0.057807646691799164,web,web_navigation,False,True,False
online_mind2web,2532fd402d3c741b79894e6ff2269f53,-0.057807646691799164,web,web_navigation,False,True,False
online_mind2web,255bf27c43fd3f9254d6b81a5f36d3a9,-0.057807646691799164,web,web_navigation,False,True,False
online_mind2web,26784156ae9859a0dd6c5920eb106f91,-0.057807646691799164,web,web_navigation,False,True,False
online_mind2web,26810ed9c123a62992e3eed31db3c5ee,-0.057807646691799164,web,web_navigation,False,True,False
online_mind2web,26a0e5c21c145dd8448aa92f35bec5ea,-0.057807646691799164,web,web_navigation,False,True,False
online_mind2web,271b36efd4346721b5542488ff997042,-0.057807646691799164,web,web_navigation,False,True,False
online_mind2web,27fa3ac20745d3d35e89fae157f63069,-0.057807646691799164,web,web_navigation,False,True,False
online_mind2web,28e7574e7bd6d14f36d2988a5ef2bd23,-0.057807646691799164,web,web_navigation,False,True,False
online_mind2web,29526b17a32485742b5ab63507e99417,-0.057807646691799164,web,web_navigation,False,True,False
online_mind2web,29b7372d5a3884a2ba831af2d117af3c,-0.057807646691799164,web,web_navigation,False,True,False
online_mind2web,2c20d87a046fadcb6ff07ee877bfbf37,-0.057807646691799164,web,web_navigation,False,True,False
online_mind2web,2c8ef01a92c71ba9ef2e59bb17eea2b3,-0.057807646691799164,web,web_navigation,False,True,False
online_mind2web,2c8ef01a92c71ba9ef2e59bb17eea2b3_110325,-0.057807646691799164,web,web_navigation,False,True,False
online_mind2web,2d5a7f95f951a26838289dfd629ae850,-0.057807646691799164,web,web_navigation,False,True,False
online_mind2web,2d5a7f95f951a26838289dfd629ae850_110325,-0.057807646691799164,web,web_navigation,False,True,False
online_mind2web,2dd41b1d0e8f389d0683f4a4627abfe6,-0.057807646691799164,web,web_navigation,False,True,False
online_mind2web,2e4e21cf1449c6894b17d571c47b77ea,-0.057807646691799164,web,web_navigation,False,True,False
online_mind2web,2fc51dd3febd447f0fdcdabca8d944ce,-0.057807646691799164,web,web_navigation,False,True,False
online_mind2web,2fc51dd3febd447f0fdcdabca8d944ce_110325,-0.057807646691799164,web,web_navigation,False,True,False
online_mind2web,301f267f421b93045874726183e8f722,-0.057807646691799164,web,web_navigation,False,True,False
online_mind2web,3084bc225219fcb73dc1cb0f97276c1c,-0.057807646691799164,web,web_navigation,False,True,False
online_mind2web,323bd85e3559655d89e5496b951a25e8,-0.057807646691799164,web,web_navigation,False,True,False
online_mind2web,330cd04c773ac498f51afa4665461ec8,-0.057807646691799164,web,web_navigation,False,True,False
online_mind2web,33bd2cdcea4fcc42a09a8a1e4e5841c6,-0.057807646691799164,web,web_navigation,False,True,False
online_mind2web,33bd2cdcea4fcc42a09a8a1e4e5841c6_110325,-0.057807646691799164,web,web_navigation,False,True,False
online_mind2web,3443e9c3151fef19a3c3a45eb2c13640,-0.057807646691799164,web,web_navigation,False,True,False
online_mind2web,34992feb69eb8e788faa06868b365c49,-0.057807646691799164,web,web_navigation,False,True,False
online_mind2web,34ccd15a8ea8fd3895af83f5ccf62369,-0.057807646691799164,web,web_navigation,False,True,False
online_mind2web,354b4ddf048815f8fd4163d0d7e1aaa3,-0.057807646691799164,web,web_navigation,False,True,False
online_mind2web,3621b099326c7aebd2e2dac6be3b52d1,-0.057807646691799164,web,web_navigation,False,True,False
online_mind2web,367d843c640637745e8fafa741cca13b,-0.057807646691799164,web,web_navigation,False,True,False
online_mind2web,38203be65401943aea2179c4c680059a,-0.057807646691799164,web,web_navigation,False,True,False
online_mind2web,39c388cdc468688c8139cc2bb5157c13,-0.057807646691799164,web,web_navigation,False,True,False
online_mind2web,3adeea7627f4343069f38adae40f73d0,-0.057807646691799164,web,web_navigation,False,True,False
online_mind2web,3adeea7627f4343069f38adae40f73d0_110325,-0.057807646691799164,web,web_navigation,False,True,False
online_mind2web,3ae28b3c440efe87dc700480b78ac608,-0.057807646691799164,web,web_navigation,False,True,False
online_mind2web,3c1ffc3f494e423b3c434c79e35da8f3,-0.057807646691799164,web,web_navigation,False,True,False
online_mind2web,3c1ffc3f494e423b3c434c79e35da8f3_110325,-0.057807646691799164,web,web_navigation,False,True,False
online_mind2web,3dca7cbe7d086619d837ff9f5312cebc,-0.057807646691799164,web,web_navigation,False,True,False
online_mind2web,3dca7cbe7d086619d837ff9f5312cebc_110325,-0.057807646691799164,web,web_navigation,False,True,False
online_mind2web,3ec0f6138d37fadcb989347a6088ec45,-0.057807646691799164,web,web_navigation,False,True,False
online_mind2web,3ef64f34eae59c9fac7ee9a4f18b4a0c,-0.057807646691799164,web,web_navigation,False,True,False
online_mind2web,3f312ae3efc3c3e90ababe050dd4e7ae,-0.057807646691799164,web,web_navigation,False,True,False
online_mind2web,4091bdd3fa64a5b0d912bc08eaf9c824,-0.057807646691799164,web,web_navigation,False,True,False
online_mind2web,415bf9da6f3db3a735ecbba3b0c76c15,-0.057807646691799164,web,web_navigation,False,True,False
online_mind2web,43a1ca251f11c6b0bdd0379766cc49e6,-0.057807646691799164,web,web_navigation,False,True,False
online_mind2web,442a450e696a96085257db6297891a4d,-0.057807646691799164,web,web_navigation,False,True,False
online_mind2web,4464a8421f8bc8786524a499258dfad3,-0.057807646691799164,web,web_navigation,False,True,False
online_mind2web,461ab9b0c7b20ac5f912704480979c65,-0.057807646691799164,web,web_navigation,False,True,False
online_mind2web,4639a54f3ab549864fd8d60b7398b1e1,-0.057807646691799164,web,web_navigation,False,True,False
online_mind2web,47186fac8e7c7277af01144644eb4e0b,-0.057807646691799164,web,web_navigation,False,True,False
online_mind2web,47b93b9e649eadeb8d96a6e3df715c2d,-0.057807646691799164,web,web_navigation,False,True,False
online_mind2web,47bfe8a7e0e4e7efc837287b407fbe90,-0.057807646691799164,web,web_navigation,False,True,False
online_mind2web,47e314cc452c540524ffb7cf520285a3,-0.057807646691799164,web,web_navigation,False,True,False
online_mind2web,48c73f3f53e2611c4a1052457c1033db,-0.057807646691799164,web,web_navigation,False,True,False
online_mind2web,4c186c6ed888d0c8d4cf4adb39443080,-0.057807646691799164,web,web_navigation,False,True,False
online_mind2web,4c572a627b53b0f9a734ab37f21819b8,-0.057807646691799164,web,web_navigation,False,True,False
online_mind2web,4d3157aab34b54e5f0c4b965dfe930f3,-0.057807646691799164,web,web_navigation,False,True,False
online_mind2web,4e0f5561a76478da87995dee00b09572,-0.057807646691799164,web,web_navigation,False,True,False
online_mind2web,4e3f6a538cc1f7321cfc50260db9545d,-0.057807646691799164,web,web_navigation,False,True,False
online_mind2web,4e801ba102dfaf22c7cf7a126b107609,-0.057807646691799164,web,web_navigation,False,True,False
online_mind2web,4f903626f632586fe4728d6664947bab,-0.057807646691799164,web,web_navigation,False,True,False
online_mind2web,502e864440283214e0180645015f568b,-0.057807646691799164,web,web_navigation,False,True,False
online_mind2web,502e864440283214e0180645015f568b_110325,-0.057807646691799164,web,web_navigation,False,True,False
online_mind2web,50d91eabde542906937ab4c5b6f8f23a,-0.057807646691799164,web,web_navigation,False,True,False
online_mind2web,512fd4deab099b8dc0dcfc0ec48a3c63,-0.057807646691799164,web,web_navigation,False,True,False
online_mind2web,515f2e5811cfdd5e0e669e40f17886d8,-0.057807646691799164,web,web_navigation,False,True,False
online_mind2web,52efbab520734ef9bf7c09ba0f62cdc8,-0.057807646691799164,web,web_navigation,False,True,False
online_mind2web,547f5729c59d5d12a457a3ebb74c31c6,-0.057807646691799164,web,web_navigation,False,True,False
online_mind2web,561693d6eec7bbfba3fefe9e4b26decb,-0.057807646691799164,web,web_navigation,False,True,False
online_mind2web,56f8890a837c49f7df766b9c981646f3,-0.057807646691799164,web,web_navigation,False,True,False
online_mind2web,5916018d1cad999881018cac1216a692,-0.057807646691799164,web,web_navigation,False,True,False
online_mind2web,59912927c1fddee6ded8a49986896bc2,-0.057807646691799164,web,web_navigation,False,True,False
online_mind2web,59b7b990b4828bc305ab0d7ed6071b55,-0.057807646691799164,web,web_navigation,False,True,False
online_mind2web,5c00e9561eae94789443f405525a5869,-0.057807646691799164,web,web_navigation,False,True,False
online_mind2web,5d542a7ec1fa142ba73cc87d970caf39,-0.057807646691799164,web,web_navigation,False,True,False
online_mind2web,5dec0e6620849459f29e6465982c597e,-0.057807646691799164,web,web_navigation,False,True,False
online_mind2web,5e1b8254c123c80178cc28e0afdb14f0,-0.057807646691799164,web,web_navigation,False,True,False
online_mind2web,5e1b8254c123c80178cc28e0afdb14f0_110325,-0.057807646691799164,web,web_navigation,False,True,False
online_mind2web,5e4e89c9b6fdaee7a41aca5601b82e04,-0.057807646691799164,web,web_navigation,False,True,False
online_mind2web,608c595eec271fa5dc03506923519994,-0.057807646691799164,web,web_navigation,False,True,False
online_mind2web,60cbbbd58eb9d28b053aef945f464228,-0.057807646691799164,web,web_navigation,False,True,False
online_mind2web,6174e5ddd40cfbdc33ee1502f40bac39,-0.057807646691799164,web,web_navigation,False,True,False
online_mind2web,627f7a18d85f29a687234f1ade4585c2,-0.057807646691799164,web,web_navigation,False,True,False
online_mind2web,62c8d970b3d13891f355911e5a8f4030,-0.057807646691799164,web,web_navigation,False,True,False
online_mind2web,62f1626ce249c31098854f8b38bdd6cf,-0.057807646691799164,web,web_navigation,False,True,False
online_mind2web,62f1626ce249c31098854f8b38bdd6cf_110325,-0.057807646691799164,web,web_navigation,False,True,False
online_mind2web,636b07af4dd97c1793733db1fd1b90b8,-0.057807646691799164,web,web_navigation,False,True,False
online_mind2web,636b07af4dd97c1793733db1fd1b90b8_110325,-0.057807646691799164,web,web_navigation,False,True,False
online_mind2web,63d6866fc000fcb1f153e07604bd1395,-0.057807646691799164,web,web_navigation,False,True,False
online_mind2web,64345c365f544375357c7b67917f08a0,-0.057807646691799164,web,web_navigation,False,True,False
online_mind2web,64345c365f544375357c7b67917f08a0_110325,-0.057807646691799164,web,web_navigation,False,True,False
online_mind2web,644a856c3897665e475e0dce50bf217d,-0.057807646691799164,web,web_navigation,False,True,False
online_mind2web,64b76158720a69e4a5c31a55d54928bf,-0.057807646691799164,web,web_navigation,False,True,False
online_mind2web,65c4030f22fb6eb101acfee4825f1318,-0.057807646691799164,web,web_navigation,False,True,False
online_mind2web,662ae0f2d3ac851dbcdd245f908277e3,-0.057807646691799164,web,web_navigation,False,True,False
online_mind2web,690d7b4a285fdb1e9dabf973bf46ae4d,-0.057807646691799164,web,web_navigation,False,True,False
online_mind2web,6b2cfae0ef25c73d1224b6ab74cb8b63,-0.057807646691799164,web,web_navigation,False,True,False
online_mind2web,6b5be1764692d1dc8f17dc4375b2daa8,-0.057807646691799164,web,web_navigation,False,True,False
online_mind2web,6ca20f1da01edeb49a7a42c816d8c6fe,-0.057807646691799164,web,web_navigation,False,True,False
online_mind2web,6db4a0e346976f2729ba9afcd3208941,-0.057807646691799164,web,web_navigation,False,True,False
online_mind2web,6ebde509dca8f15c0fa1bd74f071e8d6,-0.057807646691799164,web,web_navigation,False,True,False
online_mind2web,7072d09436972a5d5fe7476e3e9f1559,-0.057807646691799164,web,web_navigation,False,True,False
online_mind2web,71f8de1834599fba443f40dbbfab8edd,-0.057807646691799164,web,web_navigation,False,True,False
online_mind2web,7211af65d266402f99499053924262e9,-0.057807646691799164,web,web_navigation,False,True,False
online_mind2web,733f1d8bf79d5bc2240c5357f928ffff,-0.057807646691799164,web,web_navigation,False,True,False
online_mind2web,73d08420706ae205a9c5be28b6d4e80f,-0.057807646691799164,web,web_navigation,False,True,False
online_mind2web,75146b7b67388b9244e0f21a1527c022,-0.057807646691799164,web,web_navigation,False,True,False
online_mind2web,753f372c189d3b306623cb0c65b50320,-0.057807646691799164,web,web_navigation,False,True,False
online_mind2web,7562d9b4e4829a44245aafce2e1f62db,-0.057807646691799164,web,web_navigation,False,True,False
online_mind2web,75a1b5dcd2c28508a971d98d51fe5767,-0.057807646691799164,web,web_navigation,False,True,False
online_mind2web,7680a920359cb1a508fbddb001b98167,-0.057807646691799164,web,web_navigation,False,True,False
online_mind2web,783ce6a3499fa7cf25bc12f8f0ecbbbb,-0.057807646691799164,web,web_navigation,False,True,False
online_mind2web,78baf9dbe7c3532f7d7ef4cc22a7f065,-0.057807646691799164,web,web_navigation,False,True,False
online_mind2web,78f397336b6fd1cbba0127db7a8cd502,-0.057807646691799164,web,web_navigation,False,True,False
online_mind2web,79f0bd7df6e685f30f20025cc6755c0a,-0.057807646691799164,web,web_navigation,False,True,False
online_mind2web,79f0bd7df6e685f30f20025cc6755c0a_110325,-0.057807646691799164,web,web_navigation,False,True,False
online_mind2web,7abdceee212151f187ee1a1744c57606,-0.057807646691799164,web,web_navigation,False,True,False
online_mind2web,7b182a5087347d494b48a29dbc0f1d3e,-0.057807646691799164,web,web_navigation,False,True,False
online_mind2web,7be8cd8dba885cddd9af5320f49bc41b,-0.057807646691799164,web,web_navigation,False,True,False
online_mind2web,7c09c2c7c87cf6bb1138701eb54284ea,-0.057807646691799164,web,web_navigation,False,True,False
online_mind2web,7e1047f4803237f319c004f7a7f6bccb,-0.057807646691799164,web,web_navigation,False,True,False
online_mind2web,7e6993f2c5cd72c44809024f0bc85dc1,-0.057807646691799164,web,web_navigation,False,True,False
online_mind2web,7fff82864f21ddeccf4104a220892824,-0.057807646691799164,web,web_navigation,False,True,False
online_mind2web,8103786e0e5976ebf961bd062d5f39cd,-0.057807646691799164,web,web_navigation,False,True,False
online_mind2web,816851ff92ff0219acf4364dcc2c4692,-0.057807646691799164,web,web_navigation,False,True,False
online_mind2web,816851ff92ff0219acf4364dcc2c4692_110325,-0.057807646691799164,web,web_navigation,False,True,False
online_mind2web,8244409b2c82043f966cad05f9afe132,-0.057807646691799164,web,web_navigation,False,True,False
online_mind2web,824eb7bb0ef1ce40bfd49c12182d9428,-0.057807646691799164,web,web_navigation,False,True,False
online_mind2web,824eb7bb0ef1ce40bfd49c12182d9428_110325,-0.057807646691799164,web,web_navigation,False,True,False
online_mind2web,828c2d98616a9478d5864d847d5a1b28,-0.057807646691799164,web,web_navigation,False,True,False
online_mind2web,82eb3bfedd78456a0230b389f4e7a938,-0.057807646691799164,web,web_navigation,False,True,False
online_mind2web,84ef883a37af638c3bcf7561f28ce80a,-0.057807646691799164,web,web_navigation,False,True,False
online_mind2web,84f806c7fc15576673915f195efa72df,-0.057807646691799164,web,web_navigation,False,True,False
online_mind2web,853afd530c72f4b00ffc32ae854efaf8,-0.057807646691799164,web,web_navigation,False,True,False
online_mind2web,85b284c18d7e78c9b5a9e074e7aa3b98,-0.057807646691799164,web,web_navigation,False,True,False
online_mind2web,864244b6969e0f8733b0eb1ca06cd51f,-0.057807646691799164,web,web_navigation,False,True,False
online_mind2web,8689af4d33ce00bf2cdd8987d3bbfd86,-0.057807646691799164,web,web_navigation,False,True,False
online_mind2web,871e7771cecb989972f138ecc373107b,-0.057807646691799164,web,web_navigation,False,True,False
online_mind2web,87f4c5128e36cdb9366a138a7b61bb00,-0.057807646691799164,web,web_navigation,False,True,False
online_mind2web,8ae510355d978424f490798f900bfa2c,-0.057807646691799164,web,web_navigation,False,True,False
online_mind2web,8ea6c3a2ea3f59150619935261a76d19,-0.057807646691799164,web,web_navigation,False,True,False
online_mind2web,8f2611047de227a2ca8bda13f6e2e5fb,-0.057807646691799164,web,web_navigation,False,True,False
online_mind2web,8f2611047de227a2ca8bda13f6e2e5fb_110325,-0.057807646691799164,web,web_navigation,False,True,False
online_mind2web,8f80e64e44e1fada018997b2fe869683,-0.057807646691799164,web,web_navigation,False,True,False
online_mind2web,8f80e64e44e1fada018997b2fe869683_110325,-0.057807646691799164,web,web_navigation,False,True,False
online_mind2web,8fdec8eeffd3491e6526cc78c028120b,-0.057807646691799164,web,web_navigation,False,True,False
online_mind2web,905cb53061c33aa2d77e485fe1fca516,-0.057807646691799164,web,web_navigation,False,True,False
online_mind2web,92160852a6bbbc165cee4e14ab0b1d59,-0.057807646691799164,web,web_navigation,False,True,False
online_mind2web,92a3d4236f167af4afdc08876a902ba6,-0.057807646691799164,web,web_navigation,False,True,False
online_mind2web,949dc965a6c23a95663b3bc2ca2c3a8a,-0.057807646691799164,web,web_navigation,False,True,False
online_mind2web,9586827ad04ee2362f4f0076bf0f0468,-0.057807646691799164,web,web_navigation,False,True,False
online_mind2web,95cad96f2e43f3c0d8efad1331c77c8c,-0.057807646691799164,web,web_navigation,False,True,False
online_mind2web,96afb3c51146b0c2a9c55f039a5ea6d6,-0.057807646691799164,web,web_navigation,False,True,False
online_mind2web,9829f3087ab1f9c8eba6b6dd2b831d25,-0.057807646691799164,web,web_navigation,False,True,False
online_mind2web,987bad7c6d4726d64232a8a1c3386888,-0.057807646691799164,web,web_navigation,False,True,False
online_mind2web,99daaed9a83c266341d28aa40067d376,-0.057807646691799164,web,web_navigation,False,True,False
online_mind2web,9af05e392cf3f5a8ff17aa764ba5bda6,-0.057807646691799164,web,web_navigation,False,True,False
online_mind2web,9b5dfe54a1c14c5c6336bae7374c3bb5,-0.057807646691799164,web,web_navigation,False,True,False
online_mind2web,9bb63ad0e38d5691a618932a8b31c05a,-0.057807646691799164,web,web_navigation,False,True,False
online_mind2web,9c04b71bb8db6cf8e743b2290cbc8797,-0.057807646691799164,web,web_navigation,False,True,False
online_mind2web,9c97bab9c2abfb90a426cbe9addae8d0,-0.057807646691799164,web,web_navigation,False,True,False
online_mind2web,9c97bab9c2abfb90a426cbe9addae8d0_110325,-0.057807646691799164,web,web_navigation,False,True,False
online_mind2web,9d090a15c214eb070d9caa8a034d03c1,-0.057807646691799164,web,web_navigation,False,True,False
online_mind2web,9d09bc948462db032bac98968b11b008,-0.057807646691799164,web,web_navigation,False,True,False
online_mind2web,9d46ccb915eff39ee1ae1e7328f5f20d,-0.057807646691799164,web,web_navigation,False,True,False
online_mind2web,9ed3827266b3b804f485859c3d00401e,-0.057807646691799164,web,web_navigation,False,True,False
online_mind2web,9ef1a8972f375db59c0e6329e11b7939,-0.057807646691799164,web,web_navigation,False,True,False
online_mind2web,9f1cba613830ca1c6a58f9498c06e679,-0.057807646691799164,web,web_navigation,False,True,False
online_mind2web,9f1cba613830ca1c6a58f9498c06e679_110325,-0.057807646691799164,web,web_navigation,False,True,False
online_mind2web,a0a18ca6a3529f3e97c771aadd42d3a0,-0.057807646691799164,web,web_navigation,False,True,False
online_mind2web,a0a18ca6a3529f3e97c771aadd42d3a0_110325,-0.057807646691799164,web,web_navigation,False,True,False
online_mind2web,a11ecdff735b51372d536c866011af6f,-0.057807646691799164,web,web_navigation,False,True,False
online_mind2web,a13e4231a3d6a7000c622c56448d97ba,-0.057807646691799164,web,web_navigation,False,True,False
online_mind2web,a172a5d9ffaf5ef02bd550ec4fe24e6d,-0.057807646691799164,web,web_navigation,False,True,False
online_mind2web,a48e2f1ee8d87eaeea56fe5e730427e6,-0.057807646691799164,web,web_navigation,False,True,False
online_mind2web,a5c87cc1c94a090c9a8dc2c8b6a125d0,-0.057807646691799164,web,web_navigation,False,True,False
online_mind2web,a69d2934fe54fef165490a5a2d95bf38,-0.057807646691799164,web,web_navigation,False,True,False
online_mind2web,a6f0434ce6aff5f9b03681241b03ad82,-0.057807646691799164,web,web_navigation,False,True,False
online_mind2web,a7a73c8fa75441fc76df9746c327bdd6,-0.057807646691799164,web,web_navigation,False,True,False
online_mind2web,a8b9edd598561d2de901864d5f40fe67,-0.057807646691799164,web,web_navigation,False,True,False
online_mind2web,a96fca87a17d792644e736d1d10d3cbe,-0.057807646691799164,web,web_navigation,False,True,False
online_mind2web,aa4b5cb7114fcc138ade82b4b9716d24,-0.057807646691799164,web,web_navigation,False,True,False
online_mind2web,aafd1fddea1558466ac6133934d35156,-0.057807646691799164,web,web_navigation,False,True,False
online_mind2web,ab6ee3b83aab6cd283320f5e01003cff,-0.057807646691799164,web,web_navigation,False,True,False
online_mind2web,ade4c09ad3fdb1607209750924cd232f,-0.057807646691799164,web,web_navigation,False,True,False
online_mind2web,afcebfed28bea091d58f49ea6cb8194b,-0.057807646691799164,web,web_navigation,False,True,False
online_mind2web,b1ce968a361e1088ce8d2ade6c2c9af0,-0.057807646691799164,web,web_navigation,False,True,False
online_mind2web,b2f4fde2fce122a93c7b578086cb0585,-0.057807646691799164,web,web_navigation,False,True,False
online_mind2web,b320c68bffc1f3c7f2a8dc9d5478fb27,-0.057807646691799164,web,web_navigation,False,True,False
online_mind2web,b3a7da968de13bbdcaed12ffe4993df6,-0.057807646691799164,web,web_navigation,False,True,False
online_mind2web,b3f8bd9198d9d157e0848109563c4b23,-0.057807646691799164,web,web_navigation,False,True,False
online_mind2web,b4aa7315e31dfcdc52baf7771be260c9,-0.057807646691799164,web,web_navigation,False,True,False
online_mind2web,b64f938af842f6a1b4489d0e49a785a7,-0.057807646691799164,web,web_navigation,False,True,False
online_mind2web,b69eb4de621e9e265676daac44938f3f,-0.057807646691799164,web,web_navigation,False,True,False
online_mind2web,b6d10e9bd19b4009a02dea0e98f4e1ae,-0.057807646691799164,web,web_navigation,False,True,False
online_mind2web,b7258ee05d75e6c50673a59914db412e,-0.057807646691799164,web,web_navigation,False,True,False
online_mind2web,b7258ee05d75e6c50673a59914db412e_110325,-0.057807646691799164,web,web_navigation,False,True,False
online_mind2web,b7a9a6b5d451164c09bbd27b670bc2ae,-0.057807646691799164,web,web_navigation,False,True,False
online_mind2web,b922508886ded315c9835457a6eb43ea,-0.057807646691799164,web,web_navigation,False,True,False
online_mind2web,b962927dfe03bf2274a54381127ed433,-0.057807646691799164,web,web_navigation,False,True,False
online_mind2web,b99c02965196d51e80ac7539e33f335b,-0.057807646691799164,web,web_navigation,False,True,False
online_mind2web,ba01ea557b73f864c35ebba0dd6f3cb2,-0.057807646691799164,web,web_navigation,False,True,False
online_mind2web,ba2a469af584f16da93ce6a7430cf7e5,-0.057807646691799164,web,web_navigation,False,True,False
online_mind2web,bb314cb80f0f8489135cbf59074d11e2,-0.057807646691799164,web,web_navigation,False,True,False
online_mind2web,bb518416a786fdb9b9bbf0c78515595e,-0.057807646691799164,web,web_navigation,False,True,False
online_mind2web,bb5d90e6f2fbc0ae146f7c1998c2b4a1,-0.057807646691799164,web,web_navigation,False,True,False
online_mind2web,bbbc243b4f18a7a897f0bc84e11d293f,-0.057807646691799164,web,web_navigation,False,True,False
online_mind2web,bc2ce7f206045dd2d322e5695a947219,-0.057807646691799164,web,web_navigation,False,True,False
online_mind2web,bd1e3770b7181f6fce9c35e18caa9785,-0.057807646691799164,web,web_navigation,False,True,False
online_mind2web,be9e7dca1222714571ef3d7d59d2a41c,-0.057807646691799164,web,web_navigation,False,True,False
online_mind2web,bf3b311cc8dce16d3de844f4b5875dfd,-0.057807646691799164,web,web_navigation,False,True,False
online_mind2web,bfa2de159be6978acf2702be31a2eeeb,-0.057807646691799164,web,web_navigation,False,True,False
online_mind2web,c00437fd76a7a83b57f3dc4e5dbc41f8,-0.057807646691799164,web,web_navigation,False,True,False
online_mind2web,c03ee2be3d73556ab789c0ad1cbd3451,-0.057807646691799164,web,web_navigation,False,True,False
online_mind2web,c073ac1bcf40f84c599affc97edbc396,-0.057807646691799164,web,web_navigation,False,True,False
online_mind2web,c09721cc937d4dcfb391a0bc2c574b28,-0.057807646691799164,web,web_navigation,False,True,False
online_mind2web,c0fa2c0e622971955cabf5bcf7b777e8,-0.057807646691799164,web,web_navigation,False,True,False
online_mind2web,c181f903ec1107b850032c17cad88393,-0.057807646691799164,web,web_navigation,False,True,False
online_mind2web,c1d6ea6f2196d25782cc3646ff3090db,-0.057807646691799164,web,web_navigation,False,True,False
online_mind2web,c2153fc053112e89c2f103869c4d6890,-0.057807646691799164,web,web_navigation,False,True,False
online_mind2web,c3307a70bb12ebf56cc9ec926b368f15,-0.057807646691799164,web,web_navigation,False,True,False
online_mind2web,c39d6c245f8243993e707d54d2f4acec,-0.057807646691799164,web,web_navigation,False,True,False
online_mind2web,c3a333968fc3c43d7f2688f425a0d633,-0.057807646691799164,web,web_navigation,False,True,False
online_mind2web,c43a7dccf5c44f7b45a821e712dd1970,-0.057807646691799164,web,web_navigation,False,True,False
online_mind2web,c521933dad9c0ef9f1dfa2f38b8e4405,-0.057807646691799164,web,web_navigation,False,True,False
online_mind2web,c577a14301a725e09ccd269a3e0b271e,-0.057807646691799164,web,web_navigation,False,True,False
online_mind2web,c577a14301a725e09ccd269a3e0b271e_110325,-0.057807646691799164,web,web_navigation,False,True,False
online_mind2web,c698ff3fc0f6cbce39947c597ab5749b,-0.057807646691799164,web,web_navigation,False,True,False
online_mind2web,c6c9dc6079677cef594cec2fa6b16602,-0.057807646691799164,web,web_navigation,False,True,False
online_mind2web,c7c07ec10c668625a21ba64165d719bb,-0.057807646691799164,web,web_navigation,False,True,False
online_mind2web,c801d1c951f59297f526bab84fa86c6e,-0.057807646691799164,web,web_navigation,False,True,False
online_mind2web,c8c1ff115879b3afd14280beb1559b13,-0.057807646691799164,web,web_navigation,False,True,False
online_mind2web,c8d7f2aa7eb5dd074c48c9f76f8659ad,-0.057807646691799164,web,web_navigation,False,True,False
online_mind2web,c94551d2b18f9ad0ab31b0bd98ca42e3,-0.057807646691799164,web,web_navigation,False,True,False
online_mind2web,cad62d2be0c53f08a416457486b3db23,-0.057807646691799164,web,web_navigation,False,True,False
online_mind2web,ce616721ce9aeda69890fbccb29677a6,-0.057807646691799164,web,web_navigation,False,True,False
online_mind2web,cf757a775fa1224acfc7998489e199a8,-0.057807646691799164,web,web_navigation,False,True,False
online_mind2web,cfafe3771369d1d261e9f7ecd44c296d,-0.057807646691799164,web,web_navigation,False,True,False
online_mind2web,d02d236836924919f35f2438d9ed2374,-0.057807646691799164,web,web_navigation,False,True,False
online_mind2web,d1807551297ac60ecaaabbd2a2ed301a,-0.057807646691799164,web,web_navigation,False,True,False
online_mind2web,d1807551297ac60ecaaabbd2a2ed301a_110325,-0.057807646691799164,web,web_navigation,False,True,False
online_mind2web,d1970c16271496cbbe166ecbecc0a1d8,-0.057807646691799164,web,web_navigation,False,True,False
online_mind2web,d392e154c1c6ffbb26e2331c3afafc67,-0.057807646691799164,web,web_navigation,False,True,False
online_mind2web,d4fb78b7e74508cd3b33f01cf9200997,-0.057807646691799164,web,web_navigation,False,True,False
online_mind2web,d5c34bf39eb6096ae5d439325cde4d32,-0.057807646691799164,web,web_navigation,False,True,False
online_mind2web,d71be72aa25c3eab8eea47a0e60382e2,-0.057807646691799164,web,web_navigation,False,True,False
online_mind2web,d730f4ff450da1bd60a836163736ef6a,-0.057807646691799164,web,web_navigation,False,True,False
online_mind2web,d730f4ff450da1bd60a836163736ef6a_110325,-0.057807646691799164,web,web_navigation,False,True,False
online_mind2web,d7c955b47af68e01766fa86d0bee08a7,-0.057807646691799164,web,web_navigation,False,True,False
online_mind2web,d8e2a81fa621ce4737e5ea85671b630e,-0.057807646691799164,web,web_navigation,False,True,False
online_mind2web,d8e2a81fa621ce4737e5ea85671b630e_110325,-0.057807646691799164,web,web_navigation,False,True,False
online_mind2web,d9a8689393effeed75ea0866e44e1def,-0.057807646691799164,web,web_navigation,False,True,False
online_mind2web,d9d8b7d84a3f8d057e368254fe8d65e2,-0.057807646691799164,web,web_navigation,False,True,False
online_mind2web,da8f3823a827c7d3a492f383808e7912,-0.057807646691799164,web,web_navigation,False,True,False
online_mind2web,db1ffb5e60578597d1c3aa3c389ac7b1,-0.057807646691799164,web,web_navigation,False,True,False
online_mind2web,dcd26e662a616d373ddd339747c6ce5b,-0.057807646691799164,web,web_navigation,False,True,False
online_mind2web,dd44c665cec1e9c929a4c5f074e7844a,-0.057807646691799164,web,web_navigation,False,True,False
online_mind2web,dd44c665cec1e9c929a4c5f074e7844a_110325,-0.057807646691799164,web,web_navigation,False,True,False
online_mind2web,e24662008c3be5d56f986f232fcec447,-0.057807646691799164,web,web_navigation,False,True,False
online_mind2web,e3ab665e01e7632ce33ac1aeca14aff6,-0.057807646691799164,web,web_navigation,False,True,False
online_mind2web,e43cbc8a0bf9e999884928d11006f894,-0.057807646691799164,web,web_navigation,False,True,False
online_mind2web,e43cbc8a0bf9e999884928d11006f894_110325,-0.057807646691799164,web,web_navigation,False,True,False
online_mind2web,e4e097222d13a2560db6f6892612dab6,-0.057807646691799164,web,web_navigation,False,True,False
online_mind2web,e4e19e04286f644d747d8c5a79d17fac,-0.057807646691799164,web,web_navigation,False,True,False
online_mind2web,e7301bb694871429bf2eb36c3a72186c,-0.057807646691799164,web,web_navigation,False,True,False
online_mind2web,e7301bb694871429bf2eb36c3a72186c_110325,-0.057807646691799164,web,web_navigation,False,True,False
online_mind2web,e7f6cca9a8875f98fee3b711ead3a444,-0.057807646691799164,web,web_navigation,False,True,False
online_mind2web,e7f6cca9a8875f98fee3b711ead3a444_110325,-0.057807646691799164,web,web_navigation,False,True,False
online_mind2web,e9f4dfc67e0e6aa37f05f7cc5aa7428c,-0.057807646691799164,web,web_navigation,False,True,False
online_mind2web,eb2db4b769c145dbe6ba4f74f3e0de98,-0.057807646691799164,web,web_navigation,False,True,False
online_mind2web,eb323dc584156d0eb3a2b90bb8c4b791,-0.057807646691799164,web,web_navigation,False,True,False
online_mind2web,eb323dc584156d0eb3a2b90bb8c4b791_110325,-0.057807646691799164,web,web_navigation,False,True,False
online_mind2web,ec78d3a635e417bc2a80d03ca93d7165,-0.057807646691799164,web,web_navigation,False,True,False
online_mind2web,ef289e34a2f59a707cb07e2a6229ff03,-0.057807646691799164,web,web_navigation,False,True,False
online_mind2web,f00e7accfb4a5e09680bdb326e6274ad,-0.057807646691799164,web,web_navigation,False,True,False
online_mind2web,f05e87c5b92d9869e08806103c1c15a1,-0.057807646691799164,web,web_navigation,False,True,False
online_mind2web,f158345f8489e0d1d91e28768c39bca1,-0.057807646691799164,web,web_navigation,False,True,False
online_mind2web,f2097f92a10d42a842c14179f422311e,-0.057807646691799164,web,web_navigation,False,True,False
online_mind2web,f27b393bbd2082f92b566270c4b74fe6,-0.057807646691799164,web,web_navigation,False,True,False
online_mind2web,f27c0a7b8b0bb33d37698dff227fc8d7,-0.057807646691799164,web,web_navigation,False,True,False
online_mind2web,f2be37a9a60fbc25b6b11cf622d17352,-0.057807646691799164,web,web_navigation,False,True,False
online_mind2web,f2be37a9a60fbc25b6b11cf622d17352_110325,-0.057807646691799164,web,web_navigation,False,True,False
online_mind2web,f389398d2eeb29e5571e00439c57eb76,-0.057807646691799164,web,web_navigation,False,True,False
online_mind2web,f707d765bca668830745d20807d7bee6,-0.057807646691799164,web,web_navigation,False,True,False
online_mind2web,fa9adb815b85d259f943d81874a052e5,-0.057807646691799164,web,web_navigation,False,True,False
online_mind2web,fb7b4f784cfde003e2548fdf4e8d6b4f,-0.057807646691799164,web,web_navigation,False,True,False
online_mind2web,fc53ddd3421411a41c1020a3fdc84ec4,-0.057807646691799164,web,web_navigation,False,True,False
online_mind2web,fcf4952d2a1d80ea505c555c3c3b54e7,-0.057807646691799164,web,web_navigation,False,True,False
online_mind2web,fd787623166785d84093565bf945fd24,-0.057807646691799164,web,web_navigation,False,True,False
online_mind2web,fe33894188d20d7469f37a9fd855e7ff,-0.057807646691799164,web,web_navigation,False,True,False
online_mind2web,fe33894188d20d7469f37a9fd855e7ff_110325,-0.057807646691799164,web,web_navigation,False,True,False
scicode,11,-0.33027970790863037,science,code_generation,True,False,True
scicode,12,-0.33027970790863037,science,code_generation,True,False,True
scicode,13,-0.33027970790863037,science,code_generation,True,False,True
scicode,14,-0.33027970790863037,science,code_generation,True,False,True
scicode,15,-0.33027970790863037,science,code_generation,True,False,True
scicode,16,-0.33027970790863037,science,code_generation,True,False,True
scicode,17,-0.33027970790863037,science,code_generation,True,False,True
scicode,18,-0.33027970790863037,science,code_generation,True,False,True
scicode,2,-0.33027970790863037,science,code_generation,True,False,True
scicode,20,-0.33027970790863037,science,code_generation,True,False,True
scicode,21,-0.33027970790863037,science,code_generation,True,False,True
scicode,22,-0.33027970790863037,science,code_generation,True,False,True
scicode,23,-0.33027970790863037,science,code_generation,True,False,True
scicode,24,-0.33027970790863037,science,code_generation,True,False,True
scicode,25,-0.33027970790863037,science,code_generation,True,False,True
scicode,26,-0.33027970790863037,science,code_generation,True,False,True
scicode,27,-0.33027970790863037,science,code_generation,True,False,True
scicode,28,-0.33027970790863037,science,code_generation,True,False,True
scicode,30,-0.33027970790863037,science,code_generation,True,False,True
scicode,31,-0.33027970790863037,science,code_generation,True,False,True
scicode,32,-0.33027970790863037,science,code_generation,True,False,True
scicode,33,-0.33027970790863037,science,code_generation,True,False,True
scicode,34,-0.33027970790863037,science,code_generation,True,False,True
scicode,35,-0.33027970790863037,science,code_generation,True,False,True
scicode,36,-0.33027970790863037,science,code_generation,True,False,True
scicode,37,-0.33027970790863037,science,code_generation,True,False,True
scicode,39,-0.33027970790863037,science,code_generation,True,False,True
scicode,40,-0.33027970790863037,science,code_generation,True,False,True
scicode,41,-0.33027970790863037,science,code_generation,True,False,True
scicode,42,-0.33027970790863037,science,code_generation,True,False,True
scicode,43,-0.33027970790863037,science,code_generation,True,False,True
scicode,45,-0.33027970790863037,science,code_generation,True,False,True
scicode,46,-0.33027970790863037,science,code_generation,True,False,True
scicode,48,-0.33027970790863037,science,code_generation,True,False,True
scicode,5,-0.33027970790863037,science,code_generation,True,False,True
scicode,50,-0.33027970790863037,science,code_generation,True,False,True
scicode,52,-0.33027970790863037,science,code_generation,True,False,True
scicode,53,-0.33027970790863037,science,code_generation,True,False,True
scicode,54,-0.33027970790863037,science,code_generation,True,False,True
scicode,55,-0.33027970790863037,science,code_generation,True,False,True
scicode,56,-0.33027970790863037,science,code_generation,True,False,True
scicode,57,-0.33027970790863037,science,code_generation,True,False,True
scicode,58,-0.33027970790863037,science,code_generation,True,False,True
scicode,59,-0.33027970790863037,science,code_generation,True,False,True
scicode,60,-0.33027970790863037,science,code_generation,True,False,True
scicode,61,-0.33027970790863037,science,code_generation,True,False,True
scicode,62,-0.33027970790863037,science,code_generation,True,False,True
scicode,63,-0.33027970790863037,science,code_generation,True,False,True
scicode,64,-0.33027970790863037,science,code_generation,True,False,True
scicode,65,-0.33027970790863037,science,code_generation,True,False,True
scicode,66,-0.33027970790863037,science,code_generation,True,False,True
scicode,67,-0.33027970790863037,science,code_generation,True,False,True
scicode,68,-0.33027970790863037,science,code_generation,True,False,True
scicode,69,-0.33027970790863037,science,code_generation,True,False,True
scicode,71,-0.33027970790863037,science,code_generation,True,False,True
scicode,72,-0.33027970790863037,science,code_generation,True,False,True
scicode,73,-0.33027970790863037,science,code_generation,True,False,True
scicode,74,-0.33027970790863037,science,code_generation,True,False,True
scicode,75,-0.33027970790863037,science,code_generation,True,False,True
scicode,76,-0.33027970790863037,science,code_generation,True,False,True
scicode,77,-0.33027970790863037,science,code_generation,True,False,True
scicode,79,-0.33027970790863037,science,code_generation,True,False,True
scicode,8,-0.33027970790863037,science,code_generation,True,False,True
scicode,80,-0.33027970790863037,science,code_generation,True,False,True
scicode,9,-0.33027970790863037,science,code_generation,True,False,True
scienceagentbench,1,-0.11185796558856964,science,experiment,True,False,True
scienceagentbench,10,-0.11185796558856964,science,experiment,True,False,True
scienceagentbench,100,-0.11185796558856964,science,experiment,True,False,True
scienceagentbench,101,-0.11185796558856964,science,experiment,True,False,True
scienceagentbench,102,-0.11185796558856964,science,experiment,True,False,True
scienceagentbench,11,-0.11185796558856964,science,experiment,True,False,True
scienceagentbench,12,-0.11185796558856964,science,experiment,True,False,True
scienceagentbench,13,-0.11185796558856964,science,experiment,True,False,True
scienceagentbench,14,-0.11185796558856964,science,experiment,True,False,True
scienceagentbench,15,-0.11185796558856964,science,experiment,True,False,True
scienceagentbench,16,-0.11185796558856964,science,experiment,True,False,True
scienceagentbench,17,-0.11185796558856964,science,experiment,True,False,True
scienceagentbench,18,-0.11185796558856964,science,experiment,True,False,True
scienceagentbench,19,-0.11185796558856964,science,experiment,True,False,True
scienceagentbench,2,-0.11185796558856964,science,experiment,True,False,True
scienceagentbench,20,-0.11185796558856964,science,experiment,True,False,True
scienceagentbench,21,-0.11185796558856964,science,experiment,True,False,True
scienceagentbench,22,-0.11185796558856964,science,experiment,True,False,True
scienceagentbench,23,-0.11185796558856964,science,experiment,True,False,True
scienceagentbench,24,-0.11185796558856964,science,experiment,True,False,True
scienceagentbench,25,-0.11185796558856964,science,experiment,True,False,True
scienceagentbench,26,-0.11185796558856964,science,experiment,True,False,True
scienceagentbench,27,-0.11185796558856964,science,experiment,True,False,True
scienceagentbench,28,-0.11185796558856964,science,experiment,True,False,True
scienceagentbench,29,-0.11185796558856964,science,experiment,True,False,True
scienceagentbench,3,-0.11185796558856964,science,experiment,True,False,True
scienceagentbench,30,-0.11185796558856964,science,experiment,True,False,True
scienceagentbench,31,-0.11185796558856964,science,experiment,True,False,True
scienceagentbench,32,-0.11185796558856964,science,experiment,True,False,True
scienceagentbench,33,-0.11185796558856964,science,experiment,True,False,True
scienceagentbench,34,-0.11185796558856964,science,experiment,True,False,True
scienceagentbench,35,-0.11185796558856964,science,experiment,True,False,True
scienceagentbench,36,-0.11185796558856964,science,experiment,True,False,True
scienceagentbench,37,-0.11185796558856964,science,experiment,True,False,True
scienceagentbench,38,-0.11185796558856964,science,experiment,True,False,True
scienceagentbench,39,-0.11185796558856964,science,experiment,True,False,True
scienceagentbench,4,-0.11185796558856964,science,experiment,True,False,True
scienceagentbench,40,-0.11185796558856964,science,experiment,True,False,True
scienceagentbench,41,-0.11185796558856964,science,experiment,True,False,True
scienceagentbench,42,-0.11185796558856964,science,experiment,True,False,True
scienceagentbench,43,-0.11185796558856964,science,experiment,True,False,True
scienceagentbench,44,-0.11185796558856964,science,experiment,True,False,True
scienceagentbench,45,-0.11185796558856964,science,experiment,True,False,True
scienceagentbench,46,-0.11185796558856964,science,experiment,True,False,True
scienceagentbench,47,-0.11185796558856964,science,experiment,True,False,True
scienceagentbench,48,-0.11185796558856964,science,experiment,True,False,True
scienceagentbench,49,-0.11185796558856964,science,experiment,True,False,True
scienceagentbench,5,-0.11185796558856964,science,experiment,True,False,True
scienceagentbench,50,-0.11185796558856964,science,experiment,True,False,True
scienceagentbench,51,-0.11185796558856964,science,experiment,True,False,True
scienceagentbench,52,-0.11185796558856964,science,experiment,True,False,True
scienceagentbench,53,-0.11185796558856964,science,experiment,True,False,True
scienceagentbench,54,-0.11185796558856964,science,experiment,True,False,True
scienceagentbench,55,-0.11185796558856964,science,experiment,True,False,True
scienceagentbench,56,-0.11185796558856964,science,experiment,True,False,True
scienceagentbench,57,-0.11185796558856964,science,experiment,True,False,True
scienceagentbench,58,-0.11185796558856964,science,experiment,True,False,True
scienceagentbench,59,-0.11185796558856964,science,experiment,True,False,True
scienceagentbench,6,-0.11185796558856964,science,experiment,True,False,True
scienceagentbench,60,-0.11185796558856964,science,experiment,True,False,True
scienceagentbench,61,-0.11185796558856964,science,experiment,True,False,True
scienceagentbench,62,-0.11185796558856964,science,experiment,True,False,True
scienceagentbench,63,-0.11185796558856964,science,experiment,True,False,True
scienceagentbench,64,-0.11185796558856964,science,experiment,True,False,True
scienceagentbench,65,-0.11185796558856964,science,experiment,True,False,True
scienceagentbench,66,-0.11185796558856964,science,experiment,True,False,True
scienceagentbench,67,-0.11185796558856964,science,experiment,True,False,True
scienceagentbench,68,-0.11185796558856964,science,experiment,True,False,True
scienceagentbench,69,-0.11185796558856964,science,experiment,True,False,True
scienceagentbench,7,-0.11185796558856964,science,experiment,True,False,True
scienceagentbench,70,-0.11185796558856964,science,experiment,True,False,True
scienceagentbench,71,-0.11185796558856964,science,experiment,True,False,True
scienceagentbench,72,-0.11185796558856964,science,experiment,True,False,True
scienceagentbench,73,-0.11185796558856964,science,experiment,True,False,True
scienceagentbench,74,-0.11185796558856964,science,experiment,True,False,True
scienceagentbench,75,-0.11185796558856964,science,experiment,True,False,True
scienceagentbench,76,-0.11185796558856964,science,experiment,True,False,True
scienceagentbench,77,-0.11185796558856964,science,experiment,True,False,True
scienceagentbench,78,-0.11185796558856964,science,experiment,True,False,True
scienceagentbench,79,-0.11185796558856964,science,experiment,True,False,True
scienceagentbench,8,-0.11185796558856964,science,experiment,True,False,True
scienceagentbench,80,-0.11185796558856964,science,experiment,True,False,True
scienceagentbench,81,-0.11185796558856964,science,experiment,True,False,True
scienceagentbench,82,-0.11185796558856964,science,experiment,True,False,True
scienceagentbench,83,-0.11185796558856964,science,experiment,True,False,True
scienceagentbench,84,-0.11185796558856964,science,experiment,True,False,True
scienceagentbench,85,-0.11185796558856964,science,experiment,True,False,True
scienceagentbench,86,-0.11185796558856964,science,experiment,True,False,True
scienceagentbench,87,-0.11185796558856964,science,experiment,True,False,True
scienceagentbench,88,-0.11185796558856964,science,experiment,True,False,True
scienceagentbench,89,-0.11185796558856964,science,experiment,True,False,True
scienceagentbench,9,-0.11185796558856964,science,experiment,True,False,True
scienceagentbench,90,-0.11185796558856964,science,experiment,True,False,True
scienceagentbench,91,-0.11185796558856964,science,experiment,True,False,True
scienceagentbench,92,-0.11185796558856964,science,experiment,True,False,True
scienceagentbench,93,-0.11185796558856964,science,experiment,True,False,True
scienceagentbench,94,-0.11185796558856964,science,experiment,True,False,True
scienceagentbench,95,-0.11185796558856964,science,experiment,True,False,True
scienceagentbench,96,-0.11185796558856964,science,experiment,True,False,True
scienceagentbench,97,-0.11185796558856964,science,experiment,True,False,True
scienceagentbench,98,-0.11185796558856964,science,experiment,True,False,True
scienceagentbench,99,-0.11185796558856964,science,experiment,True,False,True
swebench_verified_mini,django__django-11790,-0.26691943407058716,software_engineering,bug_fix,True,False,True
swebench_verified_mini,django__django-11815,-0.26691943407058716,software_engineering,bug_fix,True,False,True
swebench_verified_mini,django__django-11848,-0.26691943407058716,software_engineering,bug_fix,True,False,True
swebench_verified_mini,django__django-11880,-0.26691943407058716,software_engineering,bug_fix,True,False,True
swebench_verified_mini,django__django-11885,-0.26691943407058716,software_engineering,bug_fix,True,False,True
swebench_verified_mini,django__django-11951,-0.26691943407058716,software_engineering,bug_fix,True,False,True
swebench_verified_mini,django__django-11964,-0.26691943407058716,software_engineering,bug_fix,True,False,True
swebench_verified_mini,django__django-11999,-0.26691943407058716,software_engineering,bug_fix,True,False,True
swebench_verified_mini,django__django-12039,-0.26691943407058716,software_engineering,bug_fix,True,False,True
swebench_verified_mini,django__django-12050,-0.26691943407058716,software_engineering,bug_fix,True,False,True
swebench_verified_mini,django__django-12143,-0.26691943407058716,software_engineering,bug_fix,True,False,True
swebench_verified_mini,django__django-12155,-0.26691943407058716,software_engineering,bug_fix,True,False,True
swebench_verified_mini,django__django-12193,-0.26691943407058716,software_engineering,bug_fix,True,False,True
swebench_verified_mini,django__django-12209,-0.26691943407058716,software_engineering,bug_fix,True,False,True
swebench_verified_mini,django__django-12262,-0.26691943407058716,software_engineering,bug_fix,True,False,True
swebench_verified_mini,django__django-12273,-0.26691943407058716,software_engineering,bug_fix,True,False,True
swebench_verified_mini,django__django-12276,-0.26691943407058716,software_engineering,bug_fix,True,False,True
swebench_verified_mini,django__django-12304,-0.26691943407058716,software_engineering,bug_fix,True,False,True
swebench_verified_mini,django__django-12308,-0.26691943407058716,software_engineering,bug_fix,True,False,True
swebench_verified_mini,django__django-12325,-0.26691943407058716,software_engineering,bug_fix,True,False,True
swebench_verified_mini,django__django-12406,-0.26691943407058716,software_engineering,bug_fix,True,False,True
swebench_verified_mini,django__django-12708,-0.26691943407058716,software_engineering,bug_fix,True,False,True
swebench_verified_mini,django__django-12713,-0.26691943407058716,software_engineering,bug_fix,True,False,True
swebench_verified_mini,django__django-12774,-0.26691943407058716,software_engineering,bug_fix,True,False,True
swebench_verified_mini,django__django-9296,-0.26691943407058716,software_engineering,bug_fix,True,False,True
swebench_verified_mini,sphinx-doc__sphinx-10323,-0.26691943407058716,software_engineering,bug_fix,True,False,True
swebench_verified_mini,sphinx-doc__sphinx-10435,-0.26691943407058716,software_engineering,bug_fix,True,False,True
swebench_verified_mini,sphinx-doc__sphinx-10466,-0.26691943407058716,software_engineering,bug_fix,True,False,True
swebench_verified_mini,sphinx-doc__sphinx-10673,-0.26691943407058716,software_engineering,bug_fix,True,False,True
swebench_verified_mini,sphinx-doc__sphinx-11510,-0.26691943407058716,software_engineering,bug_fix,True,False,True
swebench_verified_mini,sphinx-doc__sphinx-7590,-0.26691943407058716,software_engineering,bug_fix,True,False,True
swebench_verified_mini,sphinx-doc__sphinx-7748,-0.26691943407058716,software_engineering,bug_fix,True,False,True
swebench_verified_mini,sphinx-doc__sphinx-7757,-0.26691943407058716,software_engineering,bug_fix,True,False,True
swebench_verified_mini,sphinx-doc__sphinx-7985,-0.26691943407058716,software_engineering,bug_fix,True,False,True
swebench_verified_mini,sphinx-doc__sphinx-8035,-0.26691943407058716,software_engineering,bug_fix,True,False,True
swebench_verified_mini,sphinx-doc__sphinx-8056,-0.26691943407058716,software_engineering,bug_fix,True,False,True
swebench_verified_mini,sphinx-doc__sphinx-8265,-0.26691943407058716,software_engineering,bug_fix,True,False,True
swebench_verified_mini,sphinx-doc__sphinx-8269,-0.26691943407058716,software_engineering,bug_fix,True,False,True
swebench_verified_mini,sphinx-doc__sphinx-8475,-0.26691943407058716,software_engineering,bug_fix,True,False,True
swebench_verified_mini,sphinx-doc__sphinx-8548,-0.26691943407058716,software_engineering,bug_fix,True,False,True
swebench_verified_mini,sphinx-doc__sphinx-8551,-0.26691943407058716,software_engineering,bug_fix,True,False,True
swebench_verified_mini,sphinx-doc__sphinx-8638,-0.26691943407058716,software_engineering,bug_fix,True,False,True
swebench_verified_mini,sphinx-doc__sphinx-8721,-0.26691943407058716,software_engineering,bug_fix,True,False,True
swebench_verified_mini,sphinx-doc__sphinx-9229,-0.26691943407058716,software_engineering,bug_fix,True,False,True
swebench_verified_mini,sphinx-doc__sphinx-9230,-0.26691943407058716,software_engineering,bug_fix,True,False,True
swebench_verified_mini,sphinx-doc__sphinx-9281,-0.26691943407058716,software_engineering,bug_fix,True,False,True
swebench_verified_mini,sphinx-doc__sphinx-9320,-0.26691943407058716,software_engineering,bug_fix,True,False,True
swebench_verified_mini,sphinx-doc__sphinx-9367,-0.26691943407058716,software_engineering,bug_fix,True,False,True
swebench_verified_mini,sphinx-doc__sphinx-9461,-0.26691943407058716,software_engineering,bug_fix,True,False,True
swebench_verified_mini,sphinx-doc__sphinx-9698,-0.26691943407058716,software_engineering,bug_fix,True,False,True
taubench_airline,0,-0.023354269564151764,customer_service,domain_tool_use,False,False,True
taubench_airline,1,-0.023354269564151764,customer_service,domain_tool_use,False,False,True
taubench_airline,10,-0.023354269564151764,customer_service,domain_tool_use,False,False,True
taubench_airline,11,-0.023354269564151764,customer_service,domain_tool_use,False,False,True
taubench_airline,12,-0.023354269564151764,customer_service,domain_tool_use,False,False,True
taubench_airline,13,-0.023354269564151764,customer_service,domain_tool_use,False,False,True
taubench_airline,14,-0.023354269564151764,customer_service,domain_tool_use,False,False,True
taubench_airline,15,-0.023354269564151764,customer_service,domain_tool_use,False,False,True
taubench_airline,16,-0.023354269564151764,customer_service,domain_tool_use,False,False,True
taubench_airline,17,-0.023354269564151764,customer_service,domain_tool_use,False,False,True
taubench_airline,18,-0.023354269564151764,customer_service,domain_tool_use,False,False,True
taubench_airline,19,-0.023354269564151764,customer_service,domain_tool_use,False,False,True
taubench_airline,2,-0.023354269564151764,customer_service,domain_tool_use,False,False,True
taubench_airline,20,-0.023354269564151764,customer_service,domain_tool_use,False,False,True
taubench_airline,21,-0.023354269564151764,customer_service,domain_tool_use,False,False,True
taubench_airline,22,-0.023354269564151764,customer_service,domain_tool_use,False,False,True
taubench_airline,23,-0.023354269564151764,customer_service,domain_tool_use,False,False,True
taubench_airline,24,-0.023354269564151764,customer_service,domain_tool_use,False,False,True
taubench_airline,25,-0.023354269564151764,customer_service,domain_tool_use,False,False,True
taubench_airline,26,-0.023354269564151764,customer_service,domain_tool_use,False,False,True
taubench_airline,27,-0.023354269564151764,customer_service,domain_tool_use,False,False,True
taubench_airline,28,-0.023354269564151764,customer_service,domain_tool_use,False,False,True
taubench_airline,29,-0.023354269564151764,customer_service,domain_tool_use,False,False,True
taubench_airline,3,-0.023354269564151764,customer_service,domain_tool_use,False,False,True
taubench_airline,30,-0.023354269564151764,customer_service,domain_tool_use,False,False,True
taubench_airline,31,-0.023354269564151764,customer_service,domain_tool_use,False,False,True
taubench_airline,32,-0.023354269564151764,customer_service,domain_tool_use,False,False,True
taubench_airline,33,-0.023354269564151764,customer_service,domain_tool_use,False,False,True
taubench_airline,34,-0.023354269564151764,customer_service,domain_tool_use,False,False,True
taubench_airline,35,-0.023354269564151764,customer_service,domain_tool_use,False,False,True
taubench_airline,36,-0.023354269564151764,customer_service,domain_tool_use,False,False,True
taubench_airline,37,-0.023354269564151764,customer_service,domain_tool_use,False,False,True
taubench_airline,38,-0.023354269564151764,customer_service,domain_tool_use,False,False,True
taubench_airline,39,-0.023354269564151764,customer_service,domain_tool_use,False,False,True
taubench_airline,4,-0.023354269564151764,customer_service,domain_tool_use,False,False,True
taubench_airline,40,-0.023354269564151764,customer_service,domain_tool_use,False,False,True
taubench_airline,41,-0.023354269564151764,customer_service,domain_tool_use,False,False,True
taubench_airline,42,-0.023354269564151764,customer_service,domain_tool_use,False,False,True
taubench_airline,43,-0.023354269564151764,customer_service,domain_tool_use,False,False,True
taubench_airline,44,-0.023354269564151764,customer_service,domain_tool_use,False,False,True
taubench_airline,45,-0.023354269564151764,customer_service,domain_tool_use,False,False,True
taubench_airline,46,-0.023354269564151764,customer_service,domain_tool_use,False,False,True
taubench_airline,47,-0.023354269564151764,customer_service,domain_tool_use,False,False,True
taubench_airline,48,-0.023354269564151764,customer_service,domain_tool_use,False,False,True
taubench_airline,49,-0.023354269564151764,customer_service,domain_tool_use,False,False,True
taubench_airline,5,-0.023354269564151764,customer_service,domain_tool_use,False,False,True
taubench_airline,6,-0.023354269564151764,customer_service,domain_tool_use,False,False,True
taubench_airline,7,-0.023354269564151764,customer_service,domain_tool_use,False,False,True
taubench_airline,8,-0.023354269564151764,customer_service,domain_tool_use,False,False,True
taubench_airline,9,-0.023354269564151764,customer_service,domain_tool_use,False,False,True
usaco,1011_bronze_triangles,-0.435936838388443,software_engineering,competitive_programming,True,False,True
usaco,1012_bronze_mad_scientist,-0.435936838388443,software_engineering,competitive_programming,True,False,True
usaco,1013_bronze_swapity_swap,-0.435936838388443,software_engineering,competitive_programming,True,False,True
usaco,1014_silver_swapity_swapity_swap,-0.435936838388443,software_engineering,competitive_programming,True,False,True
usaco,1015_silver_triangles,-0.435936838388443,software_engineering,competitive_programming,True,False,True
usaco,1016_silver_clock_tree,-0.435936838388443,software_engineering,competitive_programming,True,False,True
usaco,1017_gold_timeline,-0.435936838388443,software_engineering,competitive_programming,True,False,True
usaco,1018_gold_help_yourself,-0.435936838388443,software_engineering,competitive_programming,True,False,True
usaco,101_gold_simplifying_the_farm,-0.435936838388443,software_engineering,competitive_programming,True,False,True
usaco,1021_platinum_equilateral_triangles,-0.435936838388443,software_engineering,competitive_programming,True,False,True
usaco,1035_bronze_social_distancing_i,-0.435936838388443,software_engineering,competitive_programming,True,False,True
usaco,1036_bronze_social_distancing_ii,-0.435936838388443,software_engineering,competitive_programming,True,False,True
usaco,1037_bronze_cowntact_tracing,-0.435936838388443,software_engineering,competitive_programming,True,False,True
usaco,1038_silver_social_distancing,-0.435936838388443,software_engineering,competitive_programming,True,False,True
usaco,1039_silver_cereal,-0.435936838388443,software_engineering,competitive_programming,True,False,True
usaco,103_bronze_gifts,-0.435936838388443,software_engineering,competitive_programming,True,False,True
usaco,1040_silver_the_moo_particle,-0.435936838388443,software_engineering,competitive_programming,True,False,True
usaco,104_bronze_haybale_stacking,-0.435936838388443,software_engineering,competitive_programming,True,False,True
usaco,1059_bronze_do_you_know_your_abcs?,-0.435936838388443,software_engineering,competitive_programming,True,False,True
usaco,105_bronze_grazing_patterns,-0.435936838388443,software_engineering,competitive_programming,True,False,True
usaco,1060_bronze_daisy_chains,-0.435936838388443,software_engineering,competitive_programming,True,False,True
usaco,1062_silver_cowntagion,-0.435936838388443,software_engineering,competitive_programming,True,False,True
usaco,1063_silver_rectangular_pasture,-0.435936838388443,software_engineering,competitive_programming,True,False,True
usaco,1064_silver_stuck_in_a_rut,-0.435936838388443,software_engineering,competitive_programming,True,False,True
usaco,1067_gold_square_pasture,-0.435936838388443,software_engineering,competitive_programming,True,False,True
usaco,1068_platinum_sleeping_cows,-0.435936838388443,software_engineering,competitive_programming,True,False,True
usaco,1069_platinum_spaceship,-0.435936838388443,software_engineering,competitive_programming,True,False,True
usaco,106_silver_delivery_route,-0.435936838388443,software_engineering,competitive_programming,True,False,True
usaco,107_silver_bale_share,-0.435936838388443,software_engineering,competitive_programming,True,False,True
usaco,1083_bronze_uddered_but_not_herd,-0.435936838388443,software_engineering,competitive_programming,True,False,True
usaco,1085_bronze_just_stalling,-0.435936838388443,software_engineering,competitive_programming,True,False,True
usaco,1086_silver_dance_mooves,-0.435936838388443,software_engineering,competitive_programming,True,False,True
usaco,1087_silver_no_time_to_paint,-0.435936838388443,software_engineering,competitive_programming,True,False,True
usaco,1088_silver_spaced_out,-0.435936838388443,software_engineering,competitive_programming,True,False,True
usaco,108_silver_mountain_climbing,-0.435936838388443,software_engineering,competitive_programming,True,False,True
usaco,1090_gold_telephone,-0.435936838388443,software_engineering,competitive_programming,True,False,True
usaco,1108_bronze_comfortable_cows,-0.435936838388443,software_engineering,competitive_programming,True,False,True
usaco,1109_bronze_clockwise_fence,-0.435936838388443,software_engineering,competitive_programming,True,False,True
usaco,1111_silver_year_of_the_cow,-0.435936838388443,software_engineering,competitive_programming,True,False,True
usaco,1112_silver_just_green_enough,-0.435936838388443,software_engineering,competitive_programming,True,False,True
usaco,1113_gold_stone_game,-0.435936838388443,software_engineering,competitive_programming,True,False,True
usaco,1114_gold_modern_art_3,-0.435936838388443,software_engineering,competitive_programming,True,False,True
usaco,1115_gold_count_the_cows,-0.435936838388443,software_engineering,competitive_programming,True,False,True
usaco,111_gold_bovine_alliance,-0.435936838388443,software_engineering,competitive_programming,True,False,True
usaco,112_bronze_rope_folding,-0.435936838388443,software_engineering,competitive_programming,True,False,True
usaco,1131_bronze_acowdemia_i,-0.435936838388443,software_engineering,competitive_programming,True,False,True
usaco,1132_bronze_acowdemia_ii,-0.435936838388443,software_engineering,competitive_programming,True,False,True
usaco,1133_bronze_acowdemia_iii,-0.435936838388443,software_engineering,competitive_programming,True,False,True
usaco,1136_silver_acowdemia,-0.435936838388443,software_engineering,competitive_programming,True,False,True
usaco,1137_gold_united_cows_of_farmer_john,-0.435936838388443,software_engineering,competitive_programming,True,False,True
usaco,1138_gold_portals,-0.435936838388443,software_engineering,competitive_programming,True,False,True
usaco,1139_gold_permutation,-0.435936838388443,software_engineering,competitive_programming,True,False,True
usaco,1142_platinum_balanced_subsets,-0.435936838388443,software_engineering,competitive_programming,True,False,True
usaco,114_bronze_moo,-0.435936838388443,software_engineering,competitive_programming,True,False,True
usaco,1155_bronze_lonely_photo,-0.435936838388443,software_engineering,competitive_programming,True,False,True
usaco,1156_bronze_air_cownditioning,-0.435936838388443,software_engineering,competitive_programming,True,False,True
usaco,1157_bronze_walking_home,-0.435936838388443,software_engineering,competitive_programming,True,False,True
usaco,115_silver_overplanting_(silver),-0.435936838388443,software_engineering,competitive_programming,True,False,True
usaco,1160_silver_convoluted_intervals,-0.435936838388443,software_engineering,competitive_programming,True,False,True
usaco,1161_gold_paired_up,-0.435936838388443,software_engineering,competitive_programming,True,False,True
usaco,1164_platinum_tickets,-0.435936838388443,software_engineering,competitive_programming,True,False,True
usaco,1179_bronze_herdle,-0.435936838388443,software_engineering,competitive_programming,True,False,True
usaco,117_silver_relocation,-0.435936838388443,software_engineering,competitive_programming,True,False,True
usaco,1180_bronze_non-transitive_dice,-0.435936838388443,software_engineering,competitive_programming,True,False,True
usaco,1181_bronze_drought,-0.435936838388443,software_engineering,competitive_programming,True,False,True
usaco,1182_silver_searching_for_soulmates,-0.435936838388443,software_engineering,competitive_programming,True,False,True
usaco,1183_silver_cow_frisbee,-0.435936838388443,software_engineering,competitive_programming,True,False,True
usaco,1188_platinum_minimizing_haybales,-0.435936838388443,software_engineering,competitive_programming,True,False,True
usaco,118_gold_cow_coupons,-0.435936838388443,software_engineering,competitive_programming,True,False,True
usaco,1203_bronze_sleeping_in_class,-0.435936838388443,software_engineering,competitive_programming,True,False,True
usaco,1204_bronze_photoshoot_2,-0.435936838388443,software_engineering,competitive_programming,True,False,True
usaco,1205_bronze_blocks,-0.435936838388443,software_engineering,competitive_programming,True,False,True
usaco,1206_silver_redistributing_gifts,-0.435936838388443,software_engineering,competitive_programming,True,False,True
usaco,1208_silver_email_filing,-0.435936838388443,software_engineering,competitive_programming,True,False,True
usaco,1209_gold_redistributing_gifts,-0.435936838388443,software_engineering,competitive_programming,True,False,True
usaco,120_gold_nearby_cows,-0.435936838388443,software_engineering,competitive_programming,True,False,True
usaco,1212_platinum_paint_by_rectangles,-0.435936838388443,software_engineering,competitive_programming,True,False,True
usaco,121_bronze_times_17,-0.435936838388443,software_engineering,competitive_programming,True,False,True
usaco,1227_bronze_photoshoot,-0.435936838388443,software_engineering,competitive_programming,True,False,True
usaco,1228_bronze_counting_liars,-0.435936838388443,software_engineering,competitive_programming,True,False,True
usaco,1229_bronze_alchemy,-0.435936838388443,software_engineering,competitive_programming,True,False,True
usaco,1230_silver_visits,-0.435936838388443,software_engineering,competitive_programming,True,False,True
usaco,1231_silver_subset_equality,-0.435936838388443,software_engineering,competitive_programming,True,False,True
usaco,1232_silver_cow_operations,-0.435936838388443,software_engineering,competitive_programming,True,False,True
usaco,123_bronze_wrong_directions,-0.435936838388443,software_engineering,competitive_programming,True,False,True
usaco,1251_bronze_cow_college,-0.435936838388443,software_engineering,competitive_programming,True,False,True
usaco,1255_silver_circular_barn,-0.435936838388443,software_engineering,competitive_programming,True,False,True
usaco,1257_gold_bribing_friends,-0.435936838388443,software_engineering,competitive_programming,True,False,True
usaco,1259_gold_strongest_friendship_group,-0.435936838388443,software_engineering,competitive_programming,True,False,True
usaco,125_silver_flowerpot,-0.435936838388443,software_engineering,competitive_programming,True,False,True
usaco,1260_platinum_breakdown,-0.435936838388443,software_engineering,competitive_programming,True,False,True
usaco,1262_platinum_palindromes,-0.435936838388443,software_engineering,competitive_programming,True,False,True
usaco,126_silver_landscaping,-0.435936838388443,software_engineering,competitive_programming,True,False,True
usaco,1275_bronze_leaders,-0.435936838388443,software_engineering,competitive_programming,True,False,True
usaco,1276_bronze_air_cownditioning_ii,-0.435936838388443,software_engineering,competitive_programming,True,False,True
usaco,1277_bronze_moo_operations,-0.435936838388443,software_engineering,competitive_programming,True,False,True
usaco,1278_silver_find_and_replace,-0.435936838388443,software_engineering,competitive_programming,True,False,True
usaco,1279_silver_following_directions,-0.435936838388443,software_engineering,competitive_programming,True,False,True
usaco,127_gold_large_banner,-0.435936838388443,software_engineering,competitive_programming,True,False,True
usaco,1281_gold_find_and_replace,-0.435936838388443,software_engineering,competitive_programming,True,False,True
usaco,128_gold_haybale_restacking,-0.435936838388443,software_engineering,competitive_programming,True,False,True
usaco,1299_bronze_hungry_cow,-0.435936838388443,software_engineering,competitive_programming,True,False,True
usaco,1300_bronze_stamp_grid,-0.435936838388443,software_engineering,competitive_programming,True,False,True
usaco,1301_bronze_watching_mooloo,-0.435936838388443,software_engineering,competitive_programming,True,False,True
usaco,1302_silver_bakery,-0.435936838388443,software_engineering,competitive_programming,True,False,True
usaco,1303_silver_cow-libi,-0.435936838388443,software_engineering,competitive_programming,True,False,True
usaco,130_bronze_cows_in_a_row,-0.435936838388443,software_engineering,competitive_programming,True,False,True
usaco,131_bronze_three_lines,-0.435936838388443,software_engineering,competitive_programming,True,False,True
usaco,1325_bronze_rotate_and_shift,-0.435936838388443,software_engineering,competitive_programming,True,False,True
usaco,1326_silver_milk_sum,-0.435936838388443,software_engineering,competitive_programming,True,False,True
usaco,1327_silver_field_day,-0.435936838388443,software_engineering,competitive_programming,True,False,True
usaco,1328_silver_pareidolia,-0.435936838388443,software_engineering,competitive_programming,True,False,True
usaco,132_bronze_islands,-0.435936838388443,software_engineering,competitive_programming,True,False,True
usaco,1330_gold_pareidolia,-0.435936838388443,software_engineering,competitive_programming,True,False,True
usaco,1333_platinum_good_bitstrings,-0.435936838388443,software_engineering,competitive_programming,True,False,True
usaco,133_bronze_unlocking_blocks,-0.435936838388443,software_engineering,competitive_programming,True,False,True
usaco,134_silver_unlocking_blocks_(silver),-0.435936838388443,software_engineering,competitive_programming,True,False,True
usaco,136_silver_running_laps,-0.435936838388443,software_engineering,competitive_programming,True,False,True
usaco,137_gold_tied_down,-0.435936838388443,software_engineering,competitive_programming,True,False,True
usaco,187_bronze_find_the_cow!,-0.435936838388443,software_engineering,competitive_programming,True,False,True
usaco,188_bronze_typo,-0.435936838388443,software_engineering,competitive_programming,True,False,True
usaco,189_bronze_horseshoes,-0.435936838388443,software_engineering,competitive_programming,True,False,True
usaco,190_silver_clumsy_cows,-0.435936838388443,software_engineering,competitive_programming,True,False,True
usaco,191_silver_distant_pastures,-0.435936838388443,software_engineering,competitive_programming,True,False,True
usaco,192_silver_balanced_cow_breeds,-0.435936838388443,software_engineering,competitive_programming,True,False,True
usaco,193_gold_balanced_cow_breeds,-0.435936838388443,software_engineering,competitive_programming,True,False,True
usaco,194_gold_concurrently_balanced_strings,-0.435936838388443,software_engineering,competitive_programming,True,False,True
usaco,205_bronze_meet_and_greet,-0.435936838388443,software_engineering,competitive_programming,True,False,True
usaco,206_bronze_scrambled_letters,-0.435936838388443,software_engineering,competitive_programming,True,False,True
usaco,209_silver_wifi_setup,-0.435936838388443,software_engineering,competitive_programming,True,False,True
usaco,210_silver_milk_routing,-0.435936838388443,software_engineering,competitive_programming,True,False,True
usaco,223_bronze_mirrors,-0.435936838388443,software_engineering,competitive_programming,True,False,True
usaco,225_bronze_liars_and_truth_tellers,-0.435936838388443,software_engineering,competitive_programming,True,False,True
usaco,226_silver_painting_the_fence,-0.435936838388443,software_engineering,competitive_programming,True,False,True
usaco,228_silver_party_invitations,-0.435936838388443,software_engineering,competitive_programming,True,False,True
usaco,229_gold_cow_lineup,-0.435936838388443,software_engineering,competitive_programming,True,False,True
usaco,230_gold_island_travels,-0.435936838388443,software_engineering,competitive_programming,True,False,True
usaco,241_bronze_message_relay,-0.435936838388443,software_engineering,competitive_programming,True,False,True
usaco,242_bronze_cow_crossings,-0.435936838388443,software_engineering,competitive_programming,True,False,True
usaco,243_bronze_perimeter,-0.435936838388443,software_engineering,competitive_programming,True,False,True
usaco,244_silver_perimeter,-0.435936838388443,software_engineering,competitive_programming,True,False,True
usaco,246_silver_milk_scheduling,-0.435936838388443,software_engineering,competitive_programming,True,False,True
usaco,247_gold_partitioning_the_farm,-0.435936838388443,software_engineering,competitive_programming,True,False,True
usaco,248_gold_taxi,-0.435936838388443,software_engineering,competitive_programming,True,False,True
usaco,249_gold_route_design,-0.435936838388443,software_engineering,competitive_programming,True,False,True
usaco,259_bronze_cow_race,-0.435936838388443,software_engineering,competitive_programming,True,False,True
usaco,260_bronze_breed_proximity,-0.435936838388443,software_engineering,competitive_programming,True,False,True
usaco,261_bronze_breed_assignment,-0.435936838388443,software_engineering,competitive_programming,True,False,True
usaco,262_silver_poker_hands,-0.435936838388443,software_engineering,competitive_programming,True,False,True
usaco,263_silver_farm_painting,-0.435936838388443,software_engineering,competitive_programming,True,False,True
usaco,267_gold_necklace,-0.435936838388443,software_engineering,competitive_programming,True,False,True
usaco,278_bronze_bovine_ballet,-0.435936838388443,software_engineering,competitive_programming,True,False,True
usaco,280_bronze_photo,-0.435936838388443,software_engineering,competitive_programming,True,False,True
usaco,281_bronze_haywire,-0.435936838388443,software_engineering,competitive_programming,True,False,True
usaco,283_silver_fuel_economy,-0.435936838388443,software_engineering,competitive_programming,True,False,True
usaco,340_bronze_combination_lock,-0.435936838388443,software_engineering,competitive_programming,True,False,True
usaco,341_bronze_goldilocks_and_the_n_cows,-0.435936838388443,software_engineering,competitive_programming,True,False,True
usaco,342_bronze_farmer_john_has_no_large_brown_cow,-0.435936838388443,software_engineering,competitive_programming,True,False,True
usaco,343_silver_farmer_john_has_no_large_brown_cow,-0.435936838388443,software_engineering,competitive_programming,True,False,True
usaco,344_silver_crowded_cows,-0.435936838388443,software_engineering,competitive_programming,True,False,True
usaco,345_silver_pogo-cow,-0.435936838388443,software_engineering,competitive_programming,True,False,True
usaco,346_gold_empty_stalls,-0.435936838388443,software_engineering,competitive_programming,True,False,True
usaco,347_gold_line_of_sight,-0.435936838388443,software_engineering,competitive_programming,True,False,True
usaco,358_bronze_record_keeping,-0.435936838388443,software_engineering,competitive_programming,True,False,True
usaco,359_bronze_cow_baseball,-0.435936838388443,software_engineering,competitive_programming,True,False,True
usaco,360_bronze_wormholes,-0.435936838388443,software_engineering,competitive_programming,True,False,True
usaco,361_silver_milk_scheduling,-0.435936838388443,software_engineering,competitive_programming,True,False,True
usaco,362_silver_vacation_planning,-0.435936838388443,software_engineering,competitive_programming,True,False,True
usaco,365_gold_optimal_milking,-0.435936838388443,software_engineering,competitive_programming,True,False,True
usaco,376_bronze_ski_course_design,-0.435936838388443,software_engineering,competitive_programming,True,False,True
usaco,377_bronze_bessie_slows_down,-0.435936838388443,software_engineering,competitive_programming,True,False,True
usaco,378_bronze_balanced_teams,-0.435936838388443,software_engineering,competitive_programming,True,False,True
usaco,379_silver_bessie_slows_down,-0.435936838388443,software_engineering,competitive_programming,True,False,True
usaco,380_silver_cross_country_skiing,-0.435936838388443,software_engineering,competitive_programming,True,False,True
usaco,381_silver_recording_the_moolympics,-0.435936838388443,software_engineering,competitive_programming,True,False,True
usaco,394_bronze_mirror_field,-0.435936838388443,software_engineering,competitive_programming,True,False,True
usaco,395_bronze_auto-complete,-0.435936838388443,software_engineering,competitive_programming,True,False,True
usaco,396_bronze_secret_code,-0.435936838388443,software_engineering,competitive_programming,True,False,True
usaco,397_silver_auto-complete,-0.435936838388443,software_engineering,competitive_programming,True,False,True
usaco,398_silver_roadblock,-0.435936838388443,software_engineering,competitive_programming,True,False,True
usaco,400_gold_roadblock,-0.435936838388443,software_engineering,competitive_programming,True,False,True
usaco,401_gold_cow_decathlon,-0.435936838388443,software_engineering,competitive_programming,True,False,True
usaco,412_bronze_reordering_the_cows,-0.435936838388443,software_engineering,competitive_programming,True,False,True
usaco,413_bronze_the_lazy_cow,-0.435936838388443,software_engineering,competitive_programming,True,False,True
usaco,415_silver_watering_the_fields,-0.435936838388443,software_engineering,competitive_programming,True,False,True
usaco,417_silver_mooo_moo,-0.435936838388443,software_engineering,competitive_programming,True,False,True
usaco,430_bronze_odometer,-0.435936838388443,software_engineering,competitive_programming,True,False,True
usaco,431_bronze_fair_photography,-0.435936838388443,software_engineering,competitive_programming,True,False,True
usaco,432_bronze_decorating_the_pastures,-0.435936838388443,software_engineering,competitive_programming,True,False,True
usaco,433_silver_fair_photography,-0.435936838388443,software_engineering,competitive_programming,True,False,True
usaco,434_silver_dueling_gpss,-0.435936838388443,software_engineering,competitive_programming,True,False,True
usaco,436_gold_fair_photography,-0.435936838388443,software_engineering,competitive_programming,True,False,True
usaco,545_bronze_moocryption,-0.435936838388443,software_engineering,competitive_programming,True,False,True
usaco,546_bronze_bessie_gets_even,-0.435936838388443,software_engineering,competitive_programming,True,False,True
usaco,547_bronze_trapped_in_the_haybales_(bronze),-0.435936838388443,software_engineering,competitive_programming,True,False,True
usaco,548_bronze_palindromic_paths_(bronze),-0.435936838388443,software_engineering,competitive_programming,True,False,True
usaco,549_silver_bessie_goes_moo,-0.435936838388443,software_engineering,competitive_programming,True,False,True
usaco,550_silver_trapped_in_the_haybales_(silver),-0.435936838388443,software_engineering,competitive_programming,True,False,True
usaco,553_gold_palindromic_paths,-0.435936838388443,software_engineering,competitive_programming,True,False,True
usaco,554_gold_trapped_in_the_haybales_(gold),-0.435936838388443,software_engineering,competitive_programming,True,False,True
usaco,639_bronze_diamond_collector,-0.435936838388443,software_engineering,competitive_programming,True,False,True
usaco,640_bronze_bull_in_a_china_shop,-0.435936838388443,software_engineering,competitive_programming,True,False,True
usaco,641_bronze_field_reduction,-0.435936838388443,software_engineering,competitive_programming,True,False,True
usaco,642_silver_field_reduction,-0.435936838388443,software_engineering,competitive_programming,True,False,True
usaco,643_silver_diamond_collector,-0.435936838388443,software_engineering,competitive_programming,True,False,True
usaco,644_silver_closing_the_farm,-0.435936838388443,software_engineering,competitive_programming,True,False,True
usaco,646_gold_closing_the_farm,-0.435936838388443,software_engineering,competitive_programming,True,False,True
usaco,647_gold_248,-0.435936838388443,software_engineering,competitive_programming,True,False,True
usaco,648_platinum_262144,-0.435936838388443,software_engineering,competitive_programming,True,False,True
usaco,735_bronze_the_lost_cow,-0.435936838388443,software_engineering,competitive_programming,True,False,True
usaco,736_bronze_bovine_genomics,-0.435936838388443,software_engineering,competitive_programming,True,False,True
usaco,737_bronze_modern_art,-0.435936838388443,software_engineering,competitive_programming,True,False,True
usaco,738_silver_paired_up,-0.435936838388443,software_engineering,competitive_programming,True,False,True
usaco,739_silver_bovine_genomics,-0.435936838388443,software_engineering,competitive_programming,True,False,True
usaco,741_gold_bovine_genomics,-0.435936838388443,software_engineering,competitive_programming,True,False,True
usaco,759_bronze_blocked_billboard,-0.435936838388443,software_engineering,competitive_programming,True,False,True
usaco,760_bronze_the_bovine_shuffle,-0.435936838388443,software_engineering,competitive_programming,True,False,True
usaco,761_bronze_milk_measurement,-0.435936838388443,software_engineering,competitive_programming,True,False,True
usaco,762_silver_my_cow_ate_my_homework,-0.435936838388443,software_engineering,competitive_programming,True,False,True
usaco,763_silver_milk_measurement,-0.435936838388443,software_engineering,competitive_programming,True,False,True
usaco,764_silver_the_bovine_shuffle,-0.435936838388443,software_engineering,competitive_programming,True,False,True
usaco,766_gold_barn_painting,-0.435936838388443,software_engineering,competitive_programming,True,False,True
usaco,767_gold_haybale_feast,-0.435936838388443,software_engineering,competitive_programming,True,False,True
usaco,783_bronze_blocked_billboard_ii,-0.435936838388443,software_engineering,competitive_programming,True,False,True
usaco,784_bronze_lifeguards,-0.435936838388443,software_engineering,competitive_programming,True,False,True
usaco,785_bronze_out_of_place,-0.435936838388443,software_engineering,competitive_programming,True,False,True
usaco,786_silver_lifeguards,-0.435936838388443,software_engineering,competitive_programming,True,False,True
usaco,787_silver_rental_service,-0.435936838388443,software_engineering,competitive_programming,True,False,True
usaco,788_silver_mootube,-0.435936838388443,software_engineering,competitive_programming,True,False,True
usaco,789_gold_mootube,-0.435936838388443,software_engineering,competitive_programming,True,False,True
usaco,791_gold_stamp_painting,-0.435936838388443,software_engineering,competitive_programming,True,False,True
usaco,794_platinum_sprinklers,-0.435936838388443,software_engineering,competitive_programming,True,False,True
usaco,808_bronze_hoofball,-0.435936838388443,software_engineering,competitive_programming,True,False,True
usaco,809_bronze_taming_the_herd,-0.435936838388443,software_engineering,competitive_programming,True,False,True
usaco,810_silver_rest_stops,-0.435936838388443,software_engineering,competitive_programming,True,False,True
usaco,811_silver_snow_boots,-0.435936838388443,software_engineering,competitive_programming,True,False,True
usaco,812_silver_teleportation,-0.435936838388443,software_engineering,competitive_programming,True,False,True
usaco,813_gold_snow_boots,-0.435936838388443,software_engineering,competitive_programming,True,False,True
usaco,815_gold_taming_the_herd,-0.435936838388443,software_engineering,competitive_programming,True,False,True
usaco,818_platinum_cow_gymnasts,-0.435936838388443,software_engineering,competitive_programming,True,False,True
usaco,831_bronze_team_tic_tac_toe,-0.435936838388443,software_engineering,competitive_programming,True,False,True
usaco,832_bronze_milking_order,-0.435936838388443,software_engineering,competitive_programming,True,False,True
usaco,833_bronze_family_tree,-0.435936838388443,software_engineering,competitive_programming,True,False,True
usaco,834_silver_out_of_sorts,-0.435936838388443,software_engineering,competitive_programming,True,False,True
usaco,835_silver_lemonade_line,-0.435936838388443,software_engineering,competitive_programming,True,False,True
usaco,837_gold_out_of_sorts,-0.435936838388443,software_engineering,competitive_programming,True,False,True
usaco,839_gold_talent_show,-0.435936838388443,software_engineering,competitive_programming,True,False,True
usaco,840_platinum_out_of_sorts,-0.435936838388443,software_engineering,competitive_programming,True,False,True
usaco,84_bronze_contest_timing,-0.435936838388443,software_engineering,competitive_programming,True,False,True
usaco,855_bronze_mixing_milk,-0.435936838388443,software_engineering,competitive_programming,True,False,True
usaco,856_bronze_the_bucket_list,-0.435936838388443,software_engineering,competitive_programming,True,False,True
usaco,857_bronze_back_and_forth,-0.435936838388443,software_engineering,competitive_programming,True,False,True
usaco,860_silver_mooyo_mooyo,-0.435936838388443,software_engineering,competitive_programming,True,False,True
usaco,861_gold_fine_dining,-0.435936838388443,software_engineering,competitive_programming,True,False,True
usaco,862_gold_cowpatibility,-0.435936838388443,software_engineering,competitive_programming,True,False,True
usaco,863_gold_teamwork,-0.435936838388443,software_engineering,competitive_programming,True,False,True
usaco,864_platinum_balance_beam,-0.435936838388443,software_engineering,competitive_programming,True,False,True
usaco,865_platinum_sort_it_out,-0.435936838388443,software_engineering,competitive_programming,True,False,True
usaco,866_platinum_the_cow_gathering,-0.435936838388443,software_engineering,competitive_programming,True,False,True
usaco,86_bronze_moo_sick,-0.435936838388443,software_engineering,competitive_programming,True,False,True
usaco,87_bronze_cow_beauty_pageant_(bronze_level),-0.435936838388443,software_engineering,competitive_programming,True,False,True
usaco,88_silver_cow_beauty_pageant_(silver_level),-0.435936838388443,software_engineering,competitive_programming,True,False,True
usaco,891_bronze_shell_game,-0.435936838388443,software_engineering,competitive_programming,True,False,True
usaco,892_bronze_sleepy_cow_sorting,-0.435936838388443,software_engineering,competitive_programming,True,False,True
usaco,893_bronze_guess_the_animal,-0.435936838388443,software_engineering,competitive_programming,True,False,True
usaco,894_silver_grass_planting,-0.435936838388443,software_engineering,competitive_programming,True,False,True
usaco,896_silver_mountain_view,-0.435936838388443,software_engineering,competitive_programming,True,False,True
usaco,897_gold_cow_poetry,-0.435936838388443,software_engineering,competitive_programming,True,False,True
usaco,898_gold_sleepy_cow_sorting,-0.435936838388443,software_engineering,competitive_programming,True,False,True
usaco,89_silver_cow_lineup,-0.435936838388443,software_engineering,competitive_programming,True,False,True
usaco,90_silver_tile_exchanging,-0.435936838388443,software_engineering,competitive_programming,True,False,True
usaco,915_bronze_sleepy_cow_herding,-0.435936838388443,software_engineering,competitive_programming,True,False,True
usaco,916_bronze_the_great_revegetation,-0.435936838388443,software_engineering,competitive_programming,True,False,True
usaco,917_bronze_measuring_traffic,-0.435936838388443,software_engineering,competitive_programming,True,False,True
usaco,918_silver_sleepy_cow_herding,-0.435936838388443,software_engineering,competitive_programming,True,False,True
usaco,919_silver_painting_the_barn,-0.435936838388443,software_engineering,competitive_programming,True,False,True
usaco,91_gold_above_the_median,-0.435936838388443,software_engineering,competitive_programming,True,False,True
usaco,922_gold_dishwashing,-0.435936838388443,software_engineering,competitive_programming,True,False,True
usaco,924_platinum_cow_dating,-0.435936838388443,software_engineering,competitive_programming,True,False,True
usaco,925_platinum_moorio_kart,-0.435936838388443,software_engineering,competitive_programming,True,False,True
usaco,92_gold_binary_sudoku,-0.435936838388443,software_engineering,competitive_programming,True,False,True
usaco,939_bronze_bucket_brigade,-0.435936838388443,software_engineering,competitive_programming,True,False,True
usaco,93_gold_cow_steeplechase,-0.435936838388443,software_engineering,competitive_programming,True,False,True
usaco,940_bronze_milk_factory,-0.435936838388443,software_engineering,competitive_programming,True,False,True
usaco,941_bronze_cow_evolution,-0.435936838388443,software_engineering,competitive_programming,True,False,True
usaco,942_silver_left_out,-0.435936838388443,software_engineering,competitive_programming,True,False,True
usaco,944_silver_fence_planning,-0.435936838388443,software_engineering,competitive_programming,True,False,True
usaco,945_gold_snakes,-0.435936838388443,software_engineering,competitive_programming,True,False,True
usaco,947_gold_balancing_inversions,-0.435936838388443,software_engineering,competitive_programming,True,False,True
usaco,94_bronze_hay_bales,-0.435936838388443,software_engineering,competitive_programming,True,False,True
usaco,950_platinum_valleys,-0.435936838388443,software_engineering,competitive_programming,True,False,True
usaco,963_bronze_cow_gymnastics,-0.435936838388443,software_engineering,competitive_programming,True,False,True
usaco,964_bronze_where_am_i?,-0.435936838388443,software_engineering,competitive_programming,True,False,True
usaco,965_bronze_livestock_lineup,-0.435936838388443,software_engineering,competitive_programming,True,False,True
usaco,966_silver_moobuzz,-0.435936838388443,software_engineering,competitive_programming,True,False,True
usaco,967_silver_meetings,-0.435936838388443,software_engineering,competitive_programming,True,False,True
usaco,969_gold_milk_pumping,-0.435936838388443,software_engineering,competitive_programming,True,False,True
usaco,96_bronze_escaping_the_farm,-0.435936838388443,software_engineering,competitive_programming,True,False,True
usaco,987_bronze_word_processor,-0.435936838388443,software_engineering,competitive_programming,True,False,True
usaco,988_bronze_photoshoot,-0.435936838388443,software_engineering,competitive_programming,True,False,True
usaco,989_bronze_race,-0.435936838388443,software_engineering,competitive_programming,True,False,True
usaco,98_silver_roadblock,-0.435936838388443,software_engineering,competitive_programming,True,False,True
usaco,990_silver_berry_picking,-0.435936838388443,software_engineering,competitive_programming,True,False,True
usaco,991_silver_loan_repayment,-0.435936838388443,software_engineering,competitive_programming,True,False,True
usaco,993_gold_time_is_mooney,-0.435936838388443,software_engineering,competitive_programming,True,False,True
usaco,997_platinum_non-decreasing_subsequences,-0.435936838388443,software_engineering,competitive_programming,True,False,True
usaco,99_silver_umbrellas_for_cows,-0.435936838388443,software_engineering,competitive_programming,True,False,True
