benchmark,task_id,n_agents,n_correct,pass_rate
assistantbench,0ec4371851b96837b0a81b3dd3df401415061bb532fbafeb4609f3337c358508,33,0,0.0
assistantbench,291b53e665b4dd4365cde995042db4a6f6fecef3fe3a6f4482f23d61bd673918,33,0,0.0
assistantbench,2aa5dd83fbcd0dce9a3dd4592106e5b5edf738008d932e357d477bba80e59ccf,33,0,0.0
assistantbench,2ddae3b7a208e3c25f14d82d7a1faaaa1832fbf950b4dac345e755c4c361f294,33,0,0.0
assistantbench,3af8028c2a59e28ca88baff0e6d91f2a9f170c5ef91003f1c8406755a2760ad4,33,3,0.09090909090909091
assistantbench,4dbedc5e1a0205e14b7ff3ba89bce3060dab15d0ada3b7e1351a6f2aa8287aec,33,0,0.0
assistantbench,4e615af6f0348597b4133cc1ec5418bb3f35328e3d95e23a275027cee97b5e09,33,0,0.0
assistantbench,52f7224e9c79431e7926afe317782711a0028750693e7456cde22ef6f4bd8bd5,33,4,0.12121212121212122
assistantbench,557e78eceec08ca8b0da5f9fdaca6e1c7ec6140a8ce600983ee716327dab005e,33,0,0.0
assistantbench,55f4258484c5b398956133128a50462a767da211f8f72aa5ac5bbffb9bcbba1a,33,6,0.18181818181818182
assistantbench,57d9dc6935e8a40b02e7f8ec81768fe70e68a0c05f6866927c9fda38db38a486,33,4,0.12121212121212122
assistantbench,6b06d186921b8b390c65aebd0d16f09f60a47d2f1288ebe36953f734e84c0a3c,33,1,0.030303030303030304
assistantbench,6e3be83d1949fa52cba03fb1ce4b5b3bf7e37a83fd7d67694b10b2e439d90cf8,33,1,0.030303030303030304
assistantbench,6f224e7730ed027cbac73aebb1aea7f954053082041b02b19f4ff126a0a8a208,33,3,0.09090909090909091
assistantbench,748899d9d70c09beb3bd48ac8a3658bdcfd2f9114fe6dc4c4b8d2f9541ef4607,33,0,0.0
assistantbench,797f7a5b65ca28b7e7156e7db1e9f117bd4a021de0cd512bfdbb0be897d89eab,33,0,0.0
assistantbench,8ad84bd6fe38481ba49e7ad1f6fbd43219a999074e5c6fc940003281f55ec65b,33,0,0.0
assistantbench,8fa42360185068216f2919935148d4e1ad28ddc18da0abd0f4bb0b6b6f84b127,33,13,0.3939393939393939
assistantbench,929b45f34805280d77c61d1e093e3d4e551d77ddb6ecd73552b12b1af286388d,33,0,0.0
assistantbench,99da66d8af02491f98b98c56b26c709e773b5a2ad945fb280375951ba600de09,33,2,0.06060606060606061
assistantbench,9baaa267c95f9d8b75741ee9169c50563d297cfa592c20deaffd30dbc5984c74,33,0,0.0
assistantbench,9bdca8677af1e25cb7b0c7992dc62670c3e58e4afcd5ae60bcaa2483556bba00,33,0,0.0
assistantbench,9e31099fffa6a3891c94934fd4fc2f3f522d51c1904ff3561f3a10e4bf245821,33,0,0.0
assistantbench,a9074997e698f912b9e751779ea19c1e92fa148404e90e0ae997acea3f9559b0,33,0,0.0
assistantbench,b36ef2d8f2643b80e74a44ce3403f674ecb2aed7fd36afeaa289061a59feef92,33,1,0.030303030303030304
assistantbench,c7afe00869f98cf363fd83677ac41757ed5e57f03eacc3d1304feb0a92084bd1,33,1,0.030303030303030304
assistantbench,cca4776df3c73e7f9430a2e624aafad056b14322a0b7ca6c0c22b7e7f3f0890a,33,0,0.0
assistantbench,ccec2229ced20a4b0cb4897e3a99120a3017ea030903e01c9bda6b13d40b0b14,33,2,0.06060606060606061
assistantbench,e2dc3a6b10b762e8aba7fa4d4e70f757f6d04dcbc8b56c48fc53fd9928d31d07,33,0,0.0
assistantbench,e6bc98089608217e45b6956a46518fe3cce64a799b3ac43c6974c449ae14c408,33,0,0.0
assistantbench,efc0f3a47e9ed2ecdbcc037c2093865fe6e39f4d413a5d1ccdc7357160a4606b,33,0,0.0
assistantbench,f88066d274e265edd6cd9d61cd80a41accb3a14baf2297652fdd05cdf716d455,33,0,0.0
assistantbench,fb9ba3ab6a13d0adc677f993e90d54914a5cdf211305a1bba6bf16ec4ccb9b7c,33,0,0.0
colbench_backend_programming,0,10,0,0.0
colbench_backend_programming,1,10,9,0.9
colbench_backend_programming,2,10,0,0.0
colbench_backend_programming,3,10,0,0.0
colbench_backend_programming,4,10,0,0.0
colbench_backend_programming,5,10,1,0.1
colbench_backend_programming,6,10,0,0.0
colbench_backend_programming,7,10,10,1.0
colbench_backend_programming,8,10,0,0.0
colbench_backend_programming,9,10,0,0.0
colbench_backend_programming,10,10,3,0.3
colbench_backend_programming,11,10,0,0.0
colbench_backend_programming,12,10,0,0.0
colbench_backend_programming,13,10,3,0.3
colbench_backend_programming,14,10,5,0.5
colbench_backend_programming,15,10,0,0.0
colbench_backend_programming,16,10,0,0.0
colbench_backend_programming,17,10,4,0.4
colbench_backend_programming,18,10,0,0.0
colbench_backend_programming,19,10,9,0.9
colbench_backend_programming,20,10,4,0.4
colbench_backend_programming,21,10,5,0.5
colbench_backend_programming,22,10,2,0.2
colbench_backend_programming,23,10,0,0.0
colbench_backend_programming,24,10,2,0.2
colbench_backend_programming,25,10,0,0.0
colbench_backend_programming,26,10,10,1.0
colbench_backend_programming,27,10,0,0.0
colbench_backend_programming,28,10,0,0.0
colbench_backend_programming,29,10,0,0.0
colbench_backend_programming,30,10,1,0.1
colbench_backend_programming,31,10,0,0.0
colbench_backend_programming,32,10,2,0.2
colbench_backend_programming,33,10,8,0.8
colbench_backend_programming,34,10,0,0.0
colbench_backend_programming,35,10,4,0.4
colbench_backend_programming,36,10,5,0.5
colbench_backend_programming,37,10,5,0.5
colbench_backend_programming,38,10,2,0.2
colbench_backend_programming,39,10,1,0.1
colbench_backend_programming,40,10,3,0.3
colbench_backend_programming,41,10,0,0.0
colbench_backend_programming,42,10,10,1.0
colbench_backend_programming,43,10,10,1.0
colbench_backend_programming,44,10,8,0.8
colbench_backend_programming,45,10,5,0.5
colbench_backend_programming,46,10,10,1.0
colbench_backend_programming,47,10,3,0.3
colbench_backend_programming,48,10,0,0.0
colbench_backend_programming,49,10,8,0.8
colbench_backend_programming,50,10,10,1.0
colbench_backend_programming,51,10,0,0.0
colbench_backend_programming,52,10,2,0.2
colbench_backend_programming,53,10,6,0.6
colbench_backend_programming,54,10,0,0.0
colbench_backend_programming,55,10,9,0.9
colbench_backend_programming,56,10,0,0.0
colbench_backend_programming,57,10,0,0.0
colbench_backend_programming,58,10,1,0.1
colbench_backend_programming,59,10,0,0.0
colbench_backend_programming,60,10,0,0.0
colbench_backend_programming,61,10,5,0.5
colbench_backend_programming,62,10,0,0.0
colbench_backend_programming,63,10,4,0.4
colbench_backend_programming,64,10,10,1.0
colbench_backend_programming,65,10,8,0.8
colbench_backend_programming,66,10,8,0.8
colbench_backend_programming,67,10,2,0.2
colbench_backend_programming,68,10,2,0.2
colbench_backend_programming,69,10,0,0.0
colbench_backend_programming,70,10,9,0.9
colbench_backend_programming,71,10,0,0.0
colbench_backend_programming,72,10,0,0.0
colbench_backend_programming,73,10,9,0.9
colbench_backend_programming,74,10,6,0.6
colbench_backend_programming,75,10,10,1.0
colbench_backend_programming,76,10,5,0.5
colbench_backend_programming,77,10,0,0.0
colbench_backend_programming,78,10,0,0.0
colbench_backend_programming,79,10,0,0.0
colbench_backend_programming,80,10,0,0.0
colbench_backend_programming,81,10,6,0.6
colbench_backend_programming,82,10,1,0.1
colbench_backend_programming,83,10,10,1.0
colbench_backend_programming,84,10,7,0.7
colbench_backend_programming,85,10,4,0.4
colbench_backend_programming,86,10,6,0.6
colbench_backend_programming,87,10,7,0.7
colbench_backend_programming,88,10,0,0.0
colbench_backend_programming,89,10,2,0.2
colbench_backend_programming,90,10,7,0.7
colbench_backend_programming,91,10,8,0.8
colbench_backend_programming,92,10,10,1.0
colbench_backend_programming,93,10,7,0.7
colbench_backend_programming,94,10,0,0.0
colbench_backend_programming,95,10,3,0.3
colbench_backend_programming,96,10,0,0.0
colbench_backend_programming,97,10,10,1.0
colbench_backend_programming,98,10,0,0.0
colbench_backend_programming,99,10,3,0.3
colbench_backend_programming,100,10,1,0.1
colbench_backend_programming,101,10,1,0.1
colbench_backend_programming,102,10,0,0.0
colbench_backend_programming,103,10,2,0.2
colbench_backend_programming,104,10,0,0.0
colbench_backend_programming,105,10,0,0.0
colbench_backend_programming,106,10,0,0.0
colbench_backend_programming,107,10,3,0.3
colbench_backend_programming,108,10,6,0.6
colbench_backend_programming,109,10,10,1.0
colbench_backend_programming,110,10,0,0.0
colbench_backend_programming,111,10,0,0.0
colbench_backend_programming,112,10,10,1.0
colbench_backend_programming,113,10,0,0.0
colbench_backend_programming,114,10,7,0.7
colbench_backend_programming,115,10,7,0.7
colbench_backend_programming,116,10,1,0.1
colbench_backend_programming,117,10,5,0.5
colbench_backend_programming,118,10,3,0.3
colbench_backend_programming,119,10,0,0.0
colbench_backend_programming,120,10,2,0.2
colbench_backend_programming,121,10,0,0.0
colbench_backend_programming,122,10,0,0.0
colbench_backend_programming,123,10,1,0.1
colbench_backend_programming,124,10,4,0.4
colbench_backend_programming,125,10,0,0.0
colbench_backend_programming,126,10,10,1.0
colbench_backend_programming,127,10,9,0.9
colbench_backend_programming,128,10,1,0.1
colbench_backend_programming,129,10,0,0.0
colbench_backend_programming,130,10,10,1.0
colbench_backend_programming,131,10,4,0.4
colbench_backend_programming,132,10,0,0.0
colbench_backend_programming,133,10,0,0.0
colbench_backend_programming,134,10,1,0.1
colbench_backend_programming,135,10,1,0.1
colbench_backend_programming,136,10,6,0.6
colbench_backend_programming,137,10,4,0.4
colbench_backend_programming,138,10,5,0.5
colbench_backend_programming,139,10,6,0.6
colbench_backend_programming,140,10,5,0.5
colbench_backend_programming,141,10,0,0.0
colbench_backend_programming,142,10,10,1.0
colbench_backend_programming,143,10,5,0.5
colbench_backend_programming,144,10,0,0.0
colbench_backend_programming,145,10,8,0.8
colbench_backend_programming,146,10,0,0.0
colbench_backend_programming,147,10,1,0.1
colbench_backend_programming,148,10,9,0.9
colbench_backend_programming,149,10,6,0.6
colbench_backend_programming,150,10,0,0.0
colbench_backend_programming,151,10,6,0.6
colbench_backend_programming,152,10,0,0.0
colbench_backend_programming,153,10,0,0.0
colbench_backend_programming,154,10,7,0.7
colbench_backend_programming,155,10,3,0.3
colbench_backend_programming,156,10,5,0.5
colbench_backend_programming,157,10,0,0.0
colbench_backend_programming,158,10,3,0.3
colbench_backend_programming,159,10,0,0.0
colbench_backend_programming,160,10,10,1.0
colbench_backend_programming,161,10,4,0.4
colbench_backend_programming,162,10,0,0.0
colbench_backend_programming,163,10,6,0.6
colbench_backend_programming,164,10,2,0.2
colbench_backend_programming,165,10,3,0.3
colbench_backend_programming,166,10,1,0.1
colbench_backend_programming,167,10,10,1.0
colbench_backend_programming,168,10,5,0.5
colbench_backend_programming,169,10,7,0.7
colbench_backend_programming,170,10,3,0.3
colbench_backend_programming,171,10,8,0.8
colbench_backend_programming,172,10,0,0.0
colbench_backend_programming,173,10,9,0.9
colbench_backend_programming,174,10,7,0.7
colbench_backend_programming,175,10,3,0.3
colbench_backend_programming,176,10,4,0.4
colbench_backend_programming,177,10,0,0.0
colbench_backend_programming,178,10,0,0.0
colbench_backend_programming,179,10,6,0.6
colbench_backend_programming,180,10,4,0.4
colbench_backend_programming,181,10,1,0.1
colbench_backend_programming,182,10,8,0.8
colbench_backend_programming,183,10,2,0.2
colbench_backend_programming,184,10,0,0.0
colbench_backend_programming,185,10,0,0.0
colbench_backend_programming,186,10,8,0.8
colbench_backend_programming,187,10,8,0.8
colbench_backend_programming,188,10,0,0.0
colbench_backend_programming,189,10,6,0.6
colbench_backend_programming,190,10,9,0.9
colbench_backend_programming,191,10,0,0.0
colbench_backend_programming,192,10,5,0.5
colbench_backend_programming,193,10,10,1.0
colbench_backend_programming,194,10,0,0.0
colbench_backend_programming,195,10,2,0.2
colbench_backend_programming,196,10,10,1.0
colbench_backend_programming,197,10,0,0.0
colbench_backend_programming,198,10,10,1.0
colbench_backend_programming,199,10,0,0.0
colbench_backend_programming,200,10,1,0.1
colbench_backend_programming,201,10,7,0.7
colbench_backend_programming,202,10,0,0.0
colbench_backend_programming,203,10,0,0.0
colbench_backend_programming,204,10,7,0.7
colbench_backend_programming,205,10,0,0.0
colbench_backend_programming,206,10,10,1.0
colbench_backend_programming,207,10,0,0.0
colbench_backend_programming,208,10,0,0.0
colbench_backend_programming,209,10,0,0.0
colbench_backend_programming,210,10,10,1.0
colbench_backend_programming,211,10,1,0.1
colbench_backend_programming,212,10,9,0.9
colbench_backend_programming,213,10,3,0.3
colbench_backend_programming,214,10,0,0.0
colbench_backend_programming,215,10,6,0.6
colbench_backend_programming,216,10,0,0.0
colbench_backend_programming,217,10,3,0.3
colbench_backend_programming,218,10,0,0.0
colbench_backend_programming,219,10,0,0.0
colbench_backend_programming,220,10,1,0.1
colbench_backend_programming,221,10,2,0.2
colbench_backend_programming,222,10,0,0.0
colbench_backend_programming,223,10,2,0.2
colbench_backend_programming,224,10,0,0.0
colbench_backend_programming,225,10,0,0.0
colbench_backend_programming,226,10,10,1.0
colbench_backend_programming,227,10,5,0.5
colbench_backend_programming,228,10,8,0.8
colbench_backend_programming,229,10,0,0.0
colbench_backend_programming,230,10,0,0.0
colbench_backend_programming,231,10,1,0.1
colbench_backend_programming,232,10,4,0.4
colbench_backend_programming,233,10,8,0.8
colbench_backend_programming,234,10,10,1.0
colbench_backend_programming,235,10,2,0.2
colbench_backend_programming,236,10,3,0.3
colbench_backend_programming,237,10,6,0.6
colbench_backend_programming,238,10,1,0.1
colbench_backend_programming,239,10,10,1.0
colbench_backend_programming,240,10,10,1.0
colbench_backend_programming,241,10,0,0.0
colbench_backend_programming,242,10,0,0.0
colbench_backend_programming,243,10,10,1.0
colbench_backend_programming,244,10,1,0.1
colbench_backend_programming,245,10,0,0.0
colbench_backend_programming,246,10,4,0.4
colbench_backend_programming,247,10,0,0.0
colbench_backend_programming,248,10,0,0.0
colbench_backend_programming,249,10,10,1.0
colbench_backend_programming,250,10,6,0.6
colbench_backend_programming,251,10,0,0.0
colbench_backend_programming,252,10,8,0.8
colbench_backend_programming,253,10,0,0.0
colbench_backend_programming,254,10,6,0.6
colbench_backend_programming,255,10,9,0.9
colbench_backend_programming,256,10,10,1.0
colbench_backend_programming,257,10,0,0.0
colbench_backend_programming,258,10,8,0.8
colbench_backend_programming,259,10,4,0.4
colbench_backend_programming,260,10,5,0.5
colbench_backend_programming,261,10,7,0.7
colbench_backend_programming,262,10,2,0.2
colbench_backend_programming,263,10,0,0.0
colbench_backend_programming,264,10,0,0.0
colbench_backend_programming,265,10,5,0.5
colbench_backend_programming,266,10,0,0.0
colbench_backend_programming,267,10,10,1.0
colbench_backend_programming,268,10,9,0.9
colbench_backend_programming,269,10,9,0.9
colbench_backend_programming,270,10,10,1.0
colbench_backend_programming,271,10,8,0.8
colbench_backend_programming,272,10,1,0.1
colbench_backend_programming,273,10,0,0.0
colbench_backend_programming,274,10,6,0.6
colbench_backend_programming,275,10,0,0.0
colbench_backend_programming,276,10,0,0.0
colbench_backend_programming,277,10,10,1.0
colbench_backend_programming,278,10,4,0.4
colbench_backend_programming,279,10,0,0.0
colbench_backend_programming,280,10,6,0.6
colbench_backend_programming,281,10,4,0.4
colbench_backend_programming,282,10,1,0.1
colbench_backend_programming,283,10,8,0.8
colbench_backend_programming,284,10,3,0.3
colbench_backend_programming,285,10,5,0.5
colbench_backend_programming,286,10,9,0.9
colbench_backend_programming,287,10,5,0.5
colbench_backend_programming,288,10,10,1.0
colbench_backend_programming,289,10,1,0.1
colbench_backend_programming,290,10,8,0.8
colbench_backend_programming,291,10,3,0.3
colbench_backend_programming,292,10,1,0.1
colbench_backend_programming,293,10,10,1.0
colbench_backend_programming,294,10,5,0.5
colbench_backend_programming,295,10,5,0.5
colbench_backend_programming,296,10,0,0.0
colbench_backend_programming,297,10,9,0.9
colbench_backend_programming,298,10,2,0.2
colbench_backend_programming,299,10,0,0.0
colbench_backend_programming,300,10,5,0.5
colbench_backend_programming,301,10,6,0.6
colbench_backend_programming,302,10,3,0.3
colbench_backend_programming,303,10,0,0.0
colbench_backend_programming,304,10,0,0.0
colbench_backend_programming,305,10,0,0.0
colbench_backend_programming,306,10,0,0.0
colbench_backend_programming,307,10,0,0.0
colbench_backend_programming,308,10,0,0.0
colbench_backend_programming,309,10,6,0.6
colbench_backend_programming,310,10,0,0.0
colbench_backend_programming,311,10,0,0.0
colbench_backend_programming,312,10,5,0.5
colbench_backend_programming,313,10,0,0.0
colbench_backend_programming,314,10,2,0.2
colbench_backend_programming,315,10,2,0.2
colbench_backend_programming,316,10,2,0.2
colbench_backend_programming,317,10,8,0.8
colbench_backend_programming,318,10,2,0.2
colbench_backend_programming,319,10,10,1.0
colbench_backend_programming,320,10,2,0.2
colbench_backend_programming,321,10,1,0.1
colbench_backend_programming,322,10,10,1.0
colbench_backend_programming,323,10,10,1.0
colbench_backend_programming,324,10,4,0.4
colbench_backend_programming,325,10,2,0.2
colbench_backend_programming,326,10,1,0.1
colbench_backend_programming,327,10,0,0.0
colbench_backend_programming,328,10,10,1.0
colbench_backend_programming,329,10,10,1.0
colbench_backend_programming,330,10,10,1.0
colbench_backend_programming,331,10,8,0.8
colbench_backend_programming,332,10,0,0.0
colbench_backend_programming,333,10,0,0.0
colbench_backend_programming,334,10,0,0.0
colbench_backend_programming,335,10,0,0.0
colbench_backend_programming,336,10,0,0.0
colbench_backend_programming,337,10,1,0.1
colbench_backend_programming,338,10,4,0.4
colbench_backend_programming,339,10,0,0.0
colbench_backend_programming,340,10,7,0.7
colbench_backend_programming,341,10,9,0.9
colbench_backend_programming,342,10,10,1.0
colbench_backend_programming,343,10,0,0.0
colbench_backend_programming,344,10,1,0.1
colbench_backend_programming,345,10,6,0.6
colbench_backend_programming,346,10,3,0.3
colbench_backend_programming,347,10,0,0.0
colbench_backend_programming,348,10,4,0.4
colbench_backend_programming,349,10,8,0.8
colbench_backend_programming,350,10,1,0.1
colbench_backend_programming,351,10,0,0.0
colbench_backend_programming,352,10,1,0.1
colbench_backend_programming,353,10,10,1.0
colbench_backend_programming,354,10,9,0.9
colbench_backend_programming,355,10,7,0.7
colbench_backend_programming,356,10,6,0.6
colbench_backend_programming,357,10,1,0.1
colbench_backend_programming,358,10,9,0.9
colbench_backend_programming,359,10,2,0.2
colbench_backend_programming,360,10,0,0.0
colbench_backend_programming,361,10,7,0.7
colbench_backend_programming,362,10,4,0.4
colbench_backend_programming,363,10,2,0.2
colbench_backend_programming,364,10,2,0.2
colbench_backend_programming,365,10,2,0.2
colbench_backend_programming,366,10,1,0.1
colbench_backend_programming,367,10,0,0.0
colbench_backend_programming,368,10,3,0.3
colbench_backend_programming,369,10,0,0.0
colbench_backend_programming,370,10,0,0.0
colbench_backend_programming,371,10,2,0.2
colbench_backend_programming,372,10,2,0.2
colbench_backend_programming,373,10,10,1.0
colbench_backend_programming,374,10,0,0.0
colbench_backend_programming,375,10,2,0.2
colbench_backend_programming,376,10,1,0.1
colbench_backend_programming,377,10,7,0.7
colbench_backend_programming,378,10,0,0.0
colbench_backend_programming,379,10,1,0.1
colbench_backend_programming,380,10,2,0.2
colbench_backend_programming,381,10,8,0.8
colbench_backend_programming,382,10,0,0.0
colbench_backend_programming,383,10,3,0.3
colbench_backend_programming,384,10,5,0.5
colbench_backend_programming,385,10,0,0.0
colbench_backend_programming,386,10,9,0.9
colbench_backend_programming,387,10,1,0.1
colbench_backend_programming,388,10,0,0.0
colbench_backend_programming,389,10,9,0.9
colbench_backend_programming,390,10,0,0.0
colbench_backend_programming,391,10,5,0.5
colbench_backend_programming,392,10,2,0.2
colbench_backend_programming,393,10,1,0.1
colbench_backend_programming,394,10,0,0.0
colbench_backend_programming,395,10,3,0.3
colbench_backend_programming,396,10,2,0.2
colbench_backend_programming,397,10,10,1.0
colbench_backend_programming,398,10,2,0.2
colbench_backend_programming,399,10,1,0.1
colbench_backend_programming,400,10,1,0.1
colbench_backend_programming,401,10,4,0.4
colbench_backend_programming,402,10,0,0.0
colbench_backend_programming,403,10,3,0.3
colbench_backend_programming,404,10,1,0.1
colbench_backend_programming,405,10,3,0.3
colbench_backend_programming,406,10,0,0.0
colbench_backend_programming,407,10,5,0.5
colbench_backend_programming,408,10,0,0.0
colbench_backend_programming,409,10,10,1.0
colbench_backend_programming,410,10,0,0.0
colbench_backend_programming,411,10,0,0.0
colbench_backend_programming,412,10,2,0.2
colbench_backend_programming,413,10,1,0.1
colbench_backend_programming,414,10,5,0.5
colbench_backend_programming,415,10,8,0.8
colbench_backend_programming,416,10,4,0.4
colbench_backend_programming,417,10,2,0.2
colbench_backend_programming,418,10,2,0.2
colbench_backend_programming,419,10,0,0.0
colbench_backend_programming,420,10,1,0.1
colbench_backend_programming,421,10,1,0.1
colbench_backend_programming,422,10,3,0.3
colbench_backend_programming,423,10,2,0.2
colbench_backend_programming,424,10,0,0.0
colbench_backend_programming,425,10,9,0.9
colbench_backend_programming,426,10,1,0.1
colbench_backend_programming,427,10,0,0.0
colbench_backend_programming,428,10,9,0.9
colbench_backend_programming,429,10,3,0.3
colbench_backend_programming,430,10,4,0.4
colbench_backend_programming,431,10,5,0.5
colbench_backend_programming,432,10,8,0.8
colbench_backend_programming,433,10,4,0.4
colbench_backend_programming,434,10,3,0.3
colbench_backend_programming,435,10,1,0.1
colbench_backend_programming,436,10,0,0.0
colbench_backend_programming,437,10,7,0.7
colbench_backend_programming,438,10,3,0.3
colbench_backend_programming,439,10,6,0.6
colbench_backend_programming,440,10,6,0.6
colbench_backend_programming,441,10,7,0.7
colbench_backend_programming,442,10,10,1.0
colbench_backend_programming,443,10,9,0.9
colbench_backend_programming,444,10,0,0.0
colbench_backend_programming,445,10,0,0.0
colbench_backend_programming,446,10,10,1.0
colbench_backend_programming,447,10,4,0.4
colbench_backend_programming,448,10,2,0.2
colbench_backend_programming,449,10,0,0.0
colbench_backend_programming,450,10,9,0.9
colbench_backend_programming,451,10,10,1.0
colbench_backend_programming,452,10,5,0.5
colbench_backend_programming,453,10,7,0.7
colbench_backend_programming,454,10,4,0.4
colbench_backend_programming,455,10,4,0.4
colbench_backend_programming,456,10,0,0.0
colbench_backend_programming,457,10,10,1.0
colbench_backend_programming,458,10,3,0.3
colbench_backend_programming,459,10,1,0.1
colbench_backend_programming,460,10,1,0.1
colbench_backend_programming,461,10,0,0.0
colbench_backend_programming,462,10,1,0.1
colbench_backend_programming,463,10,0,0.0
colbench_backend_programming,464,10,8,0.8
colbench_backend_programming,465,10,0,0.0
colbench_backend_programming,466,10,0,0.0
colbench_backend_programming,467,10,2,0.2
colbench_backend_programming,468,10,1,0.1
colbench_backend_programming,469,10,0,0.0
colbench_backend_programming,470,10,0,0.0
colbench_backend_programming,471,10,1,0.1
colbench_backend_programming,472,10,0,0.0
colbench_backend_programming,473,10,3,0.3
colbench_backend_programming,474,10,1,0.1
colbench_backend_programming,475,10,9,0.9
colbench_backend_programming,476,10,0,0.0
colbench_backend_programming,477,10,1,0.1
colbench_backend_programming,478,10,10,1.0
colbench_backend_programming,479,10,4,0.4
colbench_backend_programming,480,10,10,1.0
colbench_backend_programming,481,10,1,0.1
colbench_backend_programming,482,10,0,0.0
colbench_backend_programming,483,10,7,0.7
colbench_backend_programming,484,10,4,0.4
colbench_backend_programming,485,10,0,0.0
colbench_backend_programming,486,10,3,0.3
colbench_backend_programming,487,10,2,0.2
colbench_backend_programming,488,10,2,0.2
colbench_backend_programming,489,10,8,0.8
colbench_backend_programming,490,10,0,0.0
colbench_backend_programming,491,10,0,0.0
colbench_backend_programming,492,10,8,0.8
colbench_backend_programming,493,10,0,0.0
colbench_backend_programming,494,10,0,0.0
colbench_backend_programming,495,10,0,0.0
colbench_backend_programming,496,10,0,0.0
colbench_backend_programming,497,10,9,0.9
colbench_backend_programming,498,10,3,0.3
colbench_backend_programming,499,10,7,0.7
colbench_backend_programming,500,10,6,0.6
colbench_backend_programming,501,10,1,0.1
colbench_backend_programming,502,10,4,0.4
colbench_backend_programming,503,10,7,0.7
colbench_backend_programming,504,10,6,0.6
colbench_backend_programming,505,10,0,0.0
colbench_backend_programming,506,10,7,0.7
colbench_backend_programming,507,10,2,0.2
colbench_backend_programming,508,10,8,0.8
colbench_backend_programming,509,10,8,0.8
colbench_backend_programming,510,10,7,0.7
colbench_backend_programming,511,10,0,0.0
colbench_backend_programming,512,10,5,0.5
colbench_backend_programming,513,10,0,0.0
colbench_backend_programming,514,10,3,0.3
colbench_backend_programming,515,10,6,0.6
colbench_backend_programming,516,10,6,0.6
colbench_backend_programming,517,10,1,0.1
colbench_backend_programming,518,10,0,0.0
colbench_backend_programming,519,10,5,0.5
colbench_backend_programming,520,10,0,0.0
colbench_backend_programming,521,10,1,0.1
colbench_backend_programming,522,10,10,1.0
colbench_backend_programming,523,10,4,0.4
colbench_backend_programming,524,10,1,0.1
colbench_backend_programming,525,10,1,0.1
colbench_backend_programming,526,10,2,0.2
colbench_backend_programming,527,10,8,0.8
colbench_backend_programming,528,10,10,1.0
colbench_backend_programming,529,10,0,0.0
colbench_backend_programming,530,10,10,1.0
colbench_backend_programming,531,10,9,0.9
colbench_backend_programming,532,10,2,0.2
colbench_backend_programming,533,10,0,0.0
colbench_backend_programming,534,10,7,0.7
colbench_backend_programming,535,10,0,0.0
colbench_backend_programming,536,10,1,0.1
colbench_backend_programming,537,10,9,0.9
colbench_backend_programming,538,10,5,0.5
colbench_backend_programming,539,10,0,0.0
colbench_backend_programming,540,10,5,0.5
colbench_backend_programming,541,10,2,0.2
colbench_backend_programming,542,10,0,0.0
colbench_backend_programming,543,10,9,0.9
colbench_backend_programming,544,10,0,0.0
colbench_backend_programming,545,10,2,0.2
colbench_backend_programming,546,10,9,0.9
colbench_backend_programming,547,10,10,1.0
colbench_backend_programming,548,10,6,0.6
colbench_backend_programming,549,10,7,0.7
colbench_backend_programming,550,10,8,0.8
colbench_backend_programming,551,10,0,0.0
colbench_backend_programming,552,10,0,0.0
colbench_backend_programming,553,10,8,0.8
colbench_backend_programming,554,10,0,0.0
colbench_backend_programming,555,10,0,0.0
colbench_backend_programming,556,10,10,1.0
colbench_backend_programming,557,10,1,0.1
colbench_backend_programming,558,10,3,0.3
colbench_backend_programming,559,10,7,0.7
colbench_backend_programming,560,10,2,0.2
colbench_backend_programming,561,10,4,0.4
colbench_backend_programming,562,10,0,0.0
colbench_backend_programming,563,10,5,0.5
colbench_backend_programming,564,10,1,0.1
colbench_backend_programming,565,10,6,0.6
colbench_backend_programming,566,10,5,0.5
colbench_backend_programming,567,10,4,0.4
colbench_backend_programming,568,10,7,0.7
colbench_backend_programming,569,10,2,0.2
colbench_backend_programming,570,10,0,0.0
colbench_backend_programming,571,10,3,0.3
colbench_backend_programming,572,10,1,0.1
colbench_backend_programming,573,10,10,1.0
colbench_backend_programming,574,10,3,0.3
colbench_backend_programming,575,10,0,0.0
colbench_backend_programming,576,10,10,1.0
colbench_backend_programming,577,10,1,0.1
colbench_backend_programming,578,10,8,0.8
colbench_backend_programming,579,10,7,0.7
colbench_backend_programming,580,10,4,0.4
colbench_backend_programming,581,10,10,1.0
colbench_backend_programming,582,10,3,0.3
colbench_backend_programming,583,10,2,0.2
colbench_backend_programming,584,10,1,0.1
colbench_backend_programming,585,10,2,0.2
colbench_backend_programming,586,10,0,0.0
colbench_backend_programming,587,10,1,0.1
colbench_backend_programming,588,10,8,0.8
colbench_backend_programming,589,10,0,0.0
colbench_backend_programming,590,10,0,0.0
colbench_backend_programming,591,10,7,0.7
colbench_backend_programming,592,10,9,0.9
colbench_backend_programming,593,10,8,0.8
colbench_backend_programming,594,10,1,0.1
colbench_backend_programming,595,10,1,0.1
colbench_backend_programming,596,10,2,0.2
colbench_backend_programming,597,10,10,1.0
colbench_backend_programming,598,10,1,0.1
colbench_backend_programming,599,10,4,0.4
colbench_backend_programming,600,10,0,0.0
colbench_backend_programming,601,10,9,0.9
colbench_backend_programming,602,10,3,0.3
colbench_backend_programming,603,10,2,0.2
colbench_backend_programming,604,10,3,0.3
colbench_backend_programming,605,10,9,0.9
colbench_backend_programming,606,10,0,0.0
colbench_backend_programming,607,10,1,0.1
colbench_backend_programming,608,10,3,0.3
colbench_backend_programming,609,10,0,0.0
colbench_backend_programming,610,10,0,0.0
colbench_backend_programming,611,10,8,0.8
colbench_backend_programming,612,10,1,0.1
colbench_backend_programming,613,10,6,0.6
colbench_backend_programming,614,10,4,0.4
colbench_backend_programming,615,10,0,0.0
colbench_backend_programming,616,10,0,0.0
colbench_backend_programming,617,10,0,0.0
colbench_backend_programming,618,10,8,0.8
colbench_backend_programming,619,10,1,0.1
colbench_backend_programming,620,10,0,0.0
colbench_backend_programming,621,10,0,0.0
colbench_backend_programming,622,10,4,0.4
colbench_backend_programming,623,10,1,0.1
colbench_backend_programming,624,10,1,0.1
colbench_backend_programming,625,10,3,0.3
colbench_backend_programming,626,10,0,0.0
colbench_backend_programming,627,10,5,0.5
colbench_backend_programming,628,10,6,0.6
colbench_backend_programming,629,10,5,0.5
colbench_backend_programming,630,10,8,0.8
colbench_backend_programming,631,10,0,0.0
colbench_backend_programming,632,10,0,0.0
colbench_backend_programming,633,10,0,0.0
colbench_backend_programming,634,10,0,0.0
colbench_backend_programming,635,10,4,0.4
colbench_backend_programming,636,10,2,0.2
colbench_backend_programming,637,10,5,0.5
colbench_backend_programming,638,10,9,0.9
colbench_backend_programming,639,10,3,0.3
colbench_backend_programming,640,10,0,0.0
colbench_backend_programming,641,10,0,0.0
colbench_backend_programming,642,10,0,0.0
colbench_backend_programming,643,10,5,0.5
colbench_backend_programming,644,10,5,0.5
colbench_backend_programming,645,10,6,0.6
colbench_backend_programming,646,10,10,1.0
colbench_backend_programming,647,10,3,0.3
colbench_backend_programming,648,10,0,0.0
colbench_backend_programming,649,10,8,0.8
colbench_backend_programming,650,10,3,0.3
colbench_backend_programming,651,10,0,0.0
colbench_backend_programming,652,10,5,0.5
colbench_backend_programming,653,10,0,0.0
colbench_backend_programming,654,10,0,0.0
colbench_backend_programming,655,10,2,0.2
colbench_backend_programming,656,10,1,0.1
colbench_backend_programming,657,10,9,0.9
colbench_backend_programming,658,10,5,0.5
colbench_backend_programming,659,10,0,0.0
colbench_backend_programming,660,10,6,0.6
colbench_backend_programming,661,10,0,0.0
colbench_backend_programming,662,10,0,0.0
colbench_backend_programming,663,10,6,0.6
colbench_backend_programming,664,10,6,0.6
colbench_backend_programming,665,10,3,0.3
colbench_backend_programming,666,10,0,0.0
colbench_backend_programming,667,10,2,0.2
colbench_backend_programming,668,10,5,0.5
colbench_backend_programming,669,10,0,0.0
colbench_backend_programming,670,10,2,0.2
colbench_backend_programming,671,10,2,0.2
colbench_backend_programming,672,10,5,0.5
colbench_backend_programming,673,10,0,0.0
colbench_backend_programming,674,10,1,0.1
colbench_backend_programming,675,10,0,0.0
colbench_backend_programming,676,10,6,0.6
colbench_backend_programming,677,10,2,0.2
colbench_backend_programming,678,10,2,0.2
colbench_backend_programming,679,10,6,0.6
colbench_backend_programming,680,10,10,1.0
colbench_backend_programming,681,10,10,1.0
colbench_backend_programming,682,10,10,1.0
colbench_backend_programming,683,10,9,0.9
colbench_backend_programming,684,10,1,0.1
colbench_backend_programming,685,10,0,0.0
colbench_backend_programming,686,10,0,0.0
colbench_backend_programming,687,10,0,0.0
colbench_backend_programming,688,10,0,0.0
colbench_backend_programming,689,10,10,1.0
colbench_backend_programming,690,10,1,0.1
colbench_backend_programming,691,10,1,0.1
colbench_backend_programming,692,10,1,0.1
colbench_backend_programming,693,10,3,0.3
colbench_backend_programming,694,10,0,0.0
colbench_backend_programming,695,10,1,0.1
colbench_backend_programming,696,10,0,0.0
colbench_backend_programming,697,10,0,0.0
colbench_backend_programming,698,10,5,0.5
colbench_backend_programming,699,10,9,0.9
colbench_backend_programming,700,10,9,0.9
colbench_backend_programming,701,10,7,0.7
colbench_backend_programming,702,10,7,0.7
colbench_backend_programming,703,10,1,0.1
colbench_backend_programming,704,10,0,0.0
colbench_backend_programming,705,10,1,0.1
colbench_backend_programming,706,10,10,1.0
colbench_backend_programming,707,10,3,0.3
colbench_backend_programming,708,10,1,0.1
colbench_backend_programming,709,10,4,0.4
colbench_backend_programming,710,10,10,1.0
colbench_backend_programming,711,10,9,0.9
colbench_backend_programming,712,10,10,1.0
colbench_backend_programming,713,10,2,0.2
colbench_backend_programming,714,10,5,0.5
colbench_backend_programming,715,10,7,0.7
colbench_backend_programming,716,10,5,0.5
colbench_backend_programming,717,10,0,0.0
colbench_backend_programming,718,10,4,0.4
colbench_backend_programming,719,10,0,0.0
colbench_backend_programming,720,10,0,0.0
colbench_backend_programming,721,10,10,1.0
colbench_backend_programming,722,10,9,0.9
colbench_backend_programming,723,10,0,0.0
colbench_backend_programming,724,10,0,0.0
colbench_backend_programming,725,10,3,0.3
colbench_backend_programming,726,10,7,0.7
colbench_backend_programming,727,10,0,0.0
colbench_backend_programming,728,10,4,0.4
colbench_backend_programming,729,10,2,0.2
colbench_backend_programming,730,10,8,0.8
colbench_backend_programming,731,10,4,0.4
colbench_backend_programming,732,10,3,0.3
colbench_backend_programming,733,10,3,0.3
colbench_backend_programming,734,10,8,0.8
colbench_backend_programming,735,10,3,0.3
colbench_backend_programming,736,10,2,0.2
colbench_backend_programming,737,10,5,0.5
colbench_backend_programming,738,10,9,0.9
colbench_backend_programming,739,10,6,0.6
colbench_backend_programming,740,10,8,0.8
colbench_backend_programming,741,10,0,0.0
colbench_backend_programming,742,10,1,0.1
colbench_backend_programming,743,10,2,0.2
colbench_backend_programming,744,10,8,0.8
colbench_backend_programming,745,10,0,0.0
colbench_backend_programming,746,10,0,0.0
colbench_backend_programming,747,10,0,0.0
colbench_backend_programming,748,10,9,0.9
colbench_backend_programming,749,10,0,0.0
colbench_backend_programming,750,10,0,0.0
colbench_backend_programming,751,10,9,0.9
colbench_backend_programming,752,10,7,0.7
colbench_backend_programming,753,10,10,1.0
colbench_backend_programming,754,10,6,0.6
colbench_backend_programming,755,10,4,0.4
colbench_backend_programming,756,10,10,1.0
colbench_backend_programming,757,10,2,0.2
colbench_backend_programming,758,10,7,0.7
colbench_backend_programming,759,10,7,0.7
colbench_backend_programming,760,10,1,0.1
colbench_backend_programming,761,10,10,1.0
colbench_backend_programming,762,10,1,0.1
colbench_backend_programming,763,10,3,0.3
colbench_backend_programming,764,10,9,0.9
colbench_backend_programming,765,10,0,0.0
colbench_backend_programming,766,10,10,1.0
colbench_backend_programming,767,10,7,0.7
colbench_backend_programming,768,10,5,0.5
colbench_backend_programming,769,10,5,0.5
colbench_backend_programming,770,10,6,0.6
colbench_backend_programming,771,10,1,0.1
colbench_backend_programming,772,10,4,0.4
colbench_backend_programming,773,10,0,0.0
colbench_backend_programming,774,10,6,0.6
colbench_backend_programming,775,10,1,0.1
colbench_backend_programming,776,10,7,0.7
colbench_backend_programming,777,10,2,0.2
colbench_backend_programming,778,10,9,0.9
colbench_backend_programming,779,10,0,0.0
colbench_backend_programming,780,10,2,0.2
colbench_backend_programming,781,10,9,0.9
colbench_backend_programming,782,10,5,0.5
colbench_backend_programming,783,10,2,0.2
colbench_backend_programming,784,10,0,0.0
colbench_backend_programming,785,10,0,0.0
colbench_backend_programming,786,10,0,0.0
colbench_backend_programming,787,10,6,0.6
colbench_backend_programming,788,10,3,0.3
colbench_backend_programming,789,10,0,0.0
colbench_backend_programming,790,10,8,0.8
colbench_backend_programming,791,10,6,0.6
colbench_backend_programming,792,10,6,0.6
colbench_backend_programming,793,10,0,0.0
colbench_backend_programming,794,10,2,0.2
colbench_backend_programming,795,10,0,0.0
colbench_backend_programming,796,10,0,0.0
colbench_backend_programming,797,10,0,0.0
colbench_backend_programming,798,10,7,0.7
colbench_backend_programming,799,10,4,0.4
colbench_backend_programming,800,10,7,0.7
colbench_backend_programming,801,10,2,0.2
colbench_backend_programming,802,10,5,0.5
colbench_backend_programming,803,10,0,0.0
colbench_backend_programming,804,10,4,0.4
colbench_backend_programming,805,10,3,0.3
colbench_backend_programming,806,10,0,0.0
colbench_backend_programming,807,10,2,0.2
colbench_backend_programming,808,10,0,0.0
colbench_backend_programming,809,10,0,0.0
colbench_backend_programming,810,10,5,0.5
colbench_backend_programming,811,10,10,1.0
colbench_backend_programming,812,10,9,0.9
colbench_backend_programming,813,10,7,0.7
colbench_backend_programming,814,10,10,1.0
colbench_backend_programming,815,10,2,0.2
colbench_backend_programming,816,10,6,0.6
colbench_backend_programming,817,10,0,0.0
colbench_backend_programming,818,10,0,0.0
colbench_backend_programming,819,10,5,0.5
colbench_backend_programming,820,10,0,0.0
colbench_backend_programming,821,10,9,0.9
colbench_backend_programming,822,10,2,0.2
colbench_backend_programming,823,10,9,0.9
colbench_backend_programming,824,10,1,0.1
colbench_backend_programming,825,10,7,0.7
colbench_backend_programming,826,10,2,0.2
colbench_backend_programming,827,10,0,0.0
colbench_backend_programming,828,10,1,0.1
colbench_backend_programming,829,10,10,1.0
colbench_backend_programming,830,10,8,0.8
colbench_backend_programming,831,10,10,1.0
colbench_backend_programming,832,10,0,0.0
colbench_backend_programming,833,10,10,1.0
colbench_backend_programming,834,10,6,0.6
colbench_backend_programming,835,10,2,0.2
colbench_backend_programming,836,10,0,0.0
colbench_backend_programming,837,10,8,0.8
colbench_backend_programming,838,10,5,0.5
colbench_backend_programming,839,10,0,0.0
colbench_backend_programming,840,10,9,0.9
colbench_backend_programming,841,10,9,0.9
colbench_backend_programming,842,10,0,0.0
colbench_backend_programming,843,10,0,0.0
colbench_backend_programming,844,10,1,0.1
colbench_backend_programming,845,10,2,0.2
colbench_backend_programming,846,10,1,0.1
colbench_backend_programming,847,10,3,0.3
colbench_backend_programming,848,10,0,0.0
colbench_backend_programming,849,10,0,0.0
colbench_backend_programming,850,10,4,0.4
colbench_backend_programming,851,10,2,0.2
colbench_backend_programming,852,10,7,0.7
colbench_backend_programming,853,10,1,0.1
colbench_backend_programming,854,10,2,0.2
colbench_backend_programming,855,10,0,0.0
colbench_backend_programming,856,10,1,0.1
colbench_backend_programming,857,10,6,0.6
colbench_backend_programming,858,10,2,0.2
colbench_backend_programming,859,10,0,0.0
colbench_backend_programming,860,10,4,0.4
colbench_backend_programming,861,10,2,0.2
colbench_backend_programming,862,10,3,0.3
colbench_backend_programming,863,10,1,0.1
colbench_backend_programming,864,10,4,0.4
colbench_backend_programming,865,10,7,0.7
colbench_backend_programming,866,10,5,0.5
colbench_backend_programming,867,10,0,0.0
colbench_backend_programming,868,10,8,0.8
colbench_backend_programming,869,10,9,0.9
colbench_backend_programming,870,10,8,0.8
colbench_backend_programming,871,10,1,0.1
colbench_backend_programming,872,10,6,0.6
colbench_backend_programming,873,10,0,0.0
colbench_backend_programming,874,10,4,0.4
colbench_backend_programming,875,10,0,0.0
colbench_backend_programming,876,10,9,0.9
colbench_backend_programming,877,10,10,1.0
colbench_backend_programming,878,10,0,0.0
colbench_backend_programming,879,10,3,0.3
colbench_backend_programming,880,10,1,0.1
colbench_backend_programming,881,10,4,0.4
colbench_backend_programming,882,10,0,0.0
colbench_backend_programming,883,10,2,0.2
colbench_backend_programming,884,10,1,0.1
colbench_backend_programming,885,10,0,0.0
colbench_backend_programming,886,10,0,0.0
colbench_backend_programming,887,10,0,0.0
colbench_backend_programming,888,10,2,0.2
colbench_backend_programming,889,10,3,0.3
colbench_backend_programming,890,10,10,1.0
colbench_backend_programming,891,10,0,0.0
colbench_backend_programming,892,10,0,0.0
colbench_backend_programming,893,10,0,0.0
colbench_backend_programming,894,10,1,0.1
colbench_backend_programming,895,10,0,0.0
colbench_backend_programming,896,10,1,0.1
colbench_backend_programming,897,10,0,0.0
colbench_backend_programming,898,10,0,0.0
colbench_backend_programming,899,10,5,0.5
colbench_backend_programming,900,10,3,0.3
colbench_backend_programming,901,10,9,0.9
colbench_backend_programming,902,10,7,0.7
colbench_backend_programming,903,10,4,0.4
colbench_backend_programming,904,10,3,0.3
colbench_backend_programming,905,10,2,0.2
colbench_backend_programming,906,10,5,0.5
colbench_backend_programming,907,10,0,0.0
colbench_backend_programming,908,10,1,0.1
colbench_backend_programming,909,10,0,0.0
colbench_backend_programming,910,10,1,0.1
colbench_backend_programming,911,10,10,1.0
colbench_backend_programming,912,10,0,0.0
colbench_backend_programming,913,10,1,0.1
colbench_backend_programming,914,10,2,0.2
colbench_backend_programming,915,10,7,0.7
colbench_backend_programming,916,10,2,0.2
colbench_backend_programming,917,10,10,1.0
colbench_backend_programming,918,10,5,0.5
colbench_backend_programming,919,10,0,0.0
colbench_backend_programming,920,10,1,0.1
colbench_backend_programming,921,10,2,0.2
colbench_backend_programming,922,10,9,0.9
colbench_backend_programming,923,10,6,0.6
colbench_backend_programming,924,10,0,0.0
colbench_backend_programming,925,10,5,0.5
colbench_backend_programming,926,10,3,0.3
colbench_backend_programming,927,10,2,0.2
colbench_backend_programming,928,10,0,0.0
colbench_backend_programming,929,10,4,0.4
colbench_backend_programming,930,10,0,0.0
colbench_backend_programming,931,10,0,0.0
colbench_backend_programming,932,10,10,1.0
colbench_backend_programming,933,10,0,0.0
colbench_backend_programming,934,10,10,1.0
colbench_backend_programming,935,10,8,0.8
colbench_backend_programming,936,10,3,0.3
colbench_backend_programming,937,10,1,0.1
colbench_backend_programming,938,10,0,0.0
colbench_backend_programming,939,10,6,0.6
colbench_backend_programming,940,10,1,0.1
colbench_backend_programming,941,10,0,0.0
colbench_backend_programming,942,10,0,0.0
colbench_backend_programming,943,10,0,0.0
colbench_backend_programming,944,10,8,0.8
colbench_backend_programming,945,10,10,1.0
colbench_backend_programming,946,10,0,0.0
colbench_backend_programming,947,10,7,0.7
colbench_backend_programming,948,10,0,0.0
colbench_backend_programming,949,10,1,0.1
colbench_backend_programming,950,10,2,0.2
colbench_backend_programming,951,10,5,0.5
colbench_backend_programming,952,10,1,0.1
colbench_backend_programming,953,10,7,0.7
colbench_backend_programming,954,10,0,0.0
colbench_backend_programming,955,10,0,0.0
colbench_backend_programming,956,10,10,1.0
colbench_backend_programming,957,10,0,0.0
colbench_backend_programming,958,10,0,0.0
colbench_backend_programming,959,10,5,0.5
colbench_backend_programming,960,10,0,0.0
colbench_backend_programming,961,10,1,0.1
colbench_backend_programming,962,10,0,0.0
colbench_backend_programming,963,10,0,0.0
colbench_backend_programming,964,10,0,0.0
colbench_backend_programming,965,10,5,0.5
colbench_backend_programming,966,10,0,0.0
colbench_backend_programming,967,10,0,0.0
colbench_backend_programming,968,10,10,1.0
colbench_backend_programming,969,10,1,0.1
colbench_backend_programming,970,10,0,0.0
colbench_backend_programming,971,10,10,1.0
colbench_backend_programming,972,10,0,0.0
colbench_backend_programming,973,10,0,0.0
colbench_backend_programming,974,10,0,0.0
colbench_backend_programming,975,10,0,0.0
colbench_backend_programming,976,10,0,0.0
colbench_backend_programming,977,10,3,0.3
colbench_backend_programming,978,10,0,0.0
colbench_backend_programming,979,10,2,0.2
colbench_backend_programming,980,10,0,0.0
colbench_backend_programming,981,10,0,0.0
colbench_backend_programming,982,10,6,0.6
colbench_backend_programming,983,10,9,0.9
colbench_backend_programming,984,10,4,0.4
colbench_backend_programming,985,10,7,0.7
colbench_backend_programming,986,10,1,0.1
colbench_backend_programming,987,10,6,0.6
colbench_backend_programming,988,10,0,0.0
colbench_backend_programming,989,10,0,0.0
colbench_backend_programming,990,10,2,0.2
colbench_backend_programming,991,10,2,0.2
colbench_backend_programming,992,10,3,0.3
colbench_backend_programming,993,10,5,0.5
colbench_backend_programming,994,10,1,0.1
colbench_backend_programming,995,10,8,0.8
colbench_backend_programming,996,10,0,0.0
colbench_backend_programming,997,10,0,0.0
colbench_backend_programming,998,10,0,0.0
colbench_backend_programming,999,10,0,0.0
corebench_hard,capsule-0504157,66,22,0.3333333333333333
corebench_hard,capsule-0851068,66,35,0.5303030303030303
corebench_hard,capsule-0921079,66,41,0.6212121212121212
corebench_hard,capsule-1175539,66,44,0.6666666666666666
corebench_hard,capsule-1394704,66,4,0.06060606060606061
corebench_hard,capsule-1624349,66,16,0.24242424242424243
corebench_hard,capsule-1724988,66,33,0.5
corebench_hard,capsule-1900704,66,15,0.22727272727272727
corebench_hard,capsule-2345790,66,7,0.10606060606060606
corebench_hard,capsule-2414499,66,46,0.696969696969697
corebench_hard,capsule-2708693,66,9,0.13636363636363635
corebench_hard,capsule-2804717,66,7,0.10606060606060606
corebench_hard,capsule-2816027,66,16,0.24242424242424243
corebench_hard,capsule-3262218,66,16,0.24242424242424243
corebench_hard,capsule-3301293,66,21,0.3181818181818182
corebench_hard,capsule-3418007,66,7,0.10606060606060606
corebench_hard,capsule-3449234,66,2,0.030303030303030304
corebench_hard,capsule-3593259,66,32,0.48484848484848486
corebench_hard,capsule-3639589,66,22,0.3333333333333333
corebench_hard,capsule-3821950,66,0,0.0
corebench_hard,capsule-3849634,66,35,0.5303030303030303
corebench_hard,capsule-4180912,66,40,0.6060606060606061
corebench_hard,capsule-4252248,66,1,0.015151515151515152
corebench_hard,capsule-4299879,66,4,0.06060606060606061
corebench_hard,capsule-4671827,66,16,0.24242424242424243
corebench_hard,capsule-4728591,66,19,0.2878787878787879
corebench_hard,capsule-4933686,66,4,0.06060606060606061
corebench_hard,capsule-5136217,66,3,0.045454545454545456
corebench_hard,capsule-5507257,66,1,0.015151515151515152
corebench_hard,capsule-6003668,66,31,0.4696969696969697
corebench_hard,capsule-6049678,66,29,0.4393939393939394
corebench_hard,capsule-7186268,66,12,0.18181818181818182
corebench_hard,capsule-7716865,66,1,0.015151515151515152
corebench_hard,capsule-8234136,66,10,0.15151515151515152
corebench_hard,capsule-8536428,66,0,0.0
corebench_hard,capsule-8807709,66,8,0.12121212121212122
corebench_hard,capsule-9052293,66,39,0.5909090909090909
corebench_hard,capsule-9054015,66,9,0.13636363636363635
corebench_hard,capsule-9137200,66,15,0.22727272727272727
corebench_hard,capsule-9240688,66,6,0.09090909090909091
corebench_hard,capsule-9641396,66,36,0.5454545454545454
corebench_hard,capsule-9660931,66,0,0.0
corebench_hard,capsule-9670283,66,30,0.45454545454545453
corebench_hard,capsule-9832712,66,7,0.10606060606060606
corebench_hard,capsule-9911222,66,3,0.045454545454545456
gaia,00d579ea-0889-4fd9-a771-2c8d79835c8d,37,15,0.40540540540540543
gaia,023e9d44-96ae-4eed-b912-244ee8c3b994,37,18,0.4864864864864865
gaia,0383a3ee-47a7-41a4-b493-519bdefe0488,37,14,0.3783783783783784
gaia,04a04a9b-226c-43fd-b319-d5e89743676f,37,18,0.4864864864864865
gaia,0512426f-4d28-49f0-be77-06d05daec096,37,14,0.3783783783783784
gaia,05407167-39ec-4d3a-a234-73a9120c325d,37,15,0.40540540540540543
gaia,076c8171-9b3b-49b9-a477-244d2a532826,37,29,0.7837837837837838
gaia,08c0b6e9-1b43-4c2e-ae55-4e3fce2c2715,37,17,0.4594594594594595
gaia,08cae58d-4084-4616-b6dd-dd6534e4825b,37,13,0.35135135135135137
gaia,08f3a05f-5947-4089-a4c4-d4bcfaa6b7a0,37,26,0.7027027027027027
gaia,0a3cd321-3e76-4622-911b-0fda2e5d6b1a,37,11,0.2972972972972973
gaia,0a65cb96-cb6e-4a6a-8aae-c1084f613456,37,26,0.7027027027027027
gaia,0b260a57-3f3a-4405-9f29-6d7a1012dbfb,37,13,0.35135135135135137
gaia,0bb3b44a-ede5-4db5-a520-4e844b0079c5,37,10,0.2702702702702703
gaia,0bdb7c40-671d-4ad1-9ce3-986b159c0ddc,37,15,0.40540540540540543
gaia,0e9e85b8-52b9-4de4-b402-5f635ab9631f,37,3,0.08108108108108109
gaia,0ff53813-3367-4f43-bcbd-3fd725c1bf4b,37,20,0.5405405405405406
gaia,114d5fd0-e2ae-4b6d-a65a-870da2d19c08,37,12,0.32432432432432434
gaia,11af4e1a-5f45-467d-9aeb-46f4bb0bf034,37,36,0.972972972972973
gaia,14569e28-c88c-43e4-8c32-097d35b9a67d,37,13,0.35135135135135137
gaia,16d825ff-1623-4176-a5b5-42e0f5c2b0ac,37,17,0.4594594594594595
gaia,17b5a6a3-bc87-42e8-b0fb-6ab0781ef2cc,37,21,0.5675675675675675
gaia,1dcc160f-c187-48c2-b68e-319bd4354f3d,37,9,0.24324324324324326
gaia,1f975693-876d-457b-a649-393859e79bf3,37,8,0.21621621621621623
gaia,20194330-9976-4043-8632-f8485c6c71b2,37,8,0.21621621621621623
gaia,23dd907f-1261-4488-b21c-e9185af91d5e,37,18,0.4864864864864865
gaia,27d5d136-8563-469e-92bf-fd103c28b57c,37,35,0.9459459459459459
gaia,2a649bb1-795f-4a01-b3be-9a01868dae73,37,20,0.5405405405405406
gaia,2b3ef98c-cc05-450b-a719-711aee40ac65,37,11,0.2972972972972973
gaia,2d83110e-a098-4ebb-9987-066c06fa42d0,37,34,0.918918918918919
gaia,2dfc4c37-fec1-4518-84a7-10095d30ad75,37,6,0.16216216216216217
gaia,305ac316-eef6-4446-960a-92d80d542f82,37,21,0.5675675675675675
gaia,32102e3e-d12a-4209-9163-7b3a104efe5d,37,25,0.6756756756756757
gaia,33d8ea3b-6c6b-4ff1-803d-7e270dea8a57,37,28,0.7567567567567568
gaia,3627a8be-a77f-41bb-b807-7e1bd4c0ebdf,37,31,0.8378378378378378
gaia,366e2f2b-8632-4ef2-81eb-bc3877489217,37,12,0.32432432432432434
gaia,384d0dd8-e8a4-4cfe-963c-d37f256e7662,37,10,0.2702702702702703
gaia,389793a7-ca17-4e82-81cb-2b3a2391b4b9,37,23,0.6216216216216216
gaia,3cef3a44-215e-4aed-8e3b-b1e3f08063b7,37,23,0.6216216216216216
gaia,3da89939-209c-4086-8520-7eb734e6b4ef,37,5,0.13513513513513514
gaia,3f57289b-8c60-48be-bd80-01f8099ca449,37,24,0.6486486486486487
gaia,3ff6b7a9-a5bd-4412-ad92-0cd0d45c0fee,37,28,0.7567567567567568
gaia,42576abe-0deb-4869-8c63-225c2d75a95a,37,29,0.7837837837837838
gaia,42d4198c-5895-4f0a-b0c0-424a66465d83,37,5,0.13513513513513514
gaia,46719c30-f4c3-4cad-be07-d5cb21eee6bb,37,6,0.16216216216216217
gaia,48eb8242-1099-4c26-95d4-ef22b002457a,37,5,0.13513513513513514
gaia,4b650a35-8529-4695-89ed-8dc7a500a498,37,21,0.5675675675675675
gaia,4b6bb5f7-f634-410e-815d-e673ab7f8632,37,13,0.35135135135135137
gaia,4d0aa727-86b1-406b-9b33-f870dd14a4a5,37,27,0.7297297297297297
gaia,4d51c4bf-4b0e-4f3d-897b-3f6687a7d9f2,37,15,0.40540540540540543
gaia,4fc2f1ae-8625-45b5-ab34-ad4433bc21f8,37,27,0.7297297297297297
gaia,50ad0280-0819-4bd9-b275-5de32d3b5bcb,37,14,0.3783783783783784
gaia,50ec8903-b81f-4257-9450-1085afd2c319,37,30,0.8108108108108109
gaia,50f58759-7bd6-406f-9b0d-5692beb2a926,37,8,0.21621621621621623
gaia,5188369a-3bbe-43d8-8b94-11558f909a08,37,26,0.7027027027027027
gaia,544b7f0c-173a-4377-8d56-57b36eb26ddf,37,32,0.8648648648648649
gaia,54612da3-fd56-4941-80f4-5eb82330de25,37,26,0.7027027027027027
gaia,56137764-b4e0-45b8-9c52-1866420c3df5,37,27,0.7297297297297297
gaia,56db2318-640f-477a-a82f-bc93ad13e882,37,27,0.7297297297297297
gaia,5a0c1adf-205e-4841-a666-7c3ef95def9d,37,26,0.7027027027027027
gaia,5b2a14e8-6e59-479c-80e3-4696e8980152,37,11,0.2972972972972973
gaia,5cfb274c-0207-4aa7-9575-6ac0bd95d9b2,37,28,0.7567567567567568
gaia,5d0080cb-90d7-4712-bc33-848150e917d3,37,25,0.6756756756756757
gaia,5f982798-16b9-4051-ab57-cfc7ebdb2a91,37,4,0.10810810810810811
gaia,624cbf11-6a41-4692-af9c-36b3e5ca3130,37,7,0.1891891891891892
gaia,6359a0b1-8f7b-499b-9336-840f9ab90688,37,2,0.05405405405405406
gaia,65638e28-7f37-4fa7-b7b9-8c19bb609879,37,18,0.4864864864864865
gaia,65afbc8a-89ca-4ad5-8d62-355bb401f61d,37,7,0.1891891891891892
gaia,65da0822-a48a-4a68-bbad-8ed1b835a834,37,22,0.5945945945945946
gaia,676e5e31-a554-4acc-9286-b60d90a92d26,37,12,0.32432432432432434
gaia,67e8878b-5cef-4375-804e-e6291fdbe78a,37,19,0.5135135135135135
gaia,6b078778-0b90-464d-83f6-59511c811b01,37,12,0.32432432432432434
gaia,6f37996b-2ac7-44b0-8e68-6d28256631b4,37,34,0.918918918918919
gaia,708b99c5-e4a7-49cb-a5cf-933c8d46470d,37,15,0.40540540540540543
gaia,71345b0a-9c7d-4b50-b2bf-937ec5879845,37,17,0.4594594594594595
gaia,72c06643-a2fa-4186-aa5c-9ec33ae9b445,37,1,0.02702702702702703
gaia,72e110e7-464c-453c-a309-90a95aed6538,37,14,0.3783783783783784
gaia,73c1b9fe-ee1d-4cf4-96ca-35c08f97b054,37,23,0.6216216216216216
gaia,7619a514-5fa8-43ef-9143-83b66a43d7a4,37,9,0.24324324324324326
gaia,7673d772-ef80-4f0f-a602-1bf4485c9b43,37,2,0.05405405405405406
gaia,7a4a336d-dcfa-45a0-b014-824c7619e8de,37,3,0.08108108108108109
gaia,7b5377b0-3f38-4103-8ad2-90fe89864c04,37,24,0.6486486486486487
gaia,7bd855d8-463d-4ed5-93ca-5fe35145f733,37,24,0.6486486486486487
gaia,7cc4acfa-63fd-4acc-a1a1-e8e529e0a97f,37,31,0.8378378378378378
gaia,7d4a7d1d-cac6-44a8-96e8-ea9584a70825,37,20,0.5405405405405406
gaia,7dd30055-0198-452e-8c25-f73dbe27dcb8,37,8,0.21621621621621623
gaia,8131e2c0-0083-4265-9ce7-78c2d568425d,37,13,0.35135135135135137
gaia,840bfca7-4f7b-481a-8794-c560c340185d,37,22,0.5945945945945946
gaia,851e570a-e3de-4d84-bcfa-cc85578baa59,37,7,0.1891891891891892
gaia,853c8244-429e-46ca-89f2-addf40dfb2bd,37,6,0.16216216216216217
gaia,872bfbb1-9ccf-49f6-8c5f-aa22818ccd66,37,9,0.24324324324324326
gaia,87c610df-bef7-4932-b950-1d83ef4e282b,37,21,0.5675675675675675
gaia,8b3379c0-0981-4f5b-8407-6444610cb212,37,10,0.2702702702702703
gaia,8d46b8d6-b38a-47ff-ac74-cda14cf2d19b,37,2,0.05405405405405406
gaia,8e867cd7-cff9-4e6c-867a-ff5ddc2550be,37,14,0.3783783783783784
gaia,8f80e01c-1296-4371-9486-bb3d68651a60,37,0,0.0
gaia,9318445f-fe6a-4e1b-acbf-c68228c9906a,36,2,0.05555555555555555
gaia,935e2cff-ae78-4218-b3f5-115589b19dae,37,23,0.6216216216216216
gaia,983bba7c-c092-455f-b6c9-7857003d48fc,37,12,0.32432432432432434
gaia,99c9cc74-fdc8-46c6-8f8d-3ce2d3bfeea3,37,11,0.2972972972972973
gaia,9b54f9d9-35ee-4a14-b62f-d130ea00317f,37,14,0.3783783783783784
gaia,9d191bce-651d-4746-be2d-7ef8ecadb9c2,37,29,0.7837837837837838
gaia,9e1fc53b-46ff-49a1-9d05-9e6faac34cc5,37,14,0.3783783783783784
gaia,9f41b083-683e-4dcf-9185-ccfeaa88fa45,37,14,0.3783783783783784
gaia,a0068077-79f4-461a-adfe-75c1a4148545,37,17,0.4594594594594595
gaia,a0c07678-e491-4bbc-8f0b-07405144218f,37,13,0.35135135135135137
gaia,a1e91b78-d3d8-4675-bb8d-62741b4b68a6,37,26,0.7027027027027027
gaia,a26649c6-1cb2-470a-871e-6910c64c3e53,37,26,0.7027027027027027
gaia,a3fbeb63-0e8c-4a11-bff6-0e3b484c3e9c,37,18,0.4864864864864865
gaia,a56f1527-3abf-41d6-91f8-7296d6336c3f,37,20,0.5405405405405406
gaia,a7feb290-76bb-4cb7-8800-7edaf7954f2f,37,9,0.24324324324324326
gaia,ad2b4d70-9314-4fe6-bfbe-894a45f6055f,37,6,0.16216216216216217
gaia,ad37a656-079a-49f9-a493-7b739c9167d1,37,30,0.8108108108108109
gaia,b2c257e0-3ad7-4f05-b8e3-d9da973be36e,37,5,0.13513513513513514
gaia,b415aba4-4b68-4fc6-9b89-2c812e55a3e1,37,8,0.21621621621621623
gaia,b4cc024b-3f5e-480e-b96a-6656493255b5,37,17,0.4594594594594595
gaia,b7f857e4-d8aa-4387-af2a-0e844df5b9d8,37,30,0.8108108108108109
gaia,b816bfce-3d80-4913-a07d-69b752ce6377,37,21,0.5675675675675675
gaia,b9763138-c053-4832-9f55-86200cb1f99c,37,20,0.5405405405405406
gaia,bda648d7-d618-4883-88f4-3466eabd860e,37,29,0.7837837837837838
gaia,bec74516-02fc-48dc-b202-55e78d0e17cf,37,6,0.16216216216216217
gaia,bfcd99e1-0690-4b53-a85c-0174a8629083,37,14,0.3783783783783784
gaia,c365c1c7-a3db-4d5e-a9a1-66f56eae7865,37,9,0.24324324324324326
gaia,c3a79cfe-8206-451f-aca8-3fec8ebe51d3,37,15,0.40540540540540543
gaia,c526d8d6-5987-4da9-b24c-83466fa172f3,37,0,0.0
gaia,c61d22de-5f6c-4958-a7f6-5e9707bd3466,37,20,0.5405405405405406
gaia,c714ab3a-da30-4603-bacd-d008800188b9,37,34,0.918918918918919
gaia,c8b7e059-c60d-472e-ad64-3b04ae1166dc,37,7,0.1891891891891892
gaia,cabe07ed-9eca-40ea-8ead-410ef5e83f91,37,20,0.5405405405405406
gaia,cca530fc-4052-43b2-b130-b30968d8aa44,37,2,0.05405405405405406
gaia,cca70ce6-1952-45d2-acd4-80c903b0bc49,37,3,0.08108108108108109
gaia,cf106601-ab4f-4af9-b045-5295fe67b37d,37,28,0.7567567567567568
gaia,cffe0e32-c9a6-4c52-9877-78ceb4aaa9fb,37,20,0.5405405405405406
gaia,d0633230-7067-47a9-9dbf-ee11e0a2cdd6,37,6,0.16216216216216217
gaia,d1af70ea-a9a4-421a-b9cc-94b5e02f1788,37,13,0.35135135135135137
gaia,d5141ca5-e7a0-469f-bf3e-e773507c86e2,37,9,0.24324324324324326
gaia,d700d50d-c707-4dca-90dc-4528cddd0c80,37,32,0.8648648648648649
gaia,d8152ad6-e4d5-4c12-8bb7-8d57dc10c6de,37,15,0.40540540540540543
gaia,da52d699-e8d2-4dc5-9191-a2199e0b6a9b,37,20,0.5405405405405406
gaia,db4fd70a-2d37-40ea-873f-9433dc5e301f,37,10,0.2702702702702703
gaia,dc22a632-937f-4e6a-b72f-ba0ff3f5ff97,37,12,0.32432432432432434
gaia,dc28cf18-6431-458b-83ef-64b3ce566c10,37,37,1.0
gaia,dd3c7503-f62a-4bd0-9f67-1b63b94194cc,37,36,0.972972972972973
gaia,de9887f5-ead8-4727-876f-5a4078f8598c,37,15,0.40540540540540543
gaia,ded28325-3447-4c56-860f-e497d6fb3577,37,0,0.0
gaia,df6561b2-7ee5-4540-baab-5095f742716a,37,2,0.05405405405405406
gaia,e0c10771-d627-4fd7-9694-05348e54ee36,37,19,0.5135135135135135
gaia,e142056d-56ab-4352-b091-b56054bd1359,37,0,0.0
gaia,e1fc63a2-da7a-432f-be78-7c4a95598703,37,22,0.5945945945945946
gaia,e29834fd-413a-455c-a33e-c3915b07401c,37,14,0.3783783783783784
gaia,e2d69698-bc99-4e85-9880-67eaccd66e6c,37,19,0.5135135135135135
gaia,e4e91f1c-1dcd-439e-9fdd-cb976f5293fd,37,16,0.43243243243243246
gaia,e8cb5b03-41e0-4086-99e5-f6806cd97211,37,18,0.4864864864864865
gaia,e961a717-6b25-4175-8a68-874d28190ee4,37,30,0.8108108108108109
gaia,e9a2c537-8232-4c3f-85b0-b52de6bcba99,37,8,0.21621621621621623
gaia,ebbc1f13-d24d-40df-9068-adcf735b4240,37,7,0.1891891891891892
gaia,ec09fa32-d03f-4bf8-84b0-1f16922c3ae4,37,15,0.40540540540540543
gaia,ecbc4f94-95a3-4cc7-b255-6741a458a625,37,6,0.16216216216216217
gaia,ed58682d-bc52-4baa-9eb0-4eb81e1edacc,37,21,0.5675675675675675
gaia,edd4d4f2-1a58-45c4-b038-67337af4e029,37,25,0.6756756756756757
gaia,f0f46385-fc03-4599-b5d3-f56496c3e69f,37,33,0.8918918918918919
gaia,f2feb6a4-363c-4c09-a804-0db564eafd68,37,12,0.32432432432432434
gaia,f3917a3d-1d17-4ee2-90c5-683b072218fe,37,19,0.5135135135135135
gaia,f46b4380-207e-4434-820b-f32ce04ae2a4,37,21,0.5675675675675675
gaia,f918266a-b3e0-4914-865d-4faa564f1aef,37,26,0.7027027027027027
online_mind2web,0059adc6b12a3822305deb68929b2de8,36,30,0.8333333333333334
online_mind2web,005be9dd91c95669d6ddde9ae667125c,36,8,0.2222222222222222
online_mind2web,0170ca95038b05fa58d463fe627ac605,36,22,0.6111111111111112
online_mind2web,01abae9608f2d8752a83e08f136f720c,36,7,0.19444444444444445
online_mind2web,046138801a05ddf56ad94e8672942496,36,13,0.3611111111111111
online_mind2web,05483c50cc9b04c8ac44c574758fb2bd,36,10,0.2777777777777778
online_mind2web,0632e496d37badee0350dad358f047c5,36,25,0.6944444444444444
online_mind2web,070c907d34a4ce71dfdbea38f9c5d4d8,36,12,0.3333333333333333
online_mind2web,07bdc595306729a028ba06cc7451a80a,36,16,0.4444444444444444
online_mind2web,07ec4a12cba8090e2dc524d558ac7675,36,35,0.9722222222222222
online_mind2web,0a0fa834ce41b5297c6474293383759d,32,6,0.1875
online_mind2web,0a0fa834ce41b5297c6474293383759d_110325,4,1,0.25
online_mind2web,0a54069a0ef542e571d1fee7f39c93d5,36,7,0.19444444444444445
online_mind2web,0b2623e9fa5cea997f76490bcbc5220f,36,9,0.25
online_mind2web,0b51b4fa0295ae80ccd176ebdad6fff6,36,10,0.2777777777777778
online_mind2web,0b838cd54f826c59c71f600c56b89a11,36,0,0.0
online_mind2web,0e42c3a73f2aece1f854e0ba55b7c8b0,36,3,0.08333333333333333
online_mind2web,0e5536aaad9d3462b06cf725e6ed535a,36,2,0.05555555555555555
online_mind2web,11857213ca01510f12813740afd59918,32,1,0.03125
online_mind2web,11857213ca01510f12813740afd59918_110325,4,2,0.5
online_mind2web,11abb668c751dd56bb41f296a8bb3a13,36,22,0.6111111111111112
online_mind2web,1223b07536a87e0170ff87cbbebd1d3c,36,9,0.25
online_mind2web,123e8c2fc453f55fadd1d0b9aaf94df4,36,11,0.3055555555555556
online_mind2web,157f4a79d55e8fa3fd55ba772ba40fbc,36,2,0.05555555555555555
online_mind2web,15be05973fba714e490cd9c884e4f072,36,18,0.5
online_mind2web,16200f51d63f0a47a58fa17acd49e368,36,29,0.8055555555555556
online_mind2web,180ed2ec377ef3a4af9035a21522091a,36,16,0.4444444444444444
online_mind2web,199be0b54a436daee74247971fc684ee,32,2,0.0625
online_mind2web,199be0b54a436daee74247971fc684ee_110325,4,2,0.5
online_mind2web,1ab384fb3a791edfb410213cc6b82151,32,0,0.0
online_mind2web,1ab384fb3a791edfb410213cc6b82151_110325,4,1,0.25
online_mind2web,1aeca99e6a60b0e3aefb3ef212bdce79,36,6,0.16666666666666666
online_mind2web,1b867afecf072cb877ebfa4069263746,36,16,0.4444444444444444
online_mind2web,1bc154377120ec15b18dbabdba49c741,36,0,0.0
online_mind2web,1c3b747ae12ccee895745f82e3f2ef8a,36,4,0.1111111111111111
online_mind2web,1df24ec81137386d6476bcf343a79012,36,8,0.2222222222222222
online_mind2web,1fc28d91d25ccd1c6ba268101326a654,36,34,0.9444444444444444
online_mind2web,207e933d1bba815bcb58664b5d82c085,36,4,0.1111111111111111
online_mind2web,20a460a8fe1971b84411c5b1e6ac4186,36,32,0.8888888888888888
online_mind2web,2207bb4f21786690cfed20b37253fb8b,36,31,0.8611111111111112
online_mind2web,2218042362d8fae73756eb309848c2b2,36,2,0.05555555555555555
online_mind2web,23204728192da9f73197a613d9681c18,36,24,0.6666666666666666
online_mind2web,239a29bde438fe44fe17fe1390ef1634,36,0,0.0
online_mind2web,246d654fab7c31d9651007e39e75f74f,36,15,0.4166666666666667
online_mind2web,2532fd402d3c741b79894e6ff2269f53,36,31,0.8611111111111112
online_mind2web,255bf27c43fd3f9254d6b81a5f36d3a9,36,4,0.1111111111111111
online_mind2web,26784156ae9859a0dd6c5920eb106f91,36,25,0.6944444444444444
online_mind2web,26810ed9c123a62992e3eed31db3c5ee,36,33,0.9166666666666666
online_mind2web,26a0e5c21c145dd8448aa92f35bec5ea,36,26,0.7222222222222222
online_mind2web,271b36efd4346721b5542488ff997042,36,11,0.3055555555555556
online_mind2web,27fa3ac20745d3d35e89fae157f63069,36,7,0.19444444444444445
online_mind2web,28e7574e7bd6d14f36d2988a5ef2bd23,36,4,0.1111111111111111
online_mind2web,29526b17a32485742b5ab63507e99417,36,34,0.9444444444444444
online_mind2web,29b7372d5a3884a2ba831af2d117af3c,36,21,0.5833333333333334
online_mind2web,2c20d87a046fadcb6ff07ee877bfbf37,36,19,0.5277777777777778
online_mind2web,2c8ef01a92c71ba9ef2e59bb17eea2b3,32,6,0.1875
online_mind2web,2c8ef01a92c71ba9ef2e59bb17eea2b3_110325,4,3,0.75
online_mind2web,2d5a7f95f951a26838289dfd629ae850,32,14,0.4375
online_mind2web,2d5a7f95f951a26838289dfd629ae850_110325,4,0,0.0
online_mind2web,2dd41b1d0e8f389d0683f4a4627abfe6,36,15,0.4166666666666667
online_mind2web,2e4e21cf1449c6894b17d571c47b77ea,36,6,0.16666666666666666
online_mind2web,2fc51dd3febd447f0fdcdabca8d944ce,32,1,0.03125
online_mind2web,2fc51dd3febd447f0fdcdabca8d944ce_110325,4,2,0.5
online_mind2web,301f267f421b93045874726183e8f722,36,2,0.05555555555555555
online_mind2web,3084bc225219fcb73dc1cb0f97276c1c,36,10,0.2777777777777778
online_mind2web,323bd85e3559655d89e5496b951a25e8,36,27,0.75
online_mind2web,330cd04c773ac498f51afa4665461ec8,36,7,0.19444444444444445
online_mind2web,33bd2cdcea4fcc42a09a8a1e4e5841c6,32,1,0.03125
online_mind2web,33bd2cdcea4fcc42a09a8a1e4e5841c6_110325,4,0,0.0
online_mind2web,3443e9c3151fef19a3c3a45eb2c13640,36,1,0.027777777777777776
online_mind2web,34992feb69eb8e788faa06868b365c49,36,16,0.4444444444444444
online_mind2web,34ccd15a8ea8fd3895af83f5ccf62369,36,33,0.9166666666666666
online_mind2web,354b4ddf048815f8fd4163d0d7e1aaa3,36,25,0.6944444444444444
online_mind2web,3621b099326c7aebd2e2dac6be3b52d1,36,20,0.5555555555555556
online_mind2web,367d843c640637745e8fafa741cca13b,36,2,0.05555555555555555
online_mind2web,38203be65401943aea2179c4c680059a,36,18,0.5
online_mind2web,39c388cdc468688c8139cc2bb5157c13,36,5,0.1388888888888889
online_mind2web,3adeea7627f4343069f38adae40f73d0,32,9,0.28125
online_mind2web,3adeea7627f4343069f38adae40f73d0_110325,4,4,1.0
online_mind2web,3ae28b3c440efe87dc700480b78ac608,36,10,0.2777777777777778
online_mind2web,3c1ffc3f494e423b3c434c79e35da8f3,32,8,0.25
online_mind2web,3c1ffc3f494e423b3c434c79e35da8f3_110325,4,4,1.0
online_mind2web,3dca7cbe7d086619d837ff9f5312cebc,32,1,0.03125
online_mind2web,3dca7cbe7d086619d837ff9f5312cebc_110325,4,3,0.75
online_mind2web,3ec0f6138d37fadcb989347a6088ec45,36,26,0.7222222222222222
online_mind2web,3ef64f34eae59c9fac7ee9a4f18b4a0c,36,25,0.6944444444444444
online_mind2web,3f312ae3efc3c3e90ababe050dd4e7ae,36,20,0.5555555555555556
online_mind2web,4091bdd3fa64a5b0d912bc08eaf9c824,36,29,0.8055555555555556
online_mind2web,415bf9da6f3db3a735ecbba3b0c76c15,36,1,0.027777777777777776
online_mind2web,43a1ca251f11c6b0bdd0379766cc49e6,36,3,0.08333333333333333
online_mind2web,442a450e696a96085257db6297891a4d,36,15,0.4166666666666667
online_mind2web,4464a8421f8bc8786524a499258dfad3,36,3,0.08333333333333333
online_mind2web,461ab9b0c7b20ac5f912704480979c65,36,17,0.4722222222222222
online_mind2web,4639a54f3ab549864fd8d60b7398b1e1,36,7,0.19444444444444445
online_mind2web,47186fac8e7c7277af01144644eb4e0b,36,7,0.19444444444444445
online_mind2web,47b93b9e649eadeb8d96a6e3df715c2d,36,27,0.75
online_mind2web,47bfe8a7e0e4e7efc837287b407fbe90,36,4,0.1111111111111111
online_mind2web,47e314cc452c540524ffb7cf520285a3,36,1,0.027777777777777776
online_mind2web,48c73f3f53e2611c4a1052457c1033db,36,4,0.1111111111111111
online_mind2web,4c186c6ed888d0c8d4cf4adb39443080,36,19,0.5277777777777778
online_mind2web,4c572a627b53b0f9a734ab37f21819b8,36,11,0.3055555555555556
online_mind2web,4d3157aab34b54e5f0c4b965dfe930f3,36,8,0.2222222222222222
online_mind2web,4e0f5561a76478da87995dee00b09572,36,27,0.75
online_mind2web,4e3f6a538cc1f7321cfc50260db9545d,36,28,0.7777777777777778
online_mind2web,4e801ba102dfaf22c7cf7a126b107609,36,15,0.4166666666666667
online_mind2web,4f903626f632586fe4728d6664947bab,36,4,0.1111111111111111
online_mind2web,502e864440283214e0180645015f568b,32,9,0.28125
online_mind2web,502e864440283214e0180645015f568b_110325,4,2,0.5
online_mind2web,50d91eabde542906937ab4c5b6f8f23a,36,8,0.2222222222222222
online_mind2web,512fd4deab099b8dc0dcfc0ec48a3c63,36,8,0.2222222222222222
online_mind2web,515f2e5811cfdd5e0e669e40f17886d8,36,15,0.4166666666666667
online_mind2web,52efbab520734ef9bf7c09ba0f62cdc8,36,28,0.7777777777777778
online_mind2web,547f5729c59d5d12a457a3ebb74c31c6,36,10,0.2777777777777778
online_mind2web,561693d6eec7bbfba3fefe9e4b26decb,36,35,0.9722222222222222
online_mind2web,56f8890a837c49f7df766b9c981646f3,36,26,0.7222222222222222
online_mind2web,5916018d1cad999881018cac1216a692,36,22,0.6111111111111112
online_mind2web,59912927c1fddee6ded8a49986896bc2,36,0,0.0
online_mind2web,59b7b990b4828bc305ab0d7ed6071b55,36,3,0.08333333333333333
online_mind2web,5c00e9561eae94789443f405525a5869,36,23,0.6388888888888888
online_mind2web,5d542a7ec1fa142ba73cc87d970caf39,36,3,0.08333333333333333
online_mind2web,5dec0e6620849459f29e6465982c597e,36,3,0.08333333333333333
online_mind2web,5e1b8254c123c80178cc28e0afdb14f0,32,14,0.4375
online_mind2web,5e1b8254c123c80178cc28e0afdb14f0_110325,4,3,0.75
online_mind2web,5e4e89c9b6fdaee7a41aca5601b82e04,36,22,0.6111111111111112
online_mind2web,608c595eec271fa5dc03506923519994,36,18,0.5
online_mind2web,60cbbbd58eb9d28b053aef945f464228,36,24,0.6666666666666666
online_mind2web,6174e5ddd40cfbdc33ee1502f40bac39,36,12,0.3333333333333333
online_mind2web,627f7a18d85f29a687234f1ade4585c2,36,20,0.5555555555555556
online_mind2web,62c8d970b3d13891f355911e5a8f4030,36,8,0.2222222222222222
online_mind2web,62f1626ce249c31098854f8b38bdd6cf,32,12,0.375
online_mind2web,62f1626ce249c31098854f8b38bdd6cf_110325,4,0,0.0
online_mind2web,636b07af4dd97c1793733db1fd1b90b8,32,1,0.03125
online_mind2web,636b07af4dd97c1793733db1fd1b90b8_110325,4,0,0.0
online_mind2web,63d6866fc000fcb1f153e07604bd1395,36,11,0.3055555555555556
online_mind2web,64345c365f544375357c7b67917f08a0,32,2,0.0625
online_mind2web,64345c365f544375357c7b67917f08a0_110325,4,1,0.25
online_mind2web,644a856c3897665e475e0dce50bf217d,36,18,0.5
online_mind2web,64b76158720a69e4a5c31a55d54928bf,36,2,0.05555555555555555
online_mind2web,65c4030f22fb6eb101acfee4825f1318,36,21,0.5833333333333334
online_mind2web,662ae0f2d3ac851dbcdd245f908277e3,36,15,0.4166666666666667
online_mind2web,690d7b4a285fdb1e9dabf973bf46ae4d,36,11,0.3055555555555556
online_mind2web,6b2cfae0ef25c73d1224b6ab74cb8b63,36,10,0.2777777777777778
online_mind2web,6b5be1764692d1dc8f17dc4375b2daa8,36,30,0.8333333333333334
online_mind2web,6ca20f1da01edeb49a7a42c816d8c6fe,36,21,0.5833333333333334
online_mind2web,6db4a0e346976f2729ba9afcd3208941,36,16,0.4444444444444444
online_mind2web,6ebde509dca8f15c0fa1bd74f071e8d6,36,13,0.3611111111111111
online_mind2web,7072d09436972a5d5fe7476e3e9f1559,36,4,0.1111111111111111
online_mind2web,71f8de1834599fba443f40dbbfab8edd,36,21,0.5833333333333334
online_mind2web,7211af65d266402f99499053924262e9,36,5,0.1388888888888889
online_mind2web,733f1d8bf79d5bc2240c5357f928ffff,36,0,0.0
online_mind2web,73d08420706ae205a9c5be28b6d4e80f,36,21,0.5833333333333334
online_mind2web,75146b7b67388b9244e0f21a1527c022,36,5,0.1388888888888889
online_mind2web,753f372c189d3b306623cb0c65b50320,36,2,0.05555555555555555
online_mind2web,7562d9b4e4829a44245aafce2e1f62db,36,5,0.1388888888888889
online_mind2web,75a1b5dcd2c28508a971d98d51fe5767,36,28,0.7777777777777778
online_mind2web,7680a920359cb1a508fbddb001b98167,36,18,0.5
online_mind2web,783ce6a3499fa7cf25bc12f8f0ecbbbb,36,20,0.5555555555555556
online_mind2web,78baf9dbe7c3532f7d7ef4cc22a7f065,36,4,0.1111111111111111
online_mind2web,78f397336b6fd1cbba0127db7a8cd502,36,19,0.5277777777777778
online_mind2web,79f0bd7df6e685f30f20025cc6755c0a,32,1,0.03125
online_mind2web,79f0bd7df6e685f30f20025cc6755c0a_110325,4,1,0.25
online_mind2web,7abdceee212151f187ee1a1744c57606,36,22,0.6111111111111112
online_mind2web,7b182a5087347d494b48a29dbc0f1d3e,36,12,0.3333333333333333
online_mind2web,7be8cd8dba885cddd9af5320f49bc41b,36,17,0.4722222222222222
online_mind2web,7c09c2c7c87cf6bb1138701eb54284ea,36,1,0.027777777777777776
online_mind2web,7e1047f4803237f319c004f7a7f6bccb,36,0,0.0
online_mind2web,7e6993f2c5cd72c44809024f0bc85dc1,36,1,0.027777777777777776
online_mind2web,7fff82864f21ddeccf4104a220892824,36,0,0.0
online_mind2web,8103786e0e5976ebf961bd062d5f39cd,36,15,0.4166666666666667
online_mind2web,816851ff92ff0219acf4364dcc2c4692,32,9,0.28125
online_mind2web,816851ff92ff0219acf4364dcc2c4692_110325,4,0,0.0
online_mind2web,8244409b2c82043f966cad05f9afe132,36,1,0.027777777777777776
online_mind2web,824eb7bb0ef1ce40bfd49c12182d9428,32,0,0.0
online_mind2web,824eb7bb0ef1ce40bfd49c12182d9428_110325,4,0,0.0
online_mind2web,828c2d98616a9478d5864d847d5a1b28,36,15,0.4166666666666667
online_mind2web,82eb3bfedd78456a0230b389f4e7a938,36,23,0.6388888888888888
online_mind2web,84ef883a37af638c3bcf7561f28ce80a,36,2,0.05555555555555555
online_mind2web,84f806c7fc15576673915f195efa72df,36,2,0.05555555555555555
online_mind2web,853afd530c72f4b00ffc32ae854efaf8,36,21,0.5833333333333334
online_mind2web,85b284c18d7e78c9b5a9e074e7aa3b98,36,1,0.027777777777777776
online_mind2web,864244b6969e0f8733b0eb1ca06cd51f,36,22,0.6111111111111112
online_mind2web,8689af4d33ce00bf2cdd8987d3bbfd86,36,12,0.3333333333333333
online_mind2web,871e7771cecb989972f138ecc373107b,36,30,0.8333333333333334
online_mind2web,87f4c5128e36cdb9366a138a7b61bb00,36,8,0.2222222222222222
online_mind2web,8ae510355d978424f490798f900bfa2c,36,2,0.05555555555555555
online_mind2web,8ea6c3a2ea3f59150619935261a76d19,36,25,0.6944444444444444
online_mind2web,8f2611047de227a2ca8bda13f6e2e5fb,32,1,0.03125
online_mind2web,8f2611047de227a2ca8bda13f6e2e5fb_110325,4,1,0.25
online_mind2web,8f80e64e44e1fada018997b2fe869683,32,12,0.375
online_mind2web,8f80e64e44e1fada018997b2fe869683_110325,4,3,0.75
online_mind2web,8fdec8eeffd3491e6526cc78c028120b,36,28,0.7777777777777778
online_mind2web,905cb53061c33aa2d77e485fe1fca516,36,4,0.1111111111111111
online_mind2web,92160852a6bbbc165cee4e14ab0b1d59,36,0,0.0
online_mind2web,92a3d4236f167af4afdc08876a902ba6,36,35,0.9722222222222222
online_mind2web,949dc965a6c23a95663b3bc2ca2c3a8a,36,0,0.0
online_mind2web,9586827ad04ee2362f4f0076bf0f0468,36,27,0.75
online_mind2web,95cad96f2e43f3c0d8efad1331c77c8c,36,33,0.9166666666666666
online_mind2web,96afb3c51146b0c2a9c55f039a5ea6d6,36,0,0.0
online_mind2web,9829f3087ab1f9c8eba6b6dd2b831d25,36,3,0.08333333333333333
online_mind2web,987bad7c6d4726d64232a8a1c3386888,36,8,0.2222222222222222
online_mind2web,99daaed9a83c266341d28aa40067d376,36,3,0.08333333333333333
online_mind2web,9af05e392cf3f5a8ff17aa764ba5bda6,36,1,0.027777777777777776
online_mind2web,9b5dfe54a1c14c5c6336bae7374c3bb5,36,12,0.3333333333333333
online_mind2web,9bb63ad0e38d5691a618932a8b31c05a,36,12,0.3333333333333333
online_mind2web,9c04b71bb8db6cf8e743b2290cbc8797,36,18,0.5
online_mind2web,9c97bab9c2abfb90a426cbe9addae8d0,32,10,0.3125
online_mind2web,9c97bab9c2abfb90a426cbe9addae8d0_110325,4,0,0.0
online_mind2web,9d090a15c214eb070d9caa8a034d03c1,36,0,0.0
online_mind2web,9d09bc948462db032bac98968b11b008,36,23,0.6388888888888888
online_mind2web,9d46ccb915eff39ee1ae1e7328f5f20d,36,4,0.1111111111111111
online_mind2web,9ed3827266b3b804f485859c3d00401e,36,2,0.05555555555555555
online_mind2web,9ef1a8972f375db59c0e6329e11b7939,36,12,0.3333333333333333
online_mind2web,9f1cba613830ca1c6a58f9498c06e679,32,20,0.625
online_mind2web,9f1cba613830ca1c6a58f9498c06e679_110325,4,1,0.25
online_mind2web,a0a18ca6a3529f3e97c771aadd42d3a0,32,2,0.0625
online_mind2web,a0a18ca6a3529f3e97c771aadd42d3a0_110325,4,0,0.0
online_mind2web,a11ecdff735b51372d536c866011af6f,36,32,0.8888888888888888
online_mind2web,a13e4231a3d6a7000c622c56448d97ba,36,0,0.0
online_mind2web,a172a5d9ffaf5ef02bd550ec4fe24e6d,36,27,0.75
online_mind2web,a48e2f1ee8d87eaeea56fe5e730427e6,36,1,0.027777777777777776
online_mind2web,a5c87cc1c94a090c9a8dc2c8b6a125d0,36,4,0.1111111111111111
online_mind2web,a69d2934fe54fef165490a5a2d95bf38,36,13,0.3611111111111111
online_mind2web,a6f0434ce6aff5f9b03681241b03ad82,36,16,0.4444444444444444
online_mind2web,a7a73c8fa75441fc76df9746c327bdd6,36,12,0.3333333333333333
online_mind2web,a8b9edd598561d2de901864d5f40fe67,36,18,0.5
online_mind2web,a96fca87a17d792644e736d1d10d3cbe,36,20,0.5555555555555556
online_mind2web,aa4b5cb7114fcc138ade82b4b9716d24,36,14,0.3888888888888889
online_mind2web,aafd1fddea1558466ac6133934d35156,36,8,0.2222222222222222
online_mind2web,ab6ee3b83aab6cd283320f5e01003cff,36,15,0.4166666666666667
online_mind2web,ade4c09ad3fdb1607209750924cd232f,36,32,0.8888888888888888
online_mind2web,afcebfed28bea091d58f49ea6cb8194b,36,1,0.027777777777777776
online_mind2web,b1ce968a361e1088ce8d2ade6c2c9af0,36,16,0.4444444444444444
online_mind2web,b2f4fde2fce122a93c7b578086cb0585,36,1,0.027777777777777776
online_mind2web,b320c68bffc1f3c7f2a8dc9d5478fb27,36,23,0.6388888888888888
online_mind2web,b3a7da968de13bbdcaed12ffe4993df6,36,0,0.0
online_mind2web,b3f8bd9198d9d157e0848109563c4b23,36,1,0.027777777777777776
online_mind2web,b4aa7315e31dfcdc52baf7771be260c9,36,15,0.4166666666666667
online_mind2web,b64f938af842f6a1b4489d0e49a785a7,36,1,0.027777777777777776
online_mind2web,b69eb4de621e9e265676daac44938f3f,36,9,0.25
online_mind2web,b6d10e9bd19b4009a02dea0e98f4e1ae,36,33,0.9166666666666666
online_mind2web,b7258ee05d75e6c50673a59914db412e,32,1,0.03125
online_mind2web,b7258ee05d75e6c50673a59914db412e_110325,4,1,0.25
online_mind2web,b7a9a6b5d451164c09bbd27b670bc2ae,36,19,0.5277777777777778
online_mind2web,b922508886ded315c9835457a6eb43ea,36,11,0.3055555555555556
online_mind2web,b962927dfe03bf2274a54381127ed433,36,7,0.19444444444444445
online_mind2web,b99c02965196d51e80ac7539e33f335b,36,4,0.1111111111111111
online_mind2web,ba01ea557b73f864c35ebba0dd6f3cb2,36,6,0.16666666666666666
online_mind2web,ba2a469af584f16da93ce6a7430cf7e5,36,1,0.027777777777777776
online_mind2web,bb314cb80f0f8489135cbf59074d11e2,36,14,0.3888888888888889
online_mind2web,bb518416a786fdb9b9bbf0c78515595e,36,5,0.1388888888888889
online_mind2web,bb5d90e6f2fbc0ae146f7c1998c2b4a1,36,7,0.19444444444444445
online_mind2web,bbbc243b4f18a7a897f0bc84e11d293f,36,26,0.7222222222222222
online_mind2web,bc2ce7f206045dd2d322e5695a947219,36,25,0.6944444444444444
online_mind2web,bd1e3770b7181f6fce9c35e18caa9785,36,18,0.5
online_mind2web,be9e7dca1222714571ef3d7d59d2a41c,36,12,0.3333333333333333
online_mind2web,bf3b311cc8dce16d3de844f4b5875dfd,36,25,0.6944444444444444
online_mind2web,bfa2de159be6978acf2702be31a2eeeb,36,18,0.5
online_mind2web,c00437fd76a7a83b57f3dc4e5dbc41f8,36,4,0.1111111111111111
online_mind2web,c03ee2be3d73556ab789c0ad1cbd3451,36,2,0.05555555555555555
online_mind2web,c073ac1bcf40f84c599affc97edbc396,36,2,0.05555555555555555
online_mind2web,c09721cc937d4dcfb391a0bc2c574b28,36,15,0.4166666666666667
online_mind2web,c0fa2c0e622971955cabf5bcf7b777e8,36,29,0.8055555555555556
online_mind2web,c181f903ec1107b850032c17cad88393,36,6,0.16666666666666666
online_mind2web,c1d6ea6f2196d25782cc3646ff3090db,36,2,0.05555555555555555
online_mind2web,c2153fc053112e89c2f103869c4d6890,36,33,0.9166666666666666
online_mind2web,c3307a70bb12ebf56cc9ec926b368f15,36,28,0.7777777777777778
online_mind2web,c39d6c245f8243993e707d54d2f4acec,36,7,0.19444444444444445
online_mind2web,c3a333968fc3c43d7f2688f425a0d633,36,3,0.08333333333333333
online_mind2web,c43a7dccf5c44f7b45a821e712dd1970,36,0,0.0
online_mind2web,c521933dad9c0ef9f1dfa2f38b8e4405,36,32,0.8888888888888888
online_mind2web,c577a14301a725e09ccd269a3e0b271e,32,2,0.0625
online_mind2web,c577a14301a725e09ccd269a3e0b271e_110325,4,0,0.0
online_mind2web,c698ff3fc0f6cbce39947c597ab5749b,36,29,0.8055555555555556
online_mind2web,c6c9dc6079677cef594cec2fa6b16602,36,2,0.05555555555555555
online_mind2web,c7c07ec10c668625a21ba64165d719bb,36,7,0.19444444444444445
online_mind2web,c801d1c951f59297f526bab84fa86c6e,36,0,0.0
online_mind2web,c8c1ff115879b3afd14280beb1559b13,36,0,0.0
online_mind2web,c8d7f2aa7eb5dd074c48c9f76f8659ad,36,31,0.8611111111111112
online_mind2web,c94551d2b18f9ad0ab31b0bd98ca42e3,36,7,0.19444444444444445
online_mind2web,cad62d2be0c53f08a416457486b3db23,36,11,0.3055555555555556
online_mind2web,ce616721ce9aeda69890fbccb29677a6,36,23,0.6388888888888888
online_mind2web,cf757a775fa1224acfc7998489e199a8,36,8,0.2222222222222222
online_mind2web,cfafe3771369d1d261e9f7ecd44c296d,36,8,0.2222222222222222
online_mind2web,d02d236836924919f35f2438d9ed2374,36,6,0.16666666666666666
online_mind2web,d1807551297ac60ecaaabbd2a2ed301a,32,8,0.25
online_mind2web,d1807551297ac60ecaaabbd2a2ed301a_110325,4,2,0.5
online_mind2web,d1970c16271496cbbe166ecbecc0a1d8,36,4,0.1111111111111111
online_mind2web,d392e154c1c6ffbb26e2331c3afafc67,36,19,0.5277777777777778
online_mind2web,d4fb78b7e74508cd3b33f01cf9200997,36,10,0.2777777777777778
online_mind2web,d5c34bf39eb6096ae5d439325cde4d32,36,36,1.0
online_mind2web,d71be72aa25c3eab8eea47a0e60382e2,36,14,0.3888888888888889
online_mind2web,d730f4ff450da1bd60a836163736ef6a,32,1,0.03125
online_mind2web,d730f4ff450da1bd60a836163736ef6a_110325,4,0,0.0
online_mind2web,d7c955b47af68e01766fa86d0bee08a7,36,12,0.3333333333333333
online_mind2web,d8e2a81fa621ce4737e5ea85671b630e,32,5,0.15625
online_mind2web,d8e2a81fa621ce4737e5ea85671b630e_110325,4,1,0.25
online_mind2web,d9a8689393effeed75ea0866e44e1def,36,18,0.5
online_mind2web,d9d8b7d84a3f8d057e368254fe8d65e2,36,10,0.2777777777777778
online_mind2web,da8f3823a827c7d3a492f383808e7912,36,7,0.19444444444444445
online_mind2web,db1ffb5e60578597d1c3aa3c389ac7b1,36,4,0.1111111111111111
online_mind2web,dcd26e662a616d373ddd339747c6ce5b,36,11,0.3055555555555556
online_mind2web,dd44c665cec1e9c929a4c5f074e7844a,32,3,0.09375
online_mind2web,dd44c665cec1e9c929a4c5f074e7844a_110325,4,1,0.25
online_mind2web,e24662008c3be5d56f986f232fcec447,36,16,0.4444444444444444
online_mind2web,e3ab665e01e7632ce33ac1aeca14aff6,36,13,0.3611111111111111
online_mind2web,e43cbc8a0bf9e999884928d11006f894,32,2,0.0625
online_mind2web,e43cbc8a0bf9e999884928d11006f894_110325,4,1,0.25
online_mind2web,e4e097222d13a2560db6f6892612dab6,36,7,0.19444444444444445
online_mind2web,e4e19e04286f644d747d8c5a79d17fac,36,33,0.9166666666666666
online_mind2web,e7301bb694871429bf2eb36c3a72186c,32,1,0.03125
online_mind2web,e7301bb694871429bf2eb36c3a72186c_110325,4,0,0.0
online_mind2web,e7f6cca9a8875f98fee3b711ead3a444,32,30,0.9375
online_mind2web,e7f6cca9a8875f98fee3b711ead3a444_110325,4,4,1.0
online_mind2web,e9f4dfc67e0e6aa37f05f7cc5aa7428c,36,3,0.08333333333333333
online_mind2web,eb2db4b769c145dbe6ba4f74f3e0de98,36,1,0.027777777777777776
online_mind2web,eb323dc584156d0eb3a2b90bb8c4b791,32,1,0.03125
online_mind2web,eb323dc584156d0eb3a2b90bb8c4b791_110325,4,1,0.25
online_mind2web,ec78d3a635e417bc2a80d03ca93d7165,36,4,0.1111111111111111
online_mind2web,ef289e34a2f59a707cb07e2a6229ff03,36,2,0.05555555555555555
online_mind2web,f00e7accfb4a5e09680bdb326e6274ad,36,34,0.9444444444444444
online_mind2web,f05e87c5b92d9869e08806103c1c15a1,36,4,0.1111111111111111
online_mind2web,f158345f8489e0d1d91e28768c39bca1,36,4,0.1111111111111111
online_mind2web,f2097f92a10d42a842c14179f422311e,36,23,0.6388888888888888
online_mind2web,f27b393bbd2082f92b566270c4b74fe6,36,3,0.08333333333333333
online_mind2web,f27c0a7b8b0bb33d37698dff227fc8d7,36,24,0.6666666666666666
online_mind2web,f2be37a9a60fbc25b6b11cf622d17352,32,0,0.0
online_mind2web,f2be37a9a60fbc25b6b11cf622d17352_110325,4,0,0.0
online_mind2web,f389398d2eeb29e5571e00439c57eb76,36,0,0.0
online_mind2web,f707d765bca668830745d20807d7bee6,36,8,0.2222222222222222
online_mind2web,fa9adb815b85d259f943d81874a052e5,36,10,0.2777777777777778
online_mind2web,fb7b4f784cfde003e2548fdf4e8d6b4f,36,22,0.6111111111111112
online_mind2web,fc53ddd3421411a41c1020a3fdc84ec4,36,2,0.05555555555555555
online_mind2web,fcf4952d2a1d80ea505c555c3c3b54e7,36,1,0.027777777777777776
online_mind2web,fd787623166785d84093565bf945fd24,36,32,0.8888888888888888
online_mind2web,fe33894188d20d7469f37a9fd855e7ff,32,7,0.21875
online_mind2web,fe33894188d20d7469f37a9fd855e7ff_110325,4,3,0.75
scicode,2,38,0,0.0
scicode,5,38,0,0.0
scicode,8,38,3,0.07894736842105263
scicode,9,38,0,0.0
scicode,11,38,0,0.0
scicode,12,38,0,0.0
scicode,13,38,0,0.0
scicode,14,38,3,0.07894736842105263
scicode,15,38,2,0.05263157894736842
scicode,16,38,5,0.13157894736842105
scicode,17,38,0,0.0
scicode,18,38,0,0.0
scicode,20,38,11,0.2894736842105263
scicode,21,38,0,0.0
scicode,22,38,0,0.0
scicode,23,38,0,0.0
scicode,24,38,0,0.0
scicode,25,38,10,0.2631578947368421
scicode,26,38,0,0.0
scicode,27,38,0,0.0
scicode,28,38,0,0.0
scicode,30,38,3,0.07894736842105263
scicode,31,38,0,0.0
scicode,32,38,0,0.0
scicode,33,38,0,0.0
scicode,34,38,0,0.0
scicode,35,38,0,0.0
scicode,36,38,6,0.15789473684210525
scicode,37,38,0,0.0
scicode,39,38,0,0.0
scicode,40,38,0,0.0
scicode,41,38,0,0.0
scicode,42,38,0,0.0
scicode,43,38,0,0.0
scicode,45,38,0,0.0
scicode,46,38,0,0.0
scicode,48,38,0,0.0
scicode,50,38,0,0.0
scicode,52,38,0,0.0
scicode,53,38,12,0.3157894736842105
scicode,54,38,0,0.0
scicode,55,38,0,0.0
scicode,56,38,10,0.2631578947368421
scicode,57,38,0,0.0
scicode,58,38,0,0.0
scicode,59,38,0,0.0
scicode,60,38,0,0.0
scicode,61,38,0,0.0
scicode,62,38,0,0.0
scicode,63,38,0,0.0
scicode,64,38,0,0.0
scicode,65,38,0,0.0
scicode,66,38,0,0.0
scicode,67,38,0,0.0
scicode,68,38,0,0.0
scicode,69,38,0,0.0
scicode,71,38,0,0.0
scicode,72,38,0,0.0
scicode,73,38,0,0.0
scicode,74,38,20,0.5263157894736842
scicode,75,38,0,0.0
scicode,76,38,0,0.0
scicode,77,38,0,0.0
scicode,79,38,0,0.0
scicode,80,38,0,0.0
scienceagentbench,1,25,0,0.0
scienceagentbench,2,25,0,0.0
scienceagentbench,3,25,18,0.72
scienceagentbench,4,25,4,0.16
scienceagentbench,5,25,0,0.0
scienceagentbench,6,25,5,0.2
scienceagentbench,7,25,2,0.08
scienceagentbench,8,25,0,0.0
scienceagentbench,9,25,0,0.0
scienceagentbench,10,25,0,0.0
scienceagentbench,11,25,15,0.6
scienceagentbench,12,25,0,0.0
scienceagentbench,13,25,8,0.32
scienceagentbench,14,25,11,0.44
scienceagentbench,15,25,0,0.0
scienceagentbench,16,25,8,0.32
scienceagentbench,17,25,7,0.28
scienceagentbench,18,25,13,0.52
scienceagentbench,19,25,13,0.52
scienceagentbench,20,25,12,0.48
scienceagentbench,21,25,0,0.0
scienceagentbench,22,25,0,0.0
scienceagentbench,23,25,11,0.44
scienceagentbench,24,25,1,0.04
scienceagentbench,25,25,1,0.04
scienceagentbench,26,25,0,0.0
scienceagentbench,27,25,7,0.28
scienceagentbench,28,25,9,0.36
scienceagentbench,29,25,0,0.0
scienceagentbench,30,25,0,0.0
scienceagentbench,31,25,0,0.0
scienceagentbench,32,25,0,0.0
scienceagentbench,33,25,4,0.16
scienceagentbench,34,25,0,0.0
scienceagentbench,35,25,1,0.04
scienceagentbench,36,25,0,0.0
scienceagentbench,37,25,0,0.0
scienceagentbench,38,25,10,0.4
scienceagentbench,39,25,11,0.44
scienceagentbench,40,25,11,0.44
scienceagentbench,41,25,10,0.4
scienceagentbench,42,25,1,0.04
scienceagentbench,43,25,0,0.0
scienceagentbench,44,25,0,0.0
scienceagentbench,45,25,19,0.76
scienceagentbench,46,25,11,0.44
scienceagentbench,47,25,1,0.04
scienceagentbench,48,25,4,0.16
scienceagentbench,49,25,6,0.24
scienceagentbench,50,25,7,0.28
scienceagentbench,51,25,7,0.28
scienceagentbench,52,25,2,0.08
scienceagentbench,53,25,19,0.76
scienceagentbench,54,25,4,0.16
scienceagentbench,55,25,4,0.16
scienceagentbench,56,25,1,0.04
scienceagentbench,57,25,20,0.8
scienceagentbench,58,25,5,0.2
scienceagentbench,59,25,0,0.0
scienceagentbench,60,25,0,0.0
scienceagentbench,61,25,0,0.0
scienceagentbench,62,25,0,0.0
scienceagentbench,63,25,1,0.04
scienceagentbench,64,25,0,0.0
scienceagentbench,65,25,0,0.0
scienceagentbench,66,25,8,0.32
scienceagentbench,67,25,0,0.0
scienceagentbench,68,25,0,0.0
scienceagentbench,69,25,19,0.76
scienceagentbench,70,25,1,0.04
scienceagentbench,71,25,6,0.24
scienceagentbench,72,25,0,0.0
scienceagentbench,73,25,18,0.72
scienceagentbench,74,25,0,0.0
scienceagentbench,75,25,1,0.04
scienceagentbench,76,25,14,0.56
scienceagentbench,77,25,2,0.08
scienceagentbench,78,25,0,0.0
scienceagentbench,79,25,16,0.64
scienceagentbench,80,25,19,0.76
scienceagentbench,81,25,7,0.28
scienceagentbench,82,25,12,0.48
scienceagentbench,83,25,11,0.44
scienceagentbench,84,25,6,0.24
scienceagentbench,85,25,1,0.04
scienceagentbench,86,25,3,0.12
scienceagentbench,87,25,0,0.0
scienceagentbench,88,25,8,0.32
scienceagentbench,89,25,2,0.08
scienceagentbench,90,25,14,0.56
scienceagentbench,91,25,4,0.16
scienceagentbench,92,25,1,0.04
scienceagentbench,93,25,3,0.12
scienceagentbench,94,25,22,0.88
scienceagentbench,95,25,0,0.0
scienceagentbench,96,25,15,0.6
scienceagentbench,97,25,3,0.12
scienceagentbench,98,25,2,0.08
scienceagentbench,99,25,11,0.44
scienceagentbench,100,25,10,0.4
scienceagentbench,101,25,1,0.04
scienceagentbench,102,25,2,0.08
swebench_verified_mini,django__django-11790,44,15,0.3409090909090909
swebench_verified_mini,django__django-11815,42,21,0.5
swebench_verified_mini,django__django-11848,43,13,0.3023255813953488
swebench_verified_mini,django__django-11880,44,32,0.7272727272727273
swebench_verified_mini,django__django-11885,44,1,0.022727272727272728
swebench_verified_mini,django__django-11951,44,30,0.6818181818181818
swebench_verified_mini,django__django-11964,44,9,0.20454545454545456
swebench_verified_mini,django__django-11999,43,26,0.6046511627906976
swebench_verified_mini,django__django-12039,44,20,0.45454545454545453
swebench_verified_mini,django__django-12050,44,31,0.7045454545454546
swebench_verified_mini,django__django-12143,42,27,0.6428571428571429
swebench_verified_mini,django__django-12155,43,27,0.627906976744186
swebench_verified_mini,django__django-12193,44,10,0.22727272727272727
swebench_verified_mini,django__django-12209,44,24,0.5454545454545454
swebench_verified_mini,django__django-12262,44,26,0.5909090909090909
swebench_verified_mini,django__django-12273,41,1,0.024390243902439025
swebench_verified_mini,django__django-12276,44,30,0.6818181818181818
swebench_verified_mini,django__django-12304,44,17,0.38636363636363635
swebench_verified_mini,django__django-12308,43,6,0.13953488372093023
swebench_verified_mini,django__django-12325,43,5,0.11627906976744186
swebench_verified_mini,django__django-12406,43,0,0.0
swebench_verified_mini,django__django-12708,43,21,0.4883720930232558
swebench_verified_mini,django__django-12713,43,26,0.6046511627906976
swebench_verified_mini,django__django-12774,44,20,0.45454545454545453
swebench_verified_mini,django__django-9296,44,36,0.8181818181818182
swebench_verified_mini,sphinx-doc__sphinx-10323,42,13,0.30952380952380953
swebench_verified_mini,sphinx-doc__sphinx-10435,42,2,0.047619047619047616
swebench_verified_mini,sphinx-doc__sphinx-10466,43,23,0.5348837209302325
swebench_verified_mini,sphinx-doc__sphinx-10673,42,12,0.2857142857142857
swebench_verified_mini,sphinx-doc__sphinx-11510,42,1,0.023809523809523808
swebench_verified_mini,sphinx-doc__sphinx-7590,43,0,0.0
swebench_verified_mini,sphinx-doc__sphinx-7748,43,0,0.0
swebench_verified_mini,sphinx-doc__sphinx-7757,43,18,0.4186046511627907
swebench_verified_mini,sphinx-doc__sphinx-7985,42,1,0.023809523809523808
swebench_verified_mini,sphinx-doc__sphinx-8035,42,16,0.38095238095238093
swebench_verified_mini,sphinx-doc__sphinx-8056,42,0,0.0
swebench_verified_mini,sphinx-doc__sphinx-8265,41,3,0.07317073170731707
swebench_verified_mini,sphinx-doc__sphinx-8269,42,24,0.5714285714285714
swebench_verified_mini,sphinx-doc__sphinx-8475,44,23,0.5227272727272727
swebench_verified_mini,sphinx-doc__sphinx-8548,43,3,0.06976744186046512
swebench_verified_mini,sphinx-doc__sphinx-8551,44,9,0.20454545454545456
swebench_verified_mini,sphinx-doc__sphinx-8638,40,5,0.125
swebench_verified_mini,sphinx-doc__sphinx-8721,44,26,0.5909090909090909
swebench_verified_mini,sphinx-doc__sphinx-9229,42,0,0.0
swebench_verified_mini,sphinx-doc__sphinx-9230,43,15,0.3488372093023256
swebench_verified_mini,sphinx-doc__sphinx-9281,42,17,0.40476190476190477
swebench_verified_mini,sphinx-doc__sphinx-9320,43,25,0.5813953488372093
swebench_verified_mini,sphinx-doc__sphinx-9367,44,28,0.6363636363636364
swebench_verified_mini,sphinx-doc__sphinx-9461,40,2,0.05
swebench_verified_mini,sphinx-doc__sphinx-9698,44,28,0.6363636363636364
taubench_airline,0,45,24,0.5333333333333333
taubench_airline,1,47,33,0.7021276595744681
taubench_airline,2,46,1,0.021739130434782608
taubench_airline,3,47,10,0.2127659574468085
taubench_airline,4,47,25,0.5319148936170213
taubench_airline,5,46,21,0.45652173913043476
taubench_airline,6,47,25,0.5319148936170213
taubench_airline,7,47,31,0.6595744680851063
taubench_airline,8,47,5,0.10638297872340426
taubench_airline,9,47,1,0.02127659574468085
taubench_airline,10,46,11,0.2391304347826087
taubench_airline,11,47,20,0.425531914893617
taubench_airline,12,47,37,0.7872340425531915
taubench_airline,13,46,25,0.5434782608695652
taubench_airline,14,47,25,0.5319148936170213
taubench_airline,15,47,18,0.3829787234042553
taubench_airline,16,47,14,0.2978723404255319
taubench_airline,17,47,12,0.2553191489361702
taubench_airline,18,45,33,0.7333333333333333
taubench_airline,19,47,1,0.02127659574468085
taubench_airline,20,47,23,0.48936170212765956
taubench_airline,21,47,22,0.46808510638297873
taubench_airline,22,47,7,0.14893617021276595
taubench_airline,23,47,4,0.0851063829787234
taubench_airline,24,47,28,0.5957446808510638
taubench_airline,25,47,0,0.0
taubench_airline,26,46,13,0.2826086956521739
taubench_airline,27,46,14,0.30434782608695654
taubench_airline,28,47,8,0.1702127659574468
taubench_airline,29,47,22,0.46808510638297873
taubench_airline,30,46,20,0.43478260869565216
taubench_airline,31,47,18,0.3829787234042553
taubench_airline,32,46,9,0.1956521739130435
taubench_airline,33,46,11,0.2391304347826087
taubench_airline,34,46,19,0.41304347826086957
taubench_airline,35,47,32,0.6808510638297872
taubench_airline,36,47,32,0.6808510638297872
taubench_airline,37,47,30,0.6382978723404256
taubench_airline,38,47,36,0.7659574468085106
taubench_airline,39,47,19,0.40425531914893614
taubench_airline,40,46,21,0.45652173913043476
taubench_airline,41,47,31,0.6595744680851063
taubench_airline,42,47,41,0.8723404255319149
taubench_airline,43,47,36,0.7659574468085106
taubench_airline,44,47,22,0.46808510638297873
taubench_airline,45,47,6,0.1276595744680851
taubench_airline,46,46,14,0.30434782608695654
taubench_airline,47,47,17,0.3617021276595745
taubench_airline,48,47,27,0.574468085106383
taubench_airline,49,47,34,0.723404255319149
usaco,1011_bronze_triangles,15,0,0.0
usaco,1012_bronze_mad_scientist,15,0,0.0
usaco,1013_bronze_swapity_swap,15,0,0.0
usaco,1014_silver_swapity_swapity_swap,15,0,0.0
usaco,1015_silver_triangles,15,0,0.0
usaco,1016_silver_clock_tree,15,0,0.0
usaco,1017_gold_timeline,15,0,0.0
usaco,1018_gold_help_yourself,15,0,0.0
usaco,101_gold_simplifying_the_farm,15,0,0.0
usaco,1021_platinum_equilateral_triangles,15,0,0.0
usaco,1035_bronze_social_distancing_i,15,0,0.0
usaco,1036_bronze_social_distancing_ii,15,0,0.0
usaco,1037_bronze_cowntact_tracing,15,0,0.0
usaco,1038_silver_social_distancing,15,0,0.0
usaco,1039_silver_cereal,15,0,0.0
usaco,103_bronze_gifts,15,0,0.0
usaco,1040_silver_the_moo_particle,15,0,0.0
usaco,104_bronze_haybale_stacking,15,0,0.0
usaco,1059_bronze_do_you_know_your_abcs?,15,0,0.0
usaco,105_bronze_grazing_patterns,15,0,0.0
usaco,1060_bronze_daisy_chains,15,0,0.0
usaco,1062_silver_cowntagion,15,0,0.0
usaco,1063_silver_rectangular_pasture,15,0,0.0
usaco,1064_silver_stuck_in_a_rut,15,0,0.0
usaco,1067_gold_square_pasture,15,0,0.0
usaco,1068_platinum_sleeping_cows,15,0,0.0
usaco,1069_platinum_spaceship,15,0,0.0
usaco,106_silver_delivery_route,15,0,0.0
usaco,107_silver_bale_share,15,0,0.0
usaco,1083_bronze_uddered_but_not_herd,15,0,0.0
usaco,1085_bronze_just_stalling,15,0,0.0
usaco,1086_silver_dance_mooves,15,0,0.0
usaco,1087_silver_no_time_to_paint,15,0,0.0
usaco,1088_silver_spaced_out,15,0,0.0
usaco,108_silver_mountain_climbing,15,0,0.0
usaco,1090_gold_telephone,15,0,0.0
usaco,1108_bronze_comfortable_cows,15,0,0.0
usaco,1109_bronze_clockwise_fence,15,0,0.0
usaco,1111_silver_year_of_the_cow,15,0,0.0
usaco,1112_silver_just_green_enough,15,0,0.0
usaco,1113_gold_stone_game,15,0,0.0
usaco,1114_gold_modern_art_3,15,0,0.0
usaco,1115_gold_count_the_cows,15,0,0.0
usaco,111_gold_bovine_alliance,15,0,0.0
usaco,112_bronze_rope_folding,15,0,0.0
usaco,1131_bronze_acowdemia_i,15,0,0.0
usaco,1132_bronze_acowdemia_ii,15,0,0.0
usaco,1133_bronze_acowdemia_iii,15,0,0.0
usaco,1136_silver_acowdemia,15,0,0.0
usaco,1137_gold_united_cows_of_farmer_john,15,0,0.0
usaco,1138_gold_portals,15,0,0.0
usaco,1139_gold_permutation,15,0,0.0
usaco,1142_platinum_balanced_subsets,15,0,0.0
usaco,114_bronze_moo,15,0,0.0
usaco,1155_bronze_lonely_photo,15,0,0.0
usaco,1156_bronze_air_cownditioning,15,0,0.0
usaco,1157_bronze_walking_home,15,0,0.0
usaco,115_silver_overplanting_(silver),15,0,0.0
usaco,1160_silver_convoluted_intervals,15,0,0.0
usaco,1161_gold_paired_up,15,0,0.0
usaco,1164_platinum_tickets,15,0,0.0
usaco,1179_bronze_herdle,15,0,0.0
usaco,117_silver_relocation,15,0,0.0
usaco,1180_bronze_non-transitive_dice,15,0,0.0
usaco,1181_bronze_drought,15,0,0.0
usaco,1182_silver_searching_for_soulmates,15,0,0.0
usaco,1183_silver_cow_frisbee,15,0,0.0
usaco,1188_platinum_minimizing_haybales,15,0,0.0
usaco,118_gold_cow_coupons,15,0,0.0
usaco,1203_bronze_sleeping_in_class,15,0,0.0
usaco,1204_bronze_photoshoot_2,15,0,0.0
usaco,1205_bronze_blocks,15,0,0.0
usaco,1206_silver_redistributing_gifts,15,0,0.0
usaco,1208_silver_email_filing,15,0,0.0
usaco,1209_gold_redistributing_gifts,15,0,0.0
usaco,120_gold_nearby_cows,15,0,0.0
usaco,1212_platinum_paint_by_rectangles,15,0,0.0
usaco,121_bronze_times_17,15,0,0.0
usaco,1227_bronze_photoshoot,15,0,0.0
usaco,1228_bronze_counting_liars,15,0,0.0
usaco,1229_bronze_alchemy,15,0,0.0
usaco,1230_silver_visits,15,0,0.0
usaco,1231_silver_subset_equality,15,0,0.0
usaco,1232_silver_cow_operations,15,0,0.0
usaco,123_bronze_wrong_directions,15,0,0.0
usaco,1251_bronze_cow_college,15,0,0.0
usaco,1255_silver_circular_barn,15,0,0.0
usaco,1257_gold_bribing_friends,15,0,0.0
usaco,1259_gold_strongest_friendship_group,15,0,0.0
usaco,125_silver_flowerpot,15,0,0.0
usaco,1260_platinum_breakdown,15,0,0.0
usaco,1262_platinum_palindromes,15,0,0.0
usaco,126_silver_landscaping,15,0,0.0
usaco,1275_bronze_leaders,15,0,0.0
usaco,1276_bronze_air_cownditioning_ii,15,0,0.0
usaco,1277_bronze_moo_operations,15,0,0.0
usaco,1278_silver_find_and_replace,15,0,0.0
usaco,1279_silver_following_directions,15,0,0.0
usaco,127_gold_large_banner,15,0,0.0
usaco,1281_gold_find_and_replace,15,0,0.0
usaco,128_gold_haybale_restacking,15,0,0.0
usaco,1299_bronze_hungry_cow,15,0,0.0
usaco,1300_bronze_stamp_grid,15,0,0.0
usaco,1301_bronze_watching_mooloo,15,0,0.0
usaco,1302_silver_bakery,15,0,0.0
usaco,1303_silver_cow-libi,15,0,0.0
usaco,130_bronze_cows_in_a_row,15,0,0.0
usaco,131_bronze_three_lines,15,0,0.0
usaco,1325_bronze_rotate_and_shift,15,0,0.0
usaco,1326_silver_milk_sum,15,0,0.0
usaco,1327_silver_field_day,15,0,0.0
usaco,1328_silver_pareidolia,15,0,0.0
usaco,132_bronze_islands,15,0,0.0
usaco,1330_gold_pareidolia,15,0,0.0
usaco,1333_platinum_good_bitstrings,15,0,0.0
usaco,133_bronze_unlocking_blocks,15,0,0.0
usaco,134_silver_unlocking_blocks_(silver),15,0,0.0
usaco,136_silver_running_laps,15,0,0.0
usaco,137_gold_tied_down,15,0,0.0
usaco,187_bronze_find_the_cow!,15,0,0.0
usaco,188_bronze_typo,15,0,0.0
usaco,189_bronze_horseshoes,15,0,0.0
usaco,190_silver_clumsy_cows,15,0,0.0
usaco,191_silver_distant_pastures,15,0,0.0
usaco,192_silver_balanced_cow_breeds,15,0,0.0
usaco,193_gold_balanced_cow_breeds,15,0,0.0
usaco,194_gold_concurrently_balanced_strings,15,0,0.0
usaco,205_bronze_meet_and_greet,15,0,0.0
usaco,206_bronze_scrambled_letters,15,0,0.0
usaco,209_silver_wifi_setup,15,0,0.0
usaco,210_silver_milk_routing,15,0,0.0
usaco,223_bronze_mirrors,15,0,0.0
usaco,225_bronze_liars_and_truth_tellers,15,0,0.0
usaco,226_silver_painting_the_fence,15,0,0.0
usaco,228_silver_party_invitations,15,0,0.0
usaco,229_gold_cow_lineup,15,0,0.0
usaco,230_gold_island_travels,15,0,0.0
usaco,241_bronze_message_relay,15,0,0.0
usaco,242_bronze_cow_crossings,15,0,0.0
usaco,243_bronze_perimeter,15,0,0.0
usaco,244_silver_perimeter,15,0,0.0
usaco,246_silver_milk_scheduling,15,0,0.0
usaco,247_gold_partitioning_the_farm,15,0,0.0
usaco,248_gold_taxi,15,0,0.0
usaco,249_gold_route_design,15,0,0.0
usaco,259_bronze_cow_race,15,0,0.0
usaco,260_bronze_breed_proximity,15,0,0.0
usaco,261_bronze_breed_assignment,15,0,0.0
usaco,262_silver_poker_hands,15,0,0.0
usaco,263_silver_farm_painting,15,0,0.0
usaco,267_gold_necklace,15,0,0.0
usaco,278_bronze_bovine_ballet,15,0,0.0
usaco,280_bronze_photo,15,0,0.0
usaco,281_bronze_haywire,15,0,0.0
usaco,283_silver_fuel_economy,15,0,0.0
usaco,340_bronze_combination_lock,15,0,0.0
usaco,341_bronze_goldilocks_and_the_n_cows,15,0,0.0
usaco,342_bronze_farmer_john_has_no_large_brown_cow,15,0,0.0
usaco,343_silver_farmer_john_has_no_large_brown_cow,15,0,0.0
usaco,344_silver_crowded_cows,15,0,0.0
usaco,345_silver_pogo-cow,15,0,0.0
usaco,346_gold_empty_stalls,15,0,0.0
usaco,347_gold_line_of_sight,15,0,0.0
usaco,358_bronze_record_keeping,15,0,0.0
usaco,359_bronze_cow_baseball,15,0,0.0
usaco,360_bronze_wormholes,15,0,0.0
usaco,361_silver_milk_scheduling,15,0,0.0
usaco,362_silver_vacation_planning,15,0,0.0
usaco,365_gold_optimal_milking,15,0,0.0
usaco,376_bronze_ski_course_design,15,0,0.0
usaco,377_bronze_bessie_slows_down,15,0,0.0
usaco,378_bronze_balanced_teams,15,0,0.0
usaco,379_silver_bessie_slows_down,15,0,0.0
usaco,380_silver_cross_country_skiing,15,0,0.0
usaco,381_silver_recording_the_moolympics,15,0,0.0
usaco,394_bronze_mirror_field,15,0,0.0
usaco,395_bronze_auto-complete,15,0,0.0
usaco,396_bronze_secret_code,15,0,0.0
usaco,397_silver_auto-complete,15,0,0.0
usaco,398_silver_roadblock,15,0,0.0
usaco,400_gold_roadblock,15,0,0.0
usaco,401_gold_cow_decathlon,15,0,0.0
usaco,412_bronze_reordering_the_cows,15,0,0.0
usaco,413_bronze_the_lazy_cow,15,0,0.0
usaco,415_silver_watering_the_fields,15,0,0.0
usaco,417_silver_mooo_moo,15,0,0.0
usaco,430_bronze_odometer,15,0,0.0
usaco,431_bronze_fair_photography,15,0,0.0
usaco,432_bronze_decorating_the_pastures,15,0,0.0
usaco,433_silver_fair_photography,15,0,0.0
usaco,434_silver_dueling_gpss,15,0,0.0
usaco,436_gold_fair_photography,15,0,0.0
usaco,545_bronze_moocryption,15,0,0.0
usaco,546_bronze_bessie_gets_even,15,0,0.0
usaco,547_bronze_trapped_in_the_haybales_(bronze),15,0,0.0
usaco,548_bronze_palindromic_paths_(bronze),15,0,0.0
usaco,549_silver_bessie_goes_moo,15,0,0.0
usaco,550_silver_trapped_in_the_haybales_(silver),15,0,0.0
usaco,553_gold_palindromic_paths,15,0,0.0
usaco,554_gold_trapped_in_the_haybales_(gold),15,0,0.0
usaco,639_bronze_diamond_collector,15,0,0.0
usaco,640_bronze_bull_in_a_china_shop,15,0,0.0
usaco,641_bronze_field_reduction,15,0,0.0
usaco,642_silver_field_reduction,15,0,0.0
usaco,643_silver_diamond_collector,15,0,0.0
usaco,644_silver_closing_the_farm,15,0,0.0
usaco,646_gold_closing_the_farm,15,0,0.0
usaco,647_gold_248,15,0,0.0
usaco,648_platinum_262144,15,0,0.0
usaco,735_bronze_the_lost_cow,15,0,0.0
usaco,736_bronze_bovine_genomics,15,0,0.0
usaco,737_bronze_modern_art,15,0,0.0
usaco,738_silver_paired_up,15,0,0.0
usaco,739_silver_bovine_genomics,15,0,0.0
usaco,741_gold_bovine_genomics,15,0,0.0
usaco,759_bronze_blocked_billboard,15,0,0.0
usaco,760_bronze_the_bovine_shuffle,15,0,0.0
usaco,761_bronze_milk_measurement,15,0,0.0
usaco,762_silver_my_cow_ate_my_homework,15,0,0.0
usaco,763_silver_milk_measurement,15,0,0.0
usaco,764_silver_the_bovine_shuffle,15,0,0.0
usaco,766_gold_barn_painting,15,0,0.0
usaco,767_gold_haybale_feast,15,0,0.0
usaco,783_bronze_blocked_billboard_ii,15,0,0.0
usaco,784_bronze_lifeguards,15,0,0.0
usaco,785_bronze_out_of_place,15,0,0.0
usaco,786_silver_lifeguards,15,0,0.0
usaco,787_silver_rental_service,15,0,0.0
usaco,788_silver_mootube,15,0,0.0
usaco,789_gold_mootube,15,0,0.0
usaco,791_gold_stamp_painting,15,0,0.0
usaco,794_platinum_sprinklers,15,0,0.0
usaco,808_bronze_hoofball,15,0,0.0
usaco,809_bronze_taming_the_herd,15,0,0.0
usaco,810_silver_rest_stops,15,0,0.0
usaco,811_silver_snow_boots,15,0,0.0
usaco,812_silver_teleportation,15,0,0.0
usaco,813_gold_snow_boots,15,0,0.0
usaco,815_gold_taming_the_herd,15,0,0.0
usaco,818_platinum_cow_gymnasts,15,0,0.0
usaco,831_bronze_team_tic_tac_toe,15,0,0.0
usaco,832_bronze_milking_order,15,0,0.0
usaco,833_bronze_family_tree,15,0,0.0
usaco,834_silver_out_of_sorts,15,0,0.0
usaco,835_silver_lemonade_line,15,0,0.0
usaco,837_gold_out_of_sorts,15,0,0.0
usaco,839_gold_talent_show,15,0,0.0
usaco,840_platinum_out_of_sorts,15,0,0.0
usaco,84_bronze_contest_timing,15,0,0.0
usaco,855_bronze_mixing_milk,15,0,0.0
usaco,856_bronze_the_bucket_list,15,0,0.0
usaco,857_bronze_back_and_forth,15,0,0.0
usaco,860_silver_mooyo_mooyo,15,0,0.0
usaco,861_gold_fine_dining,15,0,0.0
usaco,862_gold_cowpatibility,15,0,0.0
usaco,863_gold_teamwork,15,0,0.0
usaco,864_platinum_balance_beam,15,0,0.0
usaco,865_platinum_sort_it_out,15,0,0.0
usaco,866_platinum_the_cow_gathering,15,0,0.0
usaco,86_bronze_moo_sick,15,0,0.0
usaco,87_bronze_cow_beauty_pageant_(bronze_level),15,0,0.0
usaco,88_silver_cow_beauty_pageant_(silver_level),15,0,0.0
usaco,891_bronze_shell_game,15,0,0.0
usaco,892_bronze_sleepy_cow_sorting,15,0,0.0
usaco,893_bronze_guess_the_animal,15,0,0.0
usaco,894_silver_grass_planting,15,0,0.0
usaco,896_silver_mountain_view,15,0,0.0
usaco,897_gold_cow_poetry,15,0,0.0
usaco,898_gold_sleepy_cow_sorting,15,0,0.0
usaco,89_silver_cow_lineup,15,0,0.0
usaco,90_silver_tile_exchanging,15,0,0.0
usaco,915_bronze_sleepy_cow_herding,15,0,0.0
usaco,916_bronze_the_great_revegetation,15,0,0.0
usaco,917_bronze_measuring_traffic,15,0,0.0
usaco,918_silver_sleepy_cow_herding,15,0,0.0
usaco,919_silver_painting_the_barn,15,0,0.0
usaco,91_gold_above_the_median,15,0,0.0
usaco,922_gold_dishwashing,15,0,0.0
usaco,924_platinum_cow_dating,15,0,0.0
usaco,925_platinum_moorio_kart,15,0,0.0
usaco,92_gold_binary_sudoku,15,0,0.0
usaco,939_bronze_bucket_brigade,15,0,0.0
usaco,93_gold_cow_steeplechase,15,0,0.0
usaco,940_bronze_milk_factory,15,0,0.0
usaco,941_bronze_cow_evolution,15,0,0.0
usaco,942_silver_left_out,15,0,0.0
usaco,944_silver_fence_planning,15,0,0.0
usaco,945_gold_snakes,15,0,0.0
usaco,947_gold_balancing_inversions,15,0,0.0
usaco,94_bronze_hay_bales,15,0,0.0
usaco,950_platinum_valleys,15,0,0.0
usaco,963_bronze_cow_gymnastics,15,0,0.0
usaco,964_bronze_where_am_i?,15,0,0.0
usaco,965_bronze_livestock_lineup,15,0,0.0
usaco,966_silver_moobuzz,15,0,0.0
usaco,967_silver_meetings,15,0,0.0
usaco,969_gold_milk_pumping,15,0,0.0
usaco,96_bronze_escaping_the_farm,15,0,0.0
usaco,987_bronze_word_processor,15,0,0.0
usaco,988_bronze_photoshoot,15,0,0.0
usaco,989_bronze_race,15,0,0.0
usaco,98_silver_roadblock,15,0,0.0
usaco,990_silver_berry_picking,15,0,0.0
usaco,991_silver_loan_repayment,15,0,0.0
usaco,993_gold_time_is_mooney,15,0,0.0
usaco,997_platinum_non-decreasing_subsequences,15,0,0.0
usaco,99_silver_umbrellas_for_cows,15,0,0.0
